[2026-09-10T20:23:02.778] [DEBUG] debug-file - env: nodejsVersion=v24.14.1
[2026-09-10T20:23:03.108] [DEBUG] debug-file - Hvigor init with startParameters:{
  hvigorfileTypeCheck: false,
  parallelExecution: true,
  incrementalExecution: true,
  printStackTrace: false,
  daemon: false,
  analyze: 0,
  logLevel: Level { level: 20000, levelStr: 'INFO', colour: 'green' },
  optimizationStrategy: 'memory',
  hotCompile: undefined,
  hotReloadBuild: undefined,
  customizedParam: undefined
}
[2026-09-10T20:23:05.173] [DEBUG] debug-file - hvigorfile, require result:  { default: { system: [Function: appTasks], plugins: [] } }
[2026-09-10T20:23:05.175] [DEBUG] debug-file - Starting plugin build process
[2026-09-10T20:23:05.767] [DEBUG] debug-file - App plugin register hook start...
[2026-09-10T20:23:05.786] [DEBUG] debug-file - Obtain build option for product 'default'in this build.
[2026-09-10T20:23:05.843] [DEBUG] debug-file - Start recording SDK configuration permission data.
[2026-09-10T20:23:06.003] [DEBUG] debug-file - Project task initialization takes 26 ms 
[2026-09-10T20:23:06.067] [DEBUG] debug-file - Start initialize module-target build option map, moduleName=entry, buildMode=debug
[2026-09-10T20:23:06.037] [DEBUG] debug-file - failed to load cangjie to dynamically generate schemas: Error: Cannot find module '@ohos/cangjie-build-support/index'
Require stack:
- E:\DevEco Studio\tools\hvigor\hvigor-ohos-plugin\src\plugin\hooks\cangjie-register.js
- E:\DevEco Studio\tools\hvigor\hvigor-ohos-plugin\src\plugin\strategy\stage-init-strategy.js
- E:\DevEco Studio\tools\hvigor\hvigor-ohos-plugin\src\plugin\builder\abstract-plugin-builder.js
- E:\DevEco Studio\tools\hvigor\hvigor-ohos-plugin\src\plugin\builder\app-plugin-builder.js
- E:\DevEco Studio\tools\hvigor\hvigor-ohos-plugin\src\plugin\factory\plugin-factory.js
- E:\DevEco Studio\tools\hvigor\hvigor-ohos-plugin\index.js
- D:\HW\testproject\complete\6\hvigorfile.ts
- E:\DevEco Studio\tools\hvigor\hvigor\src\base\internal\lifecycle\configuration.js
- E:\DevEco Studio\tools\hvigor\hvigor\src\base\boot\index.js
- E:\DevEco Studio\tools\hvigor\hvigor\src\cli\main\cli.js
- E:\DevEco Studio\tools\hvigor\hvigor\bin\hvigor.js
[2026-09-10T20:23:06.091] [DEBUG] debug-file - project has submodules:entry
[2026-09-10T20:23:06.095] [DEBUG] debug-file - start to load updatedOhPackageInfo to the disk
[2026-09-10T20:23:06.138] [DEBUG] debug-file - Start to initialize dependency information.
[2026-09-10T20:23:06.167] [DEBUG] debug-file - entry : clean cost memory 0.16156005859375
[2026-09-10T20:23:02.779] [DEBUG] debug-file - env: hvigor-config.json5 content = {
  modelVersion: '6.0.1',
  dependencies: {},
  execution: {},
  logging: {},
  debugging: {},
  nodeOptions: {}
}
[2026-09-10T20:23:06.211] [DEBUG] debug-file - Create  resident worker with id: 0.
[2026-09-10T20:23:03.108] [DEBUG] debug-file - Since current hvigor version 6.26.4 differs from last hvigor version 
      undefined, delete file-cache.json and task-cache.json.
[2026-09-10T20:23:05.174] [DEBUG] debug-file - hvigorfile, binding system plugins [Function: appTasks]
[2026-09-10T20:23:05.175] [DEBUG] debug-file - App plugin prepare start...
[2026-09-10T20:23:05.768] [DEBUG] debug-file - App plugin register hook end...
[2026-09-10T20:23:05.812] [DEBUG] debug-file - No signingConfig found, initRemoteHspCache failed.
[2026-09-10T20:23:05.970] [DEBUG] debug-file - Sdk init in 153 ms 
[2026-09-10T20:23:06.004] [DEBUG] debug-file - hvigorfile, begin to bind custom plugins...
[2026-09-10T20:23:06.067] [DEBUG] debug-file - Target 'default' config initialized
[2026-09-10T20:23:06.103] [DEBUG] debug-file - load to the disk finished
[2026-09-10T20:23:06.144] [DEBUG] debug-file - Module entry Collected Dependency: 
[2026-09-10T20:23:06.167] [DEBUG] debug-file - runTaskFromQueue task cost before running: 3 s 67 ms 
[2026-09-10T20:23:02.780] [DEBUG] debug-file - env: daemon=false
[2026-09-10T20:23:06.217] [DEBUG] debug-file - Create  resident worker with id: 1.
[2026-09-10T20:23:03.109] [DEBUG] debug-file - Cache service initialization finished in 1 ms 
[2026-09-10T20:23:05.175] [DEBUG] debug-file - App plugin prepare end...
[2026-09-10T20:23:05.768] [DEBUG] debug-file - Plugin build process completed
[2026-09-10T20:23:05.821] [DEBUG] debug-file - Local scan or download HarmonyOS sdk components toolchains,ets,js,native,previewer
[2026-09-10T20:23:06.004] [DEBUG] debug-file - hvigorfile, no custom plugins were found in D:\HW\testproject\complete\6\hvigorfile.ts
[2026-09-10T20:23:06.069] [DEBUG] debug-file - Target 'ohosTest' config initialized
[2026-09-10T20:23:06.104] [DEBUG] debug-file - Start to initialize dependency information.
[2026-09-10T20:23:06.145] [DEBUG] debug-file - Module entry's total dependency: 0
[2026-09-10T20:23:06.170] [INFO] debug-file - Finished :entry:clean... after 5 ms 
[2026-09-10T20:23:02.780] [DEBUG] debug-file - no-daemon, use the parent process.execArgv --max-old-space-size=8192,--max-semi-space-size=16,--expose-gc
[2026-09-10T20:23:06.228] [DEBUG] debug-file - Current worker pool is stopped or closed.
[2026-09-10T20:23:03.110] [DEBUG] debug-file - hvigorfile, resolving D:\HW\testproject\complete\6\hvigorfile.ts
[2026-09-10T20:23:05.175] [DEBUG] debug-file - App plugin creating...
[2026-09-10T20:23:05.772] [DEBUG] debug-file - Start initialize project's product build option map with build mode debug.
[2026-09-10T20:23:05.830] [DEBUG] debug-file - Local scan or download hmscore sdk components toolchains,ets,native
[2026-09-10T20:23:06.004] [DEBUG] debug-file - hvigorfile, resolve finished D:\HW\testproject\complete\6\hvigorfile.ts
[2026-09-10T20:23:06.069] [DEBUG] debug-file - Module 'entry' target 'default' build option initialized
[2026-09-10T20:23:06.172] [DEBUG] debug-file - Executing task ::clean
[2026-09-10T20:23:06.133] [DEBUG] debug-file - Module 6 Collected Dependency: 
[2026-09-10T20:23:06.153] [DEBUG] debug-file - Configuration phase cost:3 s 44 ms 
[2026-09-10T20:23:06.229] [DEBUG] debug-file - Clear worker 0.
[2026-09-10T20:23:05.772] [DEBUG] debug-file - Picking option from product 'default' with build mode 'debug'.
[2026-09-10T20:23:06.007] [DEBUG] debug-file - hvigorfile, resolving D:\HW\testproject\complete\6\entry\hvigorfile.ts
[2026-09-10T20:23:06.069] [DEBUG] debug-file - Module 'entry' target 'ohosTest' build option initialized
[2026-09-10T20:23:06.172] [DEBUG] debug-file - clean: Worker pool is inactive.
[2026-09-10T20:23:06.133] [DEBUG] debug-file - Module 6's total dependency: 0
[2026-09-10T20:23:06.160] [DEBUG] debug-file - Configuration task cost before running: 3 s 60 ms 
[2026-09-10T20:23:06.230] [DEBUG] debug-file - Clear worker 1.
[2026-09-10T20:23:06.069] [DEBUG] debug-file - End initialize module-target build option map, moduleName=entry
[2026-09-10T20:23:06.029] [DEBUG] debug-file - hvigorfile, require result:  { default: { system: [Function: hapTasks], plugins: [] } }
[2026-09-10T20:23:05.774] [DEBUG] debug-file - Product 'default' build option initialized
[2026-09-10T20:23:06.172] [DEBUG] debug-file - 6 : clean cost memory 0.02463531494140625
[2026-09-10T20:23:06.162] [DEBUG] debug-file - Executing task :entry:clean
[2026-09-10T20:23:06.234] [DEBUG] debug-file - hvigor build process will be closed.
[2026-09-10T20:23:06.069] [DEBUG] debug-file - Start initialize module-target build option map, moduleName=entry, buildMode=release
[2026-09-10T20:23:06.172] [DEBUG] debug-file - runTaskFromQueue task cost before running: 3 s 73 ms 
[2026-09-10T20:23:05.774] [DEBUG] debug-file - End initialize project's product build option map with build mode 'debug'.
[2026-09-10T20:23:06.029] [DEBUG] debug-file - hvigorfile, binding system plugins [Function: hapTasks]
[2026-09-10T20:23:06.253] [DEBUG] debug-file - worker[0] exits with exit code 0.
[2026-09-10T20:23:06.163] [DEBUG] debug-file - clean: Worker pool is inactive.
[2026-09-10T20:23:06.069] [DEBUG] debug-file - Target 'default' config initialized
[2026-09-10T20:23:06.030] [DEBUG] debug-file - Starting plugin build process
[2026-09-10T20:23:06.173] [INFO] debug-file - Finished ::clean... after 1 ms 
[2026-09-10T20:23:06.070] [DEBUG] debug-file - Target 'ohosTest' config initialized
[2026-09-10T20:23:06.254] [DEBUG] debug-file - Worker 0 has been cleared.
[2026-09-10T20:23:06.031] [DEBUG] debug-file - Hap plugin creating...
[2026-09-10T20:23:06.173] [DEBUG] debug-file - Executing task :entry:init
[2026-09-10T20:23:06.071] [DEBUG] debug-file - Module 'entry' target 'default' build option initialized
[2026-09-10T20:23:06.174] [DEBUG] debug-file - entry : init cost memory 0.01930999755859375
[2026-09-10T20:23:06.254] [DEBUG] debug-file - Current idle worker size: 0.
[2026-09-10T20:23:06.071] [DEBUG] debug-file - Module 'entry' target 'ohosTest' build option initialized
[2026-09-10T20:23:06.174] [DEBUG] debug-file - runTaskFromQueue task cost before running: 3 s 74 ms 
[2026-09-10T20:23:06.254] [DEBUG] debug-file - Current busy worker size: 0.
[2026-09-10T20:23:06.071] [DEBUG] debug-file - End initialize module-target build option map, moduleName=entry
[2026-09-10T20:23:06.174] [INFO] debug-file - Finished :entry:init... after 1 ms 
[2026-09-10T20:23:06.270] [DEBUG] debug-file - worker[1] exits with exit code 0.
[2026-09-10T20:23:06.071] [DEBUG] debug-file - Start initialize module-target build option map, moduleName=entry, buildMode=debug
[2026-09-10T20:23:06.175] [DEBUG] debug-file - Executing task ::init
[2026-09-10T20:23:06.271] [DEBUG] debug-file - Worker 1 has been cleared.
[2026-09-10T20:23:06.071] [DEBUG] debug-file - Target 'default' config initialized
[2026-09-10T20:23:06.175] [DEBUG] debug-file - 6 : init cost memory 0.01601409912109375
[2026-09-10T20:23:06.271] [DEBUG] debug-file - Current idle worker size: 0.
[2026-09-10T20:23:06.072] [DEBUG] debug-file - Target 'ohosTest' config initialized
[2026-09-10T20:23:06.175] [DEBUG] debug-file - runTaskFromQueue task cost before running: 3 s 75 ms 
[2026-09-10T20:23:06.271] [DEBUG] debug-file - Current busy worker size: 0.
[2026-09-10T20:23:06.072] [DEBUG] debug-file - Module 'entry' target 'default' build option initialized
[2026-09-10T20:23:06.175] [INFO] debug-file - Finished ::init... after 1 ms 
[2026-09-10T20:23:06.072] [DEBUG] debug-file - Module 'entry' target 'ohosTest' build option initialized
[2026-09-10T20:23:06.180] [DEBUG] debug-file - Obtain build option for module 'entry' target 'default'in this build.
[2026-09-10T20:23:06.072] [DEBUG] debug-file - End initialize module-target build option map, moduleName=entry
[2026-09-10T20:23:06.181] [DEBUG] debug-file - Obtain build option for module 'entry' target 'ohosTest'in this build.
[2026-09-10T20:23:06.073] [DEBUG] debug-file - Obtain build option for module 'entry' target 'default'in this build.
[2026-09-10T20:23:06.206] [DEBUG] debug-file - Since there is no instance or instance is terminated, create a new worker pool.
[2026-09-10T20:23:06.087] [DEBUG] debug-file - Module entry task initialization takes 13 ms 
[2026-09-10T20:23:06.207] [DEBUG] debug-file - Worker pool is initialized with config:  {
  minPoolNum: 2,
  maxPoolNum: undefined,
  maxCoreSize: undefined,
  cacheCapacity: undefined,
  cacheTtl: undefined
}
[2026-09-10T20:23:06.088] [DEBUG] debug-file - Hap plugin register hook start...
[2026-09-10T20:23:06.088] [DEBUG] debug-file - Hap plugin register hook end...
[2026-09-10T20:23:06.088] [DEBUG] debug-file - Plugin build process completed
[2026-09-10T20:23:06.088] [DEBUG] debug-file - hvigorfile, begin to bind custom plugins...
[2026-09-10T20:23:06.088] [DEBUG] debug-file - hvigorfile, no custom plugins were found in D:\HW\testproject\complete\6\entry\hvigorfile.ts
[2026-09-10T20:23:06.088] [DEBUG] debug-file - hvigorfile, resolve finished D:\HW\testproject\complete\6\entry\hvigorfile.ts
[2026-09-10T20:23:06.373] [DEBUG] debug-file - Current worker pool is terminated.
[2026-09-10T20:23:06.373] [DEBUG] debug-file - Current worker pool is terminated.
[2026-09-10T20:39:24.463] [DEBUG] debug-file - env: nodejsVersion=v24.14.1
[2026-09-10T20:39:24.555] [DEBUG] debug-file - env: daemon=true
[2026-09-10T20:39:24.464] [DEBUG] debug-file - env: hvigor-config.json5 content = {
  modelVersion: '6.0.1',
  dependencies: {},
  execution: {},
  logging: {},
  debugging: {},
  nodeOptions: {}
}
[2026-09-10T20:39:25.171] [DEBUG] debug-file - hvigor java daemon: Starting java daemon. jvmXmxValue=512m, jarPath=E:\DevEco Studio\tools\hvigor\hvigor\lib\hvigor-java-daemon.jar
[2026-09-10T20:39:25.172] [DEBUG] debug-file - hvigor java daemon: Read cache file, 
    port=45050, pid=5888, sessionId exists=true
[2026-09-10T20:39:25.267] [DEBUG] debug-file - session manager: set active socket. socketId=53bGxRsf5DR5lZz3AAAB
[2026-09-10T20:39:25.421] [DEBUG] debug-file - hvigor java daemon: tryConnect success
[2026-09-10T20:39:25.993] [DEBUG] debug-file - watch worker: worker id should be larger than 0. Nothing will be sent to any worker thread.
[2026-09-10T20:39:25.998] [DEBUG] debug-file - Since there is no instance or instance is terminated, create a new worker pool.
[2026-09-10T20:39:25.998] [DEBUG] debug-file - Worker pool is initialized with config:  {
  minPoolNum: 2,
  maxPoolNum: undefined,
  maxCoreSize: undefined,
  cacheCapacity: undefined,
  cacheTtl: undefined
}
[2026-09-10T20:39:25.999] [DEBUG] debug-file - Create  resident worker with id: 0.
[2026-09-10T20:39:26.001] [DEBUG] debug-file - Create  resident worker with id: 1.
[2026-09-10T20:39:26.004] [DEBUG] debug-file - Workers' log level updated to INFO
[2026-09-10T20:39:26.014] [DEBUG] debug-file - Hvigor init with startParameters:{
  hvigorfileTypeCheck: false,
  parallelExecution: true,
  incrementalExecution: true,
  printStackTrace: false,
  daemon: true,
  analyze: 0,
  logLevel: Level { level: 20000, levelStr: 'INFO', colour: 'green' },
  optimizationStrategy: 'memory',
  hotCompile: undefined,
  hotReloadBuild: undefined,
  customizedParam: undefined
}
[2026-09-10T20:39:26.015] [DEBUG] debug-file - Cache service initialization finished in 1 ms 
[2026-09-10T20:39:26.017] [DEBUG] debug-file - hvigorfile, resolving D:\HW\testproject\complete\6\hvigorfile.ts
[2026-09-10T20:39:28.922] [DEBUG] debug-file - hvigorfile, require result:  { default: { plugins: [] } }
[2026-09-10T20:39:28.922] [DEBUG] debug-file - hvigorfile, binding system plugins null
[2026-09-10T20:39:28.923] [DEBUG] debug-file - Starting plugin build process
[2026-09-10T20:39:28.923] [DEBUG] debug-file - App plugin prepare start...
[2026-09-10T20:39:28.923] [DEBUG] debug-file - App plugin prepare end...
[2026-09-10T20:39:28.924] [DEBUG] debug-file - App plugin creating...
[2026-09-10T20:39:29.346] [DEBUG] debug-file - App plugin register hook start...
[2026-09-10T20:39:29.347] [DEBUG] debug-file - App plugin register hook end...
[2026-09-10T20:39:29.348] [DEBUG] debug-file - Plugin build process completed
[2026-09-10T20:39:29.351] [DEBUG] debug-file - Start initialize project's product build option map with build mode debug.
[2026-09-10T20:39:29.351] [DEBUG] debug-file - Picking option from product 'default' with build mode 'debug'.
[2026-09-10T20:39:29.354] [DEBUG] debug-file - Product 'default' build option initialized
[2026-09-10T20:39:29.355] [DEBUG] debug-file - End initialize project's product build option map with build mode 'debug'.
[2026-09-10T20:39:29.363] [DEBUG] debug-file - Obtain build option for product 'default'in this build.
[2026-09-10T20:39:29.374] [DEBUG] debug-file - No signingConfig found, initRemoteHspCache failed.
[2026-09-10T20:39:29.378] [DEBUG] debug-file - Local scan or download HarmonyOS sdk components toolchains,ets,js,native,previewer
[2026-09-10T20:39:29.382] [DEBUG] debug-file - Local scan or download hmscore sdk components toolchains,ets,native
[2026-09-10T20:39:29.386] [DEBUG] debug-file - Start recording SDK configuration permission data.
[2026-09-10T20:39:29.454] [DEBUG] debug-file - Sdk init in 78 ms 
[2026-09-10T20:39:29.475] [DEBUG] debug-file - Project task initialization takes 15 ms 
[2026-09-10T20:39:29.475] [DEBUG] debug-file - hvigorfile, begin to bind custom plugins...
[2026-09-10T20:39:29.476] [DEBUG] debug-file - hvigorfile, no custom plugins were found in D:\HW\testproject\complete\6\hvigorfile.ts
[2026-09-10T20:39:29.476] [DEBUG] debug-file - hvigorfile, resolve finished D:\HW\testproject\complete\6\hvigorfile.ts
[2026-09-10T20:39:29.477] [DEBUG] debug-file - hvigorfile, resolving D:\HW\testproject\complete\6\entry\hvigorfile.ts
[2026-09-10T20:39:29.491] [DEBUG] debug-file - hvigorfile, require result:  { default: { plugins: [] } }
[2026-09-10T20:39:29.491] [DEBUG] debug-file - hvigorfile, binding system plugins null
[2026-09-10T20:39:29.492] [DEBUG] debug-file - Starting plugin build process
[2026-09-10T20:39:29.492] [DEBUG] debug-file - Hap plugin creating...
[2026-09-10T20:39:29.507] [DEBUG] debug-file - failed to load cangjie to dynamically generate schemas: Error: Cannot find module '@ohos/cangjie-build-support/index'
Require stack:
- E:\DevEco Studio\tools\hvigor\hvigor-ohos-plugin\src\plugin\hooks\cangjie-register.js
- E:\DevEco Studio\tools\hvigor\hvigor-ohos-plugin\src\plugin\strategy\stage-init-strategy.js
- E:\DevEco Studio\tools\hvigor\hvigor-ohos-plugin\src\plugin\builder\abstract-plugin-builder.js
- E:\DevEco Studio\tools\hvigor\hvigor-ohos-plugin\src\plugin\builder\app-plugin-builder.js
- E:\DevEco Studio\tools\hvigor\hvigor-ohos-plugin\src\plugin\factory\plugin-factory.js
- E:\DevEco Studio\tools\hvigor\hvigor-ohos-plugin\index.js
- D:\HW\testproject\complete\6\hvigorfile.ts
- E:\DevEco Studio\tools\hvigor\hvigor\src\base\internal\lifecycle\configuration.js
- E:\DevEco Studio\tools\hvigor\hvigor\src\base\boot\index.js
- E:\DevEco Studio\tools\hvigor\hvigor\src\base\daemon\cluster\worker-process-lifecycle.js
- E:\DevEco Studio\tools\hvigor\hvigor\src\base\daemon\process\daemon-process-boot-script.js
[2026-09-10T20:39:29.532] [DEBUG] debug-file - Start initialize module-target build option map, moduleName=entry, buildMode=debug
[2026-09-10T20:39:29.534] [DEBUG] debug-file - Target 'default' config initialized
[2026-09-10T20:39:29.535] [DEBUG] debug-file - Target 'ohosTest' config initialized
[2026-09-10T20:39:29.536] [DEBUG] debug-file - Module 'entry' target 'default' build option initialized
[2026-09-10T20:39:29.536] [DEBUG] debug-file - Module 'entry' target 'ohosTest' build option initialized
[2026-09-10T20:39:29.536] [DEBUG] debug-file - End initialize module-target build option map, moduleName=entry
[2026-09-10T20:39:29.536] [DEBUG] debug-file - Start initialize module-target build option map, moduleName=entry, buildMode=release
[2026-09-10T20:39:29.536] [DEBUG] debug-file - Target 'default' config initialized
[2026-09-10T20:39:29.537] [DEBUG] debug-file - Target 'ohosTest' config initialized
[2026-09-10T20:39:29.537] [DEBUG] debug-file - Module 'entry' target 'default' build option initialized
[2026-09-10T20:39:29.537] [DEBUG] debug-file - Module 'entry' target 'ohosTest' build option initialized
[2026-09-10T20:39:29.537] [DEBUG] debug-file - End initialize module-target build option map, moduleName=entry
[2026-09-10T20:39:29.537] [DEBUG] debug-file - Start initialize module-target build option map, moduleName=entry, buildMode=debug
[2026-09-10T20:39:29.538] [DEBUG] debug-file - Target 'default' config initialized
[2026-09-10T20:39:29.538] [DEBUG] debug-file - Target 'ohosTest' config initialized
[2026-09-10T20:39:29.538] [DEBUG] debug-file - Module 'entry' target 'default' build option initialized
[2026-09-10T20:39:29.538] [DEBUG] debug-file - Module 'entry' target 'ohosTest' build option initialized
[2026-09-10T20:39:29.538] [DEBUG] debug-file - End initialize module-target build option map, moduleName=entry
[2026-09-10T20:39:29.539] [DEBUG] debug-file - Obtain build option for module 'entry' target 'default'in this build.
[2026-09-10T20:39:29.552] [DEBUG] debug-file - Module entry task initialization takes 11 ms 
[2026-09-10T20:39:29.552] [DEBUG] debug-file - Hap plugin register hook start...
[2026-09-10T20:39:29.552] [DEBUG] debug-file - Hap plugin register hook end...
[2026-09-10T20:39:29.552] [DEBUG] debug-file - Plugin build process completed
[2026-09-10T20:39:29.552] [DEBUG] debug-file - hvigorfile, begin to bind custom plugins...
[2026-09-10T20:39:29.552] [DEBUG] debug-file - hvigorfile, no custom plugins were found in D:\HW\testproject\complete\6\entry\hvigorfile.ts
[2026-09-10T20:39:29.552] [DEBUG] debug-file - hvigorfile, resolve finished D:\HW\testproject\complete\6\entry\hvigorfile.ts
[2026-09-10T20:39:29.606] [DEBUG] debug-file - hvigorfile, resolve hvigorfile dependencies in 52 ms 
[2026-09-10T20:39:29.606] [DEBUG] debug-file - project has submodules:entry
[2026-09-10T20:39:29.609] [DEBUG] debug-file - start to load updatedOhPackageInfo to the disk
[2026-09-10T20:39:29.617] [DEBUG] debug-file - load to the disk finished
[2026-09-10T20:39:29.620] [DEBUG] debug-file - Start to initialize dependency information.
[2026-09-10T20:39:29.641] [DEBUG] debug-file - Module 6 Collected Dependency: 
[2026-09-10T20:39:29.641] [DEBUG] debug-file - Module 6's total dependency: 0
[2026-09-10T20:39:29.643] [DEBUG] debug-file - Start to initialize dependency information.
[2026-09-10T20:39:29.647] [DEBUG] debug-file - Module entry Collected Dependency: 
[2026-09-10T20:39:29.647] [DEBUG] debug-file - Module entry's total dependency: 0
[2026-09-10T20:39:29.653] [DEBUG] debug-file - Configuration phase cost:3 s 638 ms 
[2026-09-10T20:39:29.672] [DEBUG] debug-file - Configuration task cost before running: 3 s 668 ms 
[2026-09-10T20:39:29.673] [DEBUG] debug-file - Executing task ::PreBuildApp
[2026-09-10T20:39:29.674] [DEBUG] debug-file - 6 : PreBuildApp cost memory 0.03072357177734375
[2026-09-10T20:39:29.675] [DEBUG] debug-file - runTaskFromQueue task cost before running: 3 s 670 ms 
[2026-09-10T20:39:29.676] [INFO] debug-file - Finished ::PreBuildApp... after 2 ms 
[2026-09-10T20:39:29.700] [DEBUG] debug-file - Executing task :entry:default@PreBuild
[2026-09-10T20:39:29.708] [DEBUG] debug-file - Task 'entry:default@PreBuild' cost while wrapping incremental declarations: 1 ms 
[2026-09-10T20:39:30.020] [ERROR] debug-file - Failed :entry:default@PreBuild... 
[2026-09-10T20:39:30.020] [DEBUG] debug-file - hvigor build process will be closed with an error.
[2026-09-10T20:39:30.023] [ERROR] debug-file - [31m00303038 Configuration Error
[31mError Message: Schema validate failed, at file: D:\HW\testproject\complete\6\entry\src\main\resources\base\profile\route_map.json
[31m
* Try the following:
  > Please check the following fields. 
 {
  instancePath: 'routerMap[0]',
  keyword: 'required',
  params: { missingProperty: 'buildFunction' },
  message: "must have required property 'buildFunction'",
  location: 'D:/HW/testproject/complete/6/entry/src/main/resources/base/profile/route_map.json:3:6'
} 
{
  instancePath: 'routerMap[0]',
  keyword: 'enum',
  params: {
    allowedValues: [ 'name', 'pageSourceFile', 'buildFunction', 'data', 'customData' ]
  },
  message: 'must be equal to one of the allowed values',
  location: 'D:/HW/testproject/complete/6/entry/src/main/resources/base/profile/route_map.json:3:6'
} 
{
  instancePath: 'routerMap[0]',
  keyword: 'propertyNames',
  params: { propertyName: 'buildMethod' },
  message: 'property name must be valid',
  location: 'D:/HW/testproject/complete/6/entry/src/main/resources/base/profile/route_map.json:3:6'
} 
{
  instancePath: 'routerMap[0]',
  keyword: 'additionalProperties',
  params: { additionalProperty: 'buildMethod' },
  message: 'must NOT have additional properties',
  location: 'D:/HW/testproject/complete/6/entry/src/main/resources/base/profile/route_map.json:3:6'
} 
{
  instancePath: 'routerMap[1]',
  keyword: 'required',
  params: { missingProperty: 'buildFunction' },
  message: "must have required property 'buildFunction'",
  location: 'D:/HW/testproject/complete/6/entry/src/main/resources/base/profile/route_map.json:8:6'
} 
{
  instancePath: 'routerMap[1]',
  keyword: 'enum',
  params: {
    allowedValues: [ 'name', 'pageSourceFile', 'buildFunction', 'data', 'customData' ]
  },
  message: 'must be equal to one of the allowed values',
  location: 'D:/HW/testproject/complete/6/entry/src/main/resources/base/profile/route_map.json:8:6'
} 
{
  instancePath: 'routerMap[1]',
  keyword: 'propertyNames',
  params: { propertyName: 'buildMethod' },
  message: 'property name must be valid',
  location: 'D:/HW/testproject/complete/6/entry/src/main/resources/base/profile/route_map.json:8:6'
} 
{
  instancePath: 'routerMap[1]',
  keyword: 'additionalProperties',
  params: { additionalProperty: 'buildMethod' },
  message: 'must NOT have additional properties',
  location: 'D:/HW/testproject/complete/6/entry/src/main/resources/base/profile/route_map.json:8:6'
} 

[39m

[31m* Try:
> Run with --stacktrace option to get the stack trace.
> Run with --debug option to get more log output.

[2026-09-10T20:39:30.023] [DEBUG] debug-file - ERROR: stacktrace = AdaptorError: [31m00303038 Configuration Error
[31mError Message: Schema validate failed, at file: D:\HW\testproject\complete\6\entry\src\main\resources\base\profile\route_map.json
[31m
* Try the following:
  > Please check the following fields. 
 {
  instancePath: 'routerMap[0]',
  keyword: 'required',
  params: { missingProperty: 'buildFunction' },
  message: "must have required property 'buildFunction'",
  location: 'D:/HW/testproject/complete/6/entry/src/main/resources/base/profile/route_map.json:3:6'
} 
{
  instancePath: 'routerMap[0]',
  keyword: 'enum',
  params: {
    allowedValues: [ 'name', 'pageSourceFile', 'buildFunction', 'data', 'customData' ]
  },
  message: 'must be equal to one of the allowed values',
  location: 'D:/HW/testproject/complete/6/entry/src/main/resources/base/profile/route_map.json:3:6'
} 
{
  instancePath: 'routerMap[0]',
  keyword: 'propertyNames',
  params: { propertyName: 'buildMethod' },
  message: 'property name must be valid',
  location: 'D:/HW/testproject/complete/6/entry/src/main/resources/base/profile/route_map.json:3:6'
} 
{
  instancePath: 'routerMap[0]',
  keyword: 'additionalProperties',
  params: { additionalProperty: 'buildMethod' },
  message: 'must NOT have additional properties',
  location: 'D:/HW/testproject/complete/6/entry/src/main/resources/base/profile/route_map.json:3:6'
} 
{
  instancePath: 'routerMap[1]',
  keyword: 'required',
  params: { missingProperty: 'buildFunction' },
  message: "must have required property 'buildFunction'",
  location: 'D:/HW/testproject/complete/6/entry/src/main/resources/base/profile/route_map.json:8:6'
} 
{
  instancePath: 'routerMap[1]',
  keyword: 'enum',
  params: {
    allowedValues: [ 'name', 'pageSourceFile', 'buildFunction', 'data', 'customData' ]
  },
  message: 'must be equal to one of the allowed values',
  location: 'D:/HW/testproject/complete/6/entry/src/main/resources/base/profile/route_map.json:8:6'
} 
{
  instancePath: 'routerMap[1]',
  keyword: 'propertyNames',
  params: { propertyName: 'buildMethod' },
  message: 'property name must be valid',
  location: 'D:/HW/testproject/complete/6/entry/src/main/resources/base/profile/route_map.json:8:6'
} 
{
  instancePath: 'routerMap[1]',
  keyword: 'additionalProperties',
  params: { additionalProperty: 'buildMethod' },
  message: 'must NOT have additional properties',
  location: 'D:/HW/testproject/complete/6/entry/src/main/resources/base/profile/route_map.json:8:6'
} 

[39m
    at OhosLogger.printErrorExit (E:\DevEco Studio\tools\hvigor\hvigor\src\base\log\hvigor-log.js:1:6525)
    at ValidateUtil.doSchemaCheck (E:\DevEco Studio\tools\hvigor\hvigor-ohos-plugin\src\utils\validate\validate-util.js:1:8171)
    at ValidateUtil.submitSchemaCheckWork (E:\DevEco Studio\tools\hvigor\hvigor-ohos-plugin\src\utils\validate\validate-util.js:1:7007)
    at PreBuild.routerMapJsonValidate (E:\DevEco Studio\tools\hvigor\hvigor-ohos-plugin\src\tasks\pre-build.js:1:29736)
    at PreBuild.doValidateForDiffApiType (E:\DevEco Studio\tools\hvigor\hvigor-ohos-plugin\src\tasks\pre-build.js:1:10251)
    at PreBuild.doTaskAction (E:\DevEco Studio\tools\hvigor\hvigor-ohos-plugin\src\tasks\abstract\abstract-pre-build.js:1:7662)
    at PreBuild.<anonymous> (E:\DevEco Studio\tools\hvigor\hvigor-ohos-plugin\src\tasks\task\ohos-module-task.js:1:2137)
    at process.processTicksAndRejections (node:internal/process/task_queues:104:5)
    at async PreBuild.execute (E:\DevEco Studio\tools\hvigor\hvigor\src\base\external\task\core-task-impl.js:1:2313)
    at async TaskProxy.execute (E:\DevEco Studio\tools\hvigor\hvigor\src\base\internal\task\proxy\task-proxy.js:1:6613)
[2026-09-10T20:39:30.023] [ERROR] debug-file - AdaptorError: [31m00303038 Configuration Error
[31mError Message: Schema validate failed, at file: D:\HW\testproject\complete\6\entry\src\main\resources\base\profile\route_map.json
[31m
* Try the following:
  > Please check the following fields. 
 {
  instancePath: 'routerMap[0]',
  keyword: 'required',
  params: { missingProperty: 'buildFunction' },
  message: "must have required property 'buildFunction'",
  location: 'D:/HW/testproject/complete/6/entry/src/main/resources/base/profile/route_map.json:3:6'
} 
{
  instancePath: 'routerMap[0]',
  keyword: 'enum',
  params: {
    allowedValues: [ 'name', 'pageSourceFile', 'buildFunction', 'data', 'customData' ]
  },
  message: 'must be equal to one of the allowed values',
  location: 'D:/HW/testproject/complete/6/entry/src/main/resources/base/profile/route_map.json:3:6'
} 
{
  instancePath: 'routerMap[0]',
  keyword: 'propertyNames',
  params: { propertyName: 'buildMethod' },
  message: 'property name must be valid',
  location: 'D:/HW/testproject/complete/6/entry/src/main/resources/base/profile/route_map.json:3:6'
} 
{
  instancePath: 'routerMap[0]',
  keyword: 'additionalProperties',
  params: { additionalProperty: 'buildMethod' },
  message: 'must NOT have additional properties',
  location: 'D:/HW/testproject/complete/6/entry/src/main/resources/base/profile/route_map.json:3:6'
} 
{
  instancePath: 'routerMap[1]',
  keyword: 'required',
  params: { missingProperty: 'buildFunction' },
  message: "must have required property 'buildFunction'",
  location: 'D:/HW/testproject/complete/6/entry/src/main/resources/base/profile/route_map.json:8:6'
} 
{
  instancePath: 'routerMap[1]',
  keyword: 'enum',
  params: {
    allowedValues: [ 'name', 'pageSourceFile', 'buildFunction', 'data', 'customData' ]
  },
  message: 'must be equal to one of the allowed values',
  location: 'D:/HW/testproject/complete/6/entry/src/main/resources/base/profile/route_map.json:8:6'
} 
{
  instancePath: 'routerMap[1]',
  keyword: 'propertyNames',
  params: { propertyName: 'buildMethod' },
  message: 'property name must be valid',
  location: 'D:/HW/testproject/complete/6/entry/src/main/resources/base/profile/route_map.json:8:6'
} 
{
  instancePath: 'routerMap[1]',
  keyword: 'additionalProperties',
  params: { additionalProperty: 'buildMethod' },
  message: 'must NOT have additional properties',
  location: 'D:/HW/testproject/complete/6/entry/src/main/resources/base/profile/route_map.json:8:6'
} 

[39m
    at OhosLogger.printErrorExit (E:\DevEco Studio\tools\hvigor\hvigor\src\base\log\hvigor-log.js:1:6525)
    at ValidateUtil.doSchemaCheck (E:\DevEco Studio\tools\hvigor\hvigor-ohos-plugin\src\utils\validate\validate-util.js:1:8171)
    at ValidateUtil.submitSchemaCheckWork (E:\DevEco Studio\tools\hvigor\hvigor-ohos-plugin\src\utils\validate\validate-util.js:1:7007)
    at PreBuild.routerMapJsonValidate (E:\DevEco Studio\tools\hvigor\hvigor-ohos-plugin\src\tasks\pre-build.js:1:29736)
    at PreBuild.doValidateForDiffApiType (E:\DevEco Studio\tools\hvigor\hvigor-ohos-plugin\src\tasks\pre-build.js:1:10251)
    at PreBuild.doTaskAction (E:\DevEco Studio\tools\hvigor\hvigor-ohos-plugin\src\tasks\abstract\abstract-pre-build.js:1:7662)
    at PreBuild.<anonymous> (E:\DevEco Studio\tools\hvigor\hvigor-ohos-plugin\src\tasks\task\ohos-module-task.js:1:2137)
    at process.processTicksAndRejections (node:internal/process/task_queues:104:5)
    at async PreBuild.execute (E:\DevEco Studio\tools\hvigor\hvigor\src\base\external\task\core-task-impl.js:1:2313)
    at async TaskProxy.execute (E:\DevEco Studio\tools\hvigor\hvigor\src\base\internal\task\proxy\task-proxy.js:1:6613)
[2026-09-10T20:39:30.026] [ERROR] debug-file - BUILD FAILED in 4 s 21 ms 
[2026-09-10T20:39:30.028] [DEBUG] debug-file - Update task entry:default@PreBuild input file:D:\HW\testproject\complete\6\AppScope\app.json5 cache by regenerate.
[2026-09-10T20:39:30.029] [DEBUG] debug-file - Update task entry:default@PreBuild input file:D:\HW\testproject\complete\6\entry\src\main\module.json5 cache by regenerate.
[2026-09-10T20:39:30.029] [DEBUG] debug-file - Update task entry:default@PreBuild input file:D:\HW\testproject\complete\6\build-profile.json5 cache by regenerate.
[2026-09-10T20:39:30.029] [DEBUG] debug-file - Update task entry:default@PreBuild input file:D:\HW\testproject\complete\6\entry\build-profile.json5 cache by regenerate.
[2026-09-10T20:39:30.029] [DEBUG] debug-file - Update task entry:default@PreBuild input file:D:\HW\testproject\complete\6\entry\src\main\resources\base\profile\route_map.json cache by regenerate.
[2026-09-10T20:39:30.029] [DEBUG] debug-file - Update task entry:default@PreBuild input file:D:\HW\testproject\complete\6\entry\src\main\resources\base\profile\main_pages.json cache by regenerate.
[2026-09-10T20:39:30.030] [DEBUG] debug-file - Update task entry:default@PreBuild input file:D:\HW\testproject\complete\6\hvigor\hvigor-config.json5 cache by regenerate.
[2026-09-10T20:39:30.030] [DEBUG] debug-file - Update task entry:default@PreBuild input file:D:\HW\testproject\complete\6\entry\src\mock\mock-config.json5 cache by regenerate.
[2026-09-10T20:39:30.030] [DEBUG] debug-file - Update task entry:default@PreBuild input file:D:\HW\testproject\complete\6\entry\oh-package.json5 cache by regenerate.
[2026-09-10T20:39:30.030] [DEBUG] debug-file - Update task entry:default@PreBuild input file:D:\HW\testproject\complete\6\oh-package.json5 cache by regenerate.
[2026-09-10T20:39:30.031] [DEBUG] debug-file - Incremental task entry:default@PreBuild post-execution cost:5 ms .
[2026-09-10T20:39:30.053] [DEBUG] debug-file - Cleanup worker 0.
[2026-09-10T20:39:30.080] [DEBUG] debug-file - session manager: send message to worker process. WorkerThreadId: 0, data: {"type":"hvigor_failed","reason":"Server has disconnected."}
[2026-09-10T20:39:30.081] [DEBUG] debug-file - session manager: send message to worker process. WorkerThreadId: 0, data: {"type":"CloseWatch","reason":"Server has disconnected."}
[2026-09-10T20:39:30.053] [DEBUG] debug-file - Cleanup worker 1.
[2026-09-10T20:39:30.054] [DEBUG] debug-file - hvigor build process will be closed.
[2026-09-10T20:39:30.071] [DEBUG] debug-file - worker[0] exits with exit code 1.
[2026-09-10T20:39:30.071] [DEBUG] debug-file - Worker 0 has been cleaned up.
[2026-09-10T20:39:30.072] [DEBUG] debug-file - Current idle worker size: 0.
[2026-09-10T20:39:30.072] [DEBUG] debug-file - Current resident worker size: 1.
[2026-09-10T20:39:30.072] [DEBUG] debug-file - worker[1] exits with exit code 1.
[2026-09-10T20:39:30.072] [DEBUG] debug-file - Worker 1 has been cleaned up.
[2026-09-10T20:39:30.072] [DEBUG] debug-file - Current idle worker size: 0.
[2026-09-10T20:39:30.072] [DEBUG] debug-file - Current resident worker size: 0.
[2026-09-10T20:39:30.081] [DEBUG] debug-file - watch worker: worker id should be larger than 0. Nothing will be sent to any worker thread.
[2026-09-10T20:39:30.081] [DEBUG] debug-file - ABORT_WORK sent to workers.
[2026-09-10T20:39:30.082] [DEBUG] debug-file - watch worker: worker id should be larger than 0. Nothing will be sent to any worker thread.
[2026-09-10T20:44:27.241] [DEBUG] debug-file - env: nodejsVersion=v24.14.1
[2026-09-10T20:44:27.302] [DEBUG] debug-file - env: daemon=true
[2026-09-10T20:44:27.246] [DEBUG] debug-file - env: hvigor-config.json5 content = {
  modelVersion: '6.0.1',
  dependencies: {},
  execution: {},
  logging: {},
  debugging: {},
  nodeOptions: {}
}
[2026-09-10T20:44:27.844] [DEBUG] debug-file - session manager: set active socket. socketId=kwR3BkxUqKywnL8lAAAD
[2026-09-10T20:44:27.855] [DEBUG] debug-file - watch worker: worker id should be larger than 0. Nothing will be sent to any worker thread.
[2026-09-10T20:44:27.862] [DEBUG] debug-file - Workers' log level updated to INFO
[2026-09-10T20:44:27.865] [DEBUG] debug-file - Hvigor init with startParameters:{
  hvigorfileTypeCheck: false,
  parallelExecution: true,
  incrementalExecution: true,
  printStackTrace: false,
  daemon: true,
  analyze: 0,
  logLevel: Level { level: 20000, levelStr: 'INFO', colour: 'green' },
  optimizationStrategy: 'memory',
  hotCompile: undefined,
  hotReloadBuild: undefined,
  customizedParam: undefined
}
[2026-09-10T20:44:27.868] [DEBUG] debug-file - Cache service initialization finished in 3 ms 
[2026-09-10T20:44:27.869] [DEBUG] debug-file - hvigorfile, resolving D:\HW\testproject\complete\6\hvigorfile.ts
[2026-09-10T20:44:27.878] [DEBUG] debug-file - hvigorfile, require result:  { default: { plugins: [] } }
[2026-09-10T20:44:27.878] [DEBUG] debug-file - hvigorfile, binding system plugins null
[2026-09-10T20:44:27.878] [DEBUG] debug-file - Starting plugin build process
[2026-09-10T20:44:27.878] [DEBUG] debug-file - App plugin prepare start...
[2026-09-10T20:44:27.878] [DEBUG] debug-file - App plugin prepare end...
[2026-09-10T20:44:27.878] [DEBUG] debug-file - App plugin creating...
[2026-09-10T20:44:27.884] [DEBUG] debug-file - App plugin register hook start...
[2026-09-10T20:44:27.884] [DEBUG] debug-file - App plugin register hook end...
[2026-09-10T20:44:27.884] [DEBUG] debug-file - Plugin build process completed
[2026-09-10T20:44:27.884] [DEBUG] debug-file - Start initialize project's product build option map with build mode debug.
[2026-09-10T20:44:27.885] [DEBUG] debug-file - Picking option from product 'default' with build mode 'debug'.
[2026-09-10T20:44:27.885] [DEBUG] debug-file - Product 'default' build option initialized
[2026-09-10T20:44:27.885] [DEBUG] debug-file - End initialize project's product build option map with build mode 'debug'.
[2026-09-10T20:44:27.885] [DEBUG] debug-file - Obtain build option for product 'default'in this build.
[2026-09-10T20:44:27.889] [DEBUG] debug-file - No signingConfig found, initRemoteHspCache failed.
[2026-09-10T20:44:27.893] [DEBUG] debug-file - Start recording SDK configuration permission data.
[2026-09-10T20:44:27.941] [DEBUG] debug-file - Sdk init in 51 ms 
[2026-09-10T20:44:27.944] [DEBUG] debug-file - Project task initialization takes 3 ms 
[2026-09-10T20:44:27.944] [DEBUG] debug-file - hvigorfile, begin to bind custom plugins...
[2026-09-10T20:44:27.944] [DEBUG] debug-file - hvigorfile, no custom plugins were found in D:\HW\testproject\complete\6\hvigorfile.ts
[2026-09-10T20:44:27.944] [DEBUG] debug-file - hvigorfile, resolve finished D:\HW\testproject\complete\6\hvigorfile.ts
[2026-09-10T20:44:27.945] [DEBUG] debug-file - hvigorfile, resolving D:\HW\testproject\complete\6\entry\hvigorfile.ts
[2026-09-10T20:44:27.949] [DEBUG] debug-file - hvigorfile, require result:  { default: { plugins: [] } }
[2026-09-10T20:44:27.950] [DEBUG] debug-file - hvigorfile, binding system plugins null
[2026-09-10T20:44:27.950] [DEBUG] debug-file - Starting plugin build process
[2026-09-10T20:44:27.950] [DEBUG] debug-file - Hap plugin creating...
[2026-09-10T20:44:27.951] [DEBUG] debug-file - failed to load cangjie to dynamically generate schemas: Error: Cannot find module '@ohos/cangjie-build-support/index'
Require stack:
- E:\DevEco Studio\tools\hvigor\hvigor-ohos-plugin\src\plugin\hooks\cangjie-register.js
- E:\DevEco Studio\tools\hvigor\hvigor-ohos-plugin\src\plugin\strategy\stage-init-strategy.js
- E:\DevEco Studio\tools\hvigor\hvigor-ohos-plugin\src\plugin\builder\abstract-plugin-builder.js
- E:\DevEco Studio\tools\hvigor\hvigor-ohos-plugin\src\plugin\builder\app-plugin-builder.js
- E:\DevEco Studio\tools\hvigor\hvigor-ohos-plugin\src\plugin\factory\plugin-factory.js
- E:\DevEco Studio\tools\hvigor\hvigor-ohos-plugin\index.js
- D:\HW\testproject\complete\6\hvigorfile.ts
- E:\DevEco Studio\tools\hvigor\hvigor\src\base\internal\lifecycle\configuration.js
- E:\DevEco Studio\tools\hvigor\hvigor\src\base\boot\index.js
- E:\DevEco Studio\tools\hvigor\hvigor\src\base\daemon\cluster\worker-process-lifecycle.js
- E:\DevEco Studio\tools\hvigor\hvigor\src\base\daemon\process\daemon-process-boot-script.js
[2026-09-10T20:44:27.953] [DEBUG] debug-file - Start initialize module-target build option map, moduleName=entry, buildMode=debug
[2026-09-10T20:44:27.953] [DEBUG] debug-file - Target 'default' config initialized
[2026-09-10T20:44:27.954] [DEBUG] debug-file - Target 'ohosTest' config initialized
[2026-09-10T20:44:27.954] [DEBUG] debug-file - Module 'entry' target 'default' build option initialized
[2026-09-10T20:44:27.954] [DEBUG] debug-file - Module 'entry' target 'ohosTest' build option initialized
[2026-09-10T20:44:27.954] [DEBUG] debug-file - End initialize module-target build option map, moduleName=entry
[2026-09-10T20:44:27.954] [DEBUG] debug-file - Start initialize module-target build option map, moduleName=entry, buildMode=release
[2026-09-10T20:44:27.954] [DEBUG] debug-file - Target 'default' config initialized
[2026-09-10T20:44:27.955] [DEBUG] debug-file - Target 'ohosTest' config initialized
[2026-09-10T20:44:27.956] [DEBUG] debug-file - Module 'entry' target 'default' build option initialized
[2026-09-10T20:44:27.956] [DEBUG] debug-file - Module 'entry' target 'ohosTest' build option initialized
[2026-09-10T20:44:27.956] [DEBUG] debug-file - End initialize module-target build option map, moduleName=entry
[2026-09-10T20:44:27.957] [DEBUG] debug-file - Start initialize module-target build option map, moduleName=entry, buildMode=debug
[2026-09-10T20:44:27.957] [DEBUG] debug-file - Target 'default' config initialized
[2026-09-10T20:44:27.957] [DEBUG] debug-file - Target 'ohosTest' config initialized
[2026-09-10T20:44:27.957] [DEBUG] debug-file - Module 'entry' target 'default' build option initialized
[2026-09-10T20:44:27.957] [DEBUG] debug-file - Module 'entry' target 'ohosTest' build option initialized
[2026-09-10T20:44:27.957] [DEBUG] debug-file - End initialize module-target build option map, moduleName=entry
[2026-09-10T20:44:27.957] [DEBUG] debug-file - Obtain build option for module 'entry' target 'default'in this build.
[2026-09-10T20:44:27.959] [DEBUG] debug-file - Module entry task initialization takes 2 ms 
[2026-09-10T20:44:27.959] [DEBUG] debug-file - Hap plugin register hook start...
[2026-09-10T20:44:27.959] [DEBUG] debug-file - Hap plugin register hook end...
[2026-09-10T20:44:27.960] [DEBUG] debug-file - Plugin build process completed
[2026-09-10T20:44:27.960] [DEBUG] debug-file - hvigorfile, begin to bind custom plugins...
[2026-09-10T20:44:27.960] [DEBUG] debug-file - hvigorfile, no custom plugins were found in D:\HW\testproject\complete\6\entry\hvigorfile.ts
[2026-09-10T20:44:27.960] [DEBUG] debug-file - hvigorfile, resolve finished D:\HW\testproject\complete\6\entry\hvigorfile.ts
[2026-09-10T20:44:27.993] [DEBUG] debug-file - hvigorfile, resolve hvigorfile dependencies in 34 ms 
[2026-09-10T20:44:27.994] [DEBUG] debug-file - project has submodules:entry
[2026-09-10T20:44:27.995] [DEBUG] debug-file - start to load updatedOhPackageInfo to the disk
[2026-09-10T20:44:27.996] [DEBUG] debug-file - load to the disk finished
[2026-09-10T20:44:27.996] [DEBUG] debug-file - Start to initialize dependency information.
[2026-09-10T20:44:27.999] [DEBUG] debug-file - Module 6 Collected Dependency: 
[2026-09-10T20:44:27.999] [DEBUG] debug-file - Module 6's total dependency: 0
[2026-09-10T20:44:28.000] [DEBUG] debug-file - Start to initialize dependency information.
[2026-09-10T20:44:28.001] [DEBUG] debug-file - Module entry Collected Dependency: 
[2026-09-10T20:44:28.001] [DEBUG] debug-file - Module entry's total dependency: 0
[2026-09-10T20:44:28.003] [DEBUG] debug-file - Configuration phase cost:135 ms 
[2026-09-10T20:44:28.004] [DEBUG] debug-file - Configuration task cost before running: 142 ms 
[2026-09-10T20:44:28.005] [DEBUG] debug-file - Executing task ::PreBuildApp
[2026-09-10T20:44:28.005] [DEBUG] debug-file - 6 : PreBuildApp cost memory 0.0172882080078125
[2026-09-10T20:44:28.005] [DEBUG] debug-file - runTaskFromQueue task cost before running: 143 ms 
[2026-09-10T20:44:28.005] [INFO] debug-file - Finished ::PreBuildApp... after 1 ms 
[2026-09-10T20:44:28.009] [DEBUG] debug-file - Executing task :entry:default@PreBuild
[2026-09-10T20:44:28.013] [DEBUG] debug-file - Task 'entry:default@PreBuild' cost while wrapping incremental declarations: 1 ms 
[2026-09-10T20:44:28.050] [DEBUG] debug-file - current product is not Atomic service.
[2026-09-10T20:44:28.051] [DEBUG] debug-file - Use tool [win32: JAVA_HOME, CLASSPATH]
 [ { JAVA_HOME: 'E:\\Java\\jdk-21.0.11' }, { CLASSPATH: undefined } ]
[2026-09-10T20:44:28.052] [DEBUG] debug-file - Use tool [win32: NODE_HOME]
 [ { NODE_HOME: undefined } ]
[2026-09-10T20:44:28.053] [DEBUG] debug-file - entry : default@PreBuild cost memory -0.5955047607421875
[2026-09-10T20:44:28.053] [DEBUG] debug-file - runTaskFromQueue task cost before running: 191 ms 
[2026-09-10T20:44:28.056] [INFO] debug-file - Finished :entry:default@PreBuild... after 45 ms 
[2026-09-10T20:44:28.056] [DEBUG] debug-file - Executing task ::DuplicateDependencyCheck
[2026-09-10T20:44:28.057] [DEBUG] debug-file - 6 : DuplicateDependencyCheck cost memory 0.0152130126953125
[2026-09-10T20:44:28.057] [DEBUG] debug-file - runTaskFromQueue task cost before running: 195 ms 
[2026-09-10T20:44:28.057] [INFO] debug-file - Finished ::DuplicateDependencyCheck... after 1 ms 
[2026-09-10T20:44:28.058] [DEBUG] debug-file - Executing task :entry:default@CreateModuleInfo
[2026-09-10T20:44:28.059] [DEBUG] debug-file - Task 'entry:default@CreateModuleInfo' cost while wrapping incremental declarations: 1 ms 
[2026-09-10T20:44:28.060] [DEBUG] debug-file - entry : default@CreateModuleInfo cost memory 0.052764892578125
[2026-09-10T20:44:28.060] [DEBUG] debug-file - runTaskFromQueue task cost before running: 198 ms 
[2026-09-10T20:44:28.060] [INFO] debug-file - Finished :entry:default@CreateModuleInfo... after 2 ms 
[2026-09-10T20:44:28.062] [DEBUG] debug-file - Executing task :entry:default@GenerateMetadata
[2026-09-10T20:44:28.063] [DEBUG] debug-file - Task 'entry:default@GenerateMetadata' cost while wrapping incremental declarations: 1 ms 
[2026-09-10T20:44:28.067] [DEBUG] debug-file - entry : default@GenerateMetadata cost memory 0.08496856689453125
[2026-09-10T20:44:28.068] [DEBUG] debug-file - runTaskFromQueue task cost before running: 205 ms 
[2026-09-10T20:44:28.068] [INFO] debug-file - Finished :entry:default@GenerateMetadata... after 6 ms 
[2026-09-10T20:44:28.069] [DEBUG] debug-file - Executing task :entry:default@ConfigureCmake
[2026-09-10T20:44:28.069] [DEBUG] debug-file - entry : default@ConfigureCmake cost memory 0.0153045654296875
[2026-09-10T20:44:28.069] [DEBUG] debug-file - runTaskFromQueue task cost before running: 207 ms 
[2026-09-10T20:44:28.070] [INFO] debug-file - Finished :entry:default@ConfigureCmake... after 1 ms 
[2026-09-10T20:44:28.071] [DEBUG] debug-file - Executing task :entry:default@MergeProfile
[2026-09-10T20:44:28.071] [DEBUG] debug-file - Task 'entry:default@MergeProfile' cost while wrapping incremental declarations: 1 ms 
[2026-09-10T20:44:28.072] [DEBUG] debug-file - Change app api release type with 'Release'
[2026-09-10T20:44:28.072] [DEBUG] debug-file - Change app compile API version with '26.0.0.105'
[2026-09-10T20:44:28.072] [DEBUG] debug-file - Change app target API version with '260000026'
[2026-09-10T20:44:28.073] [DEBUG] debug-file - Change app minimum API version with '260000026'
[2026-09-10T20:44:28.073] [DEBUG] debug-file - Use cli appEnvironment
[2026-09-10T20:44:28.076] [DEBUG] debug-file - The permissions of moduleJson5 is null.
[2026-09-10T20:44:28.076] [DEBUG] debug-file - entry : default@MergeProfile cost memory 0.17488861083984375
[2026-09-10T20:44:28.077] [DEBUG] debug-file - runTaskFromQueue task cost before running: 214 ms 
[2026-09-10T20:44:28.077] [INFO] debug-file - Finished :entry:default@MergeProfile... after 6 ms 
[2026-09-10T20:44:28.080] [DEBUG] debug-file - Executing task :entry:default@CreateBuildProfile
[2026-09-10T20:44:28.080] [DEBUG] debug-file - Task 'entry:default@CreateBuildProfile' cost while wrapping incremental declarations: 1 ms 
[2026-09-10T20:44:28.083] [DEBUG] debug-file - entry : default@CreateBuildProfile cost memory 0.070465087890625
[2026-09-10T20:44:28.084] [DEBUG] debug-file - runTaskFromQueue task cost before running: 221 ms 
[2026-09-10T20:44:28.084] [INFO] debug-file - Finished :entry:default@CreateBuildProfile... after 4 ms 
[2026-09-10T20:44:28.086] [DEBUG] debug-file - Executing task :entry:default@PreCheckSyscap
[2026-09-10T20:44:28.086] [DEBUG] debug-file - entry : default@PreCheckSyscap cost memory 0.01795196533203125
[2026-09-10T20:44:28.086] [DEBUG] debug-file - runTaskFromQueue task cost before running: 224 ms 
[2026-09-10T20:44:28.086] [INFO] debug-file - Finished :entry:default@PreCheckSyscap... after 1 ms 
[2026-09-10T20:44:28.090] [DEBUG] debug-file - Executing task :entry:default@GeneratePkgContextInfo
[2026-09-10T20:44:28.095] [DEBUG] debug-file - Task 'entry:default@GeneratePkgContextInfo' cost while wrapping incremental declarations: 1 ms 
[2026-09-10T20:44:28.097] [DEBUG] debug-file - entry : default@GeneratePkgContextInfo cost memory 0.27716827392578125
[2026-09-10T20:44:28.097] [DEBUG] debug-file - runTaskFromQueue task cost before running: 235 ms 
[2026-09-10T20:44:28.097] [INFO] debug-file - Finished :entry:default@GeneratePkgContextInfo... after 7 ms 
[2026-09-10T20:44:28.098] [DEBUG] debug-file - Executing task :entry:default@GeneratePkgSdkInfo
[2026-09-10T20:44:28.100] [DEBUG] debug-file - Task 'entry:default@GeneratePkgSdkInfo' cost while wrapping incremental declarations: 1 ms 
[2026-09-10T20:44:28.100] [DEBUG] debug-file - entry : default@GeneratePkgSdkInfo cost memory 0.1283111572265625
[2026-09-10T20:44:28.101] [DEBUG] debug-file - runTaskFromQueue task cost before running: 239 ms 
[2026-09-10T20:44:28.101] [INFO] debug-file - Finished :entry:default@GeneratePkgSdkInfo... after 3 ms 
[2026-09-10T20:44:28.103] [DEBUG] debug-file - Executing task :entry:default@ProcessIntegratedHsp
[2026-09-10T20:44:28.104] [DEBUG] debug-file - entry : default@ProcessIntegratedHsp cost memory 0.5767669677734375
[2026-09-10T20:44:28.104] [DEBUG] debug-file - runTaskFromQueue task cost before running: 242 ms 
[2026-09-10T20:44:28.104] [INFO] debug-file - Finished :entry:default@ProcessIntegratedHsp... after 1 ms 
[2026-09-10T20:44:28.106] [DEBUG] debug-file - Executing task :entry:default@BuildNativeWithCmake
[2026-09-10T20:44:28.106] [DEBUG] debug-file - entry : default@BuildNativeWithCmake cost memory 0.4050445556640625
[2026-09-10T20:44:28.106] [DEBUG] debug-file - runTaskFromQueue task cost before running: 244 ms 
[2026-09-10T20:44:28.106] [INFO] debug-file - Finished :entry:default@BuildNativeWithCmake... after 1 ms 
[2026-09-10T20:44:28.107] [DEBUG] debug-file - Executing task :entry:default@MakePackInfo
[2026-09-10T20:44:28.110] [DEBUG] debug-file - Module Pack Info:  {
  summary: {
    app: { bundleName: 'c***p', bundleType: 'app', version: [Object] },
    modules: [ [Object] ]
  },
  packages: [
    {
      deviceType: [Array],
      moduleType: 'entry',
      deliveryWithInstall: true,
      name: 'entry-default'
    }
  ]
}
[2026-09-10T20:44:28.113] [DEBUG] debug-file - entry : default@MakePackInfo cost memory -2.8239212036132812
[2026-09-10T20:44:28.113] [DEBUG] debug-file - runTaskFromQueue task cost before running: 251 ms 
[2026-09-10T20:44:28.114] [INFO] debug-file - Finished :entry:default@MakePackInfo... after 7 ms 
[2026-09-10T20:44:28.115] [DEBUG] debug-file - Executing task :entry:default@SyscapTransform
[2026-09-10T20:44:28.116] [DEBUG] debug-file - File: 'D:\HW\testproject\complete\6\entry\src\main\syscap.json' from 'sysCapJsonPath' is not exists, just ignore.
[2026-09-10T20:44:28.116] [DEBUG] debug-file - Task 'entry:default@SyscapTransform' cost while wrapping incremental declarations: 1 ms 
[2026-09-10T20:44:28.117] [DEBUG] debug-file - entry : default@SyscapTransform cost memory 0.6794967651367188
[2026-09-10T20:44:28.117] [DEBUG] debug-file - runTaskFromQueue task cost before running: 255 ms 
[2026-09-10T20:44:28.117] [INFO] debug-file - Finished :entry:default@SyscapTransform... after 2 ms 
[2026-09-10T20:44:28.119] [DEBUG] debug-file - Executing task :entry:default@ProcessProfile
[2026-09-10T20:44:28.129] [DEBUG] debug-file - Task 'entry:default@ProcessProfile' cost while wrapping incremental declarations: 1 ms 
[2026-09-10T20:44:28.130] [DEBUG] debug-file - [
  'E:\\DevEco Studio\\tools\\node\\node.exe',
  'E:\\DevEco Studio\\sdk\\default\\openharmony\\ets\\build-tools\\ets-loader\\bin\\ark\\ts2abc.js',
  '--target-api-version',
  '26'
]
[2026-09-10T20:44:28.357] [DEBUG] debug-file - 24.0.0.0
[2026-09-10T20:44:28.360] [DEBUG] debug-file - No need to add fake ui ability because of not in preview process.
[2026-09-10T20:44:28.362] [DEBUG] debug-file - entry : default@ProcessProfile cost memory 1.1648483276367188
[2026-09-10T20:44:28.362] [DEBUG] debug-file - runTaskFromQueue task cost before running: 500 ms 
[2026-09-10T20:44:28.363] [INFO] debug-file - Finished :entry:default@ProcessProfile... after 244 ms 
[2026-09-10T20:44:28.364] [DEBUG] debug-file - Executing task :entry:default@ProcessRouterMap
[2026-09-10T20:44:28.371] [DEBUG] debug-file - entry : default@ProcessRouterMap cost memory 0.18987274169921875
[2026-09-10T20:44:28.371] [DEBUG] debug-file - runTaskFromQueue task cost before running: 509 ms 
[2026-09-10T20:44:28.372] [INFO] debug-file - Finished :entry:default@ProcessRouterMap... after 7 ms 
[2026-09-10T20:44:28.373] [DEBUG] debug-file - Executing task :entry:default@ProcessShareConfig
[2026-09-10T20:44:28.376] [DEBUG] debug-file - entry : default@ProcessShareConfig cost memory 0.06795501708984375
[2026-09-10T20:44:28.377] [DEBUG] debug-file - runTaskFromQueue task cost before running: 514 ms 
[2026-09-10T20:44:28.377] [INFO] debug-file - Finished :entry:default@ProcessShareConfig... after 4 ms 
[2026-09-10T20:44:28.379] [DEBUG] debug-file - Executing task :entry:default@ProcessStartupConfig
[2026-09-10T20:44:28.379] [DEBUG] debug-file - Task 'entry:default@ProcessStartupConfig' cost while wrapping incremental declarations: 1 ms 
[2026-09-10T20:44:28.380] [DEBUG] debug-file - entry : default@ProcessStartupConfig cost memory 0.08614349365234375
[2026-09-10T20:44:28.380] [DEBUG] debug-file - runTaskFromQueue task cost before running: 518 ms 
[2026-09-10T20:44:28.381] [INFO] debug-file - Finished :entry:default@ProcessStartupConfig... after 2 ms 
[2026-09-10T20:44:28.382] [DEBUG] debug-file - Executing task :entry:default@BuildNativeWithNinja
[2026-09-10T20:44:28.384] [DEBUG] debug-file - entry : default@BuildNativeWithNinja cost memory 0.022796630859375
[2026-09-10T20:44:28.384] [DEBUG] debug-file - runTaskFromQueue task cost before running: 522 ms 
[2026-09-10T20:44:28.385] [INFO] debug-file - Finished :entry:default@BuildNativeWithNinja... after 3 ms 
[2026-09-10T20:44:28.386] [DEBUG] debug-file - restool module names: entry; moduleName=entry, taskName=default@ProcessResource
[2026-09-10T20:44:28.389] [DEBUG] debug-file - Executing task :entry:default@ProcessResource
[2026-09-10T20:44:28.389] [DEBUG] debug-file - Task 'entry:default@ProcessResource' cost while wrapping incremental declarations: 1 ms 
[2026-09-10T20:44:28.393] [DEBUG] debug-file - entry : default@ProcessResource cost memory 0.11093902587890625
[2026-09-10T20:44:28.394] [DEBUG] debug-file - runTaskFromQueue task cost before running: 531 ms 
[2026-09-10T20:44:28.395] [INFO] debug-file - Finished :entry:default@ProcessResource... after 6 ms 
[2026-09-10T20:44:28.398] [DEBUG] debug-file - Executing task :entry:default@GenerateLoaderJson
[2026-09-10T20:44:28.399] [DEBUG] debug-file - Task 'entry:default@GenerateLoaderJson' cost while wrapping incremental declarations: 1 ms 
[2026-09-10T20:44:28.411] [DEBUG] debug-file - entry : default@GenerateLoaderJson cost memory 0.3896636962890625
[2026-09-10T20:44:28.411] [DEBUG] debug-file - runTaskFromQueue task cost before running: 549 ms 
[2026-09-10T20:44:28.414] [INFO] debug-file - Finished :entry:default@GenerateLoaderJson... after 13 ms 
[2026-09-10T20:44:28.415] [DEBUG] debug-file - Executing task :entry:default@ProcessLibs
[2026-09-10T20:44:28.417] [DEBUG] debug-file - Task 'entry:default@ProcessLibs' cost while wrapping incremental declarations: 1 ms 
[2026-09-10T20:44:28.424] [DEBUG] debug-file - Worker dispatch failed, running processLibs on main thread.
[2026-09-10T20:44:28.426] [DEBUG] debug-file - entry : default@ProcessLibs cost memory 0.36527252197265625
[2026-09-10T20:44:28.427] [DEBUG] debug-file - runTaskFromQueue task cost before running: 564 ms 
[2026-09-10T20:44:28.428] [INFO] debug-file - Finished :entry:default@ProcessLibs... after 12 ms 
[2026-09-10T20:44:28.429] [DEBUG] debug-file - restool module names: entry; moduleName=entry, taskName=default@CompileResource
[2026-09-10T20:44:28.430] [DEBUG] debug-file - Executing task :entry:default@CompileResource
[2026-09-10T20:44:28.438] [DEBUG] debug-file - Use tool [E:\DevEco Studio\sdk\default\openharmony\toolchains\restool.exe]
 [
  'E:\\DevEco Studio\\sdk\\default\\openharmony\\toolchains\\restool.exe',
  '-l',
  'D:\\HW\\testproject\\complete\\6\\entry\\build\\default\\intermediates\\res\\default\\resConfig.json'
]
[2026-09-10T20:44:28.440] [DEBUG] debug-file - current process  memoryUsage: {
  rss: 202059776,
  heapTotal: 139931648,
  heapUsed: 121484640,
  external: 3977920,
  arrayBuffers: 106869
} os memoryUsage :12.563583374023438
[2026-09-10T20:44:28.522] [DEBUG] debug-file - Info: Pack: normal pack mode

[2026-09-10T20:44:28.611] [DEBUG] debug-file - Info: hardware concurrency count is : 16
Info: thread count is : 16

[2026-09-10T20:44:28.611] [DEBUG] debug-file - Info: thread pool is started

[2026-09-10T20:44:28.614] [DEBUG] debug-file - Info: GenericCompiler::CompileFiles

[2026-09-10T20:44:28.621] [DEBUG] debug-file - Info: GenericCompiler::CompileFiles

[2026-09-10T20:44:28.622] [DEBUG] debug-file - Warning: 'D:\HW\testproject\complete\6\entry\src\main\resources\base\media\background.png' is defined repeatedly.
Warning: 'D:\HW\testproject\complete\6\entry\src\main\resources\base\media\foreground.png' is defined repeatedly.
Warning: 'D:\HW\testproject\complete\6\entry\src\main\resources\base\media\layered_image.json' is defined repeatedly.

[2026-09-10T20:44:28.623] [DEBUG] debug-file - Info: GenericCompiler::CompileFiles

[2026-09-10T20:44:28.635] [DEBUG] debug-file - 09-10 20:44:28.634 14040 25188 I C01400/SvgDecodeUtils: SvgDecodeUtils::IsSvgFormat probe svg format, path:D:\HW\testproject\complete\6\AppScope\resources\base\media\background.png.
09-10 20:44:28.635 14040 25188 E C01400/ImageTranscoderUtils: DecodeToRGBA IN

[2026-09-10T20:44:28.635] [DEBUG] debug-file - 09-10 20:44:28.635 14040 25188 I C01400/SvgDecodeUtils: SvgDecodeUtils::IsSvgFormat probe svg format, path:D:\HW\testproject\complete\6\AppScope\resources\base\media\background.png.
09-10 20:44:28.635 14040 25188 E C01400/ImageTranscoderUtils: ImageFilter IN D:\HW\testproject\complete\6\AppScope\resources\base\media\background.png

[2026-09-10T20:44:28.695] [DEBUG] debug-file - 09-10 20:44:28.695 14040 25188 I C01400/SvgDecodeUtils: SvgDecodeUtils::IsSvgFormat probe svg format, path:D:\HW\testproject\complete\6\AppScope\resources\base\media\foreground.png.

[2026-09-10T20:44:28.695] [DEBUG] debug-file - 09-10 20:44:28.695 14040 25188 E C01400/ImageTranscoderUtils: DecodeToRGBA IN
09-10 20:44:28.695 14040 25188 I C01400/SvgDecodeUtils: SvgDecodeUtils::IsSvgFormat probe svg format, path:D:\HW\testproject\complete\6\AppScope\resources\base\media\foreground.png.
09-10 20:44:28.695 14040 25188 E C01400/ImageTranscoderUtils: ImageFilter IN D:\HW\testproject\complete\6\AppScope\resources\base\media\foreground.png

[2026-09-10T20:44:28.747] [DEBUG] debug-file - Info: can't scale media json file.

[2026-09-10T20:44:28.747] [DEBUG] debug-file - Warning: The width or height of the png file referenced by the icon exceeds the limit (41 pixels)
at D:\HW\testproject\complete\6\AppScope\resources\base\media\background.png
Warning: The width or height of the png file referenced by the icon exceeds the limit (41 pixels)
at D:\HW\testproject\complete\6\AppScope\resources\base\media\foreground.png
Warning: D:\HW\testproject\complete\6\AppScope\resources\base\media\layered_image.json is not png format

[2026-09-10T20:44:28.749] [DEBUG] debug-file - Info: restool resources compile success.

[2026-09-10T20:44:28.750] [DEBUG] debug-file - Info: thread pool is stopped

[2026-09-10T20:44:28.823] [DEBUG] debug-file - entry : default@CompileResource cost memory -7.5240936279296875
[2026-09-10T20:44:28.823] [DEBUG] debug-file - runTaskFromQueue task cost before running: 961 ms 
[2026-09-10T20:44:28.824] [INFO] debug-file - Finished :entry:default@CompileResource... after 394 ms 
[2026-09-10T20:44:28.827] [DEBUG] debug-file - Executing task :entry:default@DoNativeStrip
[2026-09-10T20:44:28.827] [DEBUG] debug-file - File: 'D:\HW\testproject\complete\6\entry\build\default\intermediates\binxo\default' from 'doBinxoNativeLibs' is not exists, just ignore.
[2026-09-10T20:44:28.827] [DEBUG] debug-file - Task 'entry:default@DoNativeStrip' cost while wrapping incremental declarations: 1 ms 
[2026-09-10T20:44:28.831] [DEBUG] debug-file - entry : default@DoNativeStrip cost memory 0.07018280029296875
[2026-09-10T20:44:28.831] [DEBUG] debug-file - runTaskFromQueue task cost before running: 969 ms 
[2026-09-10T20:44:28.831] [INFO] debug-file - Finished :entry:default@DoNativeStrip... after 5 ms 
[2026-09-10T20:44:28.833] [DEBUG] debug-file - Executing task :entry:default@CompileArkTS
[2026-09-10T20:44:28.834] [DEBUG] debug-file - obfuscationOptions: undefined
[2026-09-10T20:44:28.836] [DEBUG] debug-file - Task 'entry:default@CompileArkTS' cost while wrapping incremental declarations: 1 ms 
[2026-09-10T20:44:28.881] [DEBUG] debug-file - build config:
[2026-09-10T20:44:28.882] [DEBUG] debug-file - {
  moduleType: 'entry',
  perf: 0,
  targetName: '.default',
  packageManagerType: 'ohpm',
  localPropertiesPath: 'D:\\HW\\testproject\\complete\\6\\local.properties',
  isPreview: false,
  isOhosTest: false,
  isLocalTest: false,
  buildMode: 'Debug',
  hotReloadBuild: undefined,
  watchMode: 'false',
  aceProfilePath: 'D:\\HW\\testproject\\complete\\6\\entry\\build\\default\\intermediates\\res\\default\\resources\\base\\profile',
  etsLoaderPath: 'E:\\DevEco Studio\\sdk\\default\\openharmony\\ets\\build-tools\\ets-loader',
  modulePath: 'D:\\HW\\testproject\\complete\\6\\entry',
  testFrameworkPar: {
    testMode: undefined,
    coveragePathFilter: undefined,
    coverageMode: undefined
  },
  needCoverageInsert: false,
  debugLine: false,
  projectTopDir: 'D:\\HW\\testproject\\complete\\6',
  compileSdkVersion: 26,
  compatibleSdkVersion: 26,
  originCompatibleSdkVersion: '26.0.0',
  compatibleSdkVersionStage: undefined,
  bundleName: 'c***p',
  etsLoaderVersion: '26.0.0.105',
  etsLoaderReleaseType: 'Release',
  aotCompileMode: 'type',
  apPath: 'D:\\HW\\testproject\\complete\\6\\entry\\modules.ap',
  entryModuleName: 'entry',
  entryModuleVersion: '1.0.0',
  entryPackageName: 'entry',
  allModuleNameHash: '165181f1d76baddc0c38fa45544cf5ad8b5bdf3ecc625d8fc4fbc0dbd47e9659',
  externalApiPaths: [ 'E:\\DevEco Studio\\sdk\\default\\hms\\ets' ],
  compilerTypes: [],
  isCrossplatform: false,
  hvigorPluginFile: undefined,
  compilePluginPath: undefined,
  buildGeneratedProfilePath: 'D:\\HW\\testproject\\complete\\6\\entry\\build\\default\\generated\\profile\\default',
  bundleType: 'app',
  arkTSVersion: undefined,
  apiVersion: 26,
  needCompleteSourcesMap: false,
  isFaMode: false,
  buildDir: 'D:\\HW\\testproject\\complete\\6\\entry\\build',
  buildCacheProjectDir: 'D:\\HW\\testproject\\complete\\6',
  deviceTypes: [ 'phone' ],
  pkgContextInfo: {
    '@ohos/hypium': {
      packageName: '@ohos/hypium',
      bundleName: '*****',
      moduleName: '',
      version: '1.0.24',
      entryPath: 'index.js',
      isSO: false,
      dependencyAlias: ''
    },
    '@ohos/hamock': {
      packageName: '@ohos/hamock',
      bundleName: '*****',
      moduleName: '',
      version: '1.0.0',
      entryPath: 'index.ets',
      isSO: false,
      dependencyAlias: ''
    },
    entry: {
      packageName: 'entry',
      bundleName: '*****',
      moduleName: '',
      version: '',
      entryPath: 'src/main/',
      isSO: false,
      dependencyAlias: ''
    }
  },
  ohPackagePathMap: {},
  dependencyAliasMap: {},
  permission: { requestPermissions: undefined, definePermissions: undefined },
  useGetCurrentBundleName: false,
  projectArkOption: undefined,
  sourceMapDir: undefined,
  branchElimination: false,
  transformLib: undefined,
  tsImportSendable: false,
  resolveConflictMode: true,
  depName2RootPath: {},
  depName2DepInfo: {},
  depName2OhExports: {},
  rootPathSet: [ 'D:\\HW\\testproject\\complete\\6' ],
  useNativeResolver: true,
  shouldEmitJs: true,
  useUnifiedAst: false,
  useTscResolve: false,
  singleFileEmit: false,
  userProjectConfig: {
    autoLazyImport: false,
    allowEmptyBundleName: false,
    reExportCheckMode: 'noCheck',
    executionMode: 'memory',
    usePathPlaceholder: false,
    writeRollupCache: true,
    isExpandImportEnabled: false,
    expandImportExclude: '',
    lazyImportExclude: '',
    lazyImportInclude: '',
    ignoreCrossplatformCheck: false,
    isHarDeduplicateEnabled: false,
    skipOhModulesLint: false,
    enableStrictCheckOHModule: false,
    disableSendableCheckRules: [],
    useDeclarationFileSignature: false,
    customizedOptions: undefined,
    integratedHsp: false,
    tsImportSoCheck: false,
    isPreloadSoEnabled: false
  },
  executionMode: 'memory',
  arkCompileCachePath: 'D:\\HW\\testproject\\complete\\6\\entry\\build\\default\\cache\\default\\default@CompileArkTS\\esmodule',
  autoLazyFilter: undefined,
  isHarDeduplicateEnabled: false,
  intermediateHarDuplicateDirPath: 'D:\\HW\\testproject\\complete\\6\\entry\\build\\default\\intermediates\\har_duplicate\\default',
  autoLazyImport: false,
  allowEmptyBundleName: false,
  reExportCheckMode: 'noCheck',
  usePathPlaceholder: false,
  writeRollupCache: true,
  isExpandImportEnabled: false,
  expandImportExclude: '',
  lazyImportExclude: '',
  lazyImportInclude: '',
  ignoreCrossplatformCheck: false,
  skipOhModulesLint: false,
  enableStrictCheckOHModule: false,
  disableSendableCheckRules: [],
  useDeclarationFileSignature: false,
  customizedOptions: undefined,
  integratedHsp: false,
  tsImportSoCheck: false,
  isPreloadSoEnabled: false,
  strictMode: {
    caseSensitiveCheck: true,
    useNormalizedOHMUrl: true,
    noExternalImportByPath: true
  },
  useNormalizedOHMUrl: true,
  caseSensitiveCheck: true,
  strictCheckerOnly: false,
  aceModuleJsonPath: 'D:\\HW\\testproject\\complete\\6\\entry\\build\\default\\intermediates\\res\\default\\ark_module.json',
  appResource: 'D:\\HW\\testproject\\complete\\6\\entry\\build\\default\\intermediates\\res\\default\\ResourceTable.txt',
  rawFileResource: 'D:\\HW\\testproject\\complete\\6\\entry\\build\\default\\intermediates\\res\\default\\resources\\rawfile',
  resourceTableHash: '917496b5a6a57ec7da64a8f6046aa8c741fae7082364b6d50265e3879896cbb3',
  runtimeOS: 'HarmonyOS',
  sdkInfo: 'false:26:26.0.0.105:Release',
  aceModuleRoot: 'D:\\HW\\testproject\\complete\\6\\entry\\src\\main\\ets',
  compileMode: 'esmodule',
  aceSuperVisualPath: 'D:\\HW\\testproject\\complete\\6\\entry\\src\\main\\supervisual',
  aceBuildJson: 'D:\\HW\\testproject\\complete\\6\\entry\\build\\default\\intermediates\\loader\\default\\loader.json',
  cachePath: 'D:\\HW\\testproject\\complete\\6\\entry\\build\\default\\cache\\default\\default@CompileArkTS\\esmodule\\debug',
  aceModuleBuild: 'D:\\HW\\testproject\\complete\\6\\entry\\build\\default\\intermediates\\loader_out\\default\\ets',
  supportChunks: true,
  declaredFilesPath: undefined,
  shouldCollectDirectImportees: false,
  isByteCodeHarOptimize: false,
  expandImportPath: undefined,
  resourceTableTs: 'D:\\HW\\testproject\\complete\\6\\entry\\build\\default\\generated\\r\\default\\ResourceTable.ts',
  moduleMetaInfoFiles: [
    {
      filePath: 'D:\\HW\\testproject\\complete\\6\\entry\\build\\default\\generated\\r\\default\\ResourceTable.ts',
      ohmurl: '&entry/build/generated/r/ResourceTable&'
    }
  ],
  pkgNameToPkgBriefInfo: {
    entry: {
      pkgRoot: 'D:\\HW\\testproject\\complete\\6\\entry',
      originalSourceRoots: undefined,
      sourceRoots: [Array],
      pkgName: 'entry'
    }
  },
  projectModel: {
    'D:\\HW\\testproject\\complete\\6\\entry\\src\\main': {
      moduleName: 'entry',
      modulePkgPath: 'D:\\HW\\testproject\\complete\\6\\entry',
      belongProjectPath: 'D:\\HW\\testproject\\complete\\6'
    },
    'D:\\HW\\testproject\\complete\\6\\entry\\.test\\default\\intermediates\\src\\ohosTest\\ets': {
      moduleName: 'entry_test',
      modulePkgPath: 'D:\\HW\\testproject\\complete\\6\\entry',
      belongProjectPath: 'D:\\HW\\testproject\\complete\\6'
    },
    'D:\\HW\\testproject\\complete\\6\\entry\\src\\ohosTest': {
      moduleName: 'entry_test',
      modulePkgPath: 'D:\\HW\\testproject\\complete\\6\\entry',
      belongProjectPath: 'D:\\HW\\testproject\\complete\\6'
    },
    'D:\\HW\\testproject\\complete\\6\\entry': {
      moduleName: 'entry',
      modulePkgPath: 'D:\\HW\\testproject\\complete\\6\\entry',
      belongProjectPath: 'D:\\HW\\testproject\\complete\\6'
    },
    'D:\\HW\\testproject\\complete\\6': {
      moduleName: '6',
      modulePkgPath: 'D:\\HW\\testproject\\complete\\6',
      belongProjectPath: 'D:\\HW\\testproject\\complete\\6'
    }
  },
  pkgJsonFileHash: '7ab10e622b876a852aaa87f883a5ca46773dc428b9273d7582651c0540669143',
  allModulePaths: [ 'D:\\HW\\testproject\\complete\\6\\entry' ],
  routerMap: {},
  obfuscationOptions: undefined,
  byteCodeHarToDependencyKeys: undefined,
  compileBlockPkg: [],
  mockParams: {
    decorator: '@MockSetup',
    packageName: '@ohos/hamock',
    etsSourceRootPath: 'src/main/ets',
    mockConfigPath: 'D:\\HW\\testproject\\complete\\6\\entry\\src\\mock\\mock-config.json5',
    mockConfigKey2ModuleInfo: {},
    source2ModuleIdMap: {}
  },
  copyCodeResourceEnable: false,
  copyCodeResourceExcludes: [],
  copyCodeResourceIncludes: undefined,
  uiTransformOptimization: false,
  sdkPath: 'E:/DevEco Studio/sdk',
  needPreloadSoFileSet: {},
  preloadSoFilePath: 'D:\\HW\\testproject\\complete\\6\\entry\\build\\default\\intermediates\\preload\\default\\preload.json',
  useSourceHash: false,
  localModuleParamMap: {},
  otherPaths: {
    'entry/*': [
      '..\\*',
      '..\\..\\..\\build\\default\\generated\\profile\\default\\*'
    ]
  },
  collectImportersConfig: undefined
}
[2026-09-10T20:44:28.882] [DEBUG] debug-file - Compile arkts with external api path: E:\DevEco Studio\sdk\default\hms\ets
[2026-09-10T20:44:28.885] [DEBUG] debug-file - before submitting ArkTS compile task to worker pool, config.buildDir: D:\HW\testproject\complete\6\entry\build
[2026-09-10T20:44:28.886] [DEBUG] debug-file - default@CompileArkTS work[0] is submitted.
[2026-09-10T20:44:28.887] [DEBUG] debug-file - default@CompileArkTS work[0] is pushed to ready queue.
[2026-09-10T20:44:28.887] [DEBUG] debug-file - default@CompileArkTS work[0] is not dispatched.
[2026-09-10T20:44:28.888] [DEBUG] debug-file - entry : default@CompileArkTS cost memory 1.0401992797851562
[2026-09-10T20:44:28.890] [DEBUG] debug-file - Executing task :entry:default@BuildJS
[2026-09-10T20:44:28.891] [DEBUG] debug-file - Task 'entry:default@BuildJS' cost while wrapping incremental declarations: 1 ms 
[2026-09-10T20:44:28.894] [DEBUG] debug-file - entry : default@BuildJS cost memory 0.12955474853515625
[2026-09-10T20:44:28.894] [DEBUG] debug-file - runTaskFromQueue task cost before running: 1 s 32 ms 
[2026-09-10T20:44:28.894] [INFO] debug-file - Finished :entry:default@BuildJS... after 4 ms 
[2026-09-10T20:44:28.895] [DEBUG] debug-file - Executing task :entry:default@CacheNativeLibs
[2026-09-10T20:44:28.896] [DEBUG] debug-file - File: 'D:\HW\testproject\complete\6\entry\build\default\intermediates\binxo\default' from 'cacheBinxoNativeLibs' is not exists, just ignore.
[2026-09-10T20:44:28.896] [DEBUG] debug-file - Task 'entry:default@CacheNativeLibs' cost while wrapping incremental declarations: 1 ms 
[2026-09-10T20:44:28.897] [DEBUG] debug-file - default@CacheNativeLibs work[1] is submitted.
[2026-09-10T20:44:28.897] [DEBUG] debug-file - default@CacheNativeLibs work[1] is pushed to ready queue.
[2026-09-10T20:44:28.897] [DEBUG] debug-file - default@CacheNativeLibs work[1] is not dispatched.
[2026-09-10T20:44:28.897] [DEBUG] debug-file - entry : default@CacheNativeLibs cost memory 0.090972900390625
[2026-09-10T20:44:29.098] [DEBUG] debug-file - A work dispatched to worker[15] failed because unable to get work from ready queue.
[2026-09-10T20:44:29.099] [DEBUG] debug-file - Create  resident worker with id: 14.
[2026-09-10T20:44:29.102] [DEBUG] debug-file - default@CacheNativeLibs work[1] has been dispatched to worker[14].
[2026-09-10T20:44:29.113] [DEBUG] debug-file - A work dispatched to worker[15] failed because unable to get work from ready queue.
[2026-09-10T20:44:29.114] [DEBUG] debug-file - A work dispatched to worker[14] failed because of worker busy.
[2026-09-10T20:44:29.114] [DEBUG] debug-file - A work dispatched to worker[13] failed because unable to get work from ready queue.
[2026-09-10T20:44:29.114] [DEBUG] debug-file - A work dispatched to worker[12] failed because unable to get work from ready queue.
[2026-09-10T20:44:29.114] [DEBUG] debug-file - A work dispatched to worker[11] failed because unable to get work from ready queue.
[2026-09-10T20:44:29.114] [DEBUG] debug-file - A work dispatched to worker[10] failed because unable to get work from ready queue.
[2026-09-10T20:44:29.114] [DEBUG] debug-file - A work dispatched to worker[9] failed because unable to get work from ready queue.
[2026-09-10T20:44:29.114] [DEBUG] debug-file - A work dispatched to worker[8] failed because unable to get work from ready queue.
[2026-09-10T20:44:29.115] [DEBUG] debug-file - A work dispatched to worker[7] failed because unable to get work from ready queue.
[2026-09-10T20:44:29.115] [DEBUG] debug-file - A work dispatched to worker[6] failed because unable to get work from ready queue.
[2026-09-10T20:44:29.115] [DEBUG] debug-file - A work dispatched to worker[5] failed because unable to get work from ready queue.
[2026-09-10T20:44:29.116] [DEBUG] debug-file - Create  resident worker with id: 4.
[2026-09-10T20:44:29.117] [DEBUG] debug-file - default@CompileArkTS work[0] has been dispatched to worker[4].
[2026-09-10T20:44:30.177] [DEBUG] debug-file - worker[14] has one work done.
[2026-09-10T20:44:30.178] [DEBUG] debug-file - default@CacheNativeLibs work[1] done.
[2026-09-10T20:44:30.181] [INFO] debug-file - Finished :entry:default@CacheNativeLibs... after 20 ms 
[2026-09-10T20:44:30.390] [DEBUG] debug-file - A work dispatched to worker[14] failed because unable to get work from ready queue.
[2026-09-10T20:44:43.286] [DEBUG] debug-file - worker[4] has one work done.
[2026-09-10T20:44:43.289] [DEBUG] debug-file - Ark compile task finished.finished time is 5319026923000
[2026-09-10T20:44:43.290] [DEBUG] debug-file - default@CompileArkTS work[0] done.
[2026-09-10T20:44:43.293] [INFO] debug-file - Finished :entry:default@CompileArkTS... after 11 s 52 ms 
[2026-09-10T20:44:43.294] [DEBUG] debug-file - Executing task :entry:default@GeneratePkgModuleJson
[2026-09-10T20:44:43.295] [DEBUG] debug-file - File: 'D:\HW\testproject\complete\6\entry\build\default\intermediates\preload\default\preload.json' from 'preloadSoJsonPath' is not exists, just ignore.
[2026-09-10T20:44:43.296] [DEBUG] debug-file - Error occurs while handling @Input 'shouldDeduplicateHar': The "data" argument must be of type string or an instance of Buffer, TypedArray, or DataView. Received undefined
[2026-09-10T20:44:43.296] [DEBUG] debug-file - Task 'entry:default@GeneratePkgModuleJson' cost while wrapping incremental declarations: 2 ms 
[2026-09-10T20:44:43.300] [DEBUG] debug-file - entry : default@GeneratePkgModuleJson cost memory 0.14056396484375
[2026-09-10T20:44:43.300] [DEBUG] debug-file - runTaskFromQueue task cost before running: 15 s 438 ms 
[2026-09-10T20:44:43.300] [INFO] debug-file - Finished :entry:default@GeneratePkgModuleJson... after 6 ms 
[2026-09-10T20:44:43.302] [DEBUG] debug-file - Executing task :entry:default@ProcessCompiledResources
[2026-09-10T20:44:43.302] [DEBUG] debug-file - File: 'D:\HW\testproject\complete\6\entry\build\default\intermediates\preload\default\preload.json' from 'preloadSoJsonPath' is not exists, just ignore.
[2026-09-10T20:44:43.302] [DEBUG] debug-file - Task 'entry:default@ProcessCompiledResources' cost while wrapping incremental declarations: 1 ms 
[2026-09-10T20:44:43.303] [DEBUG] debug-file - entry : default@ProcessCompiledResources cost memory 0.05316925048828125
[2026-09-10T20:44:43.303] [DEBUG] debug-file - runTaskFromQueue task cost before running: 15 s 441 ms 
[2026-09-10T20:44:43.303] [INFO] debug-file - Finished :entry:default@ProcessCompiledResources... after 2 ms 
[2026-09-10T20:44:43.306] [DEBUG] debug-file - Executing task :entry:default@PackageHap
[2026-09-10T20:44:43.312] [DEBUG] debug-file - Use tool [E:\DevEco Studio\sdk\default\openharmony\toolchains\lib\app_packing_tool.jar]
 [
  'java',
  '-Dfile.encoding=GBK',
  '-jar',
  'E:\\DevEco Studio\\sdk\\default\\openharmony\\toolchains\\lib\\app_packing_tool.jar',
  '--mode',
  'hap',
  '--force',
  'true',
  '--lib-path',
  'D:\\HW\\testproject\\complete\\6\\entry\\build\\default\\intermediates\\stripped_native_libs\\default',
  '--json-path',
  'D:\\HW\\testproject\\complete\\6\\entry\\build\\default\\intermediates\\package\\default\\module.json',
  '--resources-path',
  'D:\\HW\\testproject\\complete\\6\\entry\\build\\default\\intermediates\\res\\default\\resources',
  '--index-path',
  'D:\\HW\\testproject\\complete\\6\\entry\\build\\default\\intermediates\\res\\default\\resources.index',
  '--pack-info-path',
  'D:\\HW\\testproject\\complete\\6\\entry\\build\\default\\outputs\\default\\pack.info',
  '--out-path',
  'D:\\HW\\testproject\\complete\\6\\entry\\build\\default\\outputs\\default\\entry-default-unsigned.hap',
  '--ets-path',
  'D:\\HW\\testproject\\complete\\6\\entry\\build\\default\\intermediates\\loader_out\\default\\ets',
  '--pkg-context-path',
  'D:\\HW\\testproject\\complete\\6\\entry\\build\\default\\intermediates\\loader\\default\\pkgContextInfo.json'
]
[2026-09-10T20:44:43.313] [DEBUG] debug-file - default@PackageHap work[2] is submitted.
[2026-09-10T20:44:43.314] [DEBUG] debug-file - default@PackageHap work[2] is pushed to ready queue.
[2026-09-10T20:44:43.314] [DEBUG] debug-file - default@PackageHap work[2] is not dispatched.
[2026-09-10T20:44:43.319] [DEBUG] debug-file - entry : default@PackageHap cost memory 0.311126708984375
[2026-09-10T20:44:43.569] [DEBUG] debug-file - A work dispatched to worker[15] failed because unable to get work from ready queue.
[2026-09-10T20:44:43.569] [DEBUG] debug-file - default@PackageHap work[2] has been dispatched to worker[14].
[2026-09-10T20:44:43.744] [DEBUG] debug-file - current process  memoryUsage: {
  rss: 631898112,
  heapTotal: 52379648,
  heapUsed: 47677288,
  external: 3958577,
  arrayBuffers: 18671
} os memoryUsage :13.228065490722656
[2026-09-10T20:44:44.156] [DEBUG] debug-file - A work dispatched to worker[4] failed because unable to get work from ready queue.
[2026-09-10T20:44:45.098] [DEBUG] debug-file - worker[14] has one work done.
[2026-09-10T20:44:45.100] [DEBUG] debug-file - default@PackageHap work[2] done.
[2026-09-10T20:44:45.102] [INFO] debug-file - Finished :entry:default@PackageHap... after 1 s 368 ms 
[2026-09-10T20:44:45.104] [DEBUG] debug-file - Executing task :entry:default@PackingCheck
[2026-09-10T20:44:45.118] [DEBUG] debug-file - entry : default@PackingCheck cost memory 0.5022048950195312
[2026-09-10T20:44:45.118] [DEBUG] debug-file - runTaskFromQueue task cost before running: 17 s 256 ms 
[2026-09-10T20:44:45.119] [INFO] debug-file - Finished :entry:default@PackingCheck... after 15 ms 
[2026-09-10T20:44:45.121] [DEBUG] debug-file - Executing task :entry:default@SignHap
[2026-09-10T20:44:45.122] [WARN] debug-file - Will skip sign 'hos_hap'. No signingConfigs profile is configured in current project.
             If needed, configure the signingConfigs in D:\HW\testproject\complete\6\build-profile.json5.
[2026-09-10T20:44:45.124] [DEBUG] debug-file - entry : default@SignHap cost memory 0.0614471435546875
[2026-09-10T20:44:45.124] [DEBUG] debug-file - runTaskFromQueue task cost before running: 17 s 262 ms 
[2026-09-10T20:44:45.124] [INFO] debug-file - Finished :entry:default@SignHap... after 3 ms 
[2026-09-10T20:44:45.126] [DEBUG] debug-file - Executing task :entry:default@CollectDebugSymbol
[2026-09-10T20:44:45.128] [DEBUG] debug-file - entry : default@CollectDebugSymbol cost memory 0.08214569091796875
[2026-09-10T20:44:45.128] [DEBUG] debug-file - runTaskFromQueue task cost before running: 17 s 266 ms 
[2026-09-10T20:44:45.129] [INFO] debug-file - Finished :entry:default@CollectDebugSymbol... after 3 ms 
[2026-09-10T20:44:45.129] [DEBUG] debug-file - Executing task :entry:assembleHap
[2026-09-10T20:44:45.130] [DEBUG] debug-file - entry : assembleHap cost memory 0.0131378173828125
[2026-09-10T20:44:45.130] [DEBUG] debug-file - runTaskFromQueue task cost before running: 17 s 268 ms 
[2026-09-10T20:44:45.130] [INFO] debug-file - Finished :entry:assembleHap... after 1 ms 
[2026-09-10T20:44:45.131] [DEBUG] debug-file - Executing task ::MakeProjectPackInfo
[2026-09-10T20:44:45.133] [DEBUG] debug-file - Task ':MakeProjectPackInfo' cost while wrapping incremental declarations: 1 ms 
[2026-09-10T20:44:45.135] [DEBUG] debug-file - Project Pack Info: {
  summary: {
    app: { bundleName: 'c***p', bundleType: 'app', version: [Object] },
    modules: [ [Object] ]
  },
  packages: [
    {
      deviceType: [Array],
      moduleType: 'entry',
      deliveryWithInstall: true,
      name: 'entry-default'
    }
  ]
}
[2026-09-10T20:44:45.142] [DEBUG] debug-file - 6 : MakeProjectPackInfo cost memory 0.21234893798828125
[2026-09-10T20:44:45.142] [DEBUG] debug-file - runTaskFromQueue task cost before running: 17 s 280 ms 
[2026-09-10T20:44:45.142] [INFO] debug-file - Finished ::MakeProjectPackInfo... after 12 ms 
[2026-09-10T20:44:45.142] [DEBUG] debug-file - Executing task ::ProcessProjectPrivacyProfile
[2026-09-10T20:44:45.158] [DEBUG] debug-file - 6 : ProcessProjectPrivacyProfile cost memory 0.17009735107421875
[2026-09-10T20:44:45.158] [DEBUG] debug-file - runTaskFromQueue task cost before running: 17 s 296 ms 
[2026-09-10T20:44:45.159] [INFO] debug-file - Finished ::ProcessProjectPrivacyProfile... after 16 ms 
[2026-09-10T20:44:45.159] [DEBUG] debug-file - Executing task ::GeneratePackRes
[2026-09-10T20:44:45.160] [DEBUG] debug-file - 6 : GeneratePackRes cost memory 0.02387237548828125
[2026-09-10T20:44:45.160] [DEBUG] debug-file - runTaskFromQueue task cost before running: 17 s 298 ms 
[2026-09-10T20:44:45.161] [INFO] debug-file - Finished ::GeneratePackRes... after 2 ms 
[2026-09-10T20:44:45.161] [DEBUG] debug-file - Executing task ::PackageApp
[2026-09-10T20:44:45.164] [DEBUG] debug-file - Task ':PackageApp' cost while wrapping incremental declarations: 1 ms 
[2026-09-10T20:44:45.171] [DEBUG] debug-file - Use tool [PackageApp]
 [
  'java',
  '-Dfile.encoding=GBK',
  '-jar',
  'E:\\DevEco Studio\\sdk\\default\\openharmony\\toolchains\\lib\\app_packing_tool.jar',
  '--mode',
  'app',
  '--pack-info-path',
  'D:\\HW\\testproject\\complete\\6\\build\\outputs\\default\\pack.info',
  '--hap-path',
  'D:\\HW\\testproject\\complete\\6\\entry\\build\\default\\outputs\\default\\app\\entry-default.hap',
  '--hsp-path',
  '',
  '--force',
  'true',
  '--out-path',
  'D:\\HW\\testproject\\complete\\6\\build\\outputs\\default\\6-default-unsigned.app',
  '--main-module-limit',
  '2',
  '--normal-module-limit',
  '2',
  '--pac-json-path',
  'D:\\HW\\testproject\\complete\\6\\build\\outputs\\default\\pac.json'
]
[2026-09-10T20:44:45.171] [DEBUG] debug-file - current process  memoryUsage: {
  rss: 633663488,
  heapTotal: 140271616,
  heapUsed: 122236232,
  external: 3980015,
  arrayBuffers: 44360
} os memoryUsage :13.191028594970703
[2026-09-10T20:44:45.651] [DEBUG] debug-file - A work dispatched to worker[14] failed because unable to get work from ready queue.
[2026-09-10T20:44:46.509] [DEBUG] debug-file - 6 : PackageApp cost memory 0.40322113037109375
[2026-09-10T20:44:46.510] [DEBUG] debug-file - runTaskFromQueue task cost before running: 18 s 648 ms 
[2026-09-10T20:44:46.510] [INFO] debug-file - Finished ::PackageApp... after 1 s 349 ms 
[2026-09-10T20:44:46.510] [DEBUG] debug-file - Executing task ::SignPackagesFromApp
[2026-09-10T20:44:46.512] [DEBUG] debug-file - 6 : SignPackagesFromApp cost memory 0.03281402587890625
[2026-09-10T20:44:46.512] [DEBUG] debug-file - runTaskFromQueue task cost before running: 18 s 650 ms 
[2026-09-10T20:44:46.512] [INFO] debug-file - Finished ::SignPackagesFromApp... after 2 ms 
[2026-09-10T20:44:46.513] [DEBUG] debug-file - Executing task ::SignApp
[2026-09-10T20:44:46.513] [DEBUG] debug-file - signingConfigName of signApp is :  undefined
[2026-09-10T20:44:46.513] [WARN] debug-file - Will skip sign 'app'. No signingConfigs profile is configured in current project.
             If needed, configure the signingConfigs in D:\HW\testproject\complete\6\build-profile.json5.
[2026-09-10T20:44:46.514] [DEBUG] debug-file - 6 : SignApp cost memory 0.08864593505859375
[2026-09-10T20:44:46.514] [DEBUG] debug-file - runTaskFromQueue task cost before running: 18 s 652 ms 
[2026-09-10T20:44:46.515] [INFO] debug-file - Finished ::SignApp... after 2 ms 
[2026-09-10T20:44:46.515] [DEBUG] debug-file - Executing task ::assembleApp
[2026-09-10T20:44:46.515] [DEBUG] debug-file - 6 : assembleApp cost memory 0.01300811767578125
[2026-09-10T20:44:46.515] [DEBUG] debug-file - runTaskFromQueue task cost before running: 18 s 653 ms 
[2026-09-10T20:44:46.515] [INFO] debug-file - Finished ::assembleApp... after 1 ms 
[2026-09-10T20:44:46.517] [INFO] debug-file - BUILD SUCCESSFUL in 18 s 655 ms 
[2026-09-10T20:44:46.518] [DEBUG] debug-file - Update task entry:default@PreBuild input file:D:\HW\testproject\complete\6\AppScope\app.json5 cache by regenerate.
[2026-09-10T20:44:46.519] [DEBUG] debug-file - Update task entry:default@PreBuild input file:D:\HW\testproject\complete\6\entry\src\main\module.json5 cache by regenerate.
[2026-09-10T20:44:46.519] [DEBUG] debug-file - Update task entry:default@PreBuild input file:D:\HW\testproject\complete\6\build-profile.json5 cache by regenerate.
[2026-09-10T20:44:46.519] [DEBUG] debug-file - Update task entry:default@PreBuild input file:D:\HW\testproject\complete\6\entry\build-profile.json5 cache by regenerate.
[2026-09-10T20:44:46.519] [DEBUG] debug-file - Update task entry:default@PreBuild input file:D:\HW\testproject\complete\6\entry\src\main\resources\base\profile\route_map.json cache by regenerate.
[2026-09-10T20:44:46.519] [DEBUG] debug-file - Update task entry:default@PreBuild input file:D:\HW\testproject\complete\6\entry\src\main\resources\base\profile\main_pages.json cache by regenerate.
[2026-09-10T20:44:46.519] [DEBUG] debug-file - Update task entry:default@PreBuild input file:D:\HW\testproject\complete\6\hvigor\hvigor-config.json5 cache by regenerate.
[2026-09-10T20:44:46.519] [DEBUG] debug-file - Update task entry:default@PreBuild input file:D:\HW\testproject\complete\6\entry\src\mock\mock-config.json5 cache by regenerate.
[2026-09-10T20:44:46.520] [DEBUG] debug-file - Update task entry:default@PreBuild input file:D:\HW\testproject\complete\6\entry\oh-package.json5 cache by regenerate.
[2026-09-10T20:44:46.520] [DEBUG] debug-file - Update task entry:default@PreBuild input file:D:\HW\testproject\complete\6\oh-package.json5 cache by regenerate.
[2026-09-10T20:44:46.520] [DEBUG] debug-file - Incremental task entry:default@PreBuild post-execution cost:3 ms .
[2026-09-10T20:44:46.520] [DEBUG] debug-file - Update task entry:default@CreateModuleInfo output file:D:\HW\testproject\complete\6\entry\build\default\generated\profile\default\ModuleInfo.ts cache.
[2026-09-10T20:44:46.521] [DEBUG] debug-file - Incremental task entry:default@CreateModuleInfo post-execution cost:1 ms .
[2026-09-10T20:44:46.521] [DEBUG] debug-file - Update task entry:default@GenerateMetadata input file:D:\HW\testproject\complete\6\entry\src\main\module.json5 cache by regenerate.
[2026-09-10T20:44:46.521] [DEBUG] debug-file - Update task entry:default@GenerateMetadata output file:D:\HW\testproject\complete\6\entry\build\default\intermediates\hap_metadata\default\output_metadata.json cache.
[2026-09-10T20:44:46.521] [DEBUG] debug-file - Incremental task entry:default@GenerateMetadata post-execution cost:1 ms .
[2026-09-10T20:44:46.521] [DEBUG] debug-file - Update task entry:default@MergeProfile input file:D:\HW\testproject\complete\6\AppScope\app.json5 cache by regenerate.
[2026-09-10T20:44:46.521] [DEBUG] debug-file - Update task entry:default@MergeProfile input file:D:\HW\testproject\complete\6\build-profile.json5 cache by regenerate.
[2026-09-10T20:44:46.522] [DEBUG] debug-file - Update task entry:default@MergeProfile input file:D:\HW\testproject\complete\6\entry\src\main\module.json5 cache by regenerate.
[2026-09-10T20:44:46.522] [DEBUG] debug-file - Update task entry:default@MergeProfile output file:D:\HW\testproject\complete\6\entry\build\default\intermediates\merge_profile\default\module.json cache.
[2026-09-10T20:44:46.522] [DEBUG] debug-file - Incremental task entry:default@MergeProfile post-execution cost:1 ms .
[2026-09-10T20:44:46.522] [DEBUG] debug-file - Update task entry:default@CreateBuildProfile input file:D:\HW\testproject\complete\6\AppScope\app.json5 cache by regenerate.
[2026-09-10T20:44:46.522] [DEBUG] debug-file - Update task entry:default@CreateBuildProfile input file:D:\HW\testproject\complete\6\build-profile.json5 cache by regenerate.
[2026-09-10T20:44:46.522] [DEBUG] debug-file - Update task entry:default@CreateBuildProfile output file:D:\HW\testproject\complete\6\entry\build\default\generated\profile\default\BuildProfile.ets cache.
[2026-09-10T20:44:46.522] [DEBUG] debug-file - Incremental task entry:default@CreateBuildProfile post-execution cost:1 ms .
[2026-09-10T20:44:46.522] [DEBUG] debug-file - Update task entry:default@GeneratePkgContextInfo output file:D:\HW\testproject\complete\6\entry\build\default\intermediates\loader\default\pkgContextInfo.json cache.
[2026-09-10T20:44:46.523] [DEBUG] debug-file - Incremental task entry:default@GeneratePkgContextInfo post-execution cost:1 ms .
[2026-09-10T20:44:46.523] [DEBUG] debug-file - Update task entry:default@GeneratePkgSdkInfo output file:D:\HW\testproject\complete\6\entry\build\default\intermediates\loader\default\pkgSdkInfo.json cache.
[2026-09-10T20:44:46.523] [DEBUG] debug-file - Incremental task entry:default@GeneratePkgSdkInfo post-execution cost:1 ms .
[2026-09-10T20:44:46.523] [DEBUG] debug-file - Update task entry:default@ProcessIntegratedHsp output file:D:\HW\testproject\complete\6\build\cache\default\integrated_hsp\integratedHspCache.json cache.
[2026-09-10T20:44:46.523] [DEBUG] debug-file - Incremental task entry:default@ProcessIntegratedHsp post-execution cost:1 ms .
[2026-09-10T20:44:46.524] [DEBUG] debug-file - Update task entry:default@MakePackInfo input file:D:\HW\testproject\complete\6\AppScope\app.json5 cache by regenerate.
[2026-09-10T20:44:46.524] [DEBUG] debug-file - Update task entry:default@MakePackInfo input file:D:\HW\testproject\complete\6\entry\src\main\module.json5 cache by regenerate.
[2026-09-10T20:44:46.524] [DEBUG] debug-file - Update task entry:default@MakePackInfo input file:D:\HW\testproject\complete\6\build-profile.json5 cache by regenerate.
[2026-09-10T20:44:46.524] [DEBUG] debug-file - Update task entry:default@MakePackInfo input file:D:\HW\testproject\complete\6\entry\src\main\resources\base\profile\backup_config.json cache by regenerate.
[2026-09-10T20:44:46.525] [DEBUG] debug-file - Update task entry:default@MakePackInfo output file:D:\HW\testproject\complete\6\entry\build\default\outputs\default\pack.info cache.
[2026-09-10T20:44:46.525] [DEBUG] debug-file - Incremental task entry:default@MakePackInfo post-execution cost:2 ms .
[2026-09-10T20:44:46.525] [DEBUG] debug-file - Update task entry:default@SyscapTransform input file:E:\DevEco Studio\sdk\default\openharmony\toolchains\syscap_tool.exe cache by regenerate.
[2026-09-10T20:44:46.525] [DEBUG] debug-file - Update task entry:default@SyscapTransform input file:E:\DevEco Studio\sdk\default\openharmony\ets\api\device-define cache by regenerate.
[2026-09-10T20:44:46.526] [DEBUG] debug-file - Update task entry:default@SyscapTransform output file:D:\HW\testproject\complete\6\entry\build\default\intermediates\syscap\default\rpcid.sc cache.
[2026-09-10T20:44:46.527] [DEBUG] debug-file - Incremental task entry:default@SyscapTransform post-execution cost:2 ms .
[2026-09-10T20:44:46.527] [DEBUG] debug-file - Update task entry:default@ProcessProfile input file:D:\HW\testproject\complete\6\entry\build\default\intermediates\merge_profile\default\module.json cache by regenerate.
[2026-09-10T20:44:46.527] [DEBUG] debug-file - Update task entry:default@ProcessProfile output file:D:\HW\testproject\complete\6\entry\build\default\intermediates\process_profile\default\module.json cache.
[2026-09-10T20:44:46.527] [DEBUG] debug-file - Incremental task entry:default@ProcessProfile post-execution cost:1 ms .
[2026-09-10T20:44:46.528] [DEBUG] debug-file - Update task entry:default@ProcessRouterMap input file:D:\HW\testproject\complete\6\entry\oh-package.json5 cache by regenerate.
[2026-09-10T20:44:46.528] [DEBUG] debug-file - Update task entry:default@ProcessRouterMap input file:D:\HW\testproject\complete\6\oh-package.json5 cache by regenerate.
[2026-09-10T20:44:46.528] [DEBUG] debug-file - Update task entry:default@ProcessRouterMap input file:D:\HW\testproject\complete\6\entry\src\main\module.json5 cache by regenerate.
[2026-09-10T20:44:46.528] [DEBUG] debug-file - Update task entry:default@ProcessRouterMap input file:D:\HW\testproject\complete\6\entry\src\main\resources\base\profile\route_map.json cache by regenerate.
[2026-09-10T20:44:46.528] [DEBUG] debug-file - Update task entry:default@ProcessRouterMap input file:D:\HW\testproject\complete\6\entry\build\default\intermediates\loader\default\pkgContextInfo.json cache by regenerate.
[2026-09-10T20:44:46.529] [DEBUG] debug-file - Update task entry:default@ProcessRouterMap output file:D:\HW\testproject\complete\6\entry\build\default\intermediates\router_map\default\route_map.json cache.
[2026-09-10T20:44:46.529] [DEBUG] debug-file - Update task entry:default@ProcessRouterMap output file:D:\HW\testproject\complete\6\entry\build\default\intermediates\router_map\default\loader-router-map.json cache.
[2026-09-10T20:44:46.529] [DEBUG] debug-file - Incremental task entry:default@ProcessRouterMap post-execution cost:2 ms .
[2026-09-10T20:44:46.530] [DEBUG] debug-file - Update task entry:default@ProcessShareConfig input file:D:\HW\testproject\complete\6\entry\oh-package.json5 cache by regenerate.
[2026-09-10T20:44:46.530] [DEBUG] debug-file - Update task entry:default@ProcessShareConfig input file:D:\HW\testproject\complete\6\oh-package.json5 cache by regenerate.
[2026-09-10T20:44:46.530] [DEBUG] debug-file - Update task entry:default@ProcessShareConfig input file:D:\HW\testproject\complete\6\entry\src\main\module.json5 cache by regenerate.
[2026-09-10T20:44:46.530] [DEBUG] debug-file - Update task entry:default@ProcessShareConfig input file:D:\HW\testproject\complete\6\entry\build\default\intermediates\loader\default\pkgContextInfo.json cache by regenerate.
[2026-09-10T20:44:46.530] [DEBUG] debug-file - Update task entry:default@ProcessShareConfig output file:D:\HW\testproject\complete\6\entry\build\default\intermediates\share_config\default\temp-share-config.json cache.
[2026-09-10T20:44:46.531] [DEBUG] debug-file - Incremental task entry:default@ProcessShareConfig post-execution cost:2 ms .
[2026-09-10T20:44:46.531] [DEBUG] debug-file - Update task entry:default@ProcessStartupConfig input file:D:\HW\testproject\complete\6\entry\build\default\intermediates\loader\default\pkgContextInfo.json cache by regenerate.
[2026-09-10T20:44:46.531] [DEBUG] debug-file - Update task entry:default@ProcessStartupConfig output file:D:\HW\testproject\complete\6\entry\build\default\intermediates\startup\default\startup_config.json cache.
[2026-09-10T20:44:46.531] [DEBUG] debug-file - Incremental task entry:default@ProcessStartupConfig post-execution cost:1 ms .
[2026-09-10T20:44:46.531] [DEBUG] debug-file - Update task entry:default@ProcessResource output file:D:\HW\testproject\complete\6\entry\build\default\intermediates\res\default\resConfig.json cache.
[2026-09-10T20:44:46.532] [DEBUG] debug-file - Update task entry:default@ProcessResource output file:D:\HW\testproject\complete\6\entry\build\default\intermediates\res\default\opt-compression.json cache.
[2026-09-10T20:44:46.532] [DEBUG] debug-file - Incremental task entry:default@ProcessResource post-execution cost:1 ms .
[2026-09-10T20:44:46.533] [DEBUG] debug-file - Update task entry:default@GenerateLoaderJson input file:D:\HW\testproject\complete\6\entry\src\mock\mock-config.json5 cache by regenerate.
[2026-09-10T20:44:46.533] [DEBUG] debug-file - Update task entry:default@GenerateLoaderJson input file:D:\HW\testproject\complete\6\entry\build\default\intermediates\loader\default\pkgContextInfo.json cache by regenerate.
[2026-09-10T20:44:46.533] [DEBUG] debug-file - Update task entry:default@GenerateLoaderJson input file:D:\HW\testproject\complete\6\entry\build\default\intermediates\router_map\default\loader-router-map.json cache by regenerate.
[2026-09-10T20:44:46.534] [DEBUG] debug-file - Update task entry:default@GenerateLoaderJson input file:D:\HW\testproject\complete\6\entry\build\default\intermediates\router_map\default\route_map.json cache by regenerate.
[2026-09-10T20:44:46.534] [DEBUG] debug-file - Update task entry:default@GenerateLoaderJson output file:D:\HW\testproject\complete\6\entry\build\default\intermediates\loader\default\loader.json cache.
[2026-09-10T20:44:46.534] [DEBUG] debug-file - Incremental task entry:default@GenerateLoaderJson post-execution cost:2 ms .
[2026-09-10T20:44:46.534] [DEBUG] debug-file - Update task entry:default@ProcessLibs input file:D:\HW\testproject\complete\6\build-profile.json5 cache by regenerate.
[2026-09-10T20:44:46.535] [DEBUG] debug-file - Update task entry:default@ProcessLibs input file:D:\HW\testproject\complete\6\entry\build-profile.json5 cache by regenerate.
[2026-09-10T20:44:46.535] [DEBUG] debug-file - Update task entry:default@ProcessLibs output file:D:\HW\testproject\complete\6\entry\build\default\intermediates\libs\default cache.
[2026-09-10T20:44:46.535] [DEBUG] debug-file - Incremental task entry:default@ProcessLibs post-execution cost:2 ms .
[2026-09-10T20:44:46.536] [DEBUG] debug-file - Update task entry:default@CompileResource input file:D:\HW\testproject\complete\6\entry\src\main\resources cache by regenerate.
[2026-09-10T20:44:46.539] [DEBUG] debug-file - Update task entry:default@CompileResource input file:D:\HW\testproject\complete\6\AppScope\resources cache by regenerate.
[2026-09-10T20:44:46.539] [DEBUG] debug-file - Update task entry:default@CompileResource input file:D:\HW\testproject\complete\6\entry\build\default\intermediates\process_profile\default\module.json cache by regenerate.
[2026-09-10T20:44:46.540] [DEBUG] debug-file - Update task entry:default@CompileResource input file:D:\HW\testproject\complete\6\entry\build\default\intermediates\router_map\default\route_map.json cache by regenerate.
[2026-09-10T20:44:46.540] [DEBUG] debug-file - Update task entry:default@CompileResource input file:D:\HW\testproject\complete\6\entry\build\default\intermediates\res\default\resConfig.json cache by regenerate.
[2026-09-10T20:44:46.540] [DEBUG] debug-file - Update task entry:default@CompileResource output file:D:\HW\testproject\complete\6\entry\build\default\intermediates\res\default cache.
[2026-09-10T20:44:46.543] [DEBUG] debug-file - Update task entry:default@CompileResource output file:D:\HW\testproject\complete\6\entry\build\default\generated\r\default\ResourceTable.h cache.
[2026-09-10T20:44:46.543] [DEBUG] debug-file - Update task entry:default@CompileResource output file:D:\HW\testproject\complete\6\entry\build\default\generated\r\default\ResourceTable.ts cache.
[2026-09-10T20:44:46.543] [DEBUG] debug-file - Update task entry:default@CompileResource output file:D:\HW\testproject\complete\6\entry\build\default\generated\r\default cache.
[2026-09-10T20:44:46.544] [DEBUG] debug-file - Incremental task entry:default@CompileResource post-execution cost:9 ms .
[2026-09-10T20:44:46.544] [DEBUG] debug-file - Update task entry:default@DoNativeStrip input file:D:\HW\testproject\complete\6\entry\build\default\intermediates\libs\default cache by regenerate.
[2026-09-10T20:44:46.544] [DEBUG] debug-file - Update task entry:default@DoNativeStrip output file:D:\HW\testproject\complete\6\entry\build\default\intermediates\stripped_native_libs\default cache.
[2026-09-10T20:44:46.545] [DEBUG] debug-file - Incremental task entry:default@DoNativeStrip post-execution cost:1 ms .
[2026-09-10T20:44:46.547] [DEBUG] debug-file - Update task entry:default@CompileArkTS input file:D:\HW\testproject\complete\6\entry\build\default\intermediates\loader\default cache by regenerate.
[2026-09-10T20:44:46.547] [DEBUG] debug-file - Update task entry:default@CompileArkTS input file:D:\HW\testproject\complete\6\entry\build\default\intermediates\res\default\resources\rawfile cache by regenerate.
[2026-09-10T20:44:46.547] [DEBUG] debug-file - Update task entry:default@CompileArkTS input file:D:\HW\testproject\complete\6\entry\build\default\intermediates\res\default\ResourceTable.txt cache by regenerate.
[2026-09-10T20:44:46.548] [DEBUG] debug-file - Update task entry:default@CompileArkTS input file:D:\HW\testproject\complete\6\entry\build\default\intermediates\res\default\ark_module.json cache by regenerate.
[2026-09-10T20:44:46.548] [DEBUG] debug-file - Update task entry:default@CompileArkTS input file:D:\HW\testproject\complete\6\entry\build\default\intermediates\res\default\resources\base\profile cache by regenerate.
[2026-09-10T20:44:46.548] [DEBUG] debug-file - Update task entry:default@CompileArkTS input file:D:\HW\testproject\complete\6\entry\src\main\ets cache by regenerate.
[2026-09-10T20:44:46.549] [DEBUG] debug-file - Update task entry:default@CompileArkTS input file:D:\HW\testproject\complete\6\entry\build\default\intermediates\loader\default\pkgContextInfo.json cache by regenerate.
[2026-09-10T20:44:46.550] [DEBUG] debug-file - Update task entry:default@CompileArkTS input file:D:\HW\testproject\complete\6\entry\build\default\generated\profile\default\BuildProfile.ets cache by regenerate.
[2026-09-10T20:44:46.550] [DEBUG] debug-file - Update task entry:default@CompileArkTS input file:D:\HW\testproject\complete\6\entry\src\mock\mock-config.json5 cache by regenerate.
[2026-09-10T20:44:46.550] [DEBUG] debug-file - Update task entry:default@CompileArkTS output file:D:\HW\testproject\complete\6\entry\build\default\intermediates\loader_out\default\ets cache.
[2026-09-10T20:44:46.550] [DEBUG] debug-file - Incremental task entry:default@CompileArkTS post-execution cost:6 ms .
[2026-09-10T20:44:46.552] [DEBUG] debug-file - Update task entry:default@BuildJS input file:D:\HW\testproject\complete\6\entry\build\default\intermediates\loader\default cache by regenerate.
[2026-09-10T20:44:46.552] [DEBUG] debug-file - Update task entry:default@BuildJS input file:D:\HW\testproject\complete\6\entry\build\default\intermediates\res\default\resources\rawfile cache by regenerate.
[2026-09-10T20:44:46.552] [DEBUG] debug-file - Update task entry:default@BuildJS input file:D:\HW\testproject\complete\6\entry\build\default\intermediates\res\default\ResourceTable.txt cache by regenerate.
[2026-09-10T20:44:46.553] [DEBUG] debug-file - Update task entry:default@BuildJS input file:D:\HW\testproject\complete\6\entry\build\default\intermediates\res\default\ark_module.json cache by regenerate.
[2026-09-10T20:44:46.553] [DEBUG] debug-file - Update task entry:default@BuildJS input file:D:\HW\testproject\complete\6\entry\build\default\intermediates\res\default\resources\base\profile cache by regenerate.
[2026-09-10T20:44:46.554] [DEBUG] debug-file - Update task entry:default@BuildJS input file:D:\HW\testproject\complete\6\entry\build\default\intermediates\loader\default\pkgContextInfo.json cache by regenerate.
[2026-09-10T20:44:46.555] [DEBUG] debug-file - Update task entry:default@BuildJS output file:D:\HW\testproject\complete\6\entry\build\default\intermediates\loader_out\default\js cache.
[2026-09-10T20:44:46.555] [DEBUG] debug-file - Incremental task entry:default@BuildJS post-execution cost:5 ms .
[2026-09-10T20:44:46.555] [DEBUG] debug-file - Update task entry:default@CacheNativeLibs input file:D:\HW\testproject\complete\6\entry\build\default\intermediates\stripped_native_libs\default cache by regenerate.
[2026-09-10T20:44:46.556] [DEBUG] debug-file - Update task entry:default@CacheNativeLibs input file:D:\HW\testproject\complete\6\entry\build\default\intermediates\libs\default cache by regenerate.
[2026-09-10T20:44:46.556] [DEBUG] debug-file - Update task entry:default@CacheNativeLibs output file:D:\HW\testproject\complete\6\entry\build\default\intermediates\patch\default\base_native_libs.json cache.
[2026-09-10T20:44:46.556] [DEBUG] debug-file - Update task entry:default@CacheNativeLibs output file:D:\HW\testproject\complete\6\entry\build\default\intermediates\patch\default\binxo_native_libs.json cache.
[2026-09-10T20:44:46.556] [DEBUG] debug-file - Incremental task entry:default@CacheNativeLibs post-execution cost:1 ms .
[2026-09-10T20:44:46.556] [DEBUG] debug-file - Update task entry:default@GeneratePkgModuleJson input file:D:\HW\testproject\complete\6\entry\build\default\intermediates\res\default\module.json cache by regenerate.
[2026-09-10T20:44:46.556] [DEBUG] debug-file - Update task entry:default@GeneratePkgModuleJson output file:D:\HW\testproject\complete\6\entry\build\default\intermediates\package\default\module.json cache.
[2026-09-10T20:44:46.557] [DEBUG] debug-file - Incremental task entry:default@GeneratePkgModuleJson post-execution cost:1 ms .
[2026-09-10T20:44:46.557] [DEBUG] debug-file - Incremental task entry:default@ProcessCompiledResources post-execution cost:1 ms .
[2026-09-10T20:44:46.557] [DEBUG] debug-file - Update task entry:default@PackageHap input file:D:\HW\testproject\complete\6\entry\build\default\outputs\default\pack.info cache by regenerate.
[2026-09-10T20:44:46.558] [DEBUG] debug-file - Update task entry:default@PackageHap input file:D:\HW\testproject\complete\6\entry\build\default\intermediates\stripped_native_libs\default cache by regenerate.
[2026-09-10T20:44:46.558] [DEBUG] debug-file - Update task entry:default@PackageHap input file:D:\HW\testproject\complete\6\entry\build\default\intermediates\res\default\module.json cache by regenerate.
[2026-09-10T20:44:46.558] [DEBUG] debug-file - Update task entry:default@PackageHap input file:D:\HW\testproject\complete\6\entry\build\default\intermediates\res\default\resources cache by regenerate.
[2026-09-10T20:44:46.559] [DEBUG] debug-file - Update task entry:default@PackageHap input file:D:\HW\testproject\complete\6\entry\build\default\intermediates\res\default\resources.index cache by regenerate.
[2026-09-10T20:44:46.560] [DEBUG] debug-file - Update task entry:default@PackageHap input file:D:\HW\testproject\complete\6\entry\build\default\intermediates\loader_out\default\ets cache by regenerate.
[2026-09-10T20:44:46.560] [DEBUG] debug-file - Update task entry:default@PackageHap input file:D:\HW\testproject\complete\6\entry\build\default\intermediates\loader\default\pkgContextInfo.json cache by regenerate.
[2026-09-10T20:44:46.560] [DEBUG] debug-file - Update task entry:default@PackageHap input file:D:\HW\testproject\complete\6\entry\build\default\intermediates\package\default\module.json cache by regenerate.
[2026-09-10T20:44:46.560] [DEBUG] debug-file - Update task entry:default@PackageHap input file:D:\HW\testproject\complete\6\entry\build\default\intermediates\loader_out\default\ets\sourceMaps.map cache by regenerate.
[2026-09-10T20:44:46.561] [DEBUG] debug-file - Update task entry:default@PackageHap input file:D:\HW\testproject\complete\6\entry\build\default\generated\profile\default\BuildProfile.ets cache by regenerate.
[2026-09-10T20:44:46.561] [DEBUG] debug-file - Update task entry:default@PackageHap output file:D:\HW\testproject\complete\6\entry\build\default\outputs\default\entry-default-unsigned.hap cache.
[2026-09-10T20:44:46.561] [DEBUG] debug-file - Update task entry:default@PackageHap output file:D:\HW\testproject\complete\6\entry\build\default\intermediates\source_map\default\sourceMaps.map cache.
[2026-09-10T20:44:46.561] [DEBUG] debug-file - Update task entry:default@PackageHap output file:D:\HW\testproject\complete\6\entry\build\default\outputs\default\mapping\sourceMaps.map cache.
[2026-09-10T20:44:46.561] [DEBUG] debug-file - Incremental task entry:default@PackageHap post-execution cost:5 ms .
[2026-09-10T20:44:46.562] [DEBUG] debug-file - Update task entry:default@SignHap input file:D:\HW\testproject\complete\6\entry\build\default\outputs\default\entry-default-unsigned.hap cache by regenerate.
[2026-09-10T20:44:46.562] [DEBUG] debug-file - Update task entry:default@SignHap output file:D:\HW\testproject\complete\6\entry\build\default\outputs\default\entry-default-signed.hap cache.
[2026-09-10T20:44:46.562] [DEBUG] debug-file - Incremental task entry:default@SignHap post-execution cost:1 ms .
[2026-09-10T20:44:46.562] [DEBUG] debug-file - Update task entry:default@CollectDebugSymbol input file:D:\HW\testproject\complete\6\entry\build\default\intermediates\loader_out\default\ets\sourceMaps.map cache by regenerate.
[2026-09-10T20:44:46.563] [DEBUG] debug-file - Update task entry:default@CollectDebugSymbol input file:D:\HW\testproject\complete\6\entry\build\default\intermediates\libs\default cache by regenerate.
[2026-09-10T20:44:46.563] [DEBUG] debug-file - Update task entry:default@CollectDebugSymbol output file:D:\HW\testproject\complete\6\entry\build\default\outputs\default\symbol cache.
[2026-09-10T20:44:46.563] [DEBUG] debug-file - Incremental task entry:default@CollectDebugSymbol post-execution cost:2 ms .
[2026-09-10T20:44:46.563] [DEBUG] debug-file - Update task :MakeProjectPackInfo input file:D:\HW\testproject\complete\6\entry\build\default\outputs\default\pack.info cache by regenerate.
[2026-09-10T20:44:46.563] [DEBUG] debug-file - Update task :MakeProjectPackInfo output file:D:\HW\testproject\complete\6\build\outputs\default\pack.info cache.
[2026-09-10T20:44:46.564] [DEBUG] debug-file - Incremental task :MakeProjectPackInfo post-execution cost:1 ms .
[2026-09-10T20:44:46.564] [DEBUG] debug-file - Update task :ProcessProjectPrivacyProfile output file:D:\HW\testproject\complete\6\build\outputs\default\pac.json cache.
[2026-09-10T20:44:46.564] [DEBUG] debug-file - Incremental task :ProcessProjectPrivacyProfile post-execution cost:1 ms .
[2026-09-10T20:44:46.564] [DEBUG] debug-file - Update task :GeneratePackRes input file:D:\HW\testproject\complete\6\build\outputs\default\pack.info cache by regenerate.
[2026-09-10T20:44:46.564] [DEBUG] debug-file - Incremental task :GeneratePackRes post-execution cost:1 ms .
[2026-09-10T20:44:46.565] [DEBUG] debug-file - Update task :PackageApp input file:D:\HW\testproject\complete\6\build\outputs\default\pack.info cache by regenerate.
[2026-09-10T20:44:46.565] [DEBUG] debug-file - Update task :PackageApp input file:D:\HW\testproject\complete\6\entry\build\default\outputs\default\entry-default-unsigned.hap cache by regenerate.
[2026-09-10T20:44:46.565] [DEBUG] debug-file - Update task :PackageApp input file:D:\HW\testproject\complete\6\build\outputs\default\pac.json cache by regenerate.
[2026-09-10T20:44:46.565] [DEBUG] debug-file - Update task :PackageApp output file:D:\HW\testproject\complete\6\build\outputs\default\6-default-unsigned.app cache.
[2026-09-10T20:44:46.565] [DEBUG] debug-file - Update task :PackageApp output file:D:\HW\testproject\complete\6\entry\build\default\outputs\default\app\entry-default.hap cache.
[2026-09-10T20:44:46.565] [DEBUG] debug-file - Update task :PackageApp output file:D:\HW\testproject\complete\6\build\outputs\default\symbol\debug cache.
[2026-09-10T20:44:46.566] [DEBUG] debug-file - Incremental task :PackageApp post-execution cost:2 ms .
[2026-09-10T20:44:46.566] [DEBUG] debug-file - Update task :SignPackagesFromApp input file:D:\HW\testproject\complete\6\build\outputs\default\6-default-unsigned.app cache by regenerate.
[2026-09-10T20:44:46.566] [DEBUG] debug-file - Incremental task :SignPackagesFromApp post-execution cost:1 ms .
[2026-09-10T20:44:46.566] [DEBUG] debug-file - Update task :SignApp input file:D:\HW\testproject\complete\6\build\outputs\default\6-default-unsigned.app cache by regenerate.
[2026-09-10T20:44:46.566] [DEBUG] debug-file - Update task :SignApp output file:D:\HW\testproject\complete\6\build\outputs\default\6-default-signed.app cache.
[2026-09-10T20:44:46.567] [DEBUG] debug-file - Incremental task :SignApp post-execution cost:1 ms .
[2026-09-10T20:44:46.587] [DEBUG] debug-file - Cleanup worker 14.
[2026-09-10T20:44:46.587] [DEBUG] debug-file - hvigor build process will be closed.
[2026-09-10T20:44:46.593] [DEBUG] debug-file - worker[14] exits with exit code 1.
[2026-09-10T20:44:46.593] [DEBUG] debug-file - Worker 14 has been cleaned up.
[2026-09-10T20:44:46.593] [DEBUG] debug-file - Current idle worker size: 1.
[2026-09-10T20:44:46.593] [DEBUG] debug-file - Current resident worker size: 1.
[2026-09-10T20:44:46.605] [DEBUG] debug-file - session manager: send message to worker process. WorkerThreadId: 0, data: {"type":"hvigor_failed","reason":"Server has disconnected."}
[2026-09-10T20:44:46.606] [DEBUG] debug-file - session manager: send message to worker process. WorkerThreadId: 0, data: {"type":"CloseWatch","reason":"Server has disconnected."}
[2026-09-10T20:44:46.605] [DEBUG] debug-file - watch worker: worker id should be larger than 0. Nothing will be sent to any worker thread.
[2026-09-10T20:44:46.606] [DEBUG] debug-file - ABORT_WORK sent to workers.
[2026-09-10T20:44:46.606] [DEBUG] debug-file - watch worker: worker id should be larger than 0. Nothing will be sent to any worker thread.
[2026-09-10T20:45:03.294] [DEBUG] debug-file - env: daemon=true
[2026-09-10T20:45:03.260] [DEBUG] debug-file - env: nodejsVersion=v24.14.1
[2026-09-10T20:45:03.264] [DEBUG] debug-file - env: hvigor-config.json5 content = {
  modelVersion: '6.0.1',
  dependencies: {},
  execution: {},
  logging: {},
  debugging: {},
  nodeOptions: {}
}
[2026-09-10T20:45:03.780] [DEBUG] debug-file - session manager: set active socket. socketId=VEcj_DBWf4CFOBE1AAAF
[2026-09-10T20:45:03.788] [DEBUG] debug-file - watch worker: worker id should be larger than 0. Nothing will be sent to any worker thread.
[2026-09-10T20:45:03.792] [DEBUG] debug-file - Workers' log level updated to INFO
[2026-09-10T20:45:03.793] [DEBUG] debug-file - Hvigor init with startParameters:{
  hvigorfileTypeCheck: false,
  parallelExecution: true,
  incrementalExecution: true,
  printStackTrace: false,
  daemon: true,
  analyze: 0,
  logLevel: Level { level: 20000, levelStr: 'INFO', colour: 'green' },
  optimizationStrategy: 'memory',
  hotCompile: undefined,
  hotReloadBuild: undefined,
  customizedParam: undefined
}
[2026-09-10T20:45:03.797] [DEBUG] debug-file - Cache service initialization finished in 4 ms 
[2026-09-10T20:45:03.798] [DEBUG] debug-file - hvigorfile, resolving D:\HW\testproject\complete\6\hvigorfile.ts
[2026-09-10T20:45:03.802] [DEBUG] debug-file - hvigorfile, require result:  { default: { plugins: [] } }
[2026-09-10T20:45:03.802] [DEBUG] debug-file - hvigorfile, binding system plugins null
[2026-09-10T20:45:03.802] [DEBUG] debug-file - Starting plugin build process
[2026-09-10T20:45:03.802] [DEBUG] debug-file - App plugin prepare start...
[2026-09-10T20:45:03.802] [DEBUG] debug-file - App plugin prepare end...
[2026-09-10T20:45:03.802] [DEBUG] debug-file - App plugin creating...
[2026-09-10T20:45:03.806] [DEBUG] debug-file - App plugin register hook start...
[2026-09-10T20:45:03.807] [DEBUG] debug-file - App plugin register hook end...
[2026-09-10T20:45:03.807] [DEBUG] debug-file - Plugin build process completed
[2026-09-10T20:45:03.807] [DEBUG] debug-file - Start initialize project's product build option map with build mode debug.
[2026-09-10T20:45:03.807] [DEBUG] debug-file - Picking option from product 'default' with build mode 'debug'.
[2026-09-10T20:45:03.807] [DEBUG] debug-file - Product 'default' build option initialized
[2026-09-10T20:45:03.807] [DEBUG] debug-file - End initialize project's product build option map with build mode 'debug'.
[2026-09-10T20:45:03.807] [DEBUG] debug-file - Obtain build option for product 'default'in this build.
[2026-09-10T20:45:03.809] [DEBUG] debug-file - No signingConfig found, initRemoteHspCache failed.
[2026-09-10T20:45:03.810] [DEBUG] debug-file - Start recording SDK configuration permission data.
[2026-09-10T20:45:03.868] [DEBUG] debug-file - Sdk init in 59 ms 
[2026-09-10T20:45:03.870] [DEBUG] debug-file - Project task initialization takes 2 ms 
[2026-09-10T20:45:03.870] [DEBUG] debug-file - hvigorfile, begin to bind custom plugins...
[2026-09-10T20:45:03.870] [DEBUG] debug-file - hvigorfile, no custom plugins were found in D:\HW\testproject\complete\6\hvigorfile.ts
[2026-09-10T20:45:03.870] [DEBUG] debug-file - hvigorfile, resolve finished D:\HW\testproject\complete\6\hvigorfile.ts
[2026-09-10T20:45:03.871] [DEBUG] debug-file - hvigorfile, resolving D:\HW\testproject\complete\6\entry\hvigorfile.ts
[2026-09-10T20:45:03.874] [DEBUG] debug-file - hvigorfile, require result:  { default: { plugins: [] } }
[2026-09-10T20:45:03.874] [DEBUG] debug-file - hvigorfile, binding system plugins null
[2026-09-10T20:45:03.874] [DEBUG] debug-file - Starting plugin build process
[2026-09-10T20:45:03.874] [DEBUG] debug-file - Hap plugin creating...
[2026-09-10T20:45:03.875] [DEBUG] debug-file - failed to load cangjie to dynamically generate schemas: Error: Cannot find module '@ohos/cangjie-build-support/index'
Require stack:
- E:\DevEco Studio\tools\hvigor\hvigor-ohos-plugin\src\plugin\hooks\cangjie-register.js
- E:\DevEco Studio\tools\hvigor\hvigor-ohos-plugin\src\plugin\strategy\stage-init-strategy.js
- E:\DevEco Studio\tools\hvigor\hvigor-ohos-plugin\src\plugin\builder\abstract-plugin-builder.js
- E:\DevEco Studio\tools\hvigor\hvigor-ohos-plugin\src\plugin\builder\app-plugin-builder.js
- E:\DevEco Studio\tools\hvigor\hvigor-ohos-plugin\src\plugin\factory\plugin-factory.js
- E:\DevEco Studio\tools\hvigor\hvigor-ohos-plugin\index.js
- D:\HW\testproject\complete\6\hvigorfile.ts
- E:\DevEco Studio\tools\hvigor\hvigor\src\base\internal\lifecycle\configuration.js
- E:\DevEco Studio\tools\hvigor\hvigor\src\base\boot\index.js
- E:\DevEco Studio\tools\hvigor\hvigor\src\base\daemon\cluster\worker-process-lifecycle.js
- E:\DevEco Studio\tools\hvigor\hvigor\src\base\daemon\process\daemon-process-boot-script.js
[2026-09-10T20:45:03.876] [DEBUG] debug-file - Start initialize module-target build option map, moduleName=entry, buildMode=debug
[2026-09-10T20:45:03.877] [DEBUG] debug-file - Target 'default' config initialized
[2026-09-10T20:45:03.877] [DEBUG] debug-file - Target 'ohosTest' config initialized
[2026-09-10T20:45:03.877] [DEBUG] debug-file - Module 'entry' target 'default' build option initialized
[2026-09-10T20:45:03.877] [DEBUG] debug-file - Module 'entry' target 'ohosTest' build option initialized
[2026-09-10T20:45:03.877] [DEBUG] debug-file - End initialize module-target build option map, moduleName=entry
[2026-09-10T20:45:03.877] [DEBUG] debug-file - Start initialize module-target build option map, moduleName=entry, buildMode=release
[2026-09-10T20:45:03.877] [DEBUG] debug-file - Target 'default' config initialized
[2026-09-10T20:45:03.878] [DEBUG] debug-file - Target 'ohosTest' config initialized
[2026-09-10T20:45:03.878] [DEBUG] debug-file - Module 'entry' target 'default' build option initialized
[2026-09-10T20:45:03.878] [DEBUG] debug-file - Module 'entry' target 'ohosTest' build option initialized
[2026-09-10T20:45:03.878] [DEBUG] debug-file - End initialize module-target build option map, moduleName=entry
[2026-09-10T20:45:03.878] [DEBUG] debug-file - Start initialize module-target build option map, moduleName=entry, buildMode=debug
[2026-09-10T20:45:03.878] [DEBUG] debug-file - Target 'default' config initialized
[2026-09-10T20:45:03.878] [DEBUG] debug-file - Target 'ohosTest' config initialized
[2026-09-10T20:45:03.878] [DEBUG] debug-file - Module 'entry' target 'default' build option initialized
[2026-09-10T20:45:03.878] [DEBUG] debug-file - Module 'entry' target 'ohosTest' build option initialized
[2026-09-10T20:45:03.878] [DEBUG] debug-file - End initialize module-target build option map, moduleName=entry
[2026-09-10T20:45:03.878] [DEBUG] debug-file - Obtain build option for module 'entry' target 'default'in this build.
[2026-09-10T20:45:03.880] [DEBUG] debug-file - Module entry task initialization takes 1 ms 
[2026-09-10T20:45:03.880] [DEBUG] debug-file - Hap plugin register hook start...
[2026-09-10T20:45:03.880] [DEBUG] debug-file - Hap plugin register hook end...
[2026-09-10T20:45:03.880] [DEBUG] debug-file - Plugin build process completed
[2026-09-10T20:45:03.880] [DEBUG] debug-file - hvigorfile, begin to bind custom plugins...
[2026-09-10T20:45:03.880] [DEBUG] debug-file - hvigorfile, no custom plugins were found in D:\HW\testproject\complete\6\entry\hvigorfile.ts
[2026-09-10T20:45:03.880] [DEBUG] debug-file - hvigorfile, resolve finished D:\HW\testproject\complete\6\entry\hvigorfile.ts
[2026-09-10T20:45:03.906] [DEBUG] debug-file - hvigorfile, resolve hvigorfile dependencies in 26 ms 
[2026-09-10T20:45:03.906] [DEBUG] debug-file - project has submodules:entry
[2026-09-10T20:45:03.907] [DEBUG] debug-file - start to load updatedOhPackageInfo to the disk
[2026-09-10T20:45:03.908] [DEBUG] debug-file - load to the disk finished
[2026-09-10T20:45:03.909] [DEBUG] debug-file - Start to initialize dependency information.
[2026-09-10T20:45:03.914] [DEBUG] debug-file - Module 6 Collected Dependency: 
[2026-09-10T20:45:03.914] [DEBUG] debug-file - Module 6's total dependency: 0
[2026-09-10T20:45:03.914] [DEBUG] debug-file - Start to initialize dependency information.
[2026-09-10T20:45:03.915] [DEBUG] debug-file - Module entry Collected Dependency: 
[2026-09-10T20:45:03.916] [DEBUG] debug-file - Module entry's total dependency: 0
[2026-09-10T20:45:03.918] [DEBUG] debug-file - Configuration phase cost:121 ms 
[2026-09-10T20:45:03.919] [DEBUG] debug-file - Configuration task cost before running: 128 ms 
[2026-09-10T20:45:03.919] [DEBUG] debug-file - Executing task ::PreBuildApp
[2026-09-10T20:45:03.920] [DEBUG] debug-file - 6 : PreBuildApp cost memory 0.01488494873046875
[2026-09-10T20:45:03.920] [DEBUG] debug-file - runTaskFromQueue task cost before running: 129 ms 
[2026-09-10T20:45:03.920] [INFO] debug-file - Finished ::PreBuildApp... after 1 ms 
[2026-09-10T20:45:03.922] [DEBUG] debug-file - Executing task :entry:default@PreBuild
[2026-09-10T20:45:03.924] [DEBUG] debug-file - Task 'entry:default@PreBuild' cost while wrapping incremental declarations: 1 ms 
[2026-09-10T20:45:03.932] [DEBUG] debug-file - Incremental task entry:default@PreBuild pre-execution cost: 6 ms .
[2026-09-10T20:45:03.932] [DEBUG] debug-file - entry : default@PreBuild cost memory 0.6325149536132812
[2026-09-10T20:45:03.934] [INFO] debug-file - UP-TO-DATE :entry:default@PreBuild...  
[2026-09-10T20:45:03.934] [DEBUG] debug-file - Executing task ::DuplicateDependencyCheck
[2026-09-10T20:45:03.935] [DEBUG] debug-file - 6 : DuplicateDependencyCheck cost memory 0.2846832275390625
[2026-09-10T20:45:03.935] [DEBUG] debug-file - runTaskFromQueue task cost before running: 143 ms 
[2026-09-10T20:45:03.935] [INFO] debug-file - Finished ::DuplicateDependencyCheck... after 1 ms 
[2026-09-10T20:45:03.936] [DEBUG] debug-file - Executing task :entry:default@CreateModuleInfo
[2026-09-10T20:45:03.936] [DEBUG] debug-file - Task 'entry:default@CreateModuleInfo' cost while wrapping incremental declarations: 1 ms 
[2026-09-10T20:45:03.936] [DEBUG] debug-file - entry : default@CreateModuleInfo cost memory 0.048828125
[2026-09-10T20:45:03.936] [DEBUG] debug-file - runTaskFromQueue task cost before running: 145 ms 
[2026-09-10T20:45:03.937] [INFO] debug-file - Finished :entry:default@CreateModuleInfo... after 1 ms 
[2026-09-10T20:45:03.938] [DEBUG] debug-file - Executing task :entry:default@GenerateMetadata
[2026-09-10T20:45:03.939] [DEBUG] debug-file - Task 'entry:default@GenerateMetadata' cost while wrapping incremental declarations: 1 ms 
[2026-09-10T20:45:03.940] [DEBUG] debug-file - Incremental task entry:default@GenerateMetadata pre-execution cost: 2 ms .
[2026-09-10T20:45:03.941] [DEBUG] debug-file - entry : default@GenerateMetadata cost memory 0.08539581298828125
[2026-09-10T20:45:03.941] [INFO] debug-file - UP-TO-DATE :entry:default@GenerateMetadata...  
[2026-09-10T20:45:03.943] [DEBUG] debug-file - Executing task :entry:default@ConfigureCmake
[2026-09-10T20:45:03.943] [DEBUG] debug-file - entry : default@ConfigureCmake cost memory 0.01467132568359375
[2026-09-10T20:45:03.944] [DEBUG] debug-file - runTaskFromQueue task cost before running: 152 ms 
[2026-09-10T20:45:03.944] [INFO] debug-file - Finished :entry:default@ConfigureCmake... after 1 ms 
[2026-09-10T20:45:03.945] [DEBUG] debug-file - Executing task :entry:default@MergeProfile
[2026-09-10T20:45:03.946] [DEBUG] debug-file - Task 'entry:default@MergeProfile' cost while wrapping incremental declarations: 1 ms 
[2026-09-10T20:45:03.947] [DEBUG] debug-file - Incremental task entry:default@MergeProfile pre-execution cost: 2 ms .
[2026-09-10T20:45:03.947] [DEBUG] debug-file - entry : default@MergeProfile cost memory 0.12761688232421875
[2026-09-10T20:45:03.948] [INFO] debug-file - UP-TO-DATE :entry:default@MergeProfile...  
[2026-09-10T20:45:03.949] [DEBUG] debug-file - Executing task :entry:default@CreateBuildProfile
[2026-09-10T20:45:03.950] [DEBUG] debug-file - Task 'entry:default@CreateBuildProfile' cost while wrapping incremental declarations: 1 ms 
[2026-09-10T20:45:03.951] [DEBUG] debug-file - Incremental task entry:default@CreateBuildProfile pre-execution cost: 2 ms .
[2026-09-10T20:45:03.951] [DEBUG] debug-file - entry : default@CreateBuildProfile cost memory 0.0996246337890625
[2026-09-10T20:45:03.952] [INFO] debug-file - UP-TO-DATE :entry:default@CreateBuildProfile...  
[2026-09-10T20:45:03.953] [DEBUG] debug-file - Executing task :entry:default@PreCheckSyscap
[2026-09-10T20:45:03.953] [DEBUG] debug-file - entry : default@PreCheckSyscap cost memory 0.01523590087890625
[2026-09-10T20:45:03.953] [DEBUG] debug-file - runTaskFromQueue task cost before running: 162 ms 
[2026-09-10T20:45:03.953] [INFO] debug-file - Finished :entry:default@PreCheckSyscap... after 1 ms 
[2026-09-10T20:45:03.955] [DEBUG] debug-file - Executing task :entry:default@GeneratePkgContextInfo
[2026-09-10T20:45:03.959] [DEBUG] debug-file - Task 'entry:default@GeneratePkgContextInfo' cost while wrapping incremental declarations: 1 ms 
[2026-09-10T20:45:03.960] [DEBUG] debug-file - Incremental task entry:default@GeneratePkgContextInfo pre-execution cost: 1 ms .
[2026-09-10T20:45:03.960] [DEBUG] debug-file - entry : default@GeneratePkgContextInfo cost memory -2.513336181640625
[2026-09-10T20:45:03.960] [INFO] debug-file - UP-TO-DATE :entry:default@GeneratePkgContextInfo...  
[2026-09-10T20:45:03.961] [DEBUG] debug-file - Executing task :entry:default@GeneratePkgSdkInfo
[2026-09-10T20:45:03.963] [DEBUG] debug-file - Task 'entry:default@GeneratePkgSdkInfo' cost while wrapping incremental declarations: 1 ms 
[2026-09-10T20:45:03.964] [DEBUG] debug-file - entry : default@GeneratePkgSdkInfo cost memory 0.1015625
[2026-09-10T20:45:03.964] [DEBUG] debug-file - runTaskFromQueue task cost before running: 173 ms 
[2026-09-10T20:45:03.964] [INFO] debug-file - Finished :entry:default@GeneratePkgSdkInfo... after 3 ms 
[2026-09-10T20:45:03.967] [DEBUG] debug-file - Executing task :entry:default@ProcessIntegratedHsp
[2026-09-10T20:45:03.968] [DEBUG] debug-file - entry:default@ProcessIntegratedHsp is not up-to-date, since the output file 'D:\HW\testproject\complete\6\build\cache\default\integrated_hsp\integratedHspCache.json' does not exist.
[2026-09-10T20:45:03.968] [DEBUG] debug-file - Incremental task entry:default@ProcessIntegratedHsp pre-execution cost: 1 ms .
[2026-09-10T20:45:03.968] [DEBUG] debug-file - entry : default@ProcessIntegratedHsp cost memory 0.0835723876953125
[2026-09-10T20:45:03.968] [DEBUG] debug-file - runTaskFromQueue task cost before running: 177 ms 
[2026-09-10T20:45:03.968] [INFO] debug-file - Finished :entry:default@ProcessIntegratedHsp... after 1 ms 
[2026-09-10T20:45:03.969] [DEBUG] debug-file - Executing task :entry:default@BuildNativeWithCmake
[2026-09-10T20:45:03.969] [DEBUG] debug-file - entry : default@BuildNativeWithCmake cost memory 0.01454925537109375
[2026-09-10T20:45:03.969] [DEBUG] debug-file - runTaskFromQueue task cost before running: 178 ms 
[2026-09-10T20:45:03.969] [INFO] debug-file - Finished :entry:default@BuildNativeWithCmake... after 1 ms 
[2026-09-10T20:45:03.970] [DEBUG] debug-file - Executing task :entry:default@MakePackInfo
[2026-09-10T20:45:03.973] [DEBUG] debug-file - Incremental task entry:default@MakePackInfo pre-execution cost: 2 ms .
[2026-09-10T20:45:03.973] [DEBUG] debug-file - entry : default@MakePackInfo cost memory 0.1156463623046875
[2026-09-10T20:45:03.973] [INFO] debug-file - UP-TO-DATE :entry:default@MakePackInfo...  
[2026-09-10T20:45:03.974] [DEBUG] debug-file - Executing task :entry:default@SyscapTransform
[2026-09-10T20:45:03.974] [DEBUG] debug-file - File: 'D:\HW\testproject\complete\6\entry\src\main\syscap.json' from 'sysCapJsonPath' is not exists, just ignore.
[2026-09-10T20:45:03.975] [DEBUG] debug-file - Task 'entry:default@SyscapTransform' cost while wrapping incremental declarations: 1 ms 
[2026-09-10T20:45:03.976] [DEBUG] debug-file - entry:default@SyscapTransform is not up-to-date, since the output file 'D:\HW\testproject\complete\6\entry\build\default\intermediates\syscap\default\rpcid.sc' does not exist.
[2026-09-10T20:45:03.976] [DEBUG] debug-file - Incremental task entry:default@SyscapTransform pre-execution cost: 2 ms .
[2026-09-10T20:45:03.976] [DEBUG] debug-file - entry : default@SyscapTransform cost memory 0.27730560302734375
[2026-09-10T20:45:03.976] [DEBUG] debug-file - runTaskFromQueue task cost before running: 185 ms 
[2026-09-10T20:45:03.976] [INFO] debug-file - Finished :entry:default@SyscapTransform... after 2 ms 
[2026-09-10T20:45:03.977] [DEBUG] debug-file - Executing task :entry:default@ProcessProfile
[2026-09-10T20:45:03.979] [DEBUG] debug-file - Task 'entry:default@ProcessProfile' cost while wrapping incremental declarations: 1 ms 
[2026-09-10T20:45:03.980] [DEBUG] debug-file - Incremental task entry:default@ProcessProfile pre-execution cost: 1 ms .
[2026-09-10T20:45:03.980] [DEBUG] debug-file - entry : default@ProcessProfile cost memory 0.12744140625
[2026-09-10T20:45:03.980] [INFO] debug-file - UP-TO-DATE :entry:default@ProcessProfile...  
[2026-09-10T20:45:03.981] [DEBUG] debug-file - Executing task :entry:default@ProcessRouterMap
[2026-09-10T20:45:03.983] [DEBUG] debug-file - Incremental task entry:default@ProcessRouterMap pre-execution cost: 2 ms .
[2026-09-10T20:45:03.983] [DEBUG] debug-file - entry : default@ProcessRouterMap cost memory 0.5580596923828125
[2026-09-10T20:45:03.984] [INFO] debug-file - UP-TO-DATE :entry:default@ProcessRouterMap...  
[2026-09-10T20:45:03.984] [DEBUG] debug-file - Executing task :entry:default@ProcessShareConfig
[2026-09-10T20:45:03.986] [DEBUG] debug-file - Incremental task entry:default@ProcessShareConfig pre-execution cost: 2 ms .
[2026-09-10T20:45:03.986] [DEBUG] debug-file - entry : default@ProcessShareConfig cost memory 0.1232757568359375
[2026-09-10T20:45:03.987] [INFO] debug-file - UP-TO-DATE :entry:default@ProcessShareConfig...  
[2026-09-10T20:45:03.988] [DEBUG] debug-file - Executing task :entry:default@ProcessStartupConfig
[2026-09-10T20:45:03.988] [DEBUG] debug-file - Task 'entry:default@ProcessStartupConfig' cost while wrapping incremental declarations: 1 ms 
[2026-09-10T20:45:03.989] [DEBUG] debug-file - entry:default@ProcessStartupConfig is not up-to-date, since the output file 'D:\HW\testproject\complete\6\entry\build\default\intermediates\startup\default\startup_config.json' does not exist.
[2026-09-10T20:45:03.990] [DEBUG] debug-file - Incremental task entry:default@ProcessStartupConfig pre-execution cost: 2 ms .
[2026-09-10T20:45:03.990] [DEBUG] debug-file - entry : default@ProcessStartupConfig cost memory 0.1128082275390625
[2026-09-10T20:45:03.991] [DEBUG] debug-file - runTaskFromQueue task cost before running: 199 ms 
[2026-09-10T20:45:03.991] [INFO] debug-file - Finished :entry:default@ProcessStartupConfig... after 3 ms 
[2026-09-10T20:45:03.992] [DEBUG] debug-file - Executing task :entry:default@BuildNativeWithNinja
[2026-09-10T20:45:03.993] [DEBUG] debug-file - entry : default@BuildNativeWithNinja cost memory 0.01938629150390625
[2026-09-10T20:45:03.993] [DEBUG] debug-file - runTaskFromQueue task cost before running: 202 ms 
[2026-09-10T20:45:03.994] [INFO] debug-file - Finished :entry:default@BuildNativeWithNinja... after 1 ms 
[2026-09-10T20:45:03.995] [DEBUG] debug-file - restool module names: entry; moduleName=entry, taskName=default@ProcessResource
[2026-09-10T20:45:03.996] [DEBUG] debug-file - Executing task :entry:default@ProcessResource
[2026-09-10T20:45:03.997] [DEBUG] debug-file - Task 'entry:default@ProcessResource' cost while wrapping incremental declarations: 1 ms 
[2026-09-10T20:45:03.998] [DEBUG] debug-file - Incremental task entry:default@ProcessResource pre-execution cost: 1 ms .
[2026-09-10T20:45:03.998] [DEBUG] debug-file - entry : default@ProcessResource cost memory 0.11215972900390625
[2026-09-10T20:45:04.001] [INFO] debug-file - UP-TO-DATE :entry:default@ProcessResource...  
[2026-09-10T20:45:04.002] [DEBUG] debug-file - Executing task :entry:default@GenerateLoaderJson
[2026-09-10T20:45:04.003] [DEBUG] debug-file - Task 'entry:default@GenerateLoaderJson' cost while wrapping incremental declarations: 1 ms 
[2026-09-10T20:45:04.010] [DEBUG] debug-file - Incremental task entry:default@GenerateLoaderJson pre-execution cost: 4 ms .
[2026-09-10T20:45:04.010] [DEBUG] debug-file - entry : default@GenerateLoaderJson cost memory 0.374969482421875
[2026-09-10T20:45:04.012] [INFO] debug-file - UP-TO-DATE :entry:default@GenerateLoaderJson...  
[2026-09-10T20:45:04.012] [DEBUG] debug-file - Executing task :entry:default@ProcessLibs
[2026-09-10T20:45:04.012] [DEBUG] debug-file - Task 'entry:default@ProcessLibs' cost while wrapping incremental declarations: 1 ms 
[2026-09-10T20:45:04.013] [DEBUG] debug-file - Incremental task entry:default@ProcessLibs pre-execution cost: 1 ms .
[2026-09-10T20:45:04.013] [DEBUG] debug-file - entry : default@ProcessLibs cost memory 0.09300994873046875
[2026-09-10T20:45:04.014] [INFO] debug-file - UP-TO-DATE :entry:default@ProcessLibs...  
[2026-09-10T20:45:04.016] [DEBUG] debug-file - restool module names: entry; moduleName=entry, taskName=default@CompileResource
[2026-09-10T20:45:04.017] [DEBUG] debug-file - Executing task :entry:default@CompileResource
[2026-09-10T20:45:04.029] [DEBUG] debug-file - Incremental task entry:default@CompileResource pre-execution cost: 11 ms .
[2026-09-10T20:45:04.029] [DEBUG] debug-file - entry : default@CompileResource cost memory 0.5754623413085938
[2026-09-10T20:45:04.031] [INFO] debug-file - UP-TO-DATE :entry:default@CompileResource...  
[2026-09-10T20:45:04.032] [DEBUG] debug-file - Executing task :entry:default@DoNativeStrip
[2026-09-10T20:45:04.032] [DEBUG] debug-file - File: 'D:\HW\testproject\complete\6\entry\build\default\intermediates\binxo\default' from 'doBinxoNativeLibs' is not exists, just ignore.
[2026-09-10T20:45:04.033] [DEBUG] debug-file - Task 'entry:default@DoNativeStrip' cost while wrapping incremental declarations: 1 ms 
[2026-09-10T20:45:04.034] [DEBUG] debug-file - Incremental task entry:default@DoNativeStrip pre-execution cost: 1 ms .
[2026-09-10T20:45:04.034] [DEBUG] debug-file - entry : default@DoNativeStrip cost memory 0.074249267578125
[2026-09-10T20:45:04.034] [INFO] debug-file - UP-TO-DATE :entry:default@DoNativeStrip...  
[2026-09-10T20:45:04.035] [DEBUG] debug-file - Executing task :entry:default@CompileArkTS
[2026-09-10T20:45:04.036] [DEBUG] debug-file - obfuscationOptions: undefined
[2026-09-10T20:45:04.037] [DEBUG] debug-file - Task 'entry:default@CompileArkTS' cost while wrapping incremental declarations: 1 ms 
[2026-09-10T20:45:04.048] [DEBUG] debug-file - Incremental task entry:default@CompileArkTS pre-execution cost: 9 ms .
[2026-09-10T20:45:04.049] [DEBUG] debug-file - entry : default@CompileArkTS cost memory 0.5102691650390625
[2026-09-10T20:45:04.051] [INFO] debug-file - UP-TO-DATE :entry:default@CompileArkTS...  
[2026-09-10T20:45:04.053] [DEBUG] debug-file - Executing task :entry:default@BuildJS
[2026-09-10T20:45:04.053] [DEBUG] debug-file - Task 'entry:default@BuildJS' cost while wrapping incremental declarations: 1 ms 
[2026-09-10T20:45:04.056] [DEBUG] debug-file - entry : default@BuildJS cost memory 0.13714599609375
[2026-09-10T20:45:04.056] [DEBUG] debug-file - runTaskFromQueue task cost before running: 265 ms 
[2026-09-10T20:45:04.056] [INFO] debug-file - Finished :entry:default@BuildJS... after 4 ms 
[2026-09-10T20:45:04.057] [DEBUG] debug-file - Executing task :entry:default@CacheNativeLibs
[2026-09-10T20:45:04.057] [DEBUG] debug-file - File: 'D:\HW\testproject\complete\6\entry\build\default\intermediates\binxo\default' from 'cacheBinxoNativeLibs' is not exists, just ignore.
[2026-09-10T20:45:04.058] [DEBUG] debug-file - Task 'entry:default@CacheNativeLibs' cost while wrapping incremental declarations: 1 ms 
[2026-09-10T20:45:04.059] [DEBUG] debug-file - Incremental task entry:default@CacheNativeLibs pre-execution cost: 1 ms .
[2026-09-10T20:45:04.059] [DEBUG] debug-file - entry : default@CacheNativeLibs cost memory 0.0871124267578125
[2026-09-10T20:45:04.059] [INFO] debug-file - UP-TO-DATE :entry:default@CacheNativeLibs...  
[2026-09-10T20:45:04.060] [DEBUG] debug-file - Executing task :entry:default@GeneratePkgModuleJson
[2026-09-10T20:45:04.060] [DEBUG] debug-file - File: 'D:\HW\testproject\complete\6\entry\build\default\intermediates\preload\default\preload.json' from 'preloadSoJsonPath' is not exists, just ignore.
[2026-09-10T20:45:04.061] [DEBUG] debug-file - Error occurs while handling @Input 'shouldDeduplicateHar': The "data" argument must be of type string or an instance of Buffer, TypedArray, or DataView. Received undefined
[2026-09-10T20:45:04.061] [DEBUG] debug-file - Task 'entry:default@GeneratePkgModuleJson' cost while wrapping incremental declarations: 1 ms 
[2026-09-10T20:45:04.061] [DEBUG] debug-file - Incremental task entry:default@GeneratePkgModuleJson pre-execution cost: 1 ms .
[2026-09-10T20:45:04.061] [DEBUG] debug-file - entry : default@GeneratePkgModuleJson cost memory 0.0841827392578125
[2026-09-10T20:45:04.062] [INFO] debug-file - UP-TO-DATE :entry:default@GeneratePkgModuleJson...  
[2026-09-10T20:45:04.063] [DEBUG] debug-file - Executing task :entry:default@ProcessCompiledResources
[2026-09-10T20:45:04.063] [DEBUG] debug-file - File: 'D:\HW\testproject\complete\6\entry\build\default\intermediates\preload\default\preload.json' from 'preloadSoJsonPath' is not exists, just ignore.
[2026-09-10T20:45:04.063] [DEBUG] debug-file - Task 'entry:default@ProcessCompiledResources' cost while wrapping incremental declarations: 1 ms 
[2026-09-10T20:45:04.063] [DEBUG] debug-file - entry : default@ProcessCompiledResources cost memory 0.05096435546875
[2026-09-10T20:45:04.063] [DEBUG] debug-file - runTaskFromQueue task cost before running: 272 ms 
[2026-09-10T20:45:04.063] [INFO] debug-file - Finished :entry:default@ProcessCompiledResources... after 1 ms 
[2026-09-10T20:45:04.065] [DEBUG] debug-file - Executing task :entry:default@PackageHap
[2026-09-10T20:45:04.070] [DEBUG] debug-file - Incremental task entry:default@PackageHap pre-execution cost: 5 ms .
[2026-09-10T20:45:04.071] [DEBUG] debug-file - entry : default@PackageHap cost memory 0.29856109619140625
[2026-09-10T20:45:04.072] [INFO] debug-file - UP-TO-DATE :entry:default@PackageHap...  
[2026-09-10T20:45:04.073] [DEBUG] debug-file - Executing task :entry:default@PackingCheck
[2026-09-10T20:45:04.076] [DEBUG] debug-file - entry : default@PackingCheck cost memory 0.28619384765625
[2026-09-10T20:45:04.076] [DEBUG] debug-file - runTaskFromQueue task cost before running: 285 ms 
[2026-09-10T20:45:04.077] [INFO] debug-file - Finished :entry:default@PackingCheck... after 4 ms 
[2026-09-10T20:45:04.078] [DEBUG] debug-file - Executing task :entry:default@SignHap
[2026-09-10T20:45:04.078] [WARN] debug-file - Will skip sign 'hos_hap'. No signingConfigs profile is configured in current project.
             If needed, configure the signingConfigs in D:\HW\testproject\complete\6\build-profile.json5.
[2026-09-10T20:45:04.079] [DEBUG] debug-file - entry:default@SignHap is not up-to-date, since the output file 'D:\HW\testproject\complete\6\entry\build\default\outputs\default\entry-default-signed.hap' does not exist.
[2026-09-10T20:45:04.079] [DEBUG] debug-file - Incremental task entry:default@SignHap pre-execution cost: 1 ms .
[2026-09-10T20:45:04.079] [DEBUG] debug-file - entry : default@SignHap cost memory 0.08173370361328125
[2026-09-10T20:45:04.079] [DEBUG] debug-file - runTaskFromQueue task cost before running: 288 ms 
[2026-09-10T20:45:04.080] [INFO] debug-file - Finished :entry:default@SignHap... after 2 ms 
[2026-09-10T20:45:04.081] [DEBUG] debug-file - Executing task :entry:default@CollectDebugSymbol
[2026-09-10T20:45:04.082] [DEBUG] debug-file - entry : default@CollectDebugSymbol cost memory 0.0862579345703125
[2026-09-10T20:45:04.082] [DEBUG] debug-file - runTaskFromQueue task cost before running: 290 ms 
[2026-09-10T20:45:04.082] [INFO] debug-file - Finished :entry:default@CollectDebugSymbol... after 2 ms 
[2026-09-10T20:45:04.082] [DEBUG] debug-file - Executing task :entry:assembleHap
[2026-09-10T20:45:04.082] [DEBUG] debug-file - entry : assembleHap cost memory 0.01238250732421875
[2026-09-10T20:45:04.082] [DEBUG] debug-file - runTaskFromQueue task cost before running: 291 ms 
[2026-09-10T20:45:04.083] [INFO] debug-file - Finished :entry:assembleHap... after 1 ms 
[2026-09-10T20:45:04.083] [DEBUG] debug-file - Executing task ::MakeProjectPackInfo
[2026-09-10T20:45:04.085] [DEBUG] debug-file - Task ':MakeProjectPackInfo' cost while wrapping incremental declarations: 1 ms 
[2026-09-10T20:45:04.085] [DEBUG] debug-file - Incremental task :MakeProjectPackInfo pre-execution cost: 1 ms .
[2026-09-10T20:45:04.086] [DEBUG] debug-file - 6 : MakeProjectPackInfo cost memory 0.14575958251953125
[2026-09-10T20:45:04.086] [INFO] debug-file - UP-TO-DATE ::MakeProjectPackInfo...  
[2026-09-10T20:45:04.086] [DEBUG] debug-file - Executing task ::ProcessProjectPrivacyProfile
[2026-09-10T20:45:04.088] [DEBUG] debug-file - Incremental task :ProcessProjectPrivacyProfile pre-execution cost: 2 ms .
[2026-09-10T20:45:04.088] [DEBUG] debug-file - 6 : ProcessProjectPrivacyProfile cost memory 0.087188720703125
[2026-09-10T20:45:04.089] [INFO] debug-file - UP-TO-DATE ::ProcessProjectPrivacyProfile...  
[2026-09-10T20:45:04.089] [DEBUG] debug-file - Executing task ::GeneratePackRes
[2026-09-10T20:45:04.090] [DEBUG] debug-file - Incremental task :GeneratePackRes pre-execution cost: 1 ms .
[2026-09-10T20:45:04.090] [DEBUG] debug-file - 6 : GeneratePackRes cost memory 0.0415802001953125
[2026-09-10T20:45:04.090] [INFO] debug-file - UP-TO-DATE ::GeneratePackRes...  
[2026-09-10T20:45:04.090] [DEBUG] debug-file - Executing task ::PackageApp
[2026-09-10T20:45:04.092] [DEBUG] debug-file - Task ':PackageApp' cost while wrapping incremental declarations: 1 ms 
[2026-09-10T20:45:04.092] [DEBUG] debug-file - :PackageApp is not up-to-date, since the output file 'D:\HW\testproject\complete\6\build\outputs\default\symbol\debug' does not exist.
[2026-09-10T20:45:04.093] [DEBUG] debug-file - Incremental task :PackageApp pre-execution cost: 1 ms .
[2026-09-10T20:45:04.097] [DEBUG] debug-file - Use tool [PackageApp]
 [
  'java',
  '-Dfile.encoding=GBK',
  '-jar',
  'E:\\DevEco Studio\\sdk\\default\\openharmony\\toolchains\\lib\\app_packing_tool.jar',
  '--mode',
  'app',
  '--pack-info-path',
  'D:\\HW\\testproject\\complete\\6\\build\\outputs\\default\\pack.info',
  '--hap-path',
  'D:\\HW\\testproject\\complete\\6\\entry\\build\\default\\outputs\\default\\app\\entry-default.hap',
  '--hsp-path',
  '',
  '--force',
  'true',
  '--out-path',
  'D:\\HW\\testproject\\complete\\6\\build\\outputs\\default\\6-default-unsigned.app',
  '--main-module-limit',
  '2',
  '--normal-module-limit',
  '2',
  '--pac-json-path',
  'D:\\HW\\testproject\\complete\\6\\build\\outputs\\default\\pac.json'
]
[2026-09-10T20:45:04.098] [DEBUG] debug-file - current process  memoryUsage: {
  rss: 507883520,
  heapTotal: 136716288,
  heapUsed: 126108312,
  external: 3977896,
  arrayBuffers: 42241
} os memoryUsage :12.829326629638672
[2026-09-10T20:45:04.834] [DEBUG] debug-file - 6 : PackageApp cost memory 0.40354156494140625
[2026-09-10T20:45:04.834] [DEBUG] debug-file - runTaskFromQueue task cost before running: 1 s 43 ms 
[2026-09-10T20:45:04.835] [INFO] debug-file - Finished ::PackageApp... after 744 ms 
[2026-09-10T20:45:04.835] [DEBUG] debug-file - Executing task ::SignPackagesFromApp
[2026-09-10T20:45:04.836] [DEBUG] debug-file - :SignPackagesFromApp is not up-to-date, since the input file 'D:\HW\testproject\complete\6\build\outputs\default\6-default-unsigned.app' has been changed.
[2026-09-10T20:45:04.836] [DEBUG] debug-file - Incremental task :SignPackagesFromApp pre-execution cost: 1 ms .
[2026-09-10T20:45:04.837] [DEBUG] debug-file - 6 : SignPackagesFromApp cost memory 0.0518035888671875
[2026-09-10T20:45:04.837] [DEBUG] debug-file - runTaskFromQueue task cost before running: 1 s 45 ms 
[2026-09-10T20:45:04.837] [INFO] debug-file - Finished ::SignPackagesFromApp... after 2 ms 
[2026-09-10T20:45:04.837] [DEBUG] debug-file - Executing task ::SignApp
[2026-09-10T20:45:04.838] [DEBUG] debug-file - signingConfigName of signApp is :  undefined
[2026-09-10T20:45:04.838] [WARN] debug-file - Will skip sign 'app'. No signingConfigs profile is configured in current project.
             If needed, configure the signingConfigs in D:\HW\testproject\complete\6\build-profile.json5.
[2026-09-10T20:45:04.839] [DEBUG] debug-file - :SignApp is not up-to-date, since the input file 'D:\HW\testproject\complete\6\build\outputs\default\6-default-unsigned.app' has been changed.
[2026-09-10T20:45:04.839] [DEBUG] debug-file - Incremental task :SignApp pre-execution cost: 1 ms .
[2026-09-10T20:45:04.839] [DEBUG] debug-file - 6 : SignApp cost memory 0.11394500732421875
[2026-09-10T20:45:04.840] [DEBUG] debug-file - runTaskFromQueue task cost before running: 1 s 48 ms 
[2026-09-10T20:45:04.840] [INFO] debug-file - Finished ::SignApp... after 3 ms 
[2026-09-10T20:45:04.840] [DEBUG] debug-file - Executing task ::assembleApp
[2026-09-10T20:45:04.840] [DEBUG] debug-file - 6 : assembleApp cost memory 0.01230621337890625
[2026-09-10T20:45:04.841] [DEBUG] debug-file - runTaskFromQueue task cost before running: 1 s 49 ms 
[2026-09-10T20:45:04.841] [INFO] debug-file - Finished ::assembleApp... after 1 ms 
[2026-09-10T20:45:04.842] [INFO] debug-file - BUILD SUCCESSFUL in 1 s 50 ms 
[2026-09-10T20:45:04.842] [DEBUG] debug-file - There is no need to refresh cache, since the incremental task entry:default@PreBuild is up-to-date.
[2026-09-10T20:45:04.842] [DEBUG] debug-file - Update task entry:default@CreateModuleInfo output file:D:\HW\testproject\complete\6\entry\build\default\generated\profile\default\ModuleInfo.ts cache.
[2026-09-10T20:45:04.842] [DEBUG] debug-file - Incremental task entry:default@CreateModuleInfo post-execution cost:1 ms .
[2026-09-10T20:45:04.842] [DEBUG] debug-file - There is no need to refresh cache, since the incremental task entry:default@GenerateMetadata is up-to-date.
[2026-09-10T20:45:04.843] [DEBUG] debug-file - There is no need to refresh cache, since the incremental task entry:default@MergeProfile is up-to-date.
[2026-09-10T20:45:04.843] [DEBUG] debug-file - There is no need to refresh cache, since the incremental task entry:default@CreateBuildProfile is up-to-date.
[2026-09-10T20:45:04.843] [DEBUG] debug-file - There is no need to refresh cache, since the incremental task entry:default@GeneratePkgContextInfo is up-to-date.
[2026-09-10T20:45:04.843] [DEBUG] debug-file - Update task entry:default@GeneratePkgSdkInfo output file:D:\HW\testproject\complete\6\entry\build\default\intermediates\loader\default\pkgSdkInfo.json cache.
[2026-09-10T20:45:04.843] [DEBUG] debug-file - Incremental task entry:default@GeneratePkgSdkInfo post-execution cost:1 ms .
[2026-09-10T20:45:04.843] [DEBUG] debug-file - Update task entry:default@ProcessIntegratedHsp output file:D:\HW\testproject\complete\6\build\cache\default\integrated_hsp\integratedHspCache.json cache.
[2026-09-10T20:45:04.844] [DEBUG] debug-file - Incremental task entry:default@ProcessIntegratedHsp post-execution cost:1 ms .
[2026-09-10T20:45:04.844] [DEBUG] debug-file - There is no need to refresh cache, since the incremental task entry:default@MakePackInfo is up-to-date.
[2026-09-10T20:45:04.844] [DEBUG] debug-file - Update task entry:default@SyscapTransform input file:E:\DevEco Studio\sdk\default\openharmony\toolchains\syscap_tool.exe cache by regenerate.
[2026-09-10T20:45:04.844] [DEBUG] debug-file - Update task entry:default@SyscapTransform input file:E:\DevEco Studio\sdk\default\openharmony\ets\api\device-define cache by regenerate.
[2026-09-10T20:45:04.844] [DEBUG] debug-file - Update task entry:default@SyscapTransform output file:D:\HW\testproject\complete\6\entry\build\default\intermediates\syscap\default\rpcid.sc cache.
[2026-09-10T20:45:04.844] [DEBUG] debug-file - Incremental task entry:default@SyscapTransform post-execution cost:1 ms .
[2026-09-10T20:45:04.844] [DEBUG] debug-file - There is no need to refresh cache, since the incremental task entry:default@ProcessProfile is up-to-date.
[2026-09-10T20:45:04.844] [DEBUG] debug-file - There is no need to refresh cache, since the incremental task entry:default@ProcessRouterMap is up-to-date.
[2026-09-10T20:45:04.844] [DEBUG] debug-file - There is no need to refresh cache, since the incremental task entry:default@ProcessShareConfig is up-to-date.
[2026-09-10T20:45:04.845] [DEBUG] debug-file - Update task entry:default@ProcessStartupConfig input file:D:\HW\testproject\complete\6\entry\build\default\intermediates\loader\default\pkgContextInfo.json cache by regenerate.
[2026-09-10T20:45:04.845] [DEBUG] debug-file - Update task entry:default@ProcessStartupConfig output file:D:\HW\testproject\complete\6\entry\build\default\intermediates\startup\default\startup_config.json cache.
[2026-09-10T20:45:04.845] [DEBUG] debug-file - Incremental task entry:default@ProcessStartupConfig post-execution cost:1 ms .
[2026-09-10T20:45:04.845] [DEBUG] debug-file - There is no need to refresh cache, since the incremental task entry:default@ProcessResource is up-to-date.
[2026-09-10T20:45:04.845] [DEBUG] debug-file - There is no need to refresh cache, since the incremental task entry:default@GenerateLoaderJson is up-to-date.
[2026-09-10T20:45:04.845] [DEBUG] debug-file - There is no need to refresh cache, since the incremental task entry:default@ProcessLibs is up-to-date.
[2026-09-10T20:45:04.845] [DEBUG] debug-file - There is no need to refresh cache, since the incremental task entry:default@CompileResource is up-to-date.
[2026-09-10T20:45:04.845] [DEBUG] debug-file - There is no need to refresh cache, since the incremental task entry:default@DoNativeStrip is up-to-date.
[2026-09-10T20:45:04.845] [DEBUG] debug-file - There is no need to refresh cache, since the incremental task entry:default@CompileArkTS is up-to-date.
[2026-09-10T20:45:04.846] [DEBUG] debug-file - Update task entry:default@BuildJS input file:D:\HW\testproject\complete\6\entry\build\default\intermediates\loader\default cache by regenerate.
[2026-09-10T20:45:04.846] [DEBUG] debug-file - Update task entry:default@BuildJS input file:D:\HW\testproject\complete\6\entry\build\default\intermediates\res\default\resources\rawfile cache by regenerate.
[2026-09-10T20:45:04.846] [DEBUG] debug-file - Update task entry:default@BuildJS input file:D:\HW\testproject\complete\6\entry\build\default\intermediates\res\default\ResourceTable.txt cache by regenerate.
[2026-09-10T20:45:04.846] [DEBUG] debug-file - Update task entry:default@BuildJS input file:D:\HW\testproject\complete\6\entry\build\default\intermediates\res\default\ark_module.json cache by regenerate.
[2026-09-10T20:45:04.846] [DEBUG] debug-file - Update task entry:default@BuildJS input file:D:\HW\testproject\complete\6\entry\build\default\intermediates\res\default\resources\base\profile cache by regenerate.
[2026-09-10T20:45:04.847] [DEBUG] debug-file - Update task entry:default@BuildJS input file:D:\HW\testproject\complete\6\entry\build\default\intermediates\loader\default\pkgContextInfo.json cache by regenerate.
[2026-09-10T20:45:04.847] [DEBUG] debug-file - Update task entry:default@BuildJS output file:D:\HW\testproject\complete\6\entry\build\default\intermediates\loader_out\default\js cache.
[2026-09-10T20:45:04.847] [DEBUG] debug-file - Incremental task entry:default@BuildJS post-execution cost:2 ms .
[2026-09-10T20:45:04.847] [DEBUG] debug-file - There is no need to refresh cache, since the incremental task entry:default@CacheNativeLibs is up-to-date.
[2026-09-10T20:45:04.847] [DEBUG] debug-file - There is no need to refresh cache, since the incremental task entry:default@GeneratePkgModuleJson is up-to-date.
[2026-09-10T20:45:04.847] [DEBUG] debug-file - Incremental task entry:default@ProcessCompiledResources post-execution cost:1 ms .
[2026-09-10T20:45:04.847] [DEBUG] debug-file - There is no need to refresh cache, since the incremental task entry:default@PackageHap is up-to-date.
[2026-09-10T20:45:04.847] [DEBUG] debug-file - Update task entry:default@SignHap input file:D:\HW\testproject\complete\6\entry\build\default\outputs\default\entry-default-unsigned.hap cache by regenerate.
[2026-09-10T20:45:04.847] [DEBUG] debug-file - Update task entry:default@SignHap output file:D:\HW\testproject\complete\6\entry\build\default\outputs\default\entry-default-signed.hap cache.
[2026-09-10T20:45:04.847] [DEBUG] debug-file - Incremental task entry:default@SignHap post-execution cost:1 ms .
[2026-09-10T20:45:04.847] [DEBUG] debug-file - Update task entry:default@CollectDebugSymbol input file:D:\HW\testproject\complete\6\entry\build\default\intermediates\loader_out\default\ets\sourceMaps.map cache by regenerate.
[2026-09-10T20:45:04.848] [DEBUG] debug-file - Update task entry:default@CollectDebugSymbol input file:D:\HW\testproject\complete\6\entry\build\default\intermediates\libs\default cache by regenerate.
[2026-09-10T20:45:04.848] [DEBUG] debug-file - Update task entry:default@CollectDebugSymbol output file:D:\HW\testproject\complete\6\entry\build\default\outputs\default\symbol cache.
[2026-09-10T20:45:04.848] [DEBUG] debug-file - Incremental task entry:default@CollectDebugSymbol post-execution cost:1 ms .
[2026-09-10T20:45:04.848] [DEBUG] debug-file - There is no need to refresh cache, since the incremental task :MakeProjectPackInfo is up-to-date.
[2026-09-10T20:45:04.848] [DEBUG] debug-file - There is no need to refresh cache, since the incremental task :ProcessProjectPrivacyProfile is up-to-date.
[2026-09-10T20:45:04.848] [DEBUG] debug-file - There is no need to refresh cache, since the incremental task :GeneratePackRes is up-to-date.
[2026-09-10T20:45:04.848] [DEBUG] debug-file - Update task :PackageApp input file:D:\HW\testproject\complete\6\build\outputs\default\pack.info cache by regenerate.
[2026-09-10T20:45:04.848] [DEBUG] debug-file - Update task :PackageApp input file:D:\HW\testproject\complete\6\entry\build\default\outputs\default\entry-default-unsigned.hap cache by regenerate.
[2026-09-10T20:45:04.848] [DEBUG] debug-file - Update task :PackageApp input file:D:\HW\testproject\complete\6\build\outputs\default\pac.json cache by regenerate.
[2026-09-10T20:45:04.848] [DEBUG] debug-file - Update task :PackageApp output file:D:\HW\testproject\complete\6\build\outputs\default\6-default-unsigned.app cache.
[2026-09-10T20:45:04.848] [DEBUG] debug-file - Update task :PackageApp output file:D:\HW\testproject\complete\6\entry\build\default\outputs\default\app\entry-default.hap cache.
[2026-09-10T20:45:04.848] [DEBUG] debug-file - Update task :PackageApp output file:D:\HW\testproject\complete\6\build\outputs\default\symbol\debug cache.
[2026-09-10T20:45:04.849] [DEBUG] debug-file - Incremental task :PackageApp post-execution cost:1 ms .
[2026-09-10T20:45:04.849] [DEBUG] debug-file - Update task :SignPackagesFromApp input file:D:\HW\testproject\complete\6\build\outputs\default\6-default-unsigned.app cache from map.
[2026-09-10T20:45:04.849] [DEBUG] debug-file - Incremental task :SignPackagesFromApp post-execution cost:1 ms .
[2026-09-10T20:45:04.849] [DEBUG] debug-file - Update task :SignApp input file:D:\HW\testproject\complete\6\build\outputs\default\6-default-unsigned.app cache from map.
[2026-09-10T20:45:04.849] [DEBUG] debug-file - Update task :SignApp output file:D:\HW\testproject\complete\6\build\outputs\default\6-default-signed.app cache.
[2026-09-10T20:45:04.849] [DEBUG] debug-file - Incremental task :SignApp post-execution cost:1 ms .
[2026-09-10T20:45:04.860] [DEBUG] debug-file - hvigor build process will be closed.
[2026-09-10T20:45:04.869] [DEBUG] debug-file - session manager: send message to worker process. WorkerThreadId: 0, data: {"type":"hvigor_failed","reason":"Server has disconnected."}
[2026-09-10T20:45:04.869] [DEBUG] debug-file - session manager: send message to worker process. WorkerThreadId: 0, data: {"type":"CloseWatch","reason":"Server has disconnected."}
[2026-09-10T20:45:04.869] [DEBUG] debug-file - watch worker: worker id should be larger than 0. Nothing will be sent to any worker thread.
[2026-09-10T20:45:04.869] [DEBUG] debug-file - ABORT_WORK sent to workers.
[2026-09-10T20:45:04.870] [DEBUG] debug-file - watch worker: worker id should be larger than 0. Nothing will be sent to any worker thread.
[2026-09-10T20:45:24.214] [DEBUG] debug-file - env: nodejsVersion=v24.14.1
[2026-09-10T20:45:24.267] [DEBUG] debug-file - env: daemon=true
[2026-09-10T20:45:24.215] [DEBUG] debug-file - env: hvigor-config.json5 content = {
  modelVersion: '6.0.1',
  dependencies: {},
  execution: {},
  logging: {},
  debugging: {},
  nodeOptions: {}
}
[2026-09-10T20:45:24.867] [DEBUG] debug-file - session manager: set active socket. socketId=Lo6ZnChjOLYIO3qrAAAH
[2026-09-10T20:45:24.878] [DEBUG] debug-file - watch worker: worker id should be larger than 0. Nothing will be sent to any worker thread.
[2026-09-10T20:45:24.883] [DEBUG] debug-file - Workers' log level updated to INFO
[2026-09-10T20:45:24.886] [DEBUG] debug-file - Hvigor init with startParameters:{
  hvigorfileTypeCheck: false,
  parallelExecution: true,
  incrementalExecution: true,
  printStackTrace: false,
  daemon: true,
  analyze: 0,
  logLevel: Level { level: 20000, levelStr: 'INFO', colour: 'green' },
  optimizationStrategy: 'memory',
  hotCompile: undefined,
  hotReloadBuild: undefined,
  customizedParam: undefined
}
[2026-09-10T20:45:24.892] [DEBUG] debug-file - Cache service initialization finished in 7 ms 
[2026-09-10T20:45:24.893] [DEBUG] debug-file - hvigorfile, resolving D:\HW\testproject\complete\6\hvigorfile.ts
[2026-09-10T20:45:24.899] [DEBUG] debug-file - hvigorfile, require result:  { default: { plugins: [] } }
[2026-09-10T20:45:24.900] [DEBUG] debug-file - hvigorfile, binding system plugins null
[2026-09-10T20:45:24.900] [DEBUG] debug-file - Starting plugin build process
[2026-09-10T20:45:24.900] [DEBUG] debug-file - App plugin prepare start...
[2026-09-10T20:45:24.900] [DEBUG] debug-file - App plugin prepare end...
[2026-09-10T20:45:24.900] [DEBUG] debug-file - App plugin creating...
[2026-09-10T20:45:24.904] [DEBUG] debug-file - App plugin register hook start...
[2026-09-10T20:45:24.905] [DEBUG] debug-file - App plugin register hook end...
[2026-09-10T20:45:24.905] [DEBUG] debug-file - Plugin build process completed
[2026-09-10T20:45:24.905] [DEBUG] debug-file - Start initialize project's product build option map with build mode debug.
[2026-09-10T20:45:24.905] [DEBUG] debug-file - Picking option from product 'default' with build mode 'debug'.
[2026-09-10T20:45:24.905] [DEBUG] debug-file - Product 'default' build option initialized
[2026-09-10T20:45:24.905] [DEBUG] debug-file - End initialize project's product build option map with build mode 'debug'.
[2026-09-10T20:45:24.906] [DEBUG] debug-file - Obtain build option for product 'default'in this build.
[2026-09-10T20:45:24.909] [DEBUG] debug-file - No signingConfig found, initRemoteHspCache failed.
[2026-09-10T20:45:24.910] [DEBUG] debug-file - Start recording SDK configuration permission data.
[2026-09-10T20:45:24.939] [DEBUG] debug-file - Sdk init in 29 ms 
[2026-09-10T20:45:24.941] [DEBUG] debug-file - Project task initialization takes 2 ms 
[2026-09-10T20:45:24.941] [DEBUG] debug-file - hvigorfile, begin to bind custom plugins...
[2026-09-10T20:45:24.941] [DEBUG] debug-file - hvigorfile, no custom plugins were found in D:\HW\testproject\complete\6\hvigorfile.ts
[2026-09-10T20:45:24.941] [DEBUG] debug-file - hvigorfile, resolve finished D:\HW\testproject\complete\6\hvigorfile.ts
[2026-09-10T20:45:24.941] [DEBUG] debug-file - hvigorfile, resolving D:\HW\testproject\complete\6\entry\hvigorfile.ts
[2026-09-10T20:45:24.944] [DEBUG] debug-file - hvigorfile, require result:  { default: { plugins: [] } }
[2026-09-10T20:45:24.945] [DEBUG] debug-file - hvigorfile, binding system plugins null
[2026-09-10T20:45:24.945] [DEBUG] debug-file - Starting plugin build process
[2026-09-10T20:45:24.945] [DEBUG] debug-file - Hap plugin creating...
[2026-09-10T20:45:24.945] [DEBUG] debug-file - failed to load cangjie to dynamically generate schemas: Error: Cannot find module '@ohos/cangjie-build-support/index'
Require stack:
- E:\DevEco Studio\tools\hvigor\hvigor-ohos-plugin\src\plugin\hooks\cangjie-register.js
- E:\DevEco Studio\tools\hvigor\hvigor-ohos-plugin\src\plugin\strategy\stage-init-strategy.js
- E:\DevEco Studio\tools\hvigor\hvigor-ohos-plugin\src\plugin\builder\abstract-plugin-builder.js
- E:\DevEco Studio\tools\hvigor\hvigor-ohos-plugin\src\plugin\builder\app-plugin-builder.js
- E:\DevEco Studio\tools\hvigor\hvigor-ohos-plugin\src\plugin\factory\plugin-factory.js
- E:\DevEco Studio\tools\hvigor\hvigor-ohos-plugin\index.js
- D:\HW\testproject\complete\6\hvigorfile.ts
- E:\DevEco Studio\tools\hvigor\hvigor\src\base\internal\lifecycle\configuration.js
- E:\DevEco Studio\tools\hvigor\hvigor\src\base\boot\index.js
- E:\DevEco Studio\tools\hvigor\hvigor\src\base\daemon\cluster\worker-process-lifecycle.js
- E:\DevEco Studio\tools\hvigor\hvigor\src\base\daemon\process\daemon-process-boot-script.js
[2026-09-10T20:45:24.947] [DEBUG] debug-file - Start initialize module-target build option map, moduleName=entry, buildMode=debug
[2026-09-10T20:45:24.947] [DEBUG] debug-file - Target 'default' config initialized
[2026-09-10T20:45:24.948] [DEBUG] debug-file - Target 'ohosTest' config initialized
[2026-09-10T20:45:24.948] [DEBUG] debug-file - Module 'entry' target 'default' build option initialized
[2026-09-10T20:45:24.948] [DEBUG] debug-file - Module 'entry' target 'ohosTest' build option initialized
[2026-09-10T20:45:24.948] [DEBUG] debug-file - End initialize module-target build option map, moduleName=entry
[2026-09-10T20:45:24.948] [DEBUG] debug-file - Start initialize module-target build option map, moduleName=entry, buildMode=release
[2026-09-10T20:45:24.948] [DEBUG] debug-file - Target 'default' config initialized
[2026-09-10T20:45:24.949] [DEBUG] debug-file - Target 'ohosTest' config initialized
[2026-09-10T20:45:24.949] [DEBUG] debug-file - Module 'entry' target 'default' build option initialized
[2026-09-10T20:45:24.949] [DEBUG] debug-file - Module 'entry' target 'ohosTest' build option initialized
[2026-09-10T20:45:24.949] [DEBUG] debug-file - End initialize module-target build option map, moduleName=entry
[2026-09-10T20:45:24.949] [DEBUG] debug-file - Start initialize module-target build option map, moduleName=entry, buildMode=debug
[2026-09-10T20:45:24.949] [DEBUG] debug-file - Target 'default' config initialized
[2026-09-10T20:45:24.949] [DEBUG] debug-file - Target 'ohosTest' config initialized
[2026-09-10T20:45:24.950] [DEBUG] debug-file - Module 'entry' target 'default' build option initialized
[2026-09-10T20:45:24.950] [DEBUG] debug-file - Module 'entry' target 'ohosTest' build option initialized
[2026-09-10T20:45:24.950] [DEBUG] debug-file - End initialize module-target build option map, moduleName=entry
[2026-09-10T20:45:24.950] [DEBUG] debug-file - Obtain build option for module 'entry' target 'default'in this build.
[2026-09-10T20:45:24.952] [DEBUG] debug-file - Module entry task initialization takes 2 ms 
[2026-09-10T20:45:24.952] [DEBUG] debug-file - Hap plugin register hook start...
[2026-09-10T20:45:24.952] [DEBUG] debug-file - Hap plugin register hook end...
[2026-09-10T20:45:24.952] [DEBUG] debug-file - Plugin build process completed
[2026-09-10T20:45:24.952] [DEBUG] debug-file - hvigorfile, begin to bind custom plugins...
[2026-09-10T20:45:24.952] [DEBUG] debug-file - hvigorfile, no custom plugins were found in D:\HW\testproject\complete\6\entry\hvigorfile.ts
[2026-09-10T20:45:24.952] [DEBUG] debug-file - hvigorfile, resolve finished D:\HW\testproject\complete\6\entry\hvigorfile.ts
[2026-09-10T20:45:24.980] [DEBUG] debug-file - hvigorfile, resolve hvigorfile dependencies in 28 ms 
[2026-09-10T20:45:24.980] [DEBUG] debug-file - project has submodules:entry
[2026-09-10T20:45:24.981] [DEBUG] debug-file - start to load updatedOhPackageInfo to the disk
[2026-09-10T20:45:24.982] [DEBUG] debug-file - load to the disk finished
[2026-09-10T20:45:24.982] [DEBUG] debug-file - Start to initialize dependency information.
[2026-09-10T20:45:24.985] [DEBUG] debug-file - Module 6 Collected Dependency: 
[2026-09-10T20:45:24.985] [DEBUG] debug-file - Module 6's total dependency: 0
[2026-09-10T20:45:24.985] [DEBUG] debug-file - Start to initialize dependency information.
[2026-09-10T20:45:24.986] [DEBUG] debug-file - Module entry Collected Dependency: 
[2026-09-10T20:45:24.986] [DEBUG] debug-file - Module entry's total dependency: 0
[2026-09-10T20:45:24.987] [DEBUG] debug-file - Configuration phase cost:95 ms 
[2026-09-10T20:45:24.988] [DEBUG] debug-file - Configuration task cost before running: 105 ms 
[2026-09-10T20:45:24.988] [DEBUG] debug-file - Executing task ::PreBuildApp
[2026-09-10T20:45:24.989] [DEBUG] debug-file - 6 : PreBuildApp cost memory 0.0147552490234375
[2026-09-10T20:45:24.989] [DEBUG] debug-file - runTaskFromQueue task cost before running: 106 ms 
[2026-09-10T20:45:24.989] [INFO] debug-file - Finished ::PreBuildApp... after 1 ms 
[2026-09-10T20:45:24.991] [DEBUG] debug-file - Executing task :entry:default@PreBuild
[2026-09-10T20:45:24.993] [DEBUG] debug-file - Task 'entry:default@PreBuild' cost while wrapping incremental declarations: 1 ms 
[2026-09-10T20:45:24.997] [DEBUG] debug-file - Incremental task entry:default@PreBuild pre-execution cost: 3 ms .
[2026-09-10T20:45:24.998] [DEBUG] debug-file - entry : default@PreBuild cost memory 0.5942459106445312
[2026-09-10T20:45:24.999] [INFO] debug-file - UP-TO-DATE :entry:default@PreBuild...  
[2026-09-10T20:45:24.999] [DEBUG] debug-file - Executing task ::DuplicateDependencyCheck
[2026-09-10T20:45:24.999] [DEBUG] debug-file - 6 : DuplicateDependencyCheck cost memory 0.01392364501953125
[2026-09-10T20:45:24.999] [DEBUG] debug-file - runTaskFromQueue task cost before running: 116 ms 
[2026-09-10T20:45:24.999] [INFO] debug-file - Finished ::DuplicateDependencyCheck... after 1 ms 
[2026-09-10T20:45:25.000] [DEBUG] debug-file - Executing task :entry:default@CreateModuleInfo
[2026-09-10T20:45:25.000] [DEBUG] debug-file - Task 'entry:default@CreateModuleInfo' cost while wrapping incremental declarations: 1 ms 
[2026-09-10T20:45:25.001] [DEBUG] debug-file - entry : default@CreateModuleInfo cost memory -0.08807373046875
[2026-09-10T20:45:25.001] [DEBUG] debug-file - runTaskFromQueue task cost before running: 118 ms 
[2026-09-10T20:45:25.001] [INFO] debug-file - Finished :entry:default@CreateModuleInfo... after 1 ms 
[2026-09-10T20:45:25.002] [DEBUG] debug-file - Executing task :entry:default@GenerateMetadata
[2026-09-10T20:45:25.002] [DEBUG] debug-file - Task 'entry:default@GenerateMetadata' cost while wrapping incremental declarations: 1 ms 
[2026-09-10T20:45:25.002] [DEBUG] debug-file - Incremental task entry:default@GenerateMetadata pre-execution cost: 1 ms .
[2026-09-10T20:45:25.003] [DEBUG] debug-file - entry : default@GenerateMetadata cost memory 0.07527923583984375
[2026-09-10T20:45:25.003] [INFO] debug-file - UP-TO-DATE :entry:default@GenerateMetadata...  
[2026-09-10T20:45:25.003] [DEBUG] debug-file - Executing task :entry:default@ConfigureCmake
[2026-09-10T20:45:25.003] [DEBUG] debug-file - entry : default@ConfigureCmake cost memory 0.01445770263671875
[2026-09-10T20:45:25.004] [DEBUG] debug-file - runTaskFromQueue task cost before running: 120 ms 
[2026-09-10T20:45:25.004] [INFO] debug-file - Finished :entry:default@ConfigureCmake... after 1 ms 
[2026-09-10T20:45:25.004] [DEBUG] debug-file - Executing task :entry:default@MergeProfile
[2026-09-10T20:45:25.004] [DEBUG] debug-file - Task 'entry:default@MergeProfile' cost while wrapping incremental declarations: 1 ms 
[2026-09-10T20:45:25.005] [DEBUG] debug-file - Incremental task entry:default@MergeProfile pre-execution cost: 1 ms .
[2026-09-10T20:45:25.005] [DEBUG] debug-file - entry : default@MergeProfile cost memory 0.125
[2026-09-10T20:45:25.006] [INFO] debug-file - UP-TO-DATE :entry:default@MergeProfile...  
[2026-09-10T20:45:25.007] [DEBUG] debug-file - Executing task :entry:default@CreateBuildProfile
[2026-09-10T20:45:25.007] [DEBUG] debug-file - Task 'entry:default@CreateBuildProfile' cost while wrapping incremental declarations: 1 ms 
[2026-09-10T20:45:25.008] [DEBUG] debug-file - Incremental task entry:default@CreateBuildProfile pre-execution cost: 1 ms .
[2026-09-10T20:45:25.008] [DEBUG] debug-file - entry : default@CreateBuildProfile cost memory 0.094146728515625
[2026-09-10T20:45:25.008] [INFO] debug-file - UP-TO-DATE :entry:default@CreateBuildProfile...  
[2026-09-10T20:45:25.009] [DEBUG] debug-file - Executing task :entry:default@PreCheckSyscap
[2026-09-10T20:45:25.010] [DEBUG] debug-file - entry : default@PreCheckSyscap cost memory 0.01519012451171875
[2026-09-10T20:45:25.010] [DEBUG] debug-file - runTaskFromQueue task cost before running: 127 ms 
[2026-09-10T20:45:25.010] [INFO] debug-file - Finished :entry:default@PreCheckSyscap... after 1 ms 
[2026-09-10T20:45:25.011] [DEBUG] debug-file - Executing task :entry:default@GeneratePkgContextInfo
[2026-09-10T20:45:25.013] [DEBUG] debug-file - Task 'entry:default@GeneratePkgContextInfo' cost while wrapping incremental declarations: 1 ms 
[2026-09-10T20:45:25.014] [DEBUG] debug-file - Incremental task entry:default@GeneratePkgContextInfo pre-execution cost: 1 ms .
[2026-09-10T20:45:25.014] [DEBUG] debug-file - entry : default@GeneratePkgContextInfo cost memory 0.18381500244140625
[2026-09-10T20:45:25.014] [INFO] debug-file - UP-TO-DATE :entry:default@GeneratePkgContextInfo...  
[2026-09-10T20:45:25.016] [DEBUG] debug-file - Executing task :entry:default@GeneratePkgSdkInfo
[2026-09-10T20:45:25.018] [DEBUG] debug-file - Task 'entry:default@GeneratePkgSdkInfo' cost while wrapping incremental declarations: 1 ms 
[2026-09-10T20:45:25.018] [DEBUG] debug-file - entry : default@GeneratePkgSdkInfo cost memory 0.10506439208984375
[2026-09-10T20:45:25.018] [DEBUG] debug-file - runTaskFromQueue task cost before running: 135 ms 
[2026-09-10T20:45:25.018] [INFO] debug-file - Finished :entry:default@GeneratePkgSdkInfo... after 3 ms 
[2026-09-10T20:45:25.021] [DEBUG] debug-file - Executing task :entry:default@ProcessIntegratedHsp
[2026-09-10T20:45:25.021] [DEBUG] debug-file - entry:default@ProcessIntegratedHsp is not up-to-date, since the output file 'D:\HW\testproject\complete\6\build\cache\default\integrated_hsp\integratedHspCache.json' does not exist.
[2026-09-10T20:45:25.021] [DEBUG] debug-file - Incremental task entry:default@ProcessIntegratedHsp pre-execution cost: 1 ms .
[2026-09-10T20:45:25.021] [DEBUG] debug-file - entry : default@ProcessIntegratedHsp cost memory 0.05701446533203125
[2026-09-10T20:45:25.021] [DEBUG] debug-file - runTaskFromQueue task cost before running: 138 ms 
[2026-09-10T20:45:25.022] [INFO] debug-file - Finished :entry:default@ProcessIntegratedHsp... after 1 ms 
[2026-09-10T20:45:25.022] [DEBUG] debug-file - Executing task :entry:default@BuildNativeWithCmake
[2026-09-10T20:45:25.022] [DEBUG] debug-file - entry : default@BuildNativeWithCmake cost memory 0.0145111083984375
[2026-09-10T20:45:25.022] [DEBUG] debug-file - runTaskFromQueue task cost before running: 139 ms 
[2026-09-10T20:45:25.022] [INFO] debug-file - Finished :entry:default@BuildNativeWithCmake... after 1 ms 
[2026-09-10T20:45:25.023] [DEBUG] debug-file - Executing task :entry:default@MakePackInfo
[2026-09-10T20:45:25.026] [DEBUG] debug-file - Incremental task entry:default@MakePackInfo pre-execution cost: 2 ms .
[2026-09-10T20:45:25.026] [DEBUG] debug-file - entry : default@MakePackInfo cost memory 0.11504364013671875
[2026-09-10T20:45:25.027] [INFO] debug-file - UP-TO-DATE :entry:default@MakePackInfo...  
[2026-09-10T20:45:25.028] [DEBUG] debug-file - Executing task :entry:default@SyscapTransform
[2026-09-10T20:45:25.028] [DEBUG] debug-file - File: 'D:\HW\testproject\complete\6\entry\src\main\syscap.json' from 'sysCapJsonPath' is not exists, just ignore.
[2026-09-10T20:45:25.029] [DEBUG] debug-file - Task 'entry:default@SyscapTransform' cost while wrapping incremental declarations: 1 ms 
[2026-09-10T20:45:25.030] [DEBUG] debug-file - entry:default@SyscapTransform is not up-to-date, since the output file 'D:\HW\testproject\complete\6\entry\build\default\intermediates\syscap\default\rpcid.sc' does not exist.
[2026-09-10T20:45:25.030] [DEBUG] debug-file - Incremental task entry:default@SyscapTransform pre-execution cost: 2 ms .
[2026-09-10T20:45:25.030] [DEBUG] debug-file - entry : default@SyscapTransform cost memory 0.11713409423828125
[2026-09-10T20:45:25.031] [DEBUG] debug-file - runTaskFromQueue task cost before running: 147 ms 
[2026-09-10T20:45:25.031] [INFO] debug-file - Finished :entry:default@SyscapTransform... after 3 ms 
[2026-09-10T20:45:25.032] [DEBUG] debug-file - Executing task :entry:default@ProcessProfile
[2026-09-10T20:45:25.033] [DEBUG] debug-file - Task 'entry:default@ProcessProfile' cost while wrapping incremental declarations: 1 ms 
[2026-09-10T20:45:25.034] [DEBUG] debug-file - Incremental task entry:default@ProcessProfile pre-execution cost: 1 ms .
[2026-09-10T20:45:25.034] [DEBUG] debug-file - entry : default@ProcessProfile cost memory 0.1308135986328125
[2026-09-10T20:45:25.035] [INFO] debug-file - UP-TO-DATE :entry:default@ProcessProfile...  
[2026-09-10T20:45:25.035] [DEBUG] debug-file - Executing task :entry:default@ProcessRouterMap
[2026-09-10T20:45:25.039] [DEBUG] debug-file - Incremental task entry:default@ProcessRouterMap pre-execution cost: 2 ms .
[2026-09-10T20:45:25.039] [DEBUG] debug-file - entry : default@ProcessRouterMap cost memory 0.1678619384765625
[2026-09-10T20:45:25.040] [INFO] debug-file - UP-TO-DATE :entry:default@ProcessRouterMap...  
[2026-09-10T20:45:25.041] [DEBUG] debug-file - Executing task :entry:default@ProcessShareConfig
[2026-09-10T20:45:25.044] [DEBUG] debug-file - Incremental task entry:default@ProcessShareConfig pre-execution cost: 3 ms .
[2026-09-10T20:45:25.044] [DEBUG] debug-file - entry : default@ProcessShareConfig cost memory 0.111724853515625
[2026-09-10T20:45:25.045] [INFO] debug-file - UP-TO-DATE :entry:default@ProcessShareConfig...  
[2026-09-10T20:45:25.046] [DEBUG] debug-file - Executing task :entry:default@ProcessStartupConfig
[2026-09-10T20:45:25.046] [DEBUG] debug-file - Task 'entry:default@ProcessStartupConfig' cost while wrapping incremental declarations: 1 ms 
[2026-09-10T20:45:25.047] [DEBUG] debug-file - entry:default@ProcessStartupConfig is not up-to-date, since the output file 'D:\HW\testproject\complete\6\entry\build\default\intermediates\startup\default\startup_config.json' does not exist.
[2026-09-10T20:45:25.047] [DEBUG] debug-file - Incremental task entry:default@ProcessStartupConfig pre-execution cost: 1 ms .
[2026-09-10T20:45:25.047] [DEBUG] debug-file - entry : default@ProcessStartupConfig cost memory 0.1122283935546875
[2026-09-10T20:45:25.047] [DEBUG] debug-file - runTaskFromQueue task cost before running: 164 ms 
[2026-09-10T20:45:25.048] [INFO] debug-file - Finished :entry:default@ProcessStartupConfig... after 2 ms 
[2026-09-10T20:45:25.048] [DEBUG] debug-file - Executing task :entry:default@BuildNativeWithNinja
[2026-09-10T20:45:25.048] [DEBUG] debug-file - entry : default@BuildNativeWithNinja cost memory 0.0194244384765625
[2026-09-10T20:45:25.048] [DEBUG] debug-file - runTaskFromQueue task cost before running: 165 ms 
[2026-09-10T20:45:25.049] [INFO] debug-file - Finished :entry:default@BuildNativeWithNinja... after 1 ms 
[2026-09-10T20:45:25.049] [DEBUG] debug-file - restool module names: entry; moduleName=entry, taskName=default@ProcessResource
[2026-09-10T20:45:25.050] [DEBUG] debug-file - Executing task :entry:default@ProcessResource
[2026-09-10T20:45:25.050] [DEBUG] debug-file - Task 'entry:default@ProcessResource' cost while wrapping incremental declarations: 1 ms 
[2026-09-10T20:45:25.051] [DEBUG] debug-file - Incremental task entry:default@ProcessResource pre-execution cost: 1 ms .
[2026-09-10T20:45:25.051] [DEBUG] debug-file - entry : default@ProcessResource cost memory 0.1123046875
[2026-09-10T20:45:25.052] [INFO] debug-file - UP-TO-DATE :entry:default@ProcessResource...  
[2026-09-10T20:45:25.053] [DEBUG] debug-file - Executing task :entry:default@GenerateLoaderJson
[2026-09-10T20:45:25.053] [DEBUG] debug-file - Task 'entry:default@GenerateLoaderJson' cost while wrapping incremental declarations: 1 ms 
[2026-09-10T20:45:25.057] [DEBUG] debug-file - Incremental task entry:default@GenerateLoaderJson pre-execution cost: 3 ms .
[2026-09-10T20:45:25.057] [DEBUG] debug-file - entry : default@GenerateLoaderJson cost memory 0.38703155517578125
[2026-09-10T20:45:25.059] [INFO] debug-file - UP-TO-DATE :entry:default@GenerateLoaderJson...  
[2026-09-10T20:45:25.059] [DEBUG] debug-file - Executing task :entry:default@ProcessLibs
[2026-09-10T20:45:25.059] [DEBUG] debug-file - Task 'entry:default@ProcessLibs' cost while wrapping incremental declarations: 1 ms 
[2026-09-10T20:45:25.060] [DEBUG] debug-file - Incremental task entry:default@ProcessLibs pre-execution cost: 1 ms .
[2026-09-10T20:45:25.060] [DEBUG] debug-file - entry : default@ProcessLibs cost memory 0.1037445068359375
[2026-09-10T20:45:25.061] [INFO] debug-file - UP-TO-DATE :entry:default@ProcessLibs...  
[2026-09-10T20:45:25.061] [DEBUG] debug-file - restool module names: entry; moduleName=entry, taskName=default@CompileResource
[2026-09-10T20:45:25.062] [DEBUG] debug-file - Executing task :entry:default@CompileResource
[2026-09-10T20:45:25.066] [DEBUG] debug-file - Incremental task entry:default@CompileResource pre-execution cost: 4 ms .
[2026-09-10T20:45:25.066] [DEBUG] debug-file - entry : default@CompileResource cost memory 0.582183837890625
[2026-09-10T20:45:25.067] [INFO] debug-file - UP-TO-DATE :entry:default@CompileResource...  
[2026-09-10T20:45:25.068] [DEBUG] debug-file - Executing task :entry:default@DoNativeStrip
[2026-09-10T20:45:25.068] [DEBUG] debug-file - File: 'D:\HW\testproject\complete\6\entry\build\default\intermediates\binxo\default' from 'doBinxoNativeLibs' is not exists, just ignore.
[2026-09-10T20:45:25.068] [DEBUG] debug-file - Task 'entry:default@DoNativeStrip' cost while wrapping incremental declarations: 1 ms 
[2026-09-10T20:45:25.068] [DEBUG] debug-file - Incremental task entry:default@DoNativeStrip pre-execution cost: 1 ms .
[2026-09-10T20:45:25.069] [DEBUG] debug-file - entry : default@DoNativeStrip cost memory 0.0801849365234375
[2026-09-10T20:45:25.069] [INFO] debug-file - UP-TO-DATE :entry:default@DoNativeStrip...  
[2026-09-10T20:45:25.070] [DEBUG] debug-file - Executing task :entry:default@CompileArkTS
[2026-09-10T20:45:25.070] [DEBUG] debug-file - obfuscationOptions: undefined
[2026-09-10T20:45:25.071] [DEBUG] debug-file - Task 'entry:default@CompileArkTS' cost while wrapping incremental declarations: 1 ms 
[2026-09-10T20:45:25.076] [DEBUG] debug-file - Incremental task entry:default@CompileArkTS pre-execution cost: 4 ms .
[2026-09-10T20:45:25.076] [DEBUG] debug-file - entry : default@CompileArkTS cost memory 0.4932098388671875
[2026-09-10T20:45:25.077] [INFO] debug-file - UP-TO-DATE :entry:default@CompileArkTS...  
[2026-09-10T20:45:25.078] [DEBUG] debug-file - Executing task :entry:default@BuildJS
[2026-09-10T20:45:25.078] [DEBUG] debug-file - Task 'entry:default@BuildJS' cost while wrapping incremental declarations: 1 ms 
[2026-09-10T20:45:25.080] [DEBUG] debug-file - entry : default@BuildJS cost memory 0.11992645263671875
[2026-09-10T20:45:25.080] [DEBUG] debug-file - runTaskFromQueue task cost before running: 197 ms 
[2026-09-10T20:45:25.080] [INFO] debug-file - Finished :entry:default@BuildJS... after 2 ms 
[2026-09-10T20:45:25.081] [DEBUG] debug-file - Executing task :entry:default@CacheNativeLibs
[2026-09-10T20:45:25.081] [DEBUG] debug-file - File: 'D:\HW\testproject\complete\6\entry\build\default\intermediates\binxo\default' from 'cacheBinxoNativeLibs' is not exists, just ignore.
[2026-09-10T20:45:25.081] [DEBUG] debug-file - Task 'entry:default@CacheNativeLibs' cost while wrapping incremental declarations: 1 ms 
[2026-09-10T20:45:25.081] [DEBUG] debug-file - Incremental task entry:default@CacheNativeLibs pre-execution cost: 1 ms .
[2026-09-10T20:45:25.082] [DEBUG] debug-file - entry : default@CacheNativeLibs cost memory 0.0866546630859375
[2026-09-10T20:45:25.082] [INFO] debug-file - UP-TO-DATE :entry:default@CacheNativeLibs...  
[2026-09-10T20:45:25.083] [DEBUG] debug-file - Executing task :entry:default@GeneratePkgModuleJson
[2026-09-10T20:45:25.083] [DEBUG] debug-file - File: 'D:\HW\testproject\complete\6\entry\build\default\intermediates\preload\default\preload.json' from 'preloadSoJsonPath' is not exists, just ignore.
[2026-09-10T20:45:25.083] [DEBUG] debug-file - Error occurs while handling @Input 'shouldDeduplicateHar': The "data" argument must be of type string or an instance of Buffer, TypedArray, or DataView. Received undefined
[2026-09-10T20:45:25.083] [DEBUG] debug-file - Task 'entry:default@GeneratePkgModuleJson' cost while wrapping incremental declarations: 1 ms 
[2026-09-10T20:45:25.084] [DEBUG] debug-file - Incremental task entry:default@GeneratePkgModuleJson pre-execution cost: 1 ms .
[2026-09-10T20:45:25.084] [DEBUG] debug-file - entry : default@GeneratePkgModuleJson cost memory 0.084320068359375
[2026-09-10T20:45:25.084] [INFO] debug-file - UP-TO-DATE :entry:default@GeneratePkgModuleJson...  
[2026-09-10T20:45:25.085] [DEBUG] debug-file - Executing task :entry:default@ProcessCompiledResources
[2026-09-10T20:45:25.086] [DEBUG] debug-file - File: 'D:\HW\testproject\complete\6\entry\build\default\intermediates\preload\default\preload.json' from 'preloadSoJsonPath' is not exists, just ignore.
[2026-09-10T20:45:25.086] [DEBUG] debug-file - Task 'entry:default@ProcessCompiledResources' cost while wrapping incremental declarations: 1 ms 
[2026-09-10T20:45:25.086] [DEBUG] debug-file - entry : default@ProcessCompiledResources cost memory 0.050872802734375
[2026-09-10T20:45:25.086] [DEBUG] debug-file - runTaskFromQueue task cost before running: 203 ms 
[2026-09-10T20:45:25.086] [INFO] debug-file - Finished :entry:default@ProcessCompiledResources... after 1 ms 
[2026-09-10T20:45:25.087] [DEBUG] debug-file - Executing task :entry:default@PackageHap
[2026-09-10T20:45:25.091] [DEBUG] debug-file - Incremental task entry:default@PackageHap pre-execution cost: 3 ms .
[2026-09-10T20:45:25.091] [DEBUG] debug-file - entry : default@PackageHap cost memory 0.30091094970703125
[2026-09-10T20:45:25.092] [INFO] debug-file - UP-TO-DATE :entry:default@PackageHap...  
[2026-09-10T20:45:25.093] [DEBUG] debug-file - Executing task :entry:default@PackingCheck
[2026-09-10T20:45:25.096] [DEBUG] debug-file - entry : default@PackingCheck cost memory -4.473716735839844
[2026-09-10T20:45:25.096] [DEBUG] debug-file - runTaskFromQueue task cost before running: 213 ms 
[2026-09-10T20:45:25.096] [INFO] debug-file - Finished :entry:default@PackingCheck... after 4 ms 
[2026-09-10T20:45:25.097] [DEBUG] debug-file - Executing task :entry:default@SignHap
[2026-09-10T20:45:25.097] [WARN] debug-file - Will skip sign 'hos_hap'. No signingConfigs profile is configured in current project.
             If needed, configure the signingConfigs in D:\HW\testproject\complete\6\build-profile.json5.
[2026-09-10T20:45:25.098] [DEBUG] debug-file - entry:default@SignHap is not up-to-date, since the output file 'D:\HW\testproject\complete\6\entry\build\default\outputs\default\entry-default-signed.hap' does not exist.
[2026-09-10T20:45:25.098] [DEBUG] debug-file - Incremental task entry:default@SignHap pre-execution cost: 1 ms .
[2026-09-10T20:45:25.098] [DEBUG] debug-file - entry : default@SignHap cost memory 0.07265472412109375
[2026-09-10T20:45:25.098] [DEBUG] debug-file - runTaskFromQueue task cost before running: 215 ms 
[2026-09-10T20:45:25.098] [INFO] debug-file - Finished :entry:default@SignHap... after 1 ms 
[2026-09-10T20:45:25.099] [DEBUG] debug-file - Executing task :entry:default@CollectDebugSymbol
[2026-09-10T20:45:25.099] [DEBUG] debug-file - entry : default@CollectDebugSymbol cost memory 0.0792999267578125
[2026-09-10T20:45:25.099] [DEBUG] debug-file - runTaskFromQueue task cost before running: 216 ms 
[2026-09-10T20:45:25.100] [INFO] debug-file - Finished :entry:default@CollectDebugSymbol... after 1 ms 
[2026-09-10T20:45:25.100] [DEBUG] debug-file - Executing task :entry:assembleHap
[2026-09-10T20:45:25.100] [DEBUG] debug-file - entry : assembleHap cost memory 0.0123748779296875
[2026-09-10T20:45:25.100] [DEBUG] debug-file - runTaskFromQueue task cost before running: 217 ms 
[2026-09-10T20:45:25.100] [INFO] debug-file - Finished :entry:assembleHap... after 1 ms 
[2026-09-10T20:45:25.100] [DEBUG] debug-file - Executing task ::MakeProjectPackInfo
[2026-09-10T20:45:25.101] [DEBUG] debug-file - Task ':MakeProjectPackInfo' cost while wrapping incremental declarations: 1 ms 
[2026-09-10T20:45:25.102] [DEBUG] debug-file - Incremental task :MakeProjectPackInfo pre-execution cost: 1 ms .
[2026-09-10T20:45:25.102] [DEBUG] debug-file - 6 : MakeProjectPackInfo cost memory 0.13885498046875
[2026-09-10T20:45:25.102] [INFO] debug-file - UP-TO-DATE ::MakeProjectPackInfo...  
[2026-09-10T20:45:25.102] [DEBUG] debug-file - Executing task ::ProcessProjectPrivacyProfile
[2026-09-10T20:45:25.103] [DEBUG] debug-file - Incremental task :ProcessProjectPrivacyProfile pre-execution cost: 1 ms .
[2026-09-10T20:45:25.103] [DEBUG] debug-file - 6 : ProcessProjectPrivacyProfile cost memory 0.0865020751953125
[2026-09-10T20:45:25.104] [INFO] debug-file - UP-TO-DATE ::ProcessProjectPrivacyProfile...  
[2026-09-10T20:45:25.104] [DEBUG] debug-file - Executing task ::GeneratePackRes
[2026-09-10T20:45:25.104] [DEBUG] debug-file - Incremental task :GeneratePackRes pre-execution cost: 1 ms .
[2026-09-10T20:45:25.104] [DEBUG] debug-file - 6 : GeneratePackRes cost memory 0.0409393310546875
[2026-09-10T20:45:25.104] [INFO] debug-file - UP-TO-DATE ::GeneratePackRes...  
[2026-09-10T20:45:25.105] [DEBUG] debug-file - Executing task ::PackageApp
[2026-09-10T20:45:25.106] [DEBUG] debug-file - Task ':PackageApp' cost while wrapping incremental declarations: 1 ms 
[2026-09-10T20:45:25.106] [DEBUG] debug-file - :PackageApp is not up-to-date, since the output file 'D:\HW\testproject\complete\6\build\outputs\default\symbol\debug' does not exist.
[2026-09-10T20:45:25.106] [DEBUG] debug-file - Incremental task :PackageApp pre-execution cost: 1 ms .
[2026-09-10T20:45:25.112] [DEBUG] debug-file - Use tool [PackageApp]
 [
  'java',
  '-Dfile.encoding=GBK',
  '-jar',
  'E:\\DevEco Studio\\sdk\\default\\openharmony\\toolchains\\lib\\app_packing_tool.jar',
  '--mode',
  'app',
  '--pack-info-path',
  'D:\\HW\\testproject\\complete\\6\\build\\outputs\\default\\pack.info',
  '--hap-path',
  'D:\\HW\\testproject\\complete\\6\\entry\\build\\default\\outputs\\default\\app\\entry-default.hap',
  '--hsp-path',
  '',
  '--force',
  'true',
  '--out-path',
  'D:\\HW\\testproject\\complete\\6\\build\\outputs\\default\\6-default-unsigned.app',
  '--main-module-limit',
  '2',
  '--normal-module-limit',
  '2',
  '--pac-json-path',
  'D:\\HW\\testproject\\complete\\6\\build\\outputs\\default\\pac.json'
]
[2026-09-10T20:45:25.112] [DEBUG] debug-file - current process  memoryUsage: {
  rss: 510275584,
  heapTotal: 136192000,
  heapUsed: 119478512,
  external: 3971233,
  arrayBuffers: 42386
} os memoryUsage :12.923809051513672
[2026-09-10T20:45:25.818] [DEBUG] debug-file - 6 : PackageApp cost memory 0.4255218505859375
[2026-09-10T20:45:25.818] [DEBUG] debug-file - runTaskFromQueue task cost before running: 935 ms 
[2026-09-10T20:45:25.819] [INFO] debug-file - Finished ::PackageApp... after 714 ms 
[2026-09-10T20:45:25.819] [DEBUG] debug-file - Executing task ::SignPackagesFromApp
[2026-09-10T20:45:25.820] [DEBUG] debug-file - :SignPackagesFromApp is not up-to-date, since the input file 'D:\HW\testproject\complete\6\build\outputs\default\6-default-unsigned.app' has been changed.
[2026-09-10T20:45:25.820] [DEBUG] debug-file - Incremental task :SignPackagesFromApp pre-execution cost: 1 ms .
[2026-09-10T20:45:25.820] [DEBUG] debug-file - 6 : SignPackagesFromApp cost memory 0.05976104736328125
[2026-09-10T20:45:25.820] [DEBUG] debug-file - runTaskFromQueue task cost before running: 937 ms 
[2026-09-10T20:45:25.821] [INFO] debug-file - Finished ::SignPackagesFromApp... after 2 ms 
[2026-09-10T20:45:25.821] [DEBUG] debug-file - Executing task ::SignApp
[2026-09-10T20:45:25.821] [DEBUG] debug-file - signingConfigName of signApp is :  undefined
[2026-09-10T20:45:25.821] [WARN] debug-file - Will skip sign 'app'. No signingConfigs profile is configured in current project.
             If needed, configure the signingConfigs in D:\HW\testproject\complete\6\build-profile.json5.
[2026-09-10T20:45:25.822] [DEBUG] debug-file - :SignApp is not up-to-date, since the input file 'D:\HW\testproject\complete\6\build\outputs\default\6-default-unsigned.app' has been changed.
[2026-09-10T20:45:25.822] [DEBUG] debug-file - Incremental task :SignApp pre-execution cost: 1 ms .
[2026-09-10T20:45:25.822] [DEBUG] debug-file - 6 : SignApp cost memory 0.11730194091796875
[2026-09-10T20:45:25.822] [DEBUG] debug-file - runTaskFromQueue task cost before running: 939 ms 
[2026-09-10T20:45:25.822] [INFO] debug-file - Finished ::SignApp... after 2 ms 
[2026-09-10T20:45:25.822] [DEBUG] debug-file - Executing task ::assembleApp
[2026-09-10T20:45:25.822] [DEBUG] debug-file - 6 : assembleApp cost memory 0.01232147216796875
[2026-09-10T20:45:25.822] [DEBUG] debug-file - runTaskFromQueue task cost before running: 939 ms 
[2026-09-10T20:45:25.823] [INFO] debug-file - Finished ::assembleApp... after 1 ms 
[2026-09-10T20:45:25.823] [INFO] debug-file - BUILD SUCCESSFUL in 940 ms 
[2026-09-10T20:45:25.823] [DEBUG] debug-file - There is no need to refresh cache, since the incremental task entry:default@PreBuild is up-to-date.
[2026-09-10T20:45:25.824] [DEBUG] debug-file - Update task entry:default@CreateModuleInfo output file:D:\HW\testproject\complete\6\entry\build\default\generated\profile\default\ModuleInfo.ts cache.
[2026-09-10T20:45:25.824] [DEBUG] debug-file - Incremental task entry:default@CreateModuleInfo post-execution cost:1 ms .
[2026-09-10T20:45:25.824] [DEBUG] debug-file - There is no need to refresh cache, since the incremental task entry:default@GenerateMetadata is up-to-date.
[2026-09-10T20:45:25.824] [DEBUG] debug-file - There is no need to refresh cache, since the incremental task entry:default@MergeProfile is up-to-date.
[2026-09-10T20:45:25.824] [DEBUG] debug-file - There is no need to refresh cache, since the incremental task entry:default@CreateBuildProfile is up-to-date.
[2026-09-10T20:45:25.824] [DEBUG] debug-file - There is no need to refresh cache, since the incremental task entry:default@GeneratePkgContextInfo is up-to-date.
[2026-09-10T20:45:25.824] [DEBUG] debug-file - Update task entry:default@GeneratePkgSdkInfo output file:D:\HW\testproject\complete\6\entry\build\default\intermediates\loader\default\pkgSdkInfo.json cache.
[2026-09-10T20:45:25.824] [DEBUG] debug-file - Incremental task entry:default@GeneratePkgSdkInfo post-execution cost:1 ms .
[2026-09-10T20:45:25.824] [DEBUG] debug-file - Update task entry:default@ProcessIntegratedHsp output file:D:\HW\testproject\complete\6\build\cache\default\integrated_hsp\integratedHspCache.json cache.
[2026-09-10T20:45:25.824] [DEBUG] debug-file - Incremental task entry:default@ProcessIntegratedHsp post-execution cost:1 ms .
[2026-09-10T20:45:25.824] [DEBUG] debug-file - There is no need to refresh cache, since the incremental task entry:default@MakePackInfo is up-to-date.
[2026-09-10T20:45:25.824] [DEBUG] debug-file - Update task entry:default@SyscapTransform input file:E:\DevEco Studio\sdk\default\openharmony\toolchains\syscap_tool.exe cache by regenerate.
[2026-09-10T20:45:25.825] [DEBUG] debug-file - Update task entry:default@SyscapTransform input file:E:\DevEco Studio\sdk\default\openharmony\ets\api\device-define cache by regenerate.
[2026-09-10T20:45:25.825] [DEBUG] debug-file - Update task entry:default@SyscapTransform output file:D:\HW\testproject\complete\6\entry\build\default\intermediates\syscap\default\rpcid.sc cache.
[2026-09-10T20:45:25.825] [DEBUG] debug-file - Incremental task entry:default@SyscapTransform post-execution cost:1 ms .
[2026-09-10T20:45:25.825] [DEBUG] debug-file - There is no need to refresh cache, since the incremental task entry:default@ProcessProfile is up-to-date.
[2026-09-10T20:45:25.825] [DEBUG] debug-file - There is no need to refresh cache, since the incremental task entry:default@ProcessRouterMap is up-to-date.
[2026-09-10T20:45:25.825] [DEBUG] debug-file - There is no need to refresh cache, since the incremental task entry:default@ProcessShareConfig is up-to-date.
[2026-09-10T20:45:25.825] [DEBUG] debug-file - Update task entry:default@ProcessStartupConfig input file:D:\HW\testproject\complete\6\entry\build\default\intermediates\loader\default\pkgContextInfo.json cache by regenerate.
[2026-09-10T20:45:25.826] [DEBUG] debug-file - Update task entry:default@ProcessStartupConfig output file:D:\HW\testproject\complete\6\entry\build\default\intermediates\startup\default\startup_config.json cache.
[2026-09-10T20:45:25.826] [DEBUG] debug-file - Incremental task entry:default@ProcessStartupConfig post-execution cost:1 ms .
[2026-09-10T20:45:25.826] [DEBUG] debug-file - There is no need to refresh cache, since the incremental task entry:default@ProcessResource is up-to-date.
[2026-09-10T20:45:25.826] [DEBUG] debug-file - There is no need to refresh cache, since the incremental task entry:default@GenerateLoaderJson is up-to-date.
[2026-09-10T20:45:25.826] [DEBUG] debug-file - There is no need to refresh cache, since the incremental task entry:default@ProcessLibs is up-to-date.
[2026-09-10T20:45:25.826] [DEBUG] debug-file - There is no need to refresh cache, since the incremental task entry:default@CompileResource is up-to-date.
[2026-09-10T20:45:25.826] [DEBUG] debug-file - There is no need to refresh cache, since the incremental task entry:default@DoNativeStrip is up-to-date.
[2026-09-10T20:45:25.826] [DEBUG] debug-file - There is no need to refresh cache, since the incremental task entry:default@CompileArkTS is up-to-date.
[2026-09-10T20:45:25.827] [DEBUG] debug-file - Update task entry:default@BuildJS input file:D:\HW\testproject\complete\6\entry\build\default\intermediates\loader\default cache by regenerate.
[2026-09-10T20:45:25.827] [DEBUG] debug-file - Update task entry:default@BuildJS input file:D:\HW\testproject\complete\6\entry\build\default\intermediates\res\default\resources\rawfile cache by regenerate.
[2026-09-10T20:45:25.828] [DEBUG] debug-file - Update task entry:default@BuildJS input file:D:\HW\testproject\complete\6\entry\build\default\intermediates\res\default\ResourceTable.txt cache by regenerate.
[2026-09-10T20:45:25.828] [DEBUG] debug-file - Update task entry:default@BuildJS input file:D:\HW\testproject\complete\6\entry\build\default\intermediates\res\default\ark_module.json cache by regenerate.
[2026-09-10T20:45:25.828] [DEBUG] debug-file - Update task entry:default@BuildJS input file:D:\HW\testproject\complete\6\entry\build\default\intermediates\res\default\resources\base\profile cache by regenerate.
[2026-09-10T20:45:25.828] [DEBUG] debug-file - Update task entry:default@BuildJS input file:D:\HW\testproject\complete\6\entry\build\default\intermediates\loader\default\pkgContextInfo.json cache by regenerate.
[2026-09-10T20:45:25.828] [DEBUG] debug-file - Update task entry:default@BuildJS output file:D:\HW\testproject\complete\6\entry\build\default\intermediates\loader_out\default\js cache.
[2026-09-10T20:45:25.829] [DEBUG] debug-file - Incremental task entry:default@BuildJS post-execution cost:3 ms .
[2026-09-10T20:45:25.829] [DEBUG] debug-file - There is no need to refresh cache, since the incremental task entry:default@CacheNativeLibs is up-to-date.
[2026-09-10T20:45:25.829] [DEBUG] debug-file - There is no need to refresh cache, since the incremental task entry:default@GeneratePkgModuleJson is up-to-date.
[2026-09-10T20:45:25.829] [DEBUG] debug-file - Incremental task entry:default@ProcessCompiledResources post-execution cost:1 ms .
[2026-09-10T20:45:25.829] [DEBUG] debug-file - There is no need to refresh cache, since the incremental task entry:default@PackageHap is up-to-date.
[2026-09-10T20:45:25.829] [DEBUG] debug-file - Update task entry:default@SignHap input file:D:\HW\testproject\complete\6\entry\build\default\outputs\default\entry-default-unsigned.hap cache by regenerate.
[2026-09-10T20:45:25.829] [DEBUG] debug-file - Update task entry:default@SignHap output file:D:\HW\testproject\complete\6\entry\build\default\outputs\default\entry-default-signed.hap cache.
[2026-09-10T20:45:25.829] [DEBUG] debug-file - Incremental task entry:default@SignHap post-execution cost:1 ms .
[2026-09-10T20:45:25.830] [DEBUG] debug-file - Update task entry:default@CollectDebugSymbol input file:D:\HW\testproject\complete\6\entry\build\default\intermediates\loader_out\default\ets\sourceMaps.map cache by regenerate.
[2026-09-10T20:45:25.830] [DEBUG] debug-file - Update task entry:default@CollectDebugSymbol input file:D:\HW\testproject\complete\6\entry\build\default\intermediates\libs\default cache by regenerate.
[2026-09-10T20:45:25.830] [DEBUG] debug-file - Update task entry:default@CollectDebugSymbol output file:D:\HW\testproject\complete\6\entry\build\default\outputs\default\symbol cache.
[2026-09-10T20:45:25.830] [DEBUG] debug-file - Incremental task entry:default@CollectDebugSymbol post-execution cost:2 ms .
[2026-09-10T20:45:25.831] [DEBUG] debug-file - There is no need to refresh cache, since the incremental task :MakeProjectPackInfo is up-to-date.
[2026-09-10T20:45:25.831] [DEBUG] debug-file - There is no need to refresh cache, since the incremental task :ProcessProjectPrivacyProfile is up-to-date.
[2026-09-10T20:45:25.831] [DEBUG] debug-file - There is no need to refresh cache, since the incremental task :GeneratePackRes is up-to-date.
[2026-09-10T20:45:25.831] [DEBUG] debug-file - Update task :PackageApp input file:D:\HW\testproject\complete\6\build\outputs\default\pack.info cache by regenerate.
[2026-09-10T20:45:25.831] [DEBUG] debug-file - Update task :PackageApp input file:D:\HW\testproject\complete\6\entry\build\default\outputs\default\entry-default-unsigned.hap cache by regenerate.
[2026-09-10T20:45:25.831] [DEBUG] debug-file - Update task :PackageApp input file:D:\HW\testproject\complete\6\build\outputs\default\pac.json cache by regenerate.
[2026-09-10T20:45:25.831] [DEBUG] debug-file - Update task :PackageApp output file:D:\HW\testproject\complete\6\build\outputs\default\6-default-unsigned.app cache.
[2026-09-10T20:45:25.831] [DEBUG] debug-file - Update task :PackageApp output file:D:\HW\testproject\complete\6\entry\build\default\outputs\default\app\entry-default.hap cache.
[2026-09-10T20:45:25.831] [DEBUG] debug-file - Update task :PackageApp output file:D:\HW\testproject\complete\6\build\outputs\default\symbol\debug cache.
[2026-09-10T20:45:25.831] [DEBUG] debug-file - Incremental task :PackageApp post-execution cost:1 ms .
[2026-09-10T20:45:25.832] [DEBUG] debug-file - Update task :SignPackagesFromApp input file:D:\HW\testproject\complete\6\build\outputs\default\6-default-unsigned.app cache from map.
[2026-09-10T20:45:25.832] [DEBUG] debug-file - Incremental task :SignPackagesFromApp post-execution cost:1 ms .
[2026-09-10T20:45:25.832] [DEBUG] debug-file - Update task :SignApp input file:D:\HW\testproject\complete\6\build\outputs\default\6-default-unsigned.app cache from map.
[2026-09-10T20:45:25.832] [DEBUG] debug-file - Update task :SignApp output file:D:\HW\testproject\complete\6\build\outputs\default\6-default-signed.app cache.
[2026-09-10T20:45:25.832] [DEBUG] debug-file - Incremental task :SignApp post-execution cost:1 ms .
[2026-09-10T20:45:25.842] [DEBUG] debug-file - hvigor build process will be closed.
[2026-09-10T20:45:25.850] [DEBUG] debug-file - session manager: send message to worker process. WorkerThreadId: 0, data: {"type":"hvigor_failed","reason":"Server has disconnected."}
[2026-09-10T20:45:25.850] [DEBUG] debug-file - session manager: send message to worker process. WorkerThreadId: 0, data: {"type":"CloseWatch","reason":"Server has disconnected."}
[2026-09-10T20:45:25.851] [DEBUG] debug-file - watch worker: worker id should be larger than 0. Nothing will be sent to any worker thread.
[2026-09-10T20:45:25.851] [DEBUG] debug-file - ABORT_WORK sent to workers.
[2026-09-10T20:45:25.851] [DEBUG] debug-file - watch worker: worker id should be larger than 0. Nothing will be sent to any worker thread.
[2026-09-10T20:46:32.100] [DEBUG] debug-file - env: daemon=true
[2026-09-10T20:46:32.070] [DEBUG] debug-file - env: nodejsVersion=v24.14.1
[2026-09-10T20:46:32.072] [DEBUG] debug-file - env: hvigor-config.json5 content = {
  modelVersion: '6.0.1',
  dependencies: {},
  execution: {},
  logging: {},
  debugging: {},
  nodeOptions: {}
}
[2026-09-10T20:46:32.613] [DEBUG] debug-file - session manager: set active socket. socketId=bb0B_Dh04GzC-EV7AAAJ
[2026-09-10T20:46:32.623] [DEBUG] debug-file - watch worker: worker id should be larger than 0. Nothing will be sent to any worker thread.
[2026-09-10T20:46:32.626] [DEBUG] debug-file - Workers' log level updated to INFO
[2026-09-10T20:46:32.628] [DEBUG] debug-file - Hvigor init with startParameters:{
  hvigorfileTypeCheck: false,
  parallelExecution: true,
  incrementalExecution: true,
  printStackTrace: false,
  daemon: true,
  analyze: 0,
  logLevel: Level { level: 20000, levelStr: 'INFO', colour: 'green' },
  optimizationStrategy: 'memory',
  hotCompile: undefined,
  hotReloadBuild: undefined,
  customizedParam: undefined
}
[2026-09-10T20:46:32.633] [DEBUG] debug-file - Cache service initialization finished in 5 ms 
[2026-09-10T20:46:32.634] [DEBUG] debug-file - hvigorfile, resolving D:\HW\testproject\complete\6\hvigorfile.ts
[2026-09-10T20:46:32.639] [DEBUG] debug-file - hvigorfile, require result:  { default: { plugins: [] } }
[2026-09-10T20:46:32.639] [DEBUG] debug-file - hvigorfile, binding system plugins null
[2026-09-10T20:46:32.639] [DEBUG] debug-file - Starting plugin build process
[2026-09-10T20:46:32.639] [DEBUG] debug-file - App plugin prepare start...
[2026-09-10T20:46:32.639] [DEBUG] debug-file - App plugin prepare end...
[2026-09-10T20:46:32.639] [DEBUG] debug-file - App plugin creating...
[2026-09-10T20:46:32.643] [DEBUG] debug-file - App plugin register hook start...
[2026-09-10T20:46:32.643] [DEBUG] debug-file - App plugin register hook end...
[2026-09-10T20:46:32.643] [DEBUG] debug-file - Plugin build process completed
[2026-09-10T20:46:32.644] [DEBUG] debug-file - Start initialize project's product build option map with build mode debug.
[2026-09-10T20:46:32.644] [DEBUG] debug-file - Picking option from product 'default' with build mode 'debug'.
[2026-09-10T20:46:32.644] [DEBUG] debug-file - Product 'default' build option initialized
[2026-09-10T20:46:32.644] [DEBUG] debug-file - End initialize project's product build option map with build mode 'debug'.
[2026-09-10T20:46:32.644] [DEBUG] debug-file - Obtain build option for product 'default'in this build.
[2026-09-10T20:46:32.645] [DEBUG] debug-file - No signingConfig found, initRemoteHspCache failed.
[2026-09-10T20:46:32.646] [DEBUG] debug-file - Start recording SDK configuration permission data.
[2026-09-10T20:46:32.666] [DEBUG] debug-file - Sdk init in 21 ms 
[2026-09-10T20:46:32.668] [DEBUG] debug-file - Project task initialization takes 2 ms 
[2026-09-10T20:46:32.668] [DEBUG] debug-file - hvigorfile, begin to bind custom plugins...
[2026-09-10T20:46:32.668] [DEBUG] debug-file - hvigorfile, no custom plugins were found in D:\HW\testproject\complete\6\hvigorfile.ts
[2026-09-10T20:46:32.668] [DEBUG] debug-file - hvigorfile, resolve finished D:\HW\testproject\complete\6\hvigorfile.ts
[2026-09-10T20:46:32.668] [DEBUG] debug-file - hvigorfile, resolving D:\HW\testproject\complete\6\entry\hvigorfile.ts
[2026-09-10T20:46:32.672] [DEBUG] debug-file - hvigorfile, require result:  { default: { plugins: [] } }
[2026-09-10T20:46:32.672] [DEBUG] debug-file - hvigorfile, binding system plugins null
[2026-09-10T20:46:32.672] [DEBUG] debug-file - Starting plugin build process
[2026-09-10T20:46:32.672] [DEBUG] debug-file - Hap plugin creating...
[2026-09-10T20:46:32.672] [DEBUG] debug-file - failed to load cangjie to dynamically generate schemas: Error: Cannot find module '@ohos/cangjie-build-support/index'
Require stack:
- E:\DevEco Studio\tools\hvigor\hvigor-ohos-plugin\src\plugin\hooks\cangjie-register.js
- E:\DevEco Studio\tools\hvigor\hvigor-ohos-plugin\src\plugin\strategy\stage-init-strategy.js
- E:\DevEco Studio\tools\hvigor\hvigor-ohos-plugin\src\plugin\builder\abstract-plugin-builder.js
- E:\DevEco Studio\tools\hvigor\hvigor-ohos-plugin\src\plugin\builder\app-plugin-builder.js
- E:\DevEco Studio\tools\hvigor\hvigor-ohos-plugin\src\plugin\factory\plugin-factory.js
- E:\DevEco Studio\tools\hvigor\hvigor-ohos-plugin\index.js
- D:\HW\testproject\complete\6\hvigorfile.ts
- E:\DevEco Studio\tools\hvigor\hvigor\src\base\internal\lifecycle\configuration.js
- E:\DevEco Studio\tools\hvigor\hvigor\src\base\boot\index.js
- E:\DevEco Studio\tools\hvigor\hvigor\src\base\daemon\cluster\worker-process-lifecycle.js
- E:\DevEco Studio\tools\hvigor\hvigor\src\base\daemon\process\daemon-process-boot-script.js
[2026-09-10T20:46:32.674] [DEBUG] debug-file - Start initialize module-target build option map, moduleName=entry, buildMode=debug
[2026-09-10T20:46:32.674] [DEBUG] debug-file - Target 'default' config initialized
[2026-09-10T20:46:32.674] [DEBUG] debug-file - Target 'ohosTest' config initialized
[2026-09-10T20:46:32.674] [DEBUG] debug-file - Module 'entry' target 'default' build option initialized
[2026-09-10T20:46:32.674] [DEBUG] debug-file - Module 'entry' target 'ohosTest' build option initialized
[2026-09-10T20:46:32.674] [DEBUG] debug-file - End initialize module-target build option map, moduleName=entry
[2026-09-10T20:46:32.674] [DEBUG] debug-file - Start initialize module-target build option map, moduleName=entry, buildMode=release
[2026-09-10T20:46:32.674] [DEBUG] debug-file - Target 'default' config initialized
[2026-09-10T20:46:32.675] [DEBUG] debug-file - Target 'ohosTest' config initialized
[2026-09-10T20:46:32.675] [DEBUG] debug-file - Module 'entry' target 'default' build option initialized
[2026-09-10T20:46:32.675] [DEBUG] debug-file - Module 'entry' target 'ohosTest' build option initialized
[2026-09-10T20:46:32.675] [DEBUG] debug-file - End initialize module-target build option map, moduleName=entry
[2026-09-10T20:46:32.675] [DEBUG] debug-file - Start initialize module-target build option map, moduleName=entry, buildMode=debug
[2026-09-10T20:46:32.675] [DEBUG] debug-file - Target 'default' config initialized
[2026-09-10T20:46:32.675] [DEBUG] debug-file - Target 'ohosTest' config initialized
[2026-09-10T20:46:32.675] [DEBUG] debug-file - Module 'entry' target 'default' build option initialized
[2026-09-10T20:46:32.676] [DEBUG] debug-file - Module 'entry' target 'ohosTest' build option initialized
[2026-09-10T20:46:32.676] [DEBUG] debug-file - End initialize module-target build option map, moduleName=entry
[2026-09-10T20:46:32.676] [DEBUG] debug-file - Obtain build option for module 'entry' target 'default'in this build.
[2026-09-10T20:46:32.677] [DEBUG] debug-file - Module entry task initialization takes 2 ms 
[2026-09-10T20:46:32.678] [DEBUG] debug-file - Hap plugin register hook start...
[2026-09-10T20:46:32.678] [DEBUG] debug-file - Hap plugin register hook end...
[2026-09-10T20:46:32.678] [DEBUG] debug-file - Plugin build process completed
[2026-09-10T20:46:32.678] [DEBUG] debug-file - hvigorfile, begin to bind custom plugins...
[2026-09-10T20:46:32.678] [DEBUG] debug-file - hvigorfile, no custom plugins were found in D:\HW\testproject\complete\6\entry\hvigorfile.ts
[2026-09-10T20:46:32.678] [DEBUG] debug-file - hvigorfile, resolve finished D:\HW\testproject\complete\6\entry\hvigorfile.ts
[2026-09-10T20:46:32.706] [DEBUG] debug-file - hvigorfile, resolve hvigorfile dependencies in 29 ms 
[2026-09-10T20:46:32.706] [DEBUG] debug-file - project has submodules:entry
[2026-09-10T20:46:32.707] [DEBUG] debug-file - start to load updatedOhPackageInfo to the disk
[2026-09-10T20:46:32.708] [DEBUG] debug-file - load to the disk finished
[2026-09-10T20:46:32.709] [DEBUG] debug-file - Start to initialize dependency information.
[2026-09-10T20:46:32.711] [DEBUG] debug-file - Module 6 Collected Dependency: 
[2026-09-10T20:46:32.711] [DEBUG] debug-file - Module 6's total dependency: 0
[2026-09-10T20:46:32.711] [DEBUG] debug-file - Start to initialize dependency information.
[2026-09-10T20:46:32.712] [DEBUG] debug-file - Module entry Collected Dependency: 
[2026-09-10T20:46:32.712] [DEBUG] debug-file - Module entry's total dependency: 0
[2026-09-10T20:46:32.713] [DEBUG] debug-file - Configuration phase cost:80 ms 
[2026-09-10T20:46:32.714] [DEBUG] debug-file - Configuration task cost before running: 87 ms 
[2026-09-10T20:46:32.714] [DEBUG] debug-file - Executing task ::PreBuildApp
[2026-09-10T20:46:32.714] [DEBUG] debug-file - 6 : PreBuildApp cost memory 0.0144805908203125
[2026-09-10T20:46:32.714] [DEBUG] debug-file - runTaskFromQueue task cost before running: 88 ms 
[2026-09-10T20:46:32.714] [INFO] debug-file - Finished ::PreBuildApp... after 1 ms 
[2026-09-10T20:46:32.716] [DEBUG] debug-file - Executing task :entry:default@PreBuild
[2026-09-10T20:46:32.717] [DEBUG] debug-file - Task 'entry:default@PreBuild' cost while wrapping incremental declarations: 1 ms 
[2026-09-10T20:46:32.721] [DEBUG] debug-file - Incremental task entry:default@PreBuild pre-execution cost: 3 ms .
[2026-09-10T20:46:32.721] [DEBUG] debug-file - entry : default@PreBuild cost memory 0.53448486328125
[2026-09-10T20:46:32.723] [INFO] debug-file - UP-TO-DATE :entry:default@PreBuild...  
[2026-09-10T20:46:32.723] [DEBUG] debug-file - Executing task ::DuplicateDependencyCheck
[2026-09-10T20:46:32.723] [DEBUG] debug-file - 6 : DuplicateDependencyCheck cost memory 0.01363372802734375
[2026-09-10T20:46:32.723] [DEBUG] debug-file - runTaskFromQueue task cost before running: 97 ms 
[2026-09-10T20:46:32.723] [INFO] debug-file - Finished ::DuplicateDependencyCheck... after 1 ms 
[2026-09-10T20:46:32.724] [DEBUG] debug-file - Executing task :entry:default@CreateModuleInfo
[2026-09-10T20:46:32.724] [DEBUG] debug-file - Task 'entry:default@CreateModuleInfo' cost while wrapping incremental declarations: 1 ms 
[2026-09-10T20:46:32.725] [DEBUG] debug-file - entry : default@CreateModuleInfo cost memory 0.03920745849609375
[2026-09-10T20:46:32.725] [DEBUG] debug-file - runTaskFromQueue task cost before running: 99 ms 
[2026-09-10T20:46:32.725] [INFO] debug-file - Finished :entry:default@CreateModuleInfo... after 1 ms 
[2026-09-10T20:46:32.726] [DEBUG] debug-file - Executing task :entry:default@GenerateMetadata
[2026-09-10T20:46:32.726] [DEBUG] debug-file - Task 'entry:default@GenerateMetadata' cost while wrapping incremental declarations: 1 ms 
[2026-09-10T20:46:32.727] [DEBUG] debug-file - Incremental task entry:default@GenerateMetadata pre-execution cost: 1 ms .
[2026-09-10T20:46:32.727] [DEBUG] debug-file - entry : default@GenerateMetadata cost memory 0.0745697021484375
[2026-09-10T20:46:32.727] [INFO] debug-file - UP-TO-DATE :entry:default@GenerateMetadata...  
[2026-09-10T20:46:32.728] [DEBUG] debug-file - Executing task :entry:default@ConfigureCmake
[2026-09-10T20:46:32.728] [DEBUG] debug-file - entry : default@ConfigureCmake cost memory 0.01435089111328125
[2026-09-10T20:46:32.728] [DEBUG] debug-file - runTaskFromQueue task cost before running: 102 ms 
[2026-09-10T20:46:32.728] [INFO] debug-file - Finished :entry:default@ConfigureCmake... after 1 ms 
[2026-09-10T20:46:32.729] [DEBUG] debug-file - Executing task :entry:default@MergeProfile
[2026-09-10T20:46:32.729] [DEBUG] debug-file - Task 'entry:default@MergeProfile' cost while wrapping incremental declarations: 1 ms 
[2026-09-10T20:46:32.730] [DEBUG] debug-file - Incremental task entry:default@MergeProfile pre-execution cost: 1 ms .
[2026-09-10T20:46:32.730] [DEBUG] debug-file - entry : default@MergeProfile cost memory 0.11809539794921875
[2026-09-10T20:46:32.730] [INFO] debug-file - UP-TO-DATE :entry:default@MergeProfile...  
[2026-09-10T20:46:32.731] [DEBUG] debug-file - Executing task :entry:default@CreateBuildProfile
[2026-09-10T20:46:32.732] [DEBUG] debug-file - Task 'entry:default@CreateBuildProfile' cost while wrapping incremental declarations: 1 ms 
[2026-09-10T20:46:32.732] [DEBUG] debug-file - Incremental task entry:default@CreateBuildProfile pre-execution cost: 1 ms .
[2026-09-10T20:46:32.733] [DEBUG] debug-file - entry : default@CreateBuildProfile cost memory 0.10280609130859375
[2026-09-10T20:46:32.733] [INFO] debug-file - UP-TO-DATE :entry:default@CreateBuildProfile...  
[2026-09-10T20:46:32.734] [DEBUG] debug-file - Executing task :entry:default@PreCheckSyscap
[2026-09-10T20:46:32.734] [DEBUG] debug-file - entry : default@PreCheckSyscap cost memory 0.01508331298828125
[2026-09-10T20:46:32.734] [DEBUG] debug-file - runTaskFromQueue task cost before running: 108 ms 
[2026-09-10T20:46:32.734] [INFO] debug-file - Finished :entry:default@PreCheckSyscap... after 1 ms 
[2026-09-10T20:46:32.735] [DEBUG] debug-file - Executing task :entry:default@GeneratePkgContextInfo
[2026-09-10T20:46:32.736] [DEBUG] debug-file - Task 'entry:default@GeneratePkgContextInfo' cost while wrapping incremental declarations: 1 ms 
[2026-09-10T20:46:32.737] [DEBUG] debug-file - Incremental task entry:default@GeneratePkgContextInfo pre-execution cost: 1 ms .
[2026-09-10T20:46:32.737] [DEBUG] debug-file - entry : default@GeneratePkgContextInfo cost memory 0.16973876953125
[2026-09-10T20:46:32.737] [INFO] debug-file - UP-TO-DATE :entry:default@GeneratePkgContextInfo...  
[2026-09-10T20:46:32.738] [DEBUG] debug-file - Executing task :entry:default@GeneratePkgSdkInfo
[2026-09-10T20:46:32.740] [DEBUG] debug-file - Task 'entry:default@GeneratePkgSdkInfo' cost while wrapping incremental declarations: 1 ms 
[2026-09-10T20:46:32.740] [DEBUG] debug-file - entry : default@GeneratePkgSdkInfo cost memory 0.0989532470703125
[2026-09-10T20:46:32.740] [DEBUG] debug-file - runTaskFromQueue task cost before running: 114 ms 
[2026-09-10T20:46:32.740] [INFO] debug-file - Finished :entry:default@GeneratePkgSdkInfo... after 2 ms 
[2026-09-10T20:46:32.742] [DEBUG] debug-file - Executing task :entry:default@ProcessIntegratedHsp
[2026-09-10T20:46:32.743] [DEBUG] debug-file - entry:default@ProcessIntegratedHsp is not up-to-date, since the output file 'D:\HW\testproject\complete\6\build\cache\default\integrated_hsp\integratedHspCache.json' does not exist.
[2026-09-10T20:46:32.743] [DEBUG] debug-file - Incremental task entry:default@ProcessIntegratedHsp pre-execution cost: 1 ms .
[2026-09-10T20:46:32.743] [DEBUG] debug-file - entry : default@ProcessIntegratedHsp cost memory 0.04932403564453125
[2026-09-10T20:46:32.743] [DEBUG] debug-file - runTaskFromQueue task cost before running: 117 ms 
[2026-09-10T20:46:32.743] [INFO] debug-file - Finished :entry:default@ProcessIntegratedHsp... after 1 ms 
[2026-09-10T20:46:32.744] [DEBUG] debug-file - Executing task :entry:default@BuildNativeWithCmake
[2026-09-10T20:46:32.744] [DEBUG] debug-file - entry : default@BuildNativeWithCmake cost memory 0.01436614990234375
[2026-09-10T20:46:32.744] [DEBUG] debug-file - runTaskFromQueue task cost before running: 118 ms 
[2026-09-10T20:46:32.744] [INFO] debug-file - Finished :entry:default@BuildNativeWithCmake... after 1 ms 
[2026-09-10T20:46:32.745] [DEBUG] debug-file - Executing task :entry:default@MakePackInfo
[2026-09-10T20:46:32.747] [DEBUG] debug-file - Incremental task entry:default@MakePackInfo pre-execution cost: 2 ms .
[2026-09-10T20:46:32.747] [DEBUG] debug-file - entry : default@MakePackInfo cost memory 0.10634613037109375
[2026-09-10T20:46:32.748] [INFO] debug-file - UP-TO-DATE :entry:default@MakePackInfo...  
[2026-09-10T20:46:32.749] [DEBUG] debug-file - Executing task :entry:default@SyscapTransform
[2026-09-10T20:46:32.749] [DEBUG] debug-file - File: 'D:\HW\testproject\complete\6\entry\src\main\syscap.json' from 'sysCapJsonPath' is not exists, just ignore.
[2026-09-10T20:46:32.749] [DEBUG] debug-file - Task 'entry:default@SyscapTransform' cost while wrapping incremental declarations: 1 ms 
[2026-09-10T20:46:32.750] [DEBUG] debug-file - entry:default@SyscapTransform is not up-to-date, since the output file 'D:\HW\testproject\complete\6\entry\build\default\intermediates\syscap\default\rpcid.sc' does not exist.
[2026-09-10T20:46:32.750] [DEBUG] debug-file - Incremental task entry:default@SyscapTransform pre-execution cost: 1 ms .
[2026-09-10T20:46:32.750] [DEBUG] debug-file - entry : default@SyscapTransform cost memory 0.112457275390625
[2026-09-10T20:46:32.750] [DEBUG] debug-file - runTaskFromQueue task cost before running: 124 ms 
[2026-09-10T20:46:32.751] [INFO] debug-file - Finished :entry:default@SyscapTransform... after 2 ms 
[2026-09-10T20:46:32.751] [DEBUG] debug-file - Executing task :entry:default@ProcessProfile
[2026-09-10T20:46:32.752] [DEBUG] debug-file - Task 'entry:default@ProcessProfile' cost while wrapping incremental declarations: 1 ms 
[2026-09-10T20:46:32.753] [DEBUG] debug-file - Incremental task entry:default@ProcessProfile pre-execution cost: 1 ms .
[2026-09-10T20:46:32.753] [DEBUG] debug-file - entry : default@ProcessProfile cost memory 0.12566375732421875
[2026-09-10T20:46:32.753] [INFO] debug-file - UP-TO-DATE :entry:default@ProcessProfile...  
[2026-09-10T20:46:32.753] [DEBUG] debug-file - Executing task :entry:default@ProcessRouterMap
[2026-09-10T20:46:32.755] [DEBUG] debug-file - Incremental task entry:default@ProcessRouterMap pre-execution cost: 1 ms .
[2026-09-10T20:46:32.755] [DEBUG] debug-file - entry : default@ProcessRouterMap cost memory 0.15729522705078125
[2026-09-10T20:46:32.755] [INFO] debug-file - UP-TO-DATE :entry:default@ProcessRouterMap...  
[2026-09-10T20:46:32.756] [DEBUG] debug-file - Executing task :entry:default@ProcessShareConfig
[2026-09-10T20:46:32.757] [DEBUG] debug-file - Incremental task entry:default@ProcessShareConfig pre-execution cost: 1 ms .
[2026-09-10T20:46:32.757] [DEBUG] debug-file - entry : default@ProcessShareConfig cost memory 0.1072235107421875
[2026-09-10T20:46:32.758] [INFO] debug-file - UP-TO-DATE :entry:default@ProcessShareConfig...  
[2026-09-10T20:46:32.758] [DEBUG] debug-file - Executing task :entry:default@ProcessStartupConfig
[2026-09-10T20:46:32.758] [DEBUG] debug-file - Task 'entry:default@ProcessStartupConfig' cost while wrapping incremental declarations: 1 ms 
[2026-09-10T20:46:32.759] [DEBUG] debug-file - entry:default@ProcessStartupConfig is not up-to-date, since the output file 'D:\HW\testproject\complete\6\entry\build\default\intermediates\startup\default\startup_config.json' does not exist.
[2026-09-10T20:46:32.759] [DEBUG] debug-file - Incremental task entry:default@ProcessStartupConfig pre-execution cost: 1 ms .
[2026-09-10T20:46:32.759] [DEBUG] debug-file - entry : default@ProcessStartupConfig cost memory 0.112274169921875
[2026-09-10T20:46:32.759] [DEBUG] debug-file - runTaskFromQueue task cost before running: 133 ms 
[2026-09-10T20:46:32.760] [INFO] debug-file - Finished :entry:default@ProcessStartupConfig... after 2 ms 
[2026-09-10T20:46:32.760] [DEBUG] debug-file - Executing task :entry:default@BuildNativeWithNinja
[2026-09-10T20:46:32.760] [DEBUG] debug-file - entry : default@BuildNativeWithNinja cost memory 0.01929473876953125
[2026-09-10T20:46:32.760] [DEBUG] debug-file - runTaskFromQueue task cost before running: 134 ms 
[2026-09-10T20:46:32.760] [INFO] debug-file - Finished :entry:default@BuildNativeWithNinja... after 1 ms 
[2026-09-10T20:46:32.761] [DEBUG] debug-file - restool module names: entry; moduleName=entry, taskName=default@ProcessResource
[2026-09-10T20:46:32.762] [DEBUG] debug-file - Executing task :entry:default@ProcessResource
[2026-09-10T20:46:32.762] [DEBUG] debug-file - Task 'entry:default@ProcessResource' cost while wrapping incremental declarations: 1 ms 
[2026-09-10T20:46:32.763] [DEBUG] debug-file - Incremental task entry:default@ProcessResource pre-execution cost: 1 ms .
[2026-09-10T20:46:32.763] [DEBUG] debug-file - entry : default@ProcessResource cost memory -0.10507965087890625
[2026-09-10T20:46:32.763] [INFO] debug-file - UP-TO-DATE :entry:default@ProcessResource...  
[2026-09-10T20:46:32.764] [DEBUG] debug-file - Executing task :entry:default@GenerateLoaderJson
[2026-09-10T20:46:32.765] [DEBUG] debug-file - Task 'entry:default@GenerateLoaderJson' cost while wrapping incremental declarations: 1 ms 
[2026-09-10T20:46:32.769] [DEBUG] debug-file - Incremental task entry:default@GenerateLoaderJson pre-execution cost: 3 ms .
[2026-09-10T20:46:32.769] [DEBUG] debug-file - entry : default@GenerateLoaderJson cost memory 0.36220550537109375
[2026-09-10T20:46:32.771] [INFO] debug-file - UP-TO-DATE :entry:default@GenerateLoaderJson...  
[2026-09-10T20:46:32.771] [DEBUG] debug-file - Executing task :entry:default@ProcessLibs
[2026-09-10T20:46:32.771] [DEBUG] debug-file - Task 'entry:default@ProcessLibs' cost while wrapping incremental declarations: 1 ms 
[2026-09-10T20:46:32.772] [DEBUG] debug-file - Incremental task entry:default@ProcessLibs pre-execution cost: 1 ms .
[2026-09-10T20:46:32.772] [DEBUG] debug-file - entry : default@ProcessLibs cost memory 0.0908050537109375
[2026-09-10T20:46:32.773] [INFO] debug-file - UP-TO-DATE :entry:default@ProcessLibs...  
[2026-09-10T20:46:32.774] [DEBUG] debug-file - restool module names: entry; moduleName=entry, taskName=default@CompileResource
[2026-09-10T20:46:32.774] [DEBUG] debug-file - Executing task :entry:default@CompileResource
[2026-09-10T20:46:32.780] [DEBUG] debug-file - Incremental task entry:default@CompileResource pre-execution cost: 6 ms .
[2026-09-10T20:46:32.780] [DEBUG] debug-file - entry : default@CompileResource cost memory 0.55230712890625
[2026-09-10T20:46:32.782] [INFO] debug-file - UP-TO-DATE :entry:default@CompileResource...  
[2026-09-10T20:46:32.783] [DEBUG] debug-file - Executing task :entry:default@DoNativeStrip
[2026-09-10T20:46:32.783] [DEBUG] debug-file - File: 'D:\HW\testproject\complete\6\entry\build\default\intermediates\binxo\default' from 'doBinxoNativeLibs' is not exists, just ignore.
[2026-09-10T20:46:32.783] [DEBUG] debug-file - Task 'entry:default@DoNativeStrip' cost while wrapping incremental declarations: 1 ms 
[2026-09-10T20:46:32.784] [DEBUG] debug-file - Incremental task entry:default@DoNativeStrip pre-execution cost: 1 ms .
[2026-09-10T20:46:32.784] [DEBUG] debug-file - entry : default@DoNativeStrip cost memory 0.07201385498046875
[2026-09-10T20:46:32.784] [INFO] debug-file - UP-TO-DATE :entry:default@DoNativeStrip...  
[2026-09-10T20:46:32.785] [DEBUG] debug-file - Executing task :entry:default@CompileArkTS
[2026-09-10T20:46:32.786] [DEBUG] debug-file - obfuscationOptions: undefined
[2026-09-10T20:46:32.786] [DEBUG] debug-file - Task 'entry:default@CompileArkTS' cost while wrapping incremental declarations: 1 ms 
[2026-09-10T20:46:32.792] [DEBUG] debug-file - Incremental task entry:default@CompileArkTS pre-execution cost: 5 ms .
[2026-09-10T20:46:32.792] [DEBUG] debug-file - entry : default@CompileArkTS cost memory 0.472625732421875
[2026-09-10T20:46:32.793] [INFO] debug-file - UP-TO-DATE :entry:default@CompileArkTS...  
[2026-09-10T20:46:32.794] [DEBUG] debug-file - Executing task :entry:default@BuildJS
[2026-09-10T20:46:32.794] [DEBUG] debug-file - Task 'entry:default@BuildJS' cost while wrapping incremental declarations: 1 ms 
[2026-09-10T20:46:32.796] [DEBUG] debug-file - entry : default@BuildJS cost memory 0.1235504150390625
[2026-09-10T20:46:32.796] [DEBUG] debug-file - runTaskFromQueue task cost before running: 170 ms 
[2026-09-10T20:46:32.796] [INFO] debug-file - Finished :entry:default@BuildJS... after 3 ms 
[2026-09-10T20:46:32.797] [DEBUG] debug-file - Executing task :entry:default@CacheNativeLibs
[2026-09-10T20:46:32.797] [DEBUG] debug-file - File: 'D:\HW\testproject\complete\6\entry\build\default\intermediates\binxo\default' from 'cacheBinxoNativeLibs' is not exists, just ignore.
[2026-09-10T20:46:32.797] [DEBUG] debug-file - Task 'entry:default@CacheNativeLibs' cost while wrapping incremental declarations: 1 ms 
[2026-09-10T20:46:32.798] [DEBUG] debug-file - Incremental task entry:default@CacheNativeLibs pre-execution cost: 1 ms .
[2026-09-10T20:46:32.798] [DEBUG] debug-file - entry : default@CacheNativeLibs cost memory 0.084381103515625
[2026-09-10T20:46:32.798] [INFO] debug-file - UP-TO-DATE :entry:default@CacheNativeLibs...  
[2026-09-10T20:46:32.798] [DEBUG] debug-file - Executing task :entry:default@GeneratePkgModuleJson
[2026-09-10T20:46:32.799] [DEBUG] debug-file - File: 'D:\HW\testproject\complete\6\entry\build\default\intermediates\preload\default\preload.json' from 'preloadSoJsonPath' is not exists, just ignore.
[2026-09-10T20:46:32.799] [DEBUG] debug-file - Error occurs while handling @Input 'shouldDeduplicateHar': The "data" argument must be of type string or an instance of Buffer, TypedArray, or DataView. Received undefined
[2026-09-10T20:46:32.799] [DEBUG] debug-file - Task 'entry:default@GeneratePkgModuleJson' cost while wrapping incremental declarations: 1 ms 
[2026-09-10T20:46:32.799] [DEBUG] debug-file - Incremental task entry:default@GeneratePkgModuleJson pre-execution cost: 1 ms .
[2026-09-10T20:46:32.800] [DEBUG] debug-file - entry : default@GeneratePkgModuleJson cost memory 0.0821075439453125
[2026-09-10T20:46:32.800] [INFO] debug-file - UP-TO-DATE :entry:default@GeneratePkgModuleJson...  
[2026-09-10T20:46:32.800] [DEBUG] debug-file - Executing task :entry:default@ProcessCompiledResources
[2026-09-10T20:46:32.800] [DEBUG] debug-file - File: 'D:\HW\testproject\complete\6\entry\build\default\intermediates\preload\default\preload.json' from 'preloadSoJsonPath' is not exists, just ignore.
[2026-09-10T20:46:32.801] [DEBUG] debug-file - Task 'entry:default@ProcessCompiledResources' cost while wrapping incremental declarations: 1 ms 
[2026-09-10T20:46:32.801] [DEBUG] debug-file - entry : default@ProcessCompiledResources cost memory 0.0507965087890625
[2026-09-10T20:46:32.801] [DEBUG] debug-file - runTaskFromQueue task cost before running: 175 ms 
[2026-09-10T20:46:32.801] [INFO] debug-file - Finished :entry:default@ProcessCompiledResources... after 1 ms 
[2026-09-10T20:46:32.802] [DEBUG] debug-file - Executing task :entry:default@PackageHap
[2026-09-10T20:46:32.807] [DEBUG] debug-file - Incremental task entry:default@PackageHap pre-execution cost: 5 ms .
[2026-09-10T20:46:32.807] [DEBUG] debug-file - entry : default@PackageHap cost memory -3.0607528686523438
[2026-09-10T20:46:32.808] [INFO] debug-file - UP-TO-DATE :entry:default@PackageHap...  
[2026-09-10T20:46:32.809] [DEBUG] debug-file - Executing task :entry:default@PackingCheck
[2026-09-10T20:46:32.811] [DEBUG] debug-file - entry : default@PackingCheck cost memory 0.27454376220703125
[2026-09-10T20:46:32.811] [DEBUG] debug-file - runTaskFromQueue task cost before running: 185 ms 
[2026-09-10T20:46:32.811] [INFO] debug-file - Finished :entry:default@PackingCheck... after 3 ms 
[2026-09-10T20:46:32.812] [DEBUG] debug-file - Executing task :entry:default@SignHap
[2026-09-10T20:46:32.813] [WARN] debug-file - Will skip sign 'hos_hap'. No signingConfigs profile is configured in current project.
             If needed, configure the signingConfigs in D:\HW\testproject\complete\6\build-profile.json5.
[2026-09-10T20:46:32.813] [DEBUG] debug-file - entry:default@SignHap is not up-to-date, since the output file 'D:\HW\testproject\complete\6\entry\build\default\outputs\default\entry-default-signed.hap' does not exist.
[2026-09-10T20:46:32.813] [DEBUG] debug-file - Incremental task entry:default@SignHap pre-execution cost: 1 ms .
[2026-09-10T20:46:32.813] [DEBUG] debug-file - entry : default@SignHap cost memory 0.07097625732421875
[2026-09-10T20:46:32.813] [DEBUG] debug-file - runTaskFromQueue task cost before running: 187 ms 
[2026-09-10T20:46:32.813] [INFO] debug-file - Finished :entry:default@SignHap... after 1 ms 
[2026-09-10T20:46:32.814] [DEBUG] debug-file - Executing task :entry:default@CollectDebugSymbol
[2026-09-10T20:46:32.815] [DEBUG] debug-file - entry : default@CollectDebugSymbol cost memory 0.07869720458984375
[2026-09-10T20:46:32.815] [DEBUG] debug-file - runTaskFromQueue task cost before running: 189 ms 
[2026-09-10T20:46:32.815] [INFO] debug-file - Finished :entry:default@CollectDebugSymbol... after 1 ms 
[2026-09-10T20:46:32.815] [DEBUG] debug-file - Executing task :entry:assembleHap
[2026-09-10T20:46:32.816] [DEBUG] debug-file - entry : assembleHap cost memory 0.01222991943359375
[2026-09-10T20:46:32.816] [DEBUG] debug-file - runTaskFromQueue task cost before running: 189 ms 
[2026-09-10T20:46:32.816] [INFO] debug-file - Finished :entry:assembleHap... after 1 ms 
[2026-09-10T20:46:32.816] [DEBUG] debug-file - Executing task ::MakeProjectPackInfo
[2026-09-10T20:46:32.818] [DEBUG] debug-file - Task ':MakeProjectPackInfo' cost while wrapping incremental declarations: 1 ms 
[2026-09-10T20:46:32.818] [DEBUG] debug-file - Incremental task :MakeProjectPackInfo pre-execution cost: 1 ms .
[2026-09-10T20:46:32.819] [DEBUG] debug-file - 6 : MakeProjectPackInfo cost memory 0.1357574462890625
[2026-09-10T20:46:32.819] [INFO] debug-file - UP-TO-DATE ::MakeProjectPackInfo...  
[2026-09-10T20:46:32.819] [DEBUG] debug-file - Executing task ::ProcessProjectPrivacyProfile
[2026-09-10T20:46:32.822] [DEBUG] debug-file - Incremental task :ProcessProjectPrivacyProfile pre-execution cost: 2 ms .
[2026-09-10T20:46:32.822] [DEBUG] debug-file - 6 : ProcessProjectPrivacyProfile cost memory 0.0782623291015625
[2026-09-10T20:46:32.825] [INFO] debug-file - UP-TO-DATE ::ProcessProjectPrivacyProfile...  
[2026-09-10T20:46:32.825] [DEBUG] debug-file - Executing task ::GeneratePackRes
[2026-09-10T20:46:32.826] [DEBUG] debug-file - Incremental task :GeneratePackRes pre-execution cost: 1 ms .
[2026-09-10T20:46:32.826] [DEBUG] debug-file - 6 : GeneratePackRes cost memory 0.03981781005859375
[2026-09-10T20:46:32.826] [INFO] debug-file - UP-TO-DATE ::GeneratePackRes...  
[2026-09-10T20:46:32.826] [DEBUG] debug-file - Executing task ::PackageApp
[2026-09-10T20:46:32.829] [DEBUG] debug-file - Task ':PackageApp' cost while wrapping incremental declarations: 1 ms 
[2026-09-10T20:46:32.831] [DEBUG] debug-file - :PackageApp is not up-to-date, since the output file 'D:\HW\testproject\complete\6\build\outputs\default\symbol\debug' does not exist.
[2026-09-10T20:46:32.831] [DEBUG] debug-file - Incremental task :PackageApp pre-execution cost: 2 ms .
[2026-09-10T20:46:32.839] [DEBUG] debug-file - Use tool [PackageApp]
 [
  'java',
  '-Dfile.encoding=GBK',
  '-jar',
  'E:\\DevEco Studio\\sdk\\default\\openharmony\\toolchains\\lib\\app_packing_tool.jar',
  '--mode',
  'app',
  '--pack-info-path',
  'D:\\HW\\testproject\\complete\\6\\build\\outputs\\default\\pack.info',
  '--hap-path',
  'D:\\HW\\testproject\\complete\\6\\entry\\build\\default\\outputs\\default\\app\\entry-default.hap',
  '--hsp-path',
  '',
  '--force',
  'true',
  '--out-path',
  'D:\\HW\\testproject\\complete\\6\\build\\outputs\\default\\6-default-unsigned.app',
  '--main-module-limit',
  '2',
  '--normal-module-limit',
  '2',
  '--pac-json-path',
  'D:\\HW\\testproject\\complete\\6\\build\\outputs\\default\\pac.json'
]
[2026-09-10T20:46:32.839] [DEBUG] debug-file - current process  memoryUsage: {
  rss: 512540672,
  heapTotal: 135532544,
  heapUsed: 124173056,
  external: 3976170,
  arrayBuffers: 47323
} os memoryUsage :12.985107421875
[2026-09-10T20:46:33.561] [DEBUG] debug-file - 6 : PackageApp cost memory -9.247650146484375
[2026-09-10T20:46:33.561] [DEBUG] debug-file - runTaskFromQueue task cost before running: 935 ms 
[2026-09-10T20:46:33.562] [INFO] debug-file - Finished ::PackageApp... after 735 ms 
[2026-09-10T20:46:33.562] [DEBUG] debug-file - Executing task ::SignPackagesFromApp
[2026-09-10T20:46:33.563] [DEBUG] debug-file - :SignPackagesFromApp is not up-to-date, since the input file 'D:\HW\testproject\complete\6\build\outputs\default\6-default-unsigned.app' has been changed.
[2026-09-10T20:46:33.563] [DEBUG] debug-file - Incremental task :SignPackagesFromApp pre-execution cost: 1 ms .
[2026-09-10T20:46:33.563] [DEBUG] debug-file - 6 : SignPackagesFromApp cost memory 0.06259918212890625
[2026-09-10T20:46:33.564] [DEBUG] debug-file - runTaskFromQueue task cost before running: 937 ms 
[2026-09-10T20:46:33.564] [INFO] debug-file - Finished ::SignPackagesFromApp... after 2 ms 
[2026-09-10T20:46:33.564] [DEBUG] debug-file - Executing task ::SignApp
[2026-09-10T20:46:33.564] [DEBUG] debug-file - signingConfigName of signApp is :  undefined
[2026-09-10T20:46:33.564] [WARN] debug-file - Will skip sign 'app'. No signingConfigs profile is configured in current project.
             If needed, configure the signingConfigs in D:\HW\testproject\complete\6\build-profile.json5.
[2026-09-10T20:46:33.565] [DEBUG] debug-file - :SignApp is not up-to-date, since the input file 'D:\HW\testproject\complete\6\build\outputs\default\6-default-unsigned.app' has been changed.
[2026-09-10T20:46:33.565] [DEBUG] debug-file - Incremental task :SignApp pre-execution cost: 1 ms .
[2026-09-10T20:46:33.565] [DEBUG] debug-file - 6 : SignApp cost memory 0.11045074462890625
[2026-09-10T20:46:33.565] [DEBUG] debug-file - runTaskFromQueue task cost before running: 939 ms 
[2026-09-10T20:46:33.566] [INFO] debug-file - Finished ::SignApp... after 2 ms 
[2026-09-10T20:46:33.566] [DEBUG] debug-file - Executing task ::assembleApp
[2026-09-10T20:46:33.566] [DEBUG] debug-file - 6 : assembleApp cost memory 0.01226043701171875
[2026-09-10T20:46:33.566] [DEBUG] debug-file - runTaskFromQueue task cost before running: 939 ms 
[2026-09-10T20:46:33.566] [INFO] debug-file - Finished ::assembleApp... after 1 ms 
[2026-09-10T20:46:33.566] [INFO] debug-file - BUILD SUCCESSFUL in 940 ms 
[2026-09-10T20:46:33.567] [DEBUG] debug-file - There is no need to refresh cache, since the incremental task entry:default@PreBuild is up-to-date.
[2026-09-10T20:46:33.567] [DEBUG] debug-file - Update task entry:default@CreateModuleInfo output file:D:\HW\testproject\complete\6\entry\build\default\generated\profile\default\ModuleInfo.ts cache.
[2026-09-10T20:46:33.567] [DEBUG] debug-file - Incremental task entry:default@CreateModuleInfo post-execution cost:1 ms .
[2026-09-10T20:46:33.567] [DEBUG] debug-file - There is no need to refresh cache, since the incremental task entry:default@GenerateMetadata is up-to-date.
[2026-09-10T20:46:33.567] [DEBUG] debug-file - There is no need to refresh cache, since the incremental task entry:default@MergeProfile is up-to-date.
[2026-09-10T20:46:33.567] [DEBUG] debug-file - There is no need to refresh cache, since the incremental task entry:default@CreateBuildProfile is up-to-date.
[2026-09-10T20:46:33.567] [DEBUG] debug-file - There is no need to refresh cache, since the incremental task entry:default@GeneratePkgContextInfo is up-to-date.
[2026-09-10T20:46:33.567] [DEBUG] debug-file - Update task entry:default@GeneratePkgSdkInfo output file:D:\HW\testproject\complete\6\entry\build\default\intermediates\loader\default\pkgSdkInfo.json cache.
[2026-09-10T20:46:33.567] [DEBUG] debug-file - Incremental task entry:default@GeneratePkgSdkInfo post-execution cost:1 ms .
[2026-09-10T20:46:33.567] [DEBUG] debug-file - Update task entry:default@ProcessIntegratedHsp output file:D:\HW\testproject\complete\6\build\cache\default\integrated_hsp\integratedHspCache.json cache.
[2026-09-10T20:46:33.567] [DEBUG] debug-file - Incremental task entry:default@ProcessIntegratedHsp post-execution cost:1 ms .
[2026-09-10T20:46:33.567] [DEBUG] debug-file - There is no need to refresh cache, since the incremental task entry:default@MakePackInfo is up-to-date.
[2026-09-10T20:46:33.567] [DEBUG] debug-file - Update task entry:default@SyscapTransform input file:E:\DevEco Studio\sdk\default\openharmony\toolchains\syscap_tool.exe cache by regenerate.
[2026-09-10T20:46:33.567] [DEBUG] debug-file - Update task entry:default@SyscapTransform input file:E:\DevEco Studio\sdk\default\openharmony\ets\api\device-define cache by regenerate.
[2026-09-10T20:46:33.568] [DEBUG] debug-file - Update task entry:default@SyscapTransform output file:D:\HW\testproject\complete\6\entry\build\default\intermediates\syscap\default\rpcid.sc cache.
[2026-09-10T20:46:33.568] [DEBUG] debug-file - Incremental task entry:default@SyscapTransform post-execution cost:1 ms .
[2026-09-10T20:46:33.568] [DEBUG] debug-file - There is no need to refresh cache, since the incremental task entry:default@ProcessProfile is up-to-date.
[2026-09-10T20:46:33.568] [DEBUG] debug-file - There is no need to refresh cache, since the incremental task entry:default@ProcessRouterMap is up-to-date.
[2026-09-10T20:46:33.568] [DEBUG] debug-file - There is no need to refresh cache, since the incremental task entry:default@ProcessShareConfig is up-to-date.
[2026-09-10T20:46:33.568] [DEBUG] debug-file - Update task entry:default@ProcessStartupConfig input file:D:\HW\testproject\complete\6\entry\build\default\intermediates\loader\default\pkgContextInfo.json cache by regenerate.
[2026-09-10T20:46:33.568] [DEBUG] debug-file - Update task entry:default@ProcessStartupConfig output file:D:\HW\testproject\complete\6\entry\build\default\intermediates\startup\default\startup_config.json cache.
[2026-09-10T20:46:33.569] [DEBUG] debug-file - Incremental task entry:default@ProcessStartupConfig post-execution cost:1 ms .
[2026-09-10T20:46:33.569] [DEBUG] debug-file - There is no need to refresh cache, since the incremental task entry:default@ProcessResource is up-to-date.
[2026-09-10T20:46:33.569] [DEBUG] debug-file - There is no need to refresh cache, since the incremental task entry:default@GenerateLoaderJson is up-to-date.
[2026-09-10T20:46:33.569] [DEBUG] debug-file - There is no need to refresh cache, since the incremental task entry:default@ProcessLibs is up-to-date.
[2026-09-10T20:46:33.569] [DEBUG] debug-file - There is no need to refresh cache, since the incremental task entry:default@CompileResource is up-to-date.
[2026-09-10T20:46:33.569] [DEBUG] debug-file - There is no need to refresh cache, since the incremental task entry:default@DoNativeStrip is up-to-date.
[2026-09-10T20:46:33.569] [DEBUG] debug-file - There is no need to refresh cache, since the incremental task entry:default@CompileArkTS is up-to-date.
[2026-09-10T20:46:33.569] [DEBUG] debug-file - Update task entry:default@BuildJS input file:D:\HW\testproject\complete\6\entry\build\default\intermediates\loader\default cache by regenerate.
[2026-09-10T20:46:33.570] [DEBUG] debug-file - Update task entry:default@BuildJS input file:D:\HW\testproject\complete\6\entry\build\default\intermediates\res\default\resources\rawfile cache by regenerate.
[2026-09-10T20:46:33.570] [DEBUG] debug-file - Update task entry:default@BuildJS input file:D:\HW\testproject\complete\6\entry\build\default\intermediates\res\default\ResourceTable.txt cache by regenerate.
[2026-09-10T20:46:33.570] [DEBUG] debug-file - Update task entry:default@BuildJS input file:D:\HW\testproject\complete\6\entry\build\default\intermediates\res\default\ark_module.json cache by regenerate.
[2026-09-10T20:46:33.570] [DEBUG] debug-file - Update task entry:default@BuildJS input file:D:\HW\testproject\complete\6\entry\build\default\intermediates\res\default\resources\base\profile cache by regenerate.
[2026-09-10T20:46:33.570] [DEBUG] debug-file - Update task entry:default@BuildJS input file:D:\HW\testproject\complete\6\entry\build\default\intermediates\loader\default\pkgContextInfo.json cache by regenerate.
[2026-09-10T20:46:33.570] [DEBUG] debug-file - Update task entry:default@BuildJS output file:D:\HW\testproject\complete\6\entry\build\default\intermediates\loader_out\default\js cache.
[2026-09-10T20:46:33.570] [DEBUG] debug-file - Incremental task entry:default@BuildJS post-execution cost:2 ms .
[2026-09-10T20:46:33.570] [DEBUG] debug-file - There is no need to refresh cache, since the incremental task entry:default@CacheNativeLibs is up-to-date.
[2026-09-10T20:46:33.571] [DEBUG] debug-file - There is no need to refresh cache, since the incremental task entry:default@GeneratePkgModuleJson is up-to-date.
[2026-09-10T20:46:33.571] [DEBUG] debug-file - Incremental task entry:default@ProcessCompiledResources post-execution cost:1 ms .
[2026-09-10T20:46:33.571] [DEBUG] debug-file - There is no need to refresh cache, since the incremental task entry:default@PackageHap is up-to-date.
[2026-09-10T20:46:33.571] [DEBUG] debug-file - Update task entry:default@SignHap input file:D:\HW\testproject\complete\6\entry\build\default\outputs\default\entry-default-unsigned.hap cache by regenerate.
[2026-09-10T20:46:33.571] [DEBUG] debug-file - Update task entry:default@SignHap output file:D:\HW\testproject\complete\6\entry\build\default\outputs\default\entry-default-signed.hap cache.
[2026-09-10T20:46:33.571] [DEBUG] debug-file - Incremental task entry:default@SignHap post-execution cost:1 ms .
[2026-09-10T20:46:33.571] [DEBUG] debug-file - Update task entry:default@CollectDebugSymbol input file:D:\HW\testproject\complete\6\entry\build\default\intermediates\loader_out\default\ets\sourceMaps.map cache by regenerate.
[2026-09-10T20:46:33.571] [DEBUG] debug-file - Update task entry:default@CollectDebugSymbol input file:D:\HW\testproject\complete\6\entry\build\default\intermediates\libs\default cache by regenerate.
[2026-09-10T20:46:33.571] [DEBUG] debug-file - Update task entry:default@CollectDebugSymbol output file:D:\HW\testproject\complete\6\entry\build\default\outputs\default\symbol cache.
[2026-09-10T20:46:33.571] [DEBUG] debug-file - Incremental task entry:default@CollectDebugSymbol post-execution cost:1 ms .
[2026-09-10T20:46:33.571] [DEBUG] debug-file - There is no need to refresh cache, since the incremental task :MakeProjectPackInfo is up-to-date.
[2026-09-10T20:46:33.571] [DEBUG] debug-file - There is no need to refresh cache, since the incremental task :ProcessProjectPrivacyProfile is up-to-date.
[2026-09-10T20:46:33.571] [DEBUG] debug-file - There is no need to refresh cache, since the incremental task :GeneratePackRes is up-to-date.
[2026-09-10T20:46:33.572] [DEBUG] debug-file - Update task :PackageApp input file:D:\HW\testproject\complete\6\build\outputs\default\pack.info cache by regenerate.
[2026-09-10T20:46:33.572] [DEBUG] debug-file - Update task :PackageApp input file:D:\HW\testproject\complete\6\entry\build\default\outputs\default\entry-default-unsigned.hap cache by regenerate.
[2026-09-10T20:46:33.572] [DEBUG] debug-file - Update task :PackageApp input file:D:\HW\testproject\complete\6\build\outputs\default\pac.json cache by regenerate.
[2026-09-10T20:46:33.572] [DEBUG] debug-file - Update task :PackageApp output file:D:\HW\testproject\complete\6\build\outputs\default\6-default-unsigned.app cache.
[2026-09-10T20:46:33.572] [DEBUG] debug-file - Update task :PackageApp output file:D:\HW\testproject\complete\6\entry\build\default\outputs\default\app\entry-default.hap cache.
[2026-09-10T20:46:33.572] [DEBUG] debug-file - Update task :PackageApp output file:D:\HW\testproject\complete\6\build\outputs\default\symbol\debug cache.
[2026-09-10T20:46:33.572] [DEBUG] debug-file - Incremental task :PackageApp post-execution cost:1 ms .
[2026-09-10T20:46:33.572] [DEBUG] debug-file - Update task :SignPackagesFromApp input file:D:\HW\testproject\complete\6\build\outputs\default\6-default-unsigned.app cache from map.
[2026-09-10T20:46:33.572] [DEBUG] debug-file - Incremental task :SignPackagesFromApp post-execution cost:1 ms .
[2026-09-10T20:46:33.572] [DEBUG] debug-file - Update task :SignApp input file:D:\HW\testproject\complete\6\build\outputs\default\6-default-unsigned.app cache from map.
[2026-09-10T20:46:33.572] [DEBUG] debug-file - Update task :SignApp output file:D:\HW\testproject\complete\6\build\outputs\default\6-default-signed.app cache.
[2026-09-10T20:46:33.572] [DEBUG] debug-file - Incremental task :SignApp post-execution cost:1 ms .
[2026-09-10T20:46:33.583] [DEBUG] debug-file - hvigor build process will be closed.
[2026-09-10T20:46:33.589] [DEBUG] debug-file - session manager: send message to worker process. WorkerThreadId: 0, data: {"type":"hvigor_failed","reason":"Server has disconnected."}
[2026-09-10T20:46:33.590] [DEBUG] debug-file - session manager: send message to worker process. WorkerThreadId: 0, data: {"type":"CloseWatch","reason":"Server has disconnected."}
[2026-09-10T20:46:33.590] [DEBUG] debug-file - watch worker: worker id should be larger than 0. Nothing will be sent to any worker thread.
[2026-09-10T20:46:33.591] [DEBUG] debug-file - ABORT_WORK sent to workers.
[2026-09-10T20:46:33.591] [DEBUG] debug-file - watch worker: worker id should be larger than 0. Nothing will be sent to any worker thread.
[2026-09-10T20:48:00.981] [DEBUG] debug-file - env: nodejsVersion=v24.14.1
[2026-09-10T20:48:01.002] [DEBUG] debug-file - env: daemon=true
[2026-09-10T20:48:00.982] [DEBUG] debug-file - env: hvigor-config.json5 content = {
  modelVersion: '6.0.1',
  dependencies: {},
  execution: {},
  logging: {},
  debugging: {},
  nodeOptions: {}
}
[2026-09-10T20:48:01.483] [DEBUG] debug-file - session manager: set active socket. socketId=R20jC9ReqX5Ijcr5AAAL
[2026-09-10T20:48:01.493] [DEBUG] debug-file - watch worker: worker id should be larger than 0. Nothing will be sent to any worker thread.
[2026-09-10T20:48:01.497] [DEBUG] debug-file - Workers' log level updated to INFO
[2026-09-10T20:48:01.499] [DEBUG] debug-file - Hvigor init with startParameters:{
  hvigorfileTypeCheck: false,
  parallelExecution: true,
  incrementalExecution: true,
  printStackTrace: false,
  daemon: true,
  analyze: 0,
  logLevel: Level { level: 20000, levelStr: 'INFO', colour: 'green' },
  optimizationStrategy: 'memory',
  hotCompile: undefined,
  hotReloadBuild: undefined,
  customizedParam: undefined
}
[2026-09-10T20:48:01.503] [DEBUG] debug-file - Cache service initialization finished in 4 ms 
[2026-09-10T20:48:01.503] [DEBUG] debug-file - hvigorfile, resolving D:\HW\testproject\complete\6\hvigorfile.ts
[2026-09-10T20:48:01.509] [DEBUG] debug-file - hvigorfile, require result:  { default: { plugins: [] } }
[2026-09-10T20:48:01.509] [DEBUG] debug-file - hvigorfile, binding system plugins null
[2026-09-10T20:48:01.509] [DEBUG] debug-file - Starting plugin build process
[2026-09-10T20:48:01.509] [DEBUG] debug-file - App plugin prepare start...
[2026-09-10T20:48:01.509] [DEBUG] debug-file - App plugin prepare end...
[2026-09-10T20:48:01.509] [DEBUG] debug-file - App plugin creating...
[2026-09-10T20:48:01.513] [DEBUG] debug-file - App plugin register hook start...
[2026-09-10T20:48:01.513] [DEBUG] debug-file - App plugin register hook end...
[2026-09-10T20:48:01.513] [DEBUG] debug-file - Plugin build process completed
[2026-09-10T20:48:01.513] [DEBUG] debug-file - Start initialize project's product build option map with build mode debug.
[2026-09-10T20:48:01.513] [DEBUG] debug-file - Picking option from product 'default' with build mode 'debug'.
[2026-09-10T20:48:01.513] [DEBUG] debug-file - Product 'default' build option initialized
[2026-09-10T20:48:01.513] [DEBUG] debug-file - End initialize project's product build option map with build mode 'debug'.
[2026-09-10T20:48:01.513] [DEBUG] debug-file - Obtain build option for product 'default'in this build.
[2026-09-10T20:48:01.515] [DEBUG] debug-file - No signingConfig found, initRemoteHspCache failed.
[2026-09-10T20:48:01.516] [DEBUG] debug-file - Start recording SDK configuration permission data.
[2026-09-10T20:48:01.537] [DEBUG] debug-file - Sdk init in 21 ms 
[2026-09-10T20:48:01.538] [DEBUG] debug-file - Project task initialization takes 2 ms 
[2026-09-10T20:48:01.539] [DEBUG] debug-file - hvigorfile, begin to bind custom plugins...
[2026-09-10T20:48:01.539] [DEBUG] debug-file - hvigorfile, no custom plugins were found in D:\HW\testproject\complete\6\hvigorfile.ts
[2026-09-10T20:48:01.539] [DEBUG] debug-file - hvigorfile, resolve finished D:\HW\testproject\complete\6\hvigorfile.ts
[2026-09-10T20:48:01.539] [DEBUG] debug-file - hvigorfile, resolving D:\HW\testproject\complete\6\entry\hvigorfile.ts
[2026-09-10T20:48:01.541] [DEBUG] debug-file - hvigorfile, require result:  { default: { plugins: [] } }
[2026-09-10T20:48:01.542] [DEBUG] debug-file - hvigorfile, binding system plugins null
[2026-09-10T20:48:01.542] [DEBUG] debug-file - Starting plugin build process
[2026-09-10T20:48:01.542] [DEBUG] debug-file - Hap plugin creating...
[2026-09-10T20:48:01.542] [DEBUG] debug-file - failed to load cangjie to dynamically generate schemas: Error: Cannot find module '@ohos/cangjie-build-support/index'
Require stack:
- E:\DevEco Studio\tools\hvigor\hvigor-ohos-plugin\src\plugin\hooks\cangjie-register.js
- E:\DevEco Studio\tools\hvigor\hvigor-ohos-plugin\src\plugin\strategy\stage-init-strategy.js
- E:\DevEco Studio\tools\hvigor\hvigor-ohos-plugin\src\plugin\builder\abstract-plugin-builder.js
- E:\DevEco Studio\tools\hvigor\hvigor-ohos-plugin\src\plugin\builder\app-plugin-builder.js
- E:\DevEco Studio\tools\hvigor\hvigor-ohos-plugin\src\plugin\factory\plugin-factory.js
- E:\DevEco Studio\tools\hvigor\hvigor-ohos-plugin\index.js
- D:\HW\testproject\complete\6\hvigorfile.ts
- E:\DevEco Studio\tools\hvigor\hvigor\src\base\internal\lifecycle\configuration.js
- E:\DevEco Studio\tools\hvigor\hvigor\src\base\boot\index.js
- E:\DevEco Studio\tools\hvigor\hvigor\src\base\daemon\cluster\worker-process-lifecycle.js
- E:\DevEco Studio\tools\hvigor\hvigor\src\base\daemon\process\daemon-process-boot-script.js
[2026-09-10T20:48:01.544] [DEBUG] debug-file - Start initialize module-target build option map, moduleName=entry, buildMode=debug
[2026-09-10T20:48:01.544] [DEBUG] debug-file - Target 'default' config initialized
[2026-09-10T20:48:01.544] [DEBUG] debug-file - Target 'ohosTest' config initialized
[2026-09-10T20:48:01.544] [DEBUG] debug-file - Module 'entry' target 'default' build option initialized
[2026-09-10T20:48:01.544] [DEBUG] debug-file - Module 'entry' target 'ohosTest' build option initialized
[2026-09-10T20:48:01.544] [DEBUG] debug-file - End initialize module-target build option map, moduleName=entry
[2026-09-10T20:48:01.544] [DEBUG] debug-file - Start initialize module-target build option map, moduleName=entry, buildMode=release
[2026-09-10T20:48:01.544] [DEBUG] debug-file - Target 'default' config initialized
[2026-09-10T20:48:01.544] [DEBUG] debug-file - Target 'ohosTest' config initialized
[2026-09-10T20:48:01.545] [DEBUG] debug-file - Module 'entry' target 'default' build option initialized
[2026-09-10T20:48:01.545] [DEBUG] debug-file - Module 'entry' target 'ohosTest' build option initialized
[2026-09-10T20:48:01.545] [DEBUG] debug-file - End initialize module-target build option map, moduleName=entry
[2026-09-10T20:48:01.545] [DEBUG] debug-file - Start initialize module-target build option map, moduleName=entry, buildMode=debug
[2026-09-10T20:48:01.545] [DEBUG] debug-file - Target 'default' config initialized
[2026-09-10T20:48:01.545] [DEBUG] debug-file - Target 'ohosTest' config initialized
[2026-09-10T20:48:01.545] [DEBUG] debug-file - Module 'entry' target 'default' build option initialized
[2026-09-10T20:48:01.545] [DEBUG] debug-file - Module 'entry' target 'ohosTest' build option initialized
[2026-09-10T20:48:01.545] [DEBUG] debug-file - End initialize module-target build option map, moduleName=entry
[2026-09-10T20:48:01.545] [DEBUG] debug-file - Obtain build option for module 'entry' target 'default'in this build.
[2026-09-10T20:48:01.546] [DEBUG] debug-file - Module entry task initialization takes 1 ms 
[2026-09-10T20:48:01.546] [DEBUG] debug-file - Hap plugin register hook start...
[2026-09-10T20:48:01.546] [DEBUG] debug-file - Hap plugin register hook end...
[2026-09-10T20:48:01.546] [DEBUG] debug-file - Plugin build process completed
[2026-09-10T20:48:01.546] [DEBUG] debug-file - hvigorfile, begin to bind custom plugins...
[2026-09-10T20:48:01.546] [DEBUG] debug-file - hvigorfile, no custom plugins were found in D:\HW\testproject\complete\6\entry\hvigorfile.ts
[2026-09-10T20:48:01.546] [DEBUG] debug-file - hvigorfile, resolve finished D:\HW\testproject\complete\6\entry\hvigorfile.ts
[2026-09-10T20:48:01.570] [DEBUG] debug-file - hvigorfile, resolve hvigorfile dependencies in 24 ms 
[2026-09-10T20:48:01.570] [DEBUG] debug-file - project has submodules:entry
[2026-09-10T20:48:01.571] [DEBUG] debug-file - start to load updatedOhPackageInfo to the disk
[2026-09-10T20:48:01.572] [DEBUG] debug-file - load to the disk finished
[2026-09-10T20:48:01.573] [DEBUG] debug-file - Start to initialize dependency information.
[2026-09-10T20:48:01.576] [DEBUG] debug-file - Module 6 Collected Dependency: 
[2026-09-10T20:48:01.576] [DEBUG] debug-file - Module 6's total dependency: 0
[2026-09-10T20:48:01.576] [DEBUG] debug-file - Start to initialize dependency information.
[2026-09-10T20:48:01.577] [DEBUG] debug-file - Module entry Collected Dependency: 
[2026-09-10T20:48:01.577] [DEBUG] debug-file - Module entry's total dependency: 0
[2026-09-10T20:48:01.578] [DEBUG] debug-file - Configuration phase cost:76 ms 
[2026-09-10T20:48:01.580] [DEBUG] debug-file - Configuration task cost before running: 83 ms 
[2026-09-10T20:48:01.580] [DEBUG] debug-file - Executing task ::PreBuildApp
[2026-09-10T20:48:01.580] [DEBUG] debug-file - 6 : PreBuildApp cost memory 0.0144195556640625
[2026-09-10T20:48:01.580] [DEBUG] debug-file - runTaskFromQueue task cost before running: 83 ms 
[2026-09-10T20:48:01.580] [INFO] debug-file - Finished ::PreBuildApp... after 1 ms 
[2026-09-10T20:48:01.583] [DEBUG] debug-file - Executing task :entry:default@PreBuild
[2026-09-10T20:48:01.586] [DEBUG] debug-file - Task 'entry:default@PreBuild' cost while wrapping incremental declarations: 1 ms 
[2026-09-10T20:48:01.591] [DEBUG] debug-file - Incremental task entry:default@PreBuild pre-execution cost: 4 ms .
[2026-09-10T20:48:01.592] [DEBUG] debug-file - entry : default@PreBuild cost memory 0.5438461303710938
[2026-09-10T20:48:01.594] [INFO] debug-file - UP-TO-DATE :entry:default@PreBuild...  
[2026-09-10T20:48:01.594] [DEBUG] debug-file - Executing task ::DuplicateDependencyCheck
[2026-09-10T20:48:01.595] [DEBUG] debug-file - 6 : DuplicateDependencyCheck cost memory 0.01372528076171875
[2026-09-10T20:48:01.595] [DEBUG] debug-file - runTaskFromQueue task cost before running: 97 ms 
[2026-09-10T20:48:01.595] [INFO] debug-file - Finished ::DuplicateDependencyCheck... after 1 ms 
[2026-09-10T20:48:01.596] [DEBUG] debug-file - Executing task :entry:default@CreateModuleInfo
[2026-09-10T20:48:01.597] [DEBUG] debug-file - Task 'entry:default@CreateModuleInfo' cost while wrapping incremental declarations: 1 ms 
[2026-09-10T20:48:01.597] [DEBUG] debug-file - entry : default@CreateModuleInfo cost memory 0.0408782958984375
[2026-09-10T20:48:01.598] [DEBUG] debug-file - runTaskFromQueue task cost before running: 100 ms 
[2026-09-10T20:48:01.598] [INFO] debug-file - Finished :entry:default@CreateModuleInfo... after 2 ms 
[2026-09-10T20:48:01.599] [DEBUG] debug-file - Executing task :entry:default@GenerateMetadata
[2026-09-10T20:48:01.600] [DEBUG] debug-file - Task 'entry:default@GenerateMetadata' cost while wrapping incremental declarations: 1 ms 
[2026-09-10T20:48:01.601] [DEBUG] debug-file - Incremental task entry:default@GenerateMetadata pre-execution cost: 1 ms .
[2026-09-10T20:48:01.601] [DEBUG] debug-file - entry : default@GenerateMetadata cost memory 0.06983184814453125
[2026-09-10T20:48:01.601] [INFO] debug-file - UP-TO-DATE :entry:default@GenerateMetadata...  
[2026-09-10T20:48:01.602] [DEBUG] debug-file - Executing task :entry:default@ConfigureCmake
[2026-09-10T20:48:01.603] [DEBUG] debug-file - entry : default@ConfigureCmake cost memory 0.01445770263671875
[2026-09-10T20:48:01.603] [DEBUG] debug-file - runTaskFromQueue task cost before running: 106 ms 
[2026-09-10T20:48:01.603] [INFO] debug-file - Finished :entry:default@ConfigureCmake... after 1 ms 
[2026-09-10T20:48:01.604] [DEBUG] debug-file - Executing task :entry:default@MergeProfile
[2026-09-10T20:48:01.606] [DEBUG] debug-file - Task 'entry:default@MergeProfile' cost while wrapping incremental declarations: 1 ms 
[2026-09-10T20:48:01.608] [DEBUG] debug-file - Incremental task entry:default@MergeProfile pre-execution cost: 2 ms .
[2026-09-10T20:48:01.608] [DEBUG] debug-file - entry : default@MergeProfile cost memory -3.3538818359375
[2026-09-10T20:48:01.609] [INFO] debug-file - UP-TO-DATE :entry:default@MergeProfile...  
[2026-09-10T20:48:01.610] [DEBUG] debug-file - Executing task :entry:default@CreateBuildProfile
[2026-09-10T20:48:01.611] [DEBUG] debug-file - Task 'entry:default@CreateBuildProfile' cost while wrapping incremental declarations: 1 ms 
[2026-09-10T20:48:01.612] [DEBUG] debug-file - Incremental task entry:default@CreateBuildProfile pre-execution cost: 1 ms .
[2026-09-10T20:48:01.612] [DEBUG] debug-file - entry : default@CreateBuildProfile cost memory 0.096099853515625
[2026-09-10T20:48:01.612] [INFO] debug-file - UP-TO-DATE :entry:default@CreateBuildProfile...  
[2026-09-10T20:48:01.612] [DEBUG] debug-file - Executing task :entry:default@PreCheckSyscap
[2026-09-10T20:48:01.613] [DEBUG] debug-file - entry : default@PreCheckSyscap cost memory 0.01508331298828125
[2026-09-10T20:48:01.613] [DEBUG] debug-file - runTaskFromQueue task cost before running: 115 ms 
[2026-09-10T20:48:01.613] [INFO] debug-file - Finished :entry:default@PreCheckSyscap... after 1 ms 
[2026-09-10T20:48:01.613] [DEBUG] debug-file - Executing task :entry:default@GeneratePkgContextInfo
[2026-09-10T20:48:01.615] [DEBUG] debug-file - Task 'entry:default@GeneratePkgContextInfo' cost while wrapping incremental declarations: 1 ms 
[2026-09-10T20:48:01.616] [DEBUG] debug-file - Incremental task entry:default@GeneratePkgContextInfo pre-execution cost: 1 ms .
[2026-09-10T20:48:01.616] [DEBUG] debug-file - entry : default@GeneratePkgContextInfo cost memory 0.198516845703125
[2026-09-10T20:48:01.616] [INFO] debug-file - UP-TO-DATE :entry:default@GeneratePkgContextInfo...  
[2026-09-10T20:48:01.617] [DEBUG] debug-file - Executing task :entry:default@GeneratePkgSdkInfo
[2026-09-10T20:48:01.618] [DEBUG] debug-file - Task 'entry:default@GeneratePkgSdkInfo' cost while wrapping incremental declarations: 1 ms 
[2026-09-10T20:48:01.618] [DEBUG] debug-file - entry : default@GeneratePkgSdkInfo cost memory 0.10018157958984375
[2026-09-10T20:48:01.619] [DEBUG] debug-file - runTaskFromQueue task cost before running: 121 ms 
[2026-09-10T20:48:01.619] [INFO] debug-file - Finished :entry:default@GeneratePkgSdkInfo... after 2 ms 
[2026-09-10T20:48:01.621] [DEBUG] debug-file - Executing task :entry:default@ProcessIntegratedHsp
[2026-09-10T20:48:01.622] [DEBUG] debug-file - entry:default@ProcessIntegratedHsp is not up-to-date, since the output file 'D:\HW\testproject\complete\6\build\cache\default\integrated_hsp\integratedHspCache.json' does not exist.
[2026-09-10T20:48:01.622] [DEBUG] debug-file - Incremental task entry:default@ProcessIntegratedHsp pre-execution cost: 1 ms .
[2026-09-10T20:48:01.622] [DEBUG] debug-file - entry : default@ProcessIntegratedHsp cost memory 0.05242919921875
[2026-09-10T20:48:01.622] [DEBUG] debug-file - runTaskFromQueue task cost before running: 125 ms 
[2026-09-10T20:48:01.622] [INFO] debug-file - Finished :entry:default@ProcessIntegratedHsp... after 2 ms 
[2026-09-10T20:48:01.623] [DEBUG] debug-file - Executing task :entry:default@BuildNativeWithCmake
[2026-09-10T20:48:01.623] [DEBUG] debug-file - entry : default@BuildNativeWithCmake cost memory 0.01450347900390625
[2026-09-10T20:48:01.624] [DEBUG] debug-file - runTaskFromQueue task cost before running: 126 ms 
[2026-09-10T20:48:01.624] [INFO] debug-file - Finished :entry:default@BuildNativeWithCmake... after 1 ms 
[2026-09-10T20:48:01.625] [DEBUG] debug-file - Executing task :entry:default@MakePackInfo
[2026-09-10T20:48:01.628] [DEBUG] debug-file - Incremental task entry:default@MakePackInfo pre-execution cost: 3 ms .
[2026-09-10T20:48:01.628] [DEBUG] debug-file - entry : default@MakePackInfo cost memory 0.1051483154296875
[2026-09-10T20:48:01.629] [INFO] debug-file - UP-TO-DATE :entry:default@MakePackInfo...  
[2026-09-10T20:48:01.630] [DEBUG] debug-file - Executing task :entry:default@SyscapTransform
[2026-09-10T20:48:01.630] [DEBUG] debug-file - File: 'D:\HW\testproject\complete\6\entry\src\main\syscap.json' from 'sysCapJsonPath' is not exists, just ignore.
[2026-09-10T20:48:01.630] [DEBUG] debug-file - Task 'entry:default@SyscapTransform' cost while wrapping incremental declarations: 1 ms 
[2026-09-10T20:48:01.631] [DEBUG] debug-file - entry:default@SyscapTransform is not up-to-date, since the output file 'D:\HW\testproject\complete\6\entry\build\default\intermediates\syscap\default\rpcid.sc' does not exist.
[2026-09-10T20:48:01.631] [DEBUG] debug-file - Incremental task entry:default@SyscapTransform pre-execution cost: 1 ms .
[2026-09-10T20:48:01.631] [DEBUG] debug-file - entry : default@SyscapTransform cost memory 0.11096954345703125
[2026-09-10T20:48:01.631] [DEBUG] debug-file - runTaskFromQueue task cost before running: 134 ms 
[2026-09-10T20:48:01.631] [INFO] debug-file - Finished :entry:default@SyscapTransform... after 2 ms 
[2026-09-10T20:48:01.632] [DEBUG] debug-file - Executing task :entry:default@ProcessProfile
[2026-09-10T20:48:01.633] [DEBUG] debug-file - Task 'entry:default@ProcessProfile' cost while wrapping incremental declarations: 1 ms 
[2026-09-10T20:48:01.634] [DEBUG] debug-file - Incremental task entry:default@ProcessProfile pre-execution cost: 1 ms .
[2026-09-10T20:48:01.634] [DEBUG] debug-file - entry : default@ProcessProfile cost memory 0.1288299560546875
[2026-09-10T20:48:01.634] [INFO] debug-file - UP-TO-DATE :entry:default@ProcessProfile...  
[2026-09-10T20:48:01.635] [DEBUG] debug-file - Executing task :entry:default@ProcessRouterMap
[2026-09-10T20:48:01.637] [DEBUG] debug-file - Incremental task entry:default@ProcessRouterMap pre-execution cost: 1 ms .
[2026-09-10T20:48:01.637] [DEBUG] debug-file - entry : default@ProcessRouterMap cost memory 0.15685272216796875
[2026-09-10T20:48:01.638] [INFO] debug-file - UP-TO-DATE :entry:default@ProcessRouterMap...  
[2026-09-10T20:48:01.638] [DEBUG] debug-file - Executing task :entry:default@ProcessShareConfig
[2026-09-10T20:48:01.640] [DEBUG] debug-file - Incremental task entry:default@ProcessShareConfig pre-execution cost: 2 ms .
[2026-09-10T20:48:01.641] [DEBUG] debug-file - entry : default@ProcessShareConfig cost memory 0.10721588134765625
[2026-09-10T20:48:01.641] [INFO] debug-file - UP-TO-DATE :entry:default@ProcessShareConfig...  
[2026-09-10T20:48:01.642] [DEBUG] debug-file - Executing task :entry:default@ProcessStartupConfig
[2026-09-10T20:48:01.643] [DEBUG] debug-file - Task 'entry:default@ProcessStartupConfig' cost while wrapping incremental declarations: 1 ms 
[2026-09-10T20:48:01.644] [DEBUG] debug-file - entry:default@ProcessStartupConfig is not up-to-date, since the output file 'D:\HW\testproject\complete\6\entry\build\default\intermediates\startup\default\startup_config.json' does not exist.
[2026-09-10T20:48:01.644] [DEBUG] debug-file - Incremental task entry:default@ProcessStartupConfig pre-execution cost: 1 ms .
[2026-09-10T20:48:01.645] [DEBUG] debug-file - entry : default@ProcessStartupConfig cost memory 0.111297607421875
[2026-09-10T20:48:01.645] [DEBUG] debug-file - runTaskFromQueue task cost before running: 148 ms 
[2026-09-10T20:48:01.645] [INFO] debug-file - Finished :entry:default@ProcessStartupConfig... after 3 ms 
[2026-09-10T20:48:01.646] [DEBUG] debug-file - Executing task :entry:default@BuildNativeWithNinja
[2026-09-10T20:48:01.647] [DEBUG] debug-file - entry : default@BuildNativeWithNinja cost memory 0.0195770263671875
[2026-09-10T20:48:01.647] [DEBUG] debug-file - runTaskFromQueue task cost before running: 150 ms 
[2026-09-10T20:48:01.647] [INFO] debug-file - Finished :entry:default@BuildNativeWithNinja... after 1 ms 
[2026-09-10T20:48:01.649] [DEBUG] debug-file - restool module names: entry; moduleName=entry, taskName=default@ProcessResource
[2026-09-10T20:48:01.651] [DEBUG] debug-file - Executing task :entry:default@ProcessResource
[2026-09-10T20:48:01.651] [DEBUG] debug-file - Task 'entry:default@ProcessResource' cost while wrapping incremental declarations: 1 ms 
[2026-09-10T20:48:01.652] [DEBUG] debug-file - Incremental task entry:default@ProcessResource pre-execution cost: 1 ms .
[2026-09-10T20:48:01.652] [DEBUG] debug-file - entry : default@ProcessResource cost memory 0.11008453369140625
[2026-09-10T20:48:01.654] [INFO] debug-file - UP-TO-DATE :entry:default@ProcessResource...  
[2026-09-10T20:48:01.656] [DEBUG] debug-file - Executing task :entry:default@GenerateLoaderJson
[2026-09-10T20:48:01.657] [DEBUG] debug-file - Task 'entry:default@GenerateLoaderJson' cost while wrapping incremental declarations: 1 ms 
[2026-09-10T20:48:01.663] [DEBUG] debug-file - Incremental task entry:default@GenerateLoaderJson pre-execution cost: 3 ms .
[2026-09-10T20:48:01.663] [DEBUG] debug-file - entry : default@GenerateLoaderJson cost memory 0.37017822265625
[2026-09-10T20:48:01.665] [INFO] debug-file - UP-TO-DATE :entry:default@GenerateLoaderJson...  
[2026-09-10T20:48:01.665] [DEBUG] debug-file - Executing task :entry:default@ProcessLibs
[2026-09-10T20:48:01.666] [DEBUG] debug-file - Task 'entry:default@ProcessLibs' cost while wrapping incremental declarations: 1 ms 
[2026-09-10T20:48:01.666] [DEBUG] debug-file - Incremental task entry:default@ProcessLibs pre-execution cost: 1 ms .
[2026-09-10T20:48:01.667] [DEBUG] debug-file - entry : default@ProcessLibs cost memory 0.09161376953125
[2026-09-10T20:48:01.667] [INFO] debug-file - UP-TO-DATE :entry:default@ProcessLibs...  
[2026-09-10T20:48:01.668] [DEBUG] debug-file - restool module names: entry; moduleName=entry, taskName=default@CompileResource
[2026-09-10T20:48:01.668] [DEBUG] debug-file - Executing task :entry:default@CompileResource
[2026-09-10T20:48:01.673] [DEBUG] debug-file - Incremental task entry:default@CompileResource pre-execution cost: 4 ms .
[2026-09-10T20:48:01.673] [DEBUG] debug-file - entry : default@CompileResource cost memory 0.557708740234375
[2026-09-10T20:48:01.675] [INFO] debug-file - UP-TO-DATE :entry:default@CompileResource...  
[2026-09-10T20:48:01.675] [DEBUG] debug-file - Executing task :entry:default@DoNativeStrip
[2026-09-10T20:48:01.675] [DEBUG] debug-file - File: 'D:\HW\testproject\complete\6\entry\build\default\intermediates\binxo\default' from 'doBinxoNativeLibs' is not exists, just ignore.
[2026-09-10T20:48:01.676] [DEBUG] debug-file - Task 'entry:default@DoNativeStrip' cost while wrapping incremental declarations: 1 ms 
[2026-09-10T20:48:01.676] [DEBUG] debug-file - Incremental task entry:default@DoNativeStrip pre-execution cost: 1 ms .
[2026-09-10T20:48:01.676] [DEBUG] debug-file - entry : default@DoNativeStrip cost memory 0.0798797607421875
[2026-09-10T20:48:01.676] [INFO] debug-file - UP-TO-DATE :entry:default@DoNativeStrip...  
[2026-09-10T20:48:01.677] [DEBUG] debug-file - Executing task :entry:default@CompileArkTS
[2026-09-10T20:48:01.677] [DEBUG] debug-file - obfuscationOptions: undefined
[2026-09-10T20:48:01.678] [DEBUG] debug-file - Task 'entry:default@CompileArkTS' cost while wrapping incremental declarations: 1 ms 
[2026-09-10T20:48:01.685] [DEBUG] debug-file - Incremental task entry:default@CompileArkTS pre-execution cost: 6 ms .
[2026-09-10T20:48:01.685] [DEBUG] debug-file - entry : default@CompileArkTS cost memory 0.49974822998046875
[2026-09-10T20:48:01.686] [INFO] debug-file - UP-TO-DATE :entry:default@CompileArkTS...  
[2026-09-10T20:48:01.687] [DEBUG] debug-file - Executing task :entry:default@BuildJS
[2026-09-10T20:48:01.687] [DEBUG] debug-file - Task 'entry:default@BuildJS' cost while wrapping incremental declarations: 1 ms 
[2026-09-10T20:48:01.689] [DEBUG] debug-file - entry : default@BuildJS cost memory 0.1194000244140625
[2026-09-10T20:48:01.689] [DEBUG] debug-file - runTaskFromQueue task cost before running: 191 ms 
[2026-09-10T20:48:01.689] [INFO] debug-file - Finished :entry:default@BuildJS... after 2 ms 
[2026-09-10T20:48:01.690] [DEBUG] debug-file - Executing task :entry:default@CacheNativeLibs
[2026-09-10T20:48:01.690] [DEBUG] debug-file - File: 'D:\HW\testproject\complete\6\entry\build\default\intermediates\binxo\default' from 'cacheBinxoNativeLibs' is not exists, just ignore.
[2026-09-10T20:48:01.690] [DEBUG] debug-file - Task 'entry:default@CacheNativeLibs' cost while wrapping incremental declarations: 1 ms 
[2026-09-10T20:48:01.690] [DEBUG] debug-file - Incremental task entry:default@CacheNativeLibs pre-execution cost: 1 ms .
[2026-09-10T20:48:01.690] [DEBUG] debug-file - entry : default@CacheNativeLibs cost memory 0.08526611328125
[2026-09-10T20:48:01.691] [INFO] debug-file - UP-TO-DATE :entry:default@CacheNativeLibs...  
[2026-09-10T20:48:01.691] [DEBUG] debug-file - Executing task :entry:default@GeneratePkgModuleJson
[2026-09-10T20:48:01.691] [DEBUG] debug-file - File: 'D:\HW\testproject\complete\6\entry\build\default\intermediates\preload\default\preload.json' from 'preloadSoJsonPath' is not exists, just ignore.
[2026-09-10T20:48:01.692] [DEBUG] debug-file - Error occurs while handling @Input 'shouldDeduplicateHar': The "data" argument must be of type string or an instance of Buffer, TypedArray, or DataView. Received undefined
[2026-09-10T20:48:01.692] [DEBUG] debug-file - Task 'entry:default@GeneratePkgModuleJson' cost while wrapping incremental declarations: 1 ms 
[2026-09-10T20:48:01.692] [DEBUG] debug-file - Incremental task entry:default@GeneratePkgModuleJson pre-execution cost: 1 ms .
[2026-09-10T20:48:01.692] [DEBUG] debug-file - entry : default@GeneratePkgModuleJson cost memory 0.10173797607421875
[2026-09-10T20:48:01.692] [INFO] debug-file - UP-TO-DATE :entry:default@GeneratePkgModuleJson...  
[2026-09-10T20:48:01.693] [DEBUG] debug-file - Executing task :entry:default@ProcessCompiledResources
[2026-09-10T20:48:01.693] [DEBUG] debug-file - File: 'D:\HW\testproject\complete\6\entry\build\default\intermediates\preload\default\preload.json' from 'preloadSoJsonPath' is not exists, just ignore.
[2026-09-10T20:48:01.693] [DEBUG] debug-file - Task 'entry:default@ProcessCompiledResources' cost while wrapping incremental declarations: 1 ms 
[2026-09-10T20:48:01.693] [DEBUG] debug-file - entry : default@ProcessCompiledResources cost memory 0.05028533935546875
[2026-09-10T20:48:01.694] [DEBUG] debug-file - runTaskFromQueue task cost before running: 196 ms 
[2026-09-10T20:48:01.694] [INFO] debug-file - Finished :entry:default@ProcessCompiledResources... after 1 ms 
[2026-09-10T20:48:01.694] [DEBUG] debug-file - Executing task :entry:default@PackageHap
[2026-09-10T20:48:01.698] [DEBUG] debug-file - Incremental task entry:default@PackageHap pre-execution cost: 3 ms .
[2026-09-10T20:48:01.698] [DEBUG] debug-file - entry : default@PackageHap cost memory 0.28326416015625
[2026-09-10T20:48:01.699] [INFO] debug-file - UP-TO-DATE :entry:default@PackageHap...  
[2026-09-10T20:48:01.700] [DEBUG] debug-file - Executing task :entry:default@PackingCheck
[2026-09-10T20:48:01.702] [DEBUG] debug-file - entry : default@PackingCheck cost memory 0.29058837890625
[2026-09-10T20:48:01.702] [DEBUG] debug-file - runTaskFromQueue task cost before running: 205 ms 
[2026-09-10T20:48:01.702] [INFO] debug-file - Finished :entry:default@PackingCheck... after 3 ms 
[2026-09-10T20:48:01.703] [DEBUG] debug-file - Executing task :entry:default@SignHap
[2026-09-10T20:48:01.703] [WARN] debug-file - Will skip sign 'hos_hap'. No signingConfigs profile is configured in current project.
             If needed, configure the signingConfigs in D:\HW\testproject\complete\6\build-profile.json5.
[2026-09-10T20:48:01.703] [DEBUG] debug-file - entry:default@SignHap is not up-to-date, since the output file 'D:\HW\testproject\complete\6\entry\build\default\outputs\default\entry-default-signed.hap' does not exist.
[2026-09-10T20:48:01.704] [DEBUG] debug-file - Incremental task entry:default@SignHap pre-execution cost: 1 ms .
[2026-09-10T20:48:01.704] [DEBUG] debug-file - entry : default@SignHap cost memory 0.10617828369140625
[2026-09-10T20:48:01.704] [DEBUG] debug-file - runTaskFromQueue task cost before running: 207 ms 
[2026-09-10T20:48:01.704] [INFO] debug-file - Finished :entry:default@SignHap... after 1 ms 
[2026-09-10T20:48:01.705] [DEBUG] debug-file - Executing task :entry:default@CollectDebugSymbol
[2026-09-10T20:48:01.705] [DEBUG] debug-file - entry : default@CollectDebugSymbol cost memory 0.077392578125
[2026-09-10T20:48:01.705] [DEBUG] debug-file - runTaskFromQueue task cost before running: 208 ms 
[2026-09-10T20:48:01.705] [INFO] debug-file - Finished :entry:default@CollectDebugSymbol... after 1 ms 
[2026-09-10T20:48:01.705] [DEBUG] debug-file - Executing task :entry:assembleHap
[2026-09-10T20:48:01.705] [DEBUG] debug-file - entry : assembleHap cost memory 0.01226043701171875
[2026-09-10T20:48:01.705] [DEBUG] debug-file - runTaskFromQueue task cost before running: 208 ms 
[2026-09-10T20:48:01.705] [INFO] debug-file - Finished :entry:assembleHap... after 1 ms 
[2026-09-10T20:48:01.706] [DEBUG] debug-file - Executing task ::MakeProjectPackInfo
[2026-09-10T20:48:01.707] [DEBUG] debug-file - Task ':MakeProjectPackInfo' cost while wrapping incremental declarations: 1 ms 
[2026-09-10T20:48:01.707] [DEBUG] debug-file - Incremental task :MakeProjectPackInfo pre-execution cost: 1 ms .
[2026-09-10T20:48:01.707] [DEBUG] debug-file - 6 : MakeProjectPackInfo cost memory 0.14371490478515625
[2026-09-10T20:48:01.707] [INFO] debug-file - UP-TO-DATE ::MakeProjectPackInfo...  
[2026-09-10T20:48:01.707] [DEBUG] debug-file - Executing task ::ProcessProjectPrivacyProfile
[2026-09-10T20:48:01.708] [DEBUG] debug-file - Incremental task :ProcessProjectPrivacyProfile pre-execution cost: 1 ms .
[2026-09-10T20:48:01.708] [DEBUG] debug-file - 6 : ProcessProjectPrivacyProfile cost memory 0.07846832275390625
[2026-09-10T20:48:01.709] [INFO] debug-file - UP-TO-DATE ::ProcessProjectPrivacyProfile...  
[2026-09-10T20:48:01.709] [DEBUG] debug-file - Executing task ::GeneratePackRes
[2026-09-10T20:48:01.709] [DEBUG] debug-file - Incremental task :GeneratePackRes pre-execution cost: 1 ms .
[2026-09-10T20:48:01.709] [DEBUG] debug-file - 6 : GeneratePackRes cost memory 0.04000091552734375
[2026-09-10T20:48:01.709] [INFO] debug-file - UP-TO-DATE ::GeneratePackRes...  
[2026-09-10T20:48:01.709] [DEBUG] debug-file - Executing task ::PackageApp
[2026-09-10T20:48:01.711] [DEBUG] debug-file - Task ':PackageApp' cost while wrapping incremental declarations: 1 ms 
[2026-09-10T20:48:01.712] [DEBUG] debug-file - :PackageApp is not up-to-date, since the output file 'D:\HW\testproject\complete\6\build\outputs\default\symbol\debug' does not exist.
[2026-09-10T20:48:01.712] [DEBUG] debug-file - Incremental task :PackageApp pre-execution cost: 1 ms .
[2026-09-10T20:48:01.718] [DEBUG] debug-file - Use tool [PackageApp]
 [
  'java',
  '-Dfile.encoding=GBK',
  '-jar',
  'E:\\DevEco Studio\\sdk\\default\\openharmony\\toolchains\\lib\\app_packing_tool.jar',
  '--mode',
  'app',
  '--pack-info-path',
  'D:\\HW\\testproject\\complete\\6\\build\\outputs\\default\\pack.info',
  '--hap-path',
  'D:\\HW\\testproject\\complete\\6\\entry\\build\\default\\outputs\\default\\app\\entry-default.hap',
  '--hsp-path',
  '',
  '--force',
  'true',
  '--out-path',
  'D:\\HW\\testproject\\complete\\6\\build\\outputs\\default\\6-default-unsigned.app',
  '--main-module-limit',
  '2',
  '--normal-module-limit',
  '2',
  '--pac-json-path',
  'D:\\HW\\testproject\\complete\\6\\build\\outputs\\default\\pac.json'
]
[2026-09-10T20:48:01.718] [DEBUG] debug-file - current process  memoryUsage: {
  rss: 512638976,
  heapTotal: 135610368,
  heapUsed: 118078520,
  external: 3969583,
  arrayBuffers: 38033
} os memoryUsage :13.163806915283203
[2026-09-10T20:48:02.408] [DEBUG] debug-file - 6 : PackageApp cost memory -2.486328125
[2026-09-10T20:48:02.408] [DEBUG] debug-file - runTaskFromQueue task cost before running: 911 ms 
[2026-09-10T20:48:02.409] [INFO] debug-file - Finished ::PackageApp... after 699 ms 
[2026-09-10T20:48:02.409] [DEBUG] debug-file - Executing task ::SignPackagesFromApp
[2026-09-10T20:48:02.409] [DEBUG] debug-file - :SignPackagesFromApp is not up-to-date, since the input file 'D:\HW\testproject\complete\6\build\outputs\default\6-default-unsigned.app' has been changed.
[2026-09-10T20:48:02.410] [DEBUG] debug-file - Incremental task :SignPackagesFromApp pre-execution cost: 1 ms .
[2026-09-10T20:48:02.410] [DEBUG] debug-file - 6 : SignPackagesFromApp cost memory 0.0486602783203125
[2026-09-10T20:48:02.410] [DEBUG] debug-file - runTaskFromQueue task cost before running: 913 ms 
[2026-09-10T20:48:02.410] [INFO] debug-file - Finished ::SignPackagesFromApp... after 2 ms 
[2026-09-10T20:48:02.410] [DEBUG] debug-file - Executing task ::SignApp
[2026-09-10T20:48:02.410] [DEBUG] debug-file - signingConfigName of signApp is :  undefined
[2026-09-10T20:48:02.411] [WARN] debug-file - Will skip sign 'app'. No signingConfigs profile is configured in current project.
             If needed, configure the signingConfigs in D:\HW\testproject\complete\6\build-profile.json5.
[2026-09-10T20:48:02.411] [DEBUG] debug-file - :SignApp is not up-to-date, since the input file 'D:\HW\testproject\complete\6\build\outputs\default\6-default-unsigned.app' has been changed.
[2026-09-10T20:48:02.411] [DEBUG] debug-file - Incremental task :SignApp pre-execution cost: 1 ms .
[2026-09-10T20:48:02.411] [DEBUG] debug-file - 6 : SignApp cost memory 0.10866546630859375
[2026-09-10T20:48:02.411] [DEBUG] debug-file - runTaskFromQueue task cost before running: 914 ms 
[2026-09-10T20:48:02.412] [INFO] debug-file - Finished ::SignApp... after 2 ms 
[2026-09-10T20:48:02.412] [DEBUG] debug-file - Executing task ::assembleApp
[2026-09-10T20:48:02.412] [DEBUG] debug-file - 6 : assembleApp cost memory 0.01221466064453125
[2026-09-10T20:48:02.412] [DEBUG] debug-file - runTaskFromQueue task cost before running: 915 ms 
[2026-09-10T20:48:02.412] [INFO] debug-file - Finished ::assembleApp... after 1 ms 
[2026-09-10T20:48:02.413] [INFO] debug-file - BUILD SUCCESSFUL in 915 ms 
[2026-09-10T20:48:02.413] [DEBUG] debug-file - There is no need to refresh cache, since the incremental task entry:default@PreBuild is up-to-date.
[2026-09-10T20:48:02.413] [DEBUG] debug-file - Update task entry:default@CreateModuleInfo output file:D:\HW\testproject\complete\6\entry\build\default\generated\profile\default\ModuleInfo.ts cache.
[2026-09-10T20:48:02.413] [DEBUG] debug-file - Incremental task entry:default@CreateModuleInfo post-execution cost:1 ms .
[2026-09-10T20:48:02.413] [DEBUG] debug-file - There is no need to refresh cache, since the incremental task entry:default@GenerateMetadata is up-to-date.
[2026-09-10T20:48:02.413] [DEBUG] debug-file - There is no need to refresh cache, since the incremental task entry:default@MergeProfile is up-to-date.
[2026-09-10T20:48:02.413] [DEBUG] debug-file - There is no need to refresh cache, since the incremental task entry:default@CreateBuildProfile is up-to-date.
[2026-09-10T20:48:02.413] [DEBUG] debug-file - There is no need to refresh cache, since the incremental task entry:default@GeneratePkgContextInfo is up-to-date.
[2026-09-10T20:48:02.413] [DEBUG] debug-file - Update task entry:default@GeneratePkgSdkInfo output file:D:\HW\testproject\complete\6\entry\build\default\intermediates\loader\default\pkgSdkInfo.json cache.
[2026-09-10T20:48:02.414] [DEBUG] debug-file - Incremental task entry:default@GeneratePkgSdkInfo post-execution cost:1 ms .
[2026-09-10T20:48:02.414] [DEBUG] debug-file - Update task entry:default@ProcessIntegratedHsp output file:D:\HW\testproject\complete\6\build\cache\default\integrated_hsp\integratedHspCache.json cache.
[2026-09-10T20:48:02.414] [DEBUG] debug-file - Incremental task entry:default@ProcessIntegratedHsp post-execution cost:1 ms .
[2026-09-10T20:48:02.414] [DEBUG] debug-file - There is no need to refresh cache, since the incremental task entry:default@MakePackInfo is up-to-date.
[2026-09-10T20:48:02.414] [DEBUG] debug-file - Update task entry:default@SyscapTransform input file:E:\DevEco Studio\sdk\default\openharmony\toolchains\syscap_tool.exe cache by regenerate.
[2026-09-10T20:48:02.414] [DEBUG] debug-file - Update task entry:default@SyscapTransform input file:E:\DevEco Studio\sdk\default\openharmony\ets\api\device-define cache by regenerate.
[2026-09-10T20:48:02.415] [DEBUG] debug-file - Update task entry:default@SyscapTransform output file:D:\HW\testproject\complete\6\entry\build\default\intermediates\syscap\default\rpcid.sc cache.
[2026-09-10T20:48:02.415] [DEBUG] debug-file - Incremental task entry:default@SyscapTransform post-execution cost:1 ms .
[2026-09-10T20:48:02.415] [DEBUG] debug-file - There is no need to refresh cache, since the incremental task entry:default@ProcessProfile is up-to-date.
[2026-09-10T20:48:02.415] [DEBUG] debug-file - There is no need to refresh cache, since the incremental task entry:default@ProcessRouterMap is up-to-date.
[2026-09-10T20:48:02.415] [DEBUG] debug-file - There is no need to refresh cache, since the incremental task entry:default@ProcessShareConfig is up-to-date.
[2026-09-10T20:48:02.415] [DEBUG] debug-file - Update task entry:default@ProcessStartupConfig input file:D:\HW\testproject\complete\6\entry\build\default\intermediates\loader\default\pkgContextInfo.json cache by regenerate.
[2026-09-10T20:48:02.415] [DEBUG] debug-file - Update task entry:default@ProcessStartupConfig output file:D:\HW\testproject\complete\6\entry\build\default\intermediates\startup\default\startup_config.json cache.
[2026-09-10T20:48:02.415] [DEBUG] debug-file - Incremental task entry:default@ProcessStartupConfig post-execution cost:1 ms .
[2026-09-10T20:48:02.415] [DEBUG] debug-file - There is no need to refresh cache, since the incremental task entry:default@ProcessResource is up-to-date.
[2026-09-10T20:48:02.415] [DEBUG] debug-file - There is no need to refresh cache, since the incremental task entry:default@GenerateLoaderJson is up-to-date.
[2026-09-10T20:48:02.415] [DEBUG] debug-file - There is no need to refresh cache, since the incremental task entry:default@ProcessLibs is up-to-date.
[2026-09-10T20:48:02.415] [DEBUG] debug-file - There is no need to refresh cache, since the incremental task entry:default@CompileResource is up-to-date.
[2026-09-10T20:48:02.415] [DEBUG] debug-file - There is no need to refresh cache, since the incremental task entry:default@DoNativeStrip is up-to-date.
[2026-09-10T20:48:02.416] [DEBUG] debug-file - There is no need to refresh cache, since the incremental task entry:default@CompileArkTS is up-to-date.
[2026-09-10T20:48:02.416] [DEBUG] debug-file - Update task entry:default@BuildJS input file:D:\HW\testproject\complete\6\entry\build\default\intermediates\loader\default cache by regenerate.
[2026-09-10T20:48:02.417] [DEBUG] debug-file - Update task entry:default@BuildJS input file:D:\HW\testproject\complete\6\entry\build\default\intermediates\res\default\resources\rawfile cache by regenerate.
[2026-09-10T20:48:02.417] [DEBUG] debug-file - Update task entry:default@BuildJS input file:D:\HW\testproject\complete\6\entry\build\default\intermediates\res\default\ResourceTable.txt cache by regenerate.
[2026-09-10T20:48:02.417] [DEBUG] debug-file - Update task entry:default@BuildJS input file:D:\HW\testproject\complete\6\entry\build\default\intermediates\res\default\ark_module.json cache by regenerate.
[2026-09-10T20:48:02.417] [DEBUG] debug-file - Update task entry:default@BuildJS input file:D:\HW\testproject\complete\6\entry\build\default\intermediates\res\default\resources\base\profile cache by regenerate.
[2026-09-10T20:48:02.418] [DEBUG] debug-file - Update task entry:default@BuildJS input file:D:\HW\testproject\complete\6\entry\build\default\intermediates\loader\default\pkgContextInfo.json cache by regenerate.
[2026-09-10T20:48:02.418] [DEBUG] debug-file - Update task entry:default@BuildJS output file:D:\HW\testproject\complete\6\entry\build\default\intermediates\loader_out\default\js cache.
[2026-09-10T20:48:02.418] [DEBUG] debug-file - Incremental task entry:default@BuildJS post-execution cost:3 ms .
[2026-09-10T20:48:02.418] [DEBUG] debug-file - There is no need to refresh cache, since the incremental task entry:default@CacheNativeLibs is up-to-date.
[2026-09-10T20:48:02.418] [DEBUG] debug-file - There is no need to refresh cache, since the incremental task entry:default@GeneratePkgModuleJson is up-to-date.
[2026-09-10T20:48:02.418] [DEBUG] debug-file - Incremental task entry:default@ProcessCompiledResources post-execution cost:1 ms .
[2026-09-10T20:48:02.418] [DEBUG] debug-file - There is no need to refresh cache, since the incremental task entry:default@PackageHap is up-to-date.
[2026-09-10T20:48:02.418] [DEBUG] debug-file - Update task entry:default@SignHap input file:D:\HW\testproject\complete\6\entry\build\default\outputs\default\entry-default-unsigned.hap cache by regenerate.
[2026-09-10T20:48:02.419] [DEBUG] debug-file - Update task entry:default@SignHap output file:D:\HW\testproject\complete\6\entry\build\default\outputs\default\entry-default-signed.hap cache.
[2026-09-10T20:48:02.419] [DEBUG] debug-file - Incremental task entry:default@SignHap post-execution cost:1 ms .
[2026-09-10T20:48:02.419] [DEBUG] debug-file - Update task entry:default@CollectDebugSymbol input file:D:\HW\testproject\complete\6\entry\build\default\intermediates\loader_out\default\ets\sourceMaps.map cache by regenerate.
[2026-09-10T20:48:02.419] [DEBUG] debug-file - Update task entry:default@CollectDebugSymbol input file:D:\HW\testproject\complete\6\entry\build\default\intermediates\libs\default cache by regenerate.
[2026-09-10T20:48:02.419] [DEBUG] debug-file - Update task entry:default@CollectDebugSymbol output file:D:\HW\testproject\complete\6\entry\build\default\outputs\default\symbol cache.
[2026-09-10T20:48:02.420] [DEBUG] debug-file - Incremental task entry:default@CollectDebugSymbol post-execution cost:1 ms .
[2026-09-10T20:48:02.420] [DEBUG] debug-file - There is no need to refresh cache, since the incremental task :MakeProjectPackInfo is up-to-date.
[2026-09-10T20:48:02.420] [DEBUG] debug-file - There is no need to refresh cache, since the incremental task :ProcessProjectPrivacyProfile is up-to-date.
[2026-09-10T20:48:02.420] [DEBUG] debug-file - There is no need to refresh cache, since the incremental task :GeneratePackRes is up-to-date.
[2026-09-10T20:48:02.420] [DEBUG] debug-file - Update task :PackageApp input file:D:\HW\testproject\complete\6\build\outputs\default\pack.info cache by regenerate.
[2026-09-10T20:48:02.420] [DEBUG] debug-file - Update task :PackageApp input file:D:\HW\testproject\complete\6\entry\build\default\outputs\default\entry-default-unsigned.hap cache by regenerate.
[2026-09-10T20:48:02.420] [DEBUG] debug-file - Update task :PackageApp input file:D:\HW\testproject\complete\6\build\outputs\default\pac.json cache by regenerate.
[2026-09-10T20:48:02.420] [DEBUG] debug-file - Update task :PackageApp output file:D:\HW\testproject\complete\6\build\outputs\default\6-default-unsigned.app cache.
[2026-09-10T20:48:02.420] [DEBUG] debug-file - Update task :PackageApp output file:D:\HW\testproject\complete\6\entry\build\default\outputs\default\app\entry-default.hap cache.
[2026-09-10T20:48:02.420] [DEBUG] debug-file - Update task :PackageApp output file:D:\HW\testproject\complete\6\build\outputs\default\symbol\debug cache.
[2026-09-10T20:48:02.420] [DEBUG] debug-file - Incremental task :PackageApp post-execution cost:1 ms .
[2026-09-10T20:48:02.420] [DEBUG] debug-file - Update task :SignPackagesFromApp input file:D:\HW\testproject\complete\6\build\outputs\default\6-default-unsigned.app cache from map.
[2026-09-10T20:48:02.420] [DEBUG] debug-file - Incremental task :SignPackagesFromApp post-execution cost:1 ms .
[2026-09-10T20:48:02.421] [DEBUG] debug-file - Update task :SignApp input file:D:\HW\testproject\complete\6\build\outputs\default\6-default-unsigned.app cache from map.
[2026-09-10T20:48:02.421] [DEBUG] debug-file - Update task :SignApp output file:D:\HW\testproject\complete\6\build\outputs\default\6-default-signed.app cache.
[2026-09-10T20:48:02.421] [DEBUG] debug-file - Incremental task :SignApp post-execution cost:1 ms .
[2026-09-10T20:48:02.431] [DEBUG] debug-file - hvigor build process will be closed.
[2026-09-10T20:48:02.440] [DEBUG] debug-file - session manager: send message to worker process. WorkerThreadId: 0, data: {"type":"hvigor_failed","reason":"Server has disconnected."}
[2026-09-10T20:48:02.441] [DEBUG] debug-file - session manager: send message to worker process. WorkerThreadId: 0, data: {"type":"CloseWatch","reason":"Server has disconnected."}
[2026-09-10T20:48:02.441] [DEBUG] debug-file - watch worker: worker id should be larger than 0. Nothing will be sent to any worker thread.
[2026-09-10T20:48:02.441] [DEBUG] debug-file - ABORT_WORK sent to workers.
[2026-09-10T20:48:02.441] [DEBUG] debug-file - watch worker: worker id should be larger than 0. Nothing will be sent to any worker thread.
[2026-09-10T20:49:42.744] [DEBUG] debug-file - env: nodejsVersion=v24.14.1
[2026-09-10T20:49:42.768] [DEBUG] debug-file - env: daemon=true
[2026-09-10T20:49:42.746] [DEBUG] debug-file - env: hvigor-config.json5 content = {
  modelVersion: '6.0.1',
  dependencies: {},
  execution: {},
  logging: {},
  debugging: {},
  nodeOptions: {}
}
[2026-09-10T20:49:43.317] [DEBUG] debug-file - session manager: set active socket. socketId=gMYF8TBk_IFOg9zYAAAN
[2026-09-10T20:49:43.329] [DEBUG] debug-file - watch worker: worker id should be larger than 0. Nothing will be sent to any worker thread.
[2026-09-10T20:49:43.335] [DEBUG] debug-file - Workers' log level updated to INFO
[2026-09-10T20:49:43.338] [DEBUG] debug-file - Hvigor init with startParameters:{
  hvigorfileTypeCheck: false,
  parallelExecution: true,
  incrementalExecution: true,
  printStackTrace: false,
  daemon: true,
  analyze: 0,
  logLevel: Level { level: 20000, levelStr: 'INFO', colour: 'green' },
  optimizationStrategy: 'memory',
  hotCompile: undefined,
  hotReloadBuild: undefined,
  customizedParam: undefined
}
[2026-09-10T20:49:43.345] [DEBUG] debug-file - Cache service initialization finished in 7 ms 
[2026-09-10T20:49:43.345] [DEBUG] debug-file - hvigorfile, resolving D:\HW\testproject\complete\6\hvigorfile.ts
[2026-09-10T20:49:43.352] [DEBUG] debug-file - hvigorfile, require result:  { default: { plugins: [] } }
[2026-09-10T20:49:43.352] [DEBUG] debug-file - hvigorfile, binding system plugins null
[2026-09-10T20:49:43.352] [DEBUG] debug-file - Starting plugin build process
[2026-09-10T20:49:43.352] [DEBUG] debug-file - App plugin prepare start...
[2026-09-10T20:49:43.352] [DEBUG] debug-file - App plugin prepare end...
[2026-09-10T20:49:43.352] [DEBUG] debug-file - App plugin creating...
[2026-09-10T20:49:43.355] [DEBUG] debug-file - App plugin register hook start...
[2026-09-10T20:49:43.355] [DEBUG] debug-file - App plugin register hook end...
[2026-09-10T20:49:43.355] [DEBUG] debug-file - Plugin build process completed
[2026-09-10T20:49:43.355] [DEBUG] debug-file - Start initialize project's product build option map with build mode debug.
[2026-09-10T20:49:43.355] [DEBUG] debug-file - Picking option from product 'default' with build mode 'debug'.
[2026-09-10T20:49:43.355] [DEBUG] debug-file - Product 'default' build option initialized
[2026-09-10T20:49:43.356] [DEBUG] debug-file - End initialize project's product build option map with build mode 'debug'.
[2026-09-10T20:49:43.356] [DEBUG] debug-file - Obtain build option for product 'default'in this build.
[2026-09-10T20:49:43.358] [DEBUG] debug-file - No signingConfig found, initRemoteHspCache failed.
[2026-09-10T20:49:43.359] [DEBUG] debug-file - Start recording SDK configuration permission data.
[2026-09-10T20:49:43.399] [DEBUG] debug-file - Sdk init in 42 ms 
[2026-09-10T20:49:43.403] [DEBUG] debug-file - Project task initialization takes 3 ms 
[2026-09-10T20:49:43.403] [DEBUG] debug-file - hvigorfile, begin to bind custom plugins...
[2026-09-10T20:49:43.403] [DEBUG] debug-file - hvigorfile, no custom plugins were found in D:\HW\testproject\complete\6\hvigorfile.ts
[2026-09-10T20:49:43.403] [DEBUG] debug-file - hvigorfile, resolve finished D:\HW\testproject\complete\6\hvigorfile.ts
[2026-09-10T20:49:43.404] [DEBUG] debug-file - hvigorfile, resolving D:\HW\testproject\complete\6\entry\hvigorfile.ts
[2026-09-10T20:49:43.407] [DEBUG] debug-file - hvigorfile, require result:  { default: { plugins: [] } }
[2026-09-10T20:49:43.407] [DEBUG] debug-file - hvigorfile, binding system plugins null
[2026-09-10T20:49:43.407] [DEBUG] debug-file - Starting plugin build process
[2026-09-10T20:49:43.407] [DEBUG] debug-file - Hap plugin creating...
[2026-09-10T20:49:43.408] [DEBUG] debug-file - failed to load cangjie to dynamically generate schemas: Error: Cannot find module '@ohos/cangjie-build-support/index'
Require stack:
- E:\DevEco Studio\tools\hvigor\hvigor-ohos-plugin\src\plugin\hooks\cangjie-register.js
- E:\DevEco Studio\tools\hvigor\hvigor-ohos-plugin\src\plugin\strategy\stage-init-strategy.js
- E:\DevEco Studio\tools\hvigor\hvigor-ohos-plugin\src\plugin\builder\abstract-plugin-builder.js
- E:\DevEco Studio\tools\hvigor\hvigor-ohos-plugin\src\plugin\builder\app-plugin-builder.js
- E:\DevEco Studio\tools\hvigor\hvigor-ohos-plugin\src\plugin\factory\plugin-factory.js
- E:\DevEco Studio\tools\hvigor\hvigor-ohos-plugin\index.js
- D:\HW\testproject\complete\6\hvigorfile.ts
- E:\DevEco Studio\tools\hvigor\hvigor\src\base\internal\lifecycle\configuration.js
- E:\DevEco Studio\tools\hvigor\hvigor\src\base\boot\index.js
- E:\DevEco Studio\tools\hvigor\hvigor\src\base\daemon\cluster\worker-process-lifecycle.js
- E:\DevEco Studio\tools\hvigor\hvigor\src\base\daemon\process\daemon-process-boot-script.js
[2026-09-10T20:49:43.411] [DEBUG] debug-file - Start initialize module-target build option map, moduleName=entry, buildMode=debug
[2026-09-10T20:49:43.411] [DEBUG] debug-file - Target 'default' config initialized
[2026-09-10T20:49:43.411] [DEBUG] debug-file - Target 'ohosTest' config initialized
[2026-09-10T20:49:43.411] [DEBUG] debug-file - Module 'entry' target 'default' build option initialized
[2026-09-10T20:49:43.412] [DEBUG] debug-file - Module 'entry' target 'ohosTest' build option initialized
[2026-09-10T20:49:43.412] [DEBUG] debug-file - End initialize module-target build option map, moduleName=entry
[2026-09-10T20:49:43.412] [DEBUG] debug-file - Start initialize module-target build option map, moduleName=entry, buildMode=release
[2026-09-10T20:49:43.412] [DEBUG] debug-file - Target 'default' config initialized
[2026-09-10T20:49:43.412] [DEBUG] debug-file - Target 'ohosTest' config initialized
[2026-09-10T20:49:43.412] [DEBUG] debug-file - Module 'entry' target 'default' build option initialized
[2026-09-10T20:49:43.413] [DEBUG] debug-file - Module 'entry' target 'ohosTest' build option initialized
[2026-09-10T20:49:43.413] [DEBUG] debug-file - End initialize module-target build option map, moduleName=entry
[2026-09-10T20:49:43.413] [DEBUG] debug-file - Start initialize module-target build option map, moduleName=entry, buildMode=debug
[2026-09-10T20:49:43.413] [DEBUG] debug-file - Target 'default' config initialized
[2026-09-10T20:49:43.413] [DEBUG] debug-file - Target 'ohosTest' config initialized
[2026-09-10T20:49:43.413] [DEBUG] debug-file - Module 'entry' target 'default' build option initialized
[2026-09-10T20:49:43.413] [DEBUG] debug-file - Module 'entry' target 'ohosTest' build option initialized
[2026-09-10T20:49:43.413] [DEBUG] debug-file - End initialize module-target build option map, moduleName=entry
[2026-09-10T20:49:43.414] [DEBUG] debug-file - Obtain build option for module 'entry' target 'default'in this build.
[2026-09-10T20:49:43.416] [DEBUG] debug-file - Module entry task initialization takes 2 ms 
[2026-09-10T20:49:43.416] [DEBUG] debug-file - Hap plugin register hook start...
[2026-09-10T20:49:43.416] [DEBUG] debug-file - Hap plugin register hook end...
[2026-09-10T20:49:43.416] [DEBUG] debug-file - Plugin build process completed
[2026-09-10T20:49:43.417] [DEBUG] debug-file - hvigorfile, begin to bind custom plugins...
[2026-09-10T20:49:43.417] [DEBUG] debug-file - hvigorfile, no custom plugins were found in D:\HW\testproject\complete\6\entry\hvigorfile.ts
[2026-09-10T20:49:43.417] [DEBUG] debug-file - hvigorfile, resolve finished D:\HW\testproject\complete\6\entry\hvigorfile.ts
[2026-09-10T20:49:43.474] [DEBUG] debug-file - hvigorfile, resolve hvigorfile dependencies in 57 ms 
[2026-09-10T20:49:43.474] [DEBUG] debug-file - project has submodules:entry
[2026-09-10T20:49:43.476] [DEBUG] debug-file - start to load updatedOhPackageInfo to the disk
[2026-09-10T20:49:43.478] [DEBUG] debug-file - load to the disk finished
[2026-09-10T20:49:43.479] [DEBUG] debug-file - Start to initialize dependency information.
[2026-09-10T20:49:43.484] [DEBUG] debug-file - Module 6 Collected Dependency: 
[2026-09-10T20:49:43.485] [DEBUG] debug-file - Module 6's total dependency: 0
[2026-09-10T20:49:43.485] [DEBUG] debug-file - Start to initialize dependency information.
[2026-09-10T20:49:43.487] [DEBUG] debug-file - Module entry Collected Dependency: 
[2026-09-10T20:49:43.487] [DEBUG] debug-file - Module entry's total dependency: 0
[2026-09-10T20:49:43.491] [DEBUG] debug-file - Configuration phase cost:146 ms 
[2026-09-10T20:49:43.491] [DEBUG] debug-file - Configuration task cost before running: 157 ms 
[2026-09-10T20:49:43.492] [DEBUG] debug-file - Executing task ::PreBuildApp
[2026-09-10T20:49:43.492] [DEBUG] debug-file - 6 : PreBuildApp cost memory 0.01799774169921875
[2026-09-10T20:49:43.492] [DEBUG] debug-file - runTaskFromQueue task cost before running: 157 ms 
[2026-09-10T20:49:43.492] [INFO] debug-file - Finished ::PreBuildApp... after 1 ms 
[2026-09-10T20:49:43.494] [DEBUG] debug-file - Executing task :entry:default@PreBuild
[2026-09-10T20:49:43.497] [DEBUG] debug-file - Task 'entry:default@PreBuild' cost while wrapping incremental declarations: 1 ms 
[2026-09-10T20:49:43.504] [DEBUG] debug-file - Incremental task entry:default@PreBuild pre-execution cost: 5 ms .
[2026-09-10T20:49:43.504] [DEBUG] debug-file - entry : default@PreBuild cost memory 0.53118896484375
[2026-09-10T20:49:43.506] [INFO] debug-file - UP-TO-DATE :entry:default@PreBuild...  
[2026-09-10T20:49:43.507] [DEBUG] debug-file - Executing task ::DuplicateDependencyCheck
[2026-09-10T20:49:43.507] [DEBUG] debug-file - 6 : DuplicateDependencyCheck cost memory 0.01357269287109375
[2026-09-10T20:49:43.507] [DEBUG] debug-file - runTaskFromQueue task cost before running: 172 ms 
[2026-09-10T20:49:43.507] [INFO] debug-file - Finished ::DuplicateDependencyCheck... after 1 ms 
[2026-09-10T20:49:43.508] [DEBUG] debug-file - Executing task :entry:default@CreateModuleInfo
[2026-09-10T20:49:43.509] [DEBUG] debug-file - Task 'entry:default@CreateModuleInfo' cost while wrapping incremental declarations: 1 ms 
[2026-09-10T20:49:43.509] [DEBUG] debug-file - entry : default@CreateModuleInfo cost memory 0.03859710693359375
[2026-09-10T20:49:43.509] [DEBUG] debug-file - runTaskFromQueue task cost before running: 174 ms 
[2026-09-10T20:49:43.509] [INFO] debug-file - Finished :entry:default@CreateModuleInfo... after 1 ms 
[2026-09-10T20:49:43.511] [DEBUG] debug-file - Executing task :entry:default@GenerateMetadata
[2026-09-10T20:49:43.511] [DEBUG] debug-file - Task 'entry:default@GenerateMetadata' cost while wrapping incremental declarations: 1 ms 
[2026-09-10T20:49:43.512] [DEBUG] debug-file - Incremental task entry:default@GenerateMetadata pre-execution cost: 1 ms .
[2026-09-10T20:49:43.512] [DEBUG] debug-file - entry : default@GenerateMetadata cost memory 0.0737152099609375
[2026-09-10T20:49:43.512] [INFO] debug-file - UP-TO-DATE :entry:default@GenerateMetadata...  
[2026-09-10T20:49:43.514] [DEBUG] debug-file - Executing task :entry:default@ConfigureCmake
[2026-09-10T20:49:43.514] [DEBUG] debug-file - entry : default@ConfigureCmake cost memory 0.01428985595703125
[2026-09-10T20:49:43.514] [DEBUG] debug-file - runTaskFromQueue task cost before running: 179 ms 
[2026-09-10T20:49:43.514] [INFO] debug-file - Finished :entry:default@ConfigureCmake... after 1 ms 
[2026-09-10T20:49:43.516] [DEBUG] debug-file - Executing task :entry:default@MergeProfile
[2026-09-10T20:49:43.516] [DEBUG] debug-file - Task 'entry:default@MergeProfile' cost while wrapping incremental declarations: 1 ms 
[2026-09-10T20:49:43.518] [DEBUG] debug-file - Incremental task entry:default@MergeProfile pre-execution cost: 2 ms .
[2026-09-10T20:49:43.518] [DEBUG] debug-file - entry : default@MergeProfile cost memory 0.11635589599609375
[2026-09-10T20:49:43.518] [INFO] debug-file - UP-TO-DATE :entry:default@MergeProfile...  
[2026-09-10T20:49:43.520] [DEBUG] debug-file - Executing task :entry:default@CreateBuildProfile
[2026-09-10T20:49:43.520] [DEBUG] debug-file - Task 'entry:default@CreateBuildProfile' cost while wrapping incremental declarations: 1 ms 
[2026-09-10T20:49:43.521] [DEBUG] debug-file - Incremental task entry:default@CreateBuildProfile pre-execution cost: 1 ms .
[2026-09-10T20:49:43.522] [DEBUG] debug-file - entry : default@CreateBuildProfile cost memory 0.09381103515625
[2026-09-10T20:49:43.522] [INFO] debug-file - UP-TO-DATE :entry:default@CreateBuildProfile...  
[2026-09-10T20:49:43.523] [DEBUG] debug-file - Executing task :entry:default@PreCheckSyscap
[2026-09-10T20:49:43.523] [DEBUG] debug-file - entry : default@PreCheckSyscap cost memory 0.01505279541015625
[2026-09-10T20:49:43.523] [DEBUG] debug-file - runTaskFromQueue task cost before running: 188 ms 
[2026-09-10T20:49:43.523] [INFO] debug-file - Finished :entry:default@PreCheckSyscap... after 1 ms 
[2026-09-10T20:49:43.525] [DEBUG] debug-file - Executing task :entry:default@GeneratePkgContextInfo
[2026-09-10T20:49:43.528] [DEBUG] debug-file - Task 'entry:default@GeneratePkgContextInfo' cost while wrapping incremental declarations: 1 ms 
[2026-09-10T20:49:43.529] [DEBUG] debug-file - Incremental task entry:default@GeneratePkgContextInfo pre-execution cost: 1 ms .
[2026-09-10T20:49:43.529] [DEBUG] debug-file - entry : default@GeneratePkgContextInfo cost memory 0.174163818359375
[2026-09-10T20:49:43.529] [INFO] debug-file - UP-TO-DATE :entry:default@GeneratePkgContextInfo...  
[2026-09-10T20:49:43.530] [DEBUG] debug-file - Executing task :entry:default@GeneratePkgSdkInfo
[2026-09-10T20:49:43.533] [DEBUG] debug-file - Task 'entry:default@GeneratePkgSdkInfo' cost while wrapping incremental declarations: 1 ms 
[2026-09-10T20:49:43.534] [DEBUG] debug-file - entry : default@GeneratePkgSdkInfo cost memory 0.097412109375
[2026-09-10T20:49:43.534] [DEBUG] debug-file - runTaskFromQueue task cost before running: 199 ms 
[2026-09-10T20:49:43.534] [INFO] debug-file - Finished :entry:default@GeneratePkgSdkInfo... after 4 ms 
[2026-09-10T20:49:43.538] [DEBUG] debug-file - Executing task :entry:default@ProcessIntegratedHsp
[2026-09-10T20:49:43.538] [DEBUG] debug-file - entry:default@ProcessIntegratedHsp is not up-to-date, since the output file 'D:\HW\testproject\complete\6\build\cache\default\integrated_hsp\integratedHspCache.json' does not exist.
[2026-09-10T20:49:43.538] [DEBUG] debug-file - Incremental task entry:default@ProcessIntegratedHsp pre-execution cost: 1 ms .
[2026-09-10T20:49:43.538] [DEBUG] debug-file - entry : default@ProcessIntegratedHsp cost memory 0.04892730712890625
[2026-09-10T20:49:43.539] [DEBUG] debug-file - runTaskFromQueue task cost before running: 204 ms 
[2026-09-10T20:49:43.539] [INFO] debug-file - Finished :entry:default@ProcessIntegratedHsp... after 2 ms 
[2026-09-10T20:49:43.540] [DEBUG] debug-file - Executing task :entry:default@BuildNativeWithCmake
[2026-09-10T20:49:43.540] [DEBUG] debug-file - entry : default@BuildNativeWithCmake cost memory 0.01427459716796875
[2026-09-10T20:49:43.541] [DEBUG] debug-file - runTaskFromQueue task cost before running: 206 ms 
[2026-09-10T20:49:43.541] [INFO] debug-file - Finished :entry:default@BuildNativeWithCmake... after 1 ms 
[2026-09-10T20:49:43.542] [DEBUG] debug-file - Executing task :entry:default@MakePackInfo
[2026-09-10T20:49:43.545] [DEBUG] debug-file - Incremental task entry:default@MakePackInfo pre-execution cost: 3 ms .
[2026-09-10T20:49:43.546] [DEBUG] debug-file - entry : default@MakePackInfo cost memory 0.104888916015625
[2026-09-10T20:49:43.547] [INFO] debug-file - UP-TO-DATE :entry:default@MakePackInfo...  
[2026-09-10T20:49:43.548] [DEBUG] debug-file - Executing task :entry:default@SyscapTransform
[2026-09-10T20:49:43.548] [DEBUG] debug-file - File: 'D:\HW\testproject\complete\6\entry\src\main\syscap.json' from 'sysCapJsonPath' is not exists, just ignore.
[2026-09-10T20:49:43.548] [DEBUG] debug-file - Task 'entry:default@SyscapTransform' cost while wrapping incremental declarations: 1 ms 
[2026-09-10T20:49:43.550] [DEBUG] debug-file - entry:default@SyscapTransform is not up-to-date, since the output file 'D:\HW\testproject\complete\6\entry\build\default\intermediates\syscap\default\rpcid.sc' does not exist.
[2026-09-10T20:49:43.550] [DEBUG] debug-file - Incremental task entry:default@SyscapTransform pre-execution cost: 2 ms .
[2026-09-10T20:49:43.550] [DEBUG] debug-file - entry : default@SyscapTransform cost memory 0.1104888916015625
[2026-09-10T20:49:43.550] [DEBUG] debug-file - runTaskFromQueue task cost before running: 215 ms 
[2026-09-10T20:49:43.550] [INFO] debug-file - Finished :entry:default@SyscapTransform... after 3 ms 
[2026-09-10T20:49:43.551] [DEBUG] debug-file - Executing task :entry:default@ProcessProfile
[2026-09-10T20:49:43.553] [DEBUG] debug-file - Task 'entry:default@ProcessProfile' cost while wrapping incremental declarations: 1 ms 
[2026-09-10T20:49:43.554] [DEBUG] debug-file - Incremental task entry:default@ProcessProfile pre-execution cost: 1 ms .
[2026-09-10T20:49:43.554] [DEBUG] debug-file - entry : default@ProcessProfile cost memory 0.1313323974609375
[2026-09-10T20:49:43.554] [INFO] debug-file - UP-TO-DATE :entry:default@ProcessProfile...  
[2026-09-10T20:49:43.555] [DEBUG] debug-file - Executing task :entry:default@ProcessRouterMap
[2026-09-10T20:49:43.559] [DEBUG] debug-file - Incremental task entry:default@ProcessRouterMap pre-execution cost: 3 ms .
[2026-09-10T20:49:43.560] [DEBUG] debug-file - entry : default@ProcessRouterMap cost memory 0.1554718017578125
[2026-09-10T20:49:43.561] [INFO] debug-file - UP-TO-DATE :entry:default@ProcessRouterMap...  
[2026-09-10T20:49:43.562] [DEBUG] debug-file - Executing task :entry:default@ProcessShareConfig
[2026-09-10T20:49:43.564] [DEBUG] debug-file - Incremental task entry:default@ProcessShareConfig pre-execution cost: 2 ms .
[2026-09-10T20:49:43.564] [DEBUG] debug-file - entry : default@ProcessShareConfig cost memory 0.10572052001953125
[2026-09-10T20:49:43.564] [INFO] debug-file - UP-TO-DATE :entry:default@ProcessShareConfig...  
[2026-09-10T20:49:43.565] [DEBUG] debug-file - Executing task :entry:default@ProcessStartupConfig
[2026-09-10T20:49:43.566] [DEBUG] debug-file - Task 'entry:default@ProcessStartupConfig' cost while wrapping incremental declarations: 1 ms 
[2026-09-10T20:49:43.566] [DEBUG] debug-file - entry:default@ProcessStartupConfig is not up-to-date, since the output file 'D:\HW\testproject\complete\6\entry\build\default\intermediates\startup\default\startup_config.json' does not exist.
[2026-09-10T20:49:43.567] [DEBUG] debug-file - Incremental task entry:default@ProcessStartupConfig pre-execution cost: 1 ms .
[2026-09-10T20:49:43.567] [DEBUG] debug-file - entry : default@ProcessStartupConfig cost memory 0.10982513427734375
[2026-09-10T20:49:43.567] [DEBUG] debug-file - runTaskFromQueue task cost before running: 233 ms 
[2026-09-10T20:49:43.568] [INFO] debug-file - Finished :entry:default@ProcessStartupConfig... after 3 ms 
[2026-09-10T20:49:43.569] [DEBUG] debug-file - Executing task :entry:default@BuildNativeWithNinja
[2026-09-10T20:49:43.569] [DEBUG] debug-file - entry : default@BuildNativeWithNinja cost memory 0.0190277099609375
[2026-09-10T20:49:43.569] [DEBUG] debug-file - runTaskFromQueue task cost before running: 235 ms 
[2026-09-10T20:49:43.570] [INFO] debug-file - Finished :entry:default@BuildNativeWithNinja... after 1 ms 
[2026-09-10T20:49:43.571] [DEBUG] debug-file - restool module names: entry; moduleName=entry, taskName=default@ProcessResource
[2026-09-10T20:49:43.572] [DEBUG] debug-file - Executing task :entry:default@ProcessResource
[2026-09-10T20:49:43.572] [DEBUG] debug-file - Task 'entry:default@ProcessResource' cost while wrapping incremental declarations: 1 ms 
[2026-09-10T20:49:43.573] [DEBUG] debug-file - Incremental task entry:default@ProcessResource pre-execution cost: 1 ms .
[2026-09-10T20:49:43.573] [DEBUG] debug-file - entry : default@ProcessResource cost memory 0.10927581787109375
[2026-09-10T20:49:43.575] [INFO] debug-file - UP-TO-DATE :entry:default@ProcessResource...  
[2026-09-10T20:49:43.577] [DEBUG] debug-file - Executing task :entry:default@GenerateLoaderJson
[2026-09-10T20:49:43.578] [DEBUG] debug-file - Task 'entry:default@GenerateLoaderJson' cost while wrapping incremental declarations: 1 ms 
[2026-09-10T20:49:43.586] [DEBUG] debug-file - Incremental task entry:default@GenerateLoaderJson pre-execution cost: 5 ms .
[2026-09-10T20:49:43.586] [DEBUG] debug-file - entry : default@GenerateLoaderJson cost memory 0.3577728271484375
[2026-09-10T20:49:43.589] [INFO] debug-file - UP-TO-DATE :entry:default@GenerateLoaderJson...  
[2026-09-10T20:49:43.590] [DEBUG] debug-file - Executing task :entry:default@ProcessLibs
[2026-09-10T20:49:43.591] [DEBUG] debug-file - Task 'entry:default@ProcessLibs' cost while wrapping incremental declarations: 1 ms 
[2026-09-10T20:49:43.594] [DEBUG] debug-file - Incremental task entry:default@ProcessLibs pre-execution cost: 2 ms .
[2026-09-10T20:49:43.594] [DEBUG] debug-file - entry : default@ProcessLibs cost memory 0.09142303466796875
[2026-09-10T20:49:43.595] [INFO] debug-file - UP-TO-DATE :entry:default@ProcessLibs...  
[2026-09-10T20:49:43.597] [DEBUG] debug-file - restool module names: entry; moduleName=entry, taskName=default@CompileResource
[2026-09-10T20:49:43.597] [DEBUG] debug-file - Executing task :entry:default@CompileResource
[2026-09-10T20:49:43.609] [DEBUG] debug-file - Incremental task entry:default@CompileResource pre-execution cost: 11 ms .
[2026-09-10T20:49:43.609] [DEBUG] debug-file - entry : default@CompileResource cost memory -3.9079055786132812
[2026-09-10T20:49:43.610] [INFO] debug-file - UP-TO-DATE :entry:default@CompileResource...  
[2026-09-10T20:49:43.611] [DEBUG] debug-file - Executing task :entry:default@DoNativeStrip
[2026-09-10T20:49:43.612] [DEBUG] debug-file - File: 'D:\HW\testproject\complete\6\entry\build\default\intermediates\binxo\default' from 'doBinxoNativeLibs' is not exists, just ignore.
[2026-09-10T20:49:43.612] [DEBUG] debug-file - Task 'entry:default@DoNativeStrip' cost while wrapping incremental declarations: 1 ms 
[2026-09-10T20:49:43.612] [DEBUG] debug-file - Incremental task entry:default@DoNativeStrip pre-execution cost: 1 ms .
[2026-09-10T20:49:43.612] [DEBUG] debug-file - entry : default@DoNativeStrip cost memory 0.09302520751953125
[2026-09-10T20:49:43.613] [INFO] debug-file - UP-TO-DATE :entry:default@DoNativeStrip...  
[2026-09-10T20:49:43.614] [DEBUG] debug-file - Executing task :entry:default@CompileArkTS
[2026-09-10T20:49:43.615] [DEBUG] debug-file - obfuscationOptions: undefined
[2026-09-10T20:49:43.616] [DEBUG] debug-file - Task 'entry:default@CompileArkTS' cost while wrapping incremental declarations: 1 ms 
[2026-09-10T20:49:43.626] [DEBUG] debug-file - Incremental task entry:default@CompileArkTS pre-execution cost: 8 ms .
[2026-09-10T20:49:43.626] [DEBUG] debug-file - entry : default@CompileArkTS cost memory 0.48259735107421875
[2026-09-10T20:49:43.629] [INFO] debug-file - UP-TO-DATE :entry:default@CompileArkTS...  
[2026-09-10T20:49:43.630] [DEBUG] debug-file - Executing task :entry:default@BuildJS
[2026-09-10T20:49:43.631] [DEBUG] debug-file - Task 'entry:default@BuildJS' cost while wrapping incremental declarations: 1 ms 
[2026-09-10T20:49:43.634] [DEBUG] debug-file - entry : default@BuildJS cost memory 0.11907958984375
[2026-09-10T20:49:43.634] [DEBUG] debug-file - runTaskFromQueue task cost before running: 299 ms 
[2026-09-10T20:49:43.634] [INFO] debug-file - Finished :entry:default@BuildJS... after 4 ms 
[2026-09-10T20:49:43.635] [DEBUG] debug-file - Executing task :entry:default@CacheNativeLibs
[2026-09-10T20:49:43.636] [DEBUG] debug-file - File: 'D:\HW\testproject\complete\6\entry\build\default\intermediates\binxo\default' from 'cacheBinxoNativeLibs' is not exists, just ignore.
[2026-09-10T20:49:43.636] [DEBUG] debug-file - Task 'entry:default@CacheNativeLibs' cost while wrapping incremental declarations: 1 ms 
[2026-09-10T20:49:43.637] [DEBUG] debug-file - Incremental task entry:default@CacheNativeLibs pre-execution cost: 2 ms .
[2026-09-10T20:49:43.638] [DEBUG] debug-file - entry : default@CacheNativeLibs cost memory 0.08560943603515625
[2026-09-10T20:49:43.638] [INFO] debug-file - UP-TO-DATE :entry:default@CacheNativeLibs...  
[2026-09-10T20:49:43.639] [DEBUG] debug-file - Executing task :entry:default@GeneratePkgModuleJson
[2026-09-10T20:49:43.639] [DEBUG] debug-file - File: 'D:\HW\testproject\complete\6\entry\build\default\intermediates\preload\default\preload.json' from 'preloadSoJsonPath' is not exists, just ignore.
[2026-09-10T20:49:43.639] [DEBUG] debug-file - Error occurs while handling @Input 'shouldDeduplicateHar': The "data" argument must be of type string or an instance of Buffer, TypedArray, or DataView. Received undefined
[2026-09-10T20:49:43.640] [DEBUG] debug-file - Task 'entry:default@GeneratePkgModuleJson' cost while wrapping incremental declarations: 1 ms 
[2026-09-10T20:49:43.641] [DEBUG] debug-file - Incremental task entry:default@GeneratePkgModuleJson pre-execution cost: 1 ms .
[2026-09-10T20:49:43.641] [DEBUG] debug-file - entry : default@GeneratePkgModuleJson cost memory 0.082733154296875
[2026-09-10T20:49:43.641] [INFO] debug-file - UP-TO-DATE :entry:default@GeneratePkgModuleJson...  
[2026-09-10T20:49:43.642] [DEBUG] debug-file - Executing task :entry:default@ProcessCompiledResources
[2026-09-10T20:49:43.643] [DEBUG] debug-file - File: 'D:\HW\testproject\complete\6\entry\build\default\intermediates\preload\default\preload.json' from 'preloadSoJsonPath' is not exists, just ignore.
[2026-09-10T20:49:43.643] [DEBUG] debug-file - Task 'entry:default@ProcessCompiledResources' cost while wrapping incremental declarations: 1 ms 
[2026-09-10T20:49:43.643] [DEBUG] debug-file - entry : default@ProcessCompiledResources cost memory 0.050201416015625
[2026-09-10T20:49:43.643] [DEBUG] debug-file - runTaskFromQueue task cost before running: 309 ms 
[2026-09-10T20:49:43.644] [INFO] debug-file - Finished :entry:default@ProcessCompiledResources... after 2 ms 
[2026-09-10T20:49:43.645] [DEBUG] debug-file - Executing task :entry:default@PackageHap
[2026-09-10T20:49:43.654] [DEBUG] debug-file - Incremental task entry:default@PackageHap pre-execution cost: 7 ms .
[2026-09-10T20:49:43.654] [DEBUG] debug-file - entry : default@PackageHap cost memory 0.28264617919921875
[2026-09-10T20:49:43.655] [INFO] debug-file - UP-TO-DATE :entry:default@PackageHap...  
[2026-09-10T20:49:43.657] [DEBUG] debug-file - Executing task :entry:default@PackingCheck
[2026-09-10T20:49:43.661] [DEBUG] debug-file - entry : default@PackingCheck cost memory 0.2757568359375
[2026-09-10T20:49:43.662] [DEBUG] debug-file - runTaskFromQueue task cost before running: 327 ms 
[2026-09-10T20:49:43.662] [INFO] debug-file - Finished :entry:default@PackingCheck... after 6 ms 
[2026-09-10T20:49:43.663] [DEBUG] debug-file - Executing task :entry:default@SignHap
[2026-09-10T20:49:43.663] [WARN] debug-file - Will skip sign 'hos_hap'. No signingConfigs profile is configured in current project.
             If needed, configure the signingConfigs in D:\HW\testproject\complete\6\build-profile.json5.
[2026-09-10T20:49:43.664] [DEBUG] debug-file - entry:default@SignHap is not up-to-date, since the output file 'D:\HW\testproject\complete\6\entry\build\default\outputs\default\entry-default-signed.hap' does not exist.
[2026-09-10T20:49:43.664] [DEBUG] debug-file - Incremental task entry:default@SignHap pre-execution cost: 1 ms .
[2026-09-10T20:49:43.665] [DEBUG] debug-file - entry : default@SignHap cost memory 0.07193756103515625
[2026-09-10T20:49:43.665] [DEBUG] debug-file - runTaskFromQueue task cost before running: 330 ms 
[2026-09-10T20:49:43.665] [INFO] debug-file - Finished :entry:default@SignHap... after 2 ms 
[2026-09-10T20:49:43.666] [DEBUG] debug-file - Executing task :entry:default@CollectDebugSymbol
[2026-09-10T20:49:43.667] [DEBUG] debug-file - entry : default@CollectDebugSymbol cost memory 0.081268310546875
[2026-09-10T20:49:43.667] [DEBUG] debug-file - runTaskFromQueue task cost before running: 333 ms 
[2026-09-10T20:49:43.668] [INFO] debug-file - Finished :entry:default@CollectDebugSymbol... after 2 ms 
[2026-09-10T20:49:43.668] [DEBUG] debug-file - Executing task :entry:assembleHap
[2026-09-10T20:49:43.668] [DEBUG] debug-file - entry : assembleHap cost memory 0.01222991943359375
[2026-09-10T20:49:43.669] [DEBUG] debug-file - runTaskFromQueue task cost before running: 334 ms 
[2026-09-10T20:49:43.669] [INFO] debug-file - Finished :entry:assembleHap... after 1 ms 
[2026-09-10T20:49:43.669] [DEBUG] debug-file - Executing task ::MakeProjectPackInfo
[2026-09-10T20:49:43.672] [DEBUG] debug-file - Task ':MakeProjectPackInfo' cost while wrapping incremental declarations: 1 ms 
[2026-09-10T20:49:43.672] [DEBUG] debug-file - Incremental task :MakeProjectPackInfo pre-execution cost: 1 ms .
[2026-09-10T20:49:43.673] [DEBUG] debug-file - 6 : MakeProjectPackInfo cost memory 0.1377410888671875
[2026-09-10T20:49:43.673] [INFO] debug-file - UP-TO-DATE ::MakeProjectPackInfo...  
[2026-09-10T20:49:43.673] [DEBUG] debug-file - Executing task ::ProcessProjectPrivacyProfile
[2026-09-10T20:49:43.675] [DEBUG] debug-file - Incremental task :ProcessProjectPrivacyProfile pre-execution cost: 2 ms .
[2026-09-10T20:49:43.676] [DEBUG] debug-file - 6 : ProcessProjectPrivacyProfile cost memory 0.0786590576171875
[2026-09-10T20:49:43.677] [INFO] debug-file - UP-TO-DATE ::ProcessProjectPrivacyProfile...  
[2026-09-10T20:49:43.677] [DEBUG] debug-file - Executing task ::GeneratePackRes
[2026-09-10T20:49:43.678] [DEBUG] debug-file - Incremental task :GeneratePackRes pre-execution cost: 1 ms .
[2026-09-10T20:49:43.678] [DEBUG] debug-file - 6 : GeneratePackRes cost memory 0.03989410400390625
[2026-09-10T20:49:43.678] [INFO] debug-file - UP-TO-DATE ::GeneratePackRes...  
[2026-09-10T20:49:43.678] [DEBUG] debug-file - Executing task ::PackageApp
[2026-09-10T20:49:43.681] [DEBUG] debug-file - Task ':PackageApp' cost while wrapping incremental declarations: 1 ms 
[2026-09-10T20:49:43.682] [DEBUG] debug-file - :PackageApp is not up-to-date, since the output file 'D:\HW\testproject\complete\6\build\outputs\default\symbol\debug' does not exist.
[2026-09-10T20:49:43.683] [DEBUG] debug-file - Incremental task :PackageApp pre-execution cost: 2 ms .
[2026-09-10T20:49:43.688] [DEBUG] debug-file - Use tool [PackageApp]
 [
  'java',
  '-Dfile.encoding=GBK',
  '-jar',
  'E:\\DevEco Studio\\sdk\\default\\openharmony\\toolchains\\lib\\app_packing_tool.jar',
  '--mode',
  'app',
  '--pack-info-path',
  'D:\\HW\\testproject\\complete\\6\\build\\outputs\\default\\pack.info',
  '--hap-path',
  'D:\\HW\\testproject\\complete\\6\\entry\\build\\default\\outputs\\default\\app\\entry-default.hap',
  '--hsp-path',
  '',
  '--force',
  'true',
  '--out-path',
  'D:\\HW\\testproject\\complete\\6\\build\\outputs\\default\\6-default-unsigned.app',
  '--main-module-limit',
  '2',
  '--normal-module-limit',
  '2',
  '--pac-json-path',
  'D:\\HW\\testproject\\complete\\6\\build\\outputs\\default\\pac.json'
]
[2026-09-10T20:49:43.689] [DEBUG] debug-file - current process  memoryUsage: {
  rss: 511193088,
  heapTotal: 138153984,
  heapUsed: 124791816,
  external: 3974520,
  arrayBuffers: 47578
} os memoryUsage :13.034976959228516
[2026-09-10T20:49:44.380] [DEBUG] debug-file - 6 : PackageApp cost memory 0.36585235595703125
[2026-09-10T20:49:44.381] [DEBUG] debug-file - runTaskFromQueue task cost before running: 1 s 46 ms 
[2026-09-10T20:49:44.381] [INFO] debug-file - Finished ::PackageApp... after 703 ms 
[2026-09-10T20:49:44.381] [DEBUG] debug-file - Executing task ::SignPackagesFromApp
[2026-09-10T20:49:44.382] [DEBUG] debug-file - :SignPackagesFromApp is not up-to-date, since the input file 'D:\HW\testproject\complete\6\build\outputs\default\6-default-unsigned.app' has been changed.
[2026-09-10T20:49:44.382] [DEBUG] debug-file - Incremental task :SignPackagesFromApp pre-execution cost: 1 ms .
[2026-09-10T20:49:44.382] [DEBUG] debug-file - 6 : SignPackagesFromApp cost memory 0.04864501953125
[2026-09-10T20:49:44.382] [DEBUG] debug-file - runTaskFromQueue task cost before running: 1 s 47 ms 
[2026-09-10T20:49:44.382] [INFO] debug-file - Finished ::SignPackagesFromApp... after 1 ms 
[2026-09-10T20:49:44.382] [DEBUG] debug-file - Executing task ::SignApp
[2026-09-10T20:49:44.383] [DEBUG] debug-file - signingConfigName of signApp is :  undefined
[2026-09-10T20:49:44.383] [WARN] debug-file - Will skip sign 'app'. No signingConfigs profile is configured in current project.
             If needed, configure the signingConfigs in D:\HW\testproject\complete\6\build-profile.json5.
[2026-09-10T20:49:44.383] [DEBUG] debug-file - :SignApp is not up-to-date, since the input file 'D:\HW\testproject\complete\6\build\outputs\default\6-default-unsigned.app' has been changed.
[2026-09-10T20:49:44.383] [DEBUG] debug-file - Incremental task :SignApp pre-execution cost: 1 ms .
[2026-09-10T20:49:44.384] [DEBUG] debug-file - 6 : SignApp cost memory 0.1112823486328125
[2026-09-10T20:49:44.384] [DEBUG] debug-file - runTaskFromQueue task cost before running: 1 s 49 ms 
[2026-09-10T20:49:44.384] [INFO] debug-file - Finished ::SignApp... after 2 ms 
[2026-09-10T20:49:44.384] [DEBUG] debug-file - Executing task ::assembleApp
[2026-09-10T20:49:44.384] [DEBUG] debug-file - 6 : assembleApp cost memory 0.01212310791015625
[2026-09-10T20:49:44.384] [DEBUG] debug-file - runTaskFromQueue task cost before running: 1 s 49 ms 
[2026-09-10T20:49:44.384] [INFO] debug-file - Finished ::assembleApp... after 1 ms 
[2026-09-10T20:49:44.385] [INFO] debug-file - BUILD SUCCESSFUL in 1 s 50 ms 
[2026-09-10T20:49:44.386] [DEBUG] debug-file - There is no need to refresh cache, since the incremental task entry:default@PreBuild is up-to-date.
[2026-09-10T20:49:44.386] [DEBUG] debug-file - Update task entry:default@CreateModuleInfo output file:D:\HW\testproject\complete\6\entry\build\default\generated\profile\default\ModuleInfo.ts cache.
[2026-09-10T20:49:44.386] [DEBUG] debug-file - Incremental task entry:default@CreateModuleInfo post-execution cost:1 ms .
[2026-09-10T20:49:44.386] [DEBUG] debug-file - There is no need to refresh cache, since the incremental task entry:default@GenerateMetadata is up-to-date.
[2026-09-10T20:49:44.386] [DEBUG] debug-file - There is no need to refresh cache, since the incremental task entry:default@MergeProfile is up-to-date.
[2026-09-10T20:49:44.386] [DEBUG] debug-file - There is no need to refresh cache, since the incremental task entry:default@CreateBuildProfile is up-to-date.
[2026-09-10T20:49:44.386] [DEBUG] debug-file - There is no need to refresh cache, since the incremental task entry:default@GeneratePkgContextInfo is up-to-date.
[2026-09-10T20:49:44.387] [DEBUG] debug-file - Update task entry:default@GeneratePkgSdkInfo output file:D:\HW\testproject\complete\6\entry\build\default\intermediates\loader\default\pkgSdkInfo.json cache.
[2026-09-10T20:49:44.387] [DEBUG] debug-file - Incremental task entry:default@GeneratePkgSdkInfo post-execution cost:1 ms .
[2026-09-10T20:49:44.387] [DEBUG] debug-file - Update task entry:default@ProcessIntegratedHsp output file:D:\HW\testproject\complete\6\build\cache\default\integrated_hsp\integratedHspCache.json cache.
[2026-09-10T20:49:44.387] [DEBUG] debug-file - Incremental task entry:default@ProcessIntegratedHsp post-execution cost:1 ms .
[2026-09-10T20:49:44.387] [DEBUG] debug-file - There is no need to refresh cache, since the incremental task entry:default@MakePackInfo is up-to-date.
[2026-09-10T20:49:44.387] [DEBUG] debug-file - Update task entry:default@SyscapTransform input file:E:\DevEco Studio\sdk\default\openharmony\toolchains\syscap_tool.exe cache by regenerate.
[2026-09-10T20:49:44.388] [DEBUG] debug-file - Update task entry:default@SyscapTransform input file:E:\DevEco Studio\sdk\default\openharmony\ets\api\device-define cache by regenerate.
[2026-09-10T20:49:44.389] [DEBUG] debug-file - Update task entry:default@SyscapTransform output file:D:\HW\testproject\complete\6\entry\build\default\intermediates\syscap\default\rpcid.sc cache.
[2026-09-10T20:49:44.389] [DEBUG] debug-file - Incremental task entry:default@SyscapTransform post-execution cost:2 ms .
[2026-09-10T20:49:44.389] [DEBUG] debug-file - There is no need to refresh cache, since the incremental task entry:default@ProcessProfile is up-to-date.
[2026-09-10T20:49:44.389] [DEBUG] debug-file - There is no need to refresh cache, since the incremental task entry:default@ProcessRouterMap is up-to-date.
[2026-09-10T20:49:44.389] [DEBUG] debug-file - There is no need to refresh cache, since the incremental task entry:default@ProcessShareConfig is up-to-date.
[2026-09-10T20:49:44.390] [DEBUG] debug-file - Update task entry:default@ProcessStartupConfig input file:D:\HW\testproject\complete\6\entry\build\default\intermediates\loader\default\pkgContextInfo.json cache by regenerate.
[2026-09-10T20:49:44.390] [DEBUG] debug-file - Update task entry:default@ProcessStartupConfig output file:D:\HW\testproject\complete\6\entry\build\default\intermediates\startup\default\startup_config.json cache.
[2026-09-10T20:49:44.390] [DEBUG] debug-file - Incremental task entry:default@ProcessStartupConfig post-execution cost:1 ms .
[2026-09-10T20:49:44.390] [DEBUG] debug-file - There is no need to refresh cache, since the incremental task entry:default@ProcessResource is up-to-date.
[2026-09-10T20:49:44.390] [DEBUG] debug-file - There is no need to refresh cache, since the incremental task entry:default@GenerateLoaderJson is up-to-date.
[2026-09-10T20:49:44.390] [DEBUG] debug-file - There is no need to refresh cache, since the incremental task entry:default@ProcessLibs is up-to-date.
[2026-09-10T20:49:44.390] [DEBUG] debug-file - There is no need to refresh cache, since the incremental task entry:default@CompileResource is up-to-date.
[2026-09-10T20:49:44.390] [DEBUG] debug-file - There is no need to refresh cache, since the incremental task entry:default@DoNativeStrip is up-to-date.
[2026-09-10T20:49:44.391] [DEBUG] debug-file - There is no need to refresh cache, since the incremental task entry:default@CompileArkTS is up-to-date.
[2026-09-10T20:49:44.392] [DEBUG] debug-file - Update task entry:default@BuildJS input file:D:\HW\testproject\complete\6\entry\build\default\intermediates\loader\default cache by regenerate.
[2026-09-10T20:49:44.392] [DEBUG] debug-file - Update task entry:default@BuildJS input file:D:\HW\testproject\complete\6\entry\build\default\intermediates\res\default\resources\rawfile cache by regenerate.
[2026-09-10T20:49:44.393] [DEBUG] debug-file - Update task entry:default@BuildJS input file:D:\HW\testproject\complete\6\entry\build\default\intermediates\res\default\ResourceTable.txt cache by regenerate.
[2026-09-10T20:49:44.393] [DEBUG] debug-file - Update task entry:default@BuildJS input file:D:\HW\testproject\complete\6\entry\build\default\intermediates\res\default\ark_module.json cache by regenerate.
[2026-09-10T20:49:44.393] [DEBUG] debug-file - Update task entry:default@BuildJS input file:D:\HW\testproject\complete\6\entry\build\default\intermediates\res\default\resources\base\profile cache by regenerate.
[2026-09-10T20:49:44.394] [DEBUG] debug-file - Update task entry:default@BuildJS input file:D:\HW\testproject\complete\6\entry\build\default\intermediates\loader\default\pkgContextInfo.json cache by regenerate.
[2026-09-10T20:49:44.394] [DEBUG] debug-file - Update task entry:default@BuildJS output file:D:\HW\testproject\complete\6\entry\build\default\intermediates\loader_out\default\js cache.
[2026-09-10T20:49:44.394] [DEBUG] debug-file - Incremental task entry:default@BuildJS post-execution cost:4 ms .
[2026-09-10T20:49:44.394] [DEBUG] debug-file - There is no need to refresh cache, since the incremental task entry:default@CacheNativeLibs is up-to-date.
[2026-09-10T20:49:44.394] [DEBUG] debug-file - There is no need to refresh cache, since the incremental task entry:default@GeneratePkgModuleJson is up-to-date.
[2026-09-10T20:49:44.395] [DEBUG] debug-file - Incremental task entry:default@ProcessCompiledResources post-execution cost:1 ms .
[2026-09-10T20:49:44.395] [DEBUG] debug-file - There is no need to refresh cache, since the incremental task entry:default@PackageHap is up-to-date.
[2026-09-10T20:49:44.395] [DEBUG] debug-file - Update task entry:default@SignHap input file:D:\HW\testproject\complete\6\entry\build\default\outputs\default\entry-default-unsigned.hap cache by regenerate.
[2026-09-10T20:49:44.395] [DEBUG] debug-file - Update task entry:default@SignHap output file:D:\HW\testproject\complete\6\entry\build\default\outputs\default\entry-default-signed.hap cache.
[2026-09-10T20:49:44.395] [DEBUG] debug-file - Incremental task entry:default@SignHap post-execution cost:1 ms .
[2026-09-10T20:49:44.396] [DEBUG] debug-file - Update task entry:default@CollectDebugSymbol input file:D:\HW\testproject\complete\6\entry\build\default\intermediates\loader_out\default\ets\sourceMaps.map cache by regenerate.
[2026-09-10T20:49:44.397] [DEBUG] debug-file - Update task entry:default@CollectDebugSymbol input file:D:\HW\testproject\complete\6\entry\build\default\intermediates\libs\default cache by regenerate.
[2026-09-10T20:49:44.398] [DEBUG] debug-file - Update task entry:default@CollectDebugSymbol output file:D:\HW\testproject\complete\6\entry\build\default\outputs\default\symbol cache.
[2026-09-10T20:49:44.398] [DEBUG] debug-file - Incremental task entry:default@CollectDebugSymbol post-execution cost:3 ms .
[2026-09-10T20:49:44.398] [DEBUG] debug-file - There is no need to refresh cache, since the incremental task :MakeProjectPackInfo is up-to-date.
[2026-09-10T20:49:44.399] [DEBUG] debug-file - There is no need to refresh cache, since the incremental task :ProcessProjectPrivacyProfile is up-to-date.
[2026-09-10T20:49:44.399] [DEBUG] debug-file - There is no need to refresh cache, since the incremental task :GeneratePackRes is up-to-date.
[2026-09-10T20:49:44.399] [DEBUG] debug-file - Update task :PackageApp input file:D:\HW\testproject\complete\6\build\outputs\default\pack.info cache by regenerate.
[2026-09-10T20:49:44.399] [DEBUG] debug-file - Update task :PackageApp input file:D:\HW\testproject\complete\6\entry\build\default\outputs\default\entry-default-unsigned.hap cache by regenerate.
[2026-09-10T20:49:44.399] [DEBUG] debug-file - Update task :PackageApp input file:D:\HW\testproject\complete\6\build\outputs\default\pac.json cache by regenerate.
[2026-09-10T20:49:44.399] [DEBUG] debug-file - Update task :PackageApp output file:D:\HW\testproject\complete\6\build\outputs\default\6-default-unsigned.app cache.
[2026-09-10T20:49:44.400] [DEBUG] debug-file - Update task :PackageApp output file:D:\HW\testproject\complete\6\entry\build\default\outputs\default\app\entry-default.hap cache.
[2026-09-10T20:49:44.400] [DEBUG] debug-file - Update task :PackageApp output file:D:\HW\testproject\complete\6\build\outputs\default\symbol\debug cache.
[2026-09-10T20:49:44.400] [DEBUG] debug-file - Incremental task :PackageApp post-execution cost:2 ms .
[2026-09-10T20:49:44.400] [DEBUG] debug-file - Update task :SignPackagesFromApp input file:D:\HW\testproject\complete\6\build\outputs\default\6-default-unsigned.app cache from map.
[2026-09-10T20:49:44.400] [DEBUG] debug-file - Incremental task :SignPackagesFromApp post-execution cost:1 ms .
[2026-09-10T20:49:44.400] [DEBUG] debug-file - Update task :SignApp input file:D:\HW\testproject\complete\6\build\outputs\default\6-default-unsigned.app cache from map.
[2026-09-10T20:49:44.400] [DEBUG] debug-file - Update task :SignApp output file:D:\HW\testproject\complete\6\build\outputs\default\6-default-signed.app cache.
[2026-09-10T20:49:44.401] [DEBUG] debug-file - Incremental task :SignApp post-execution cost:1 ms .
[2026-09-10T20:49:44.413] [DEBUG] debug-file - hvigor build process will be closed.
[2026-09-10T20:49:44.422] [DEBUG] debug-file - session manager: send message to worker process. WorkerThreadId: 0, data: {"type":"hvigor_failed","reason":"Server has disconnected."}
[2026-09-10T20:49:44.422] [DEBUG] debug-file - session manager: send message to worker process. WorkerThreadId: 0, data: {"type":"CloseWatch","reason":"Server has disconnected."}
[2026-09-10T20:49:44.422] [DEBUG] debug-file - watch worker: worker id should be larger than 0. Nothing will be sent to any worker thread.
[2026-09-10T20:49:44.422] [DEBUG] debug-file - ABORT_WORK sent to workers.
[2026-09-10T20:49:44.423] [DEBUG] debug-file - watch worker: worker id should be larger than 0. Nothing will be sent to any worker thread.
[2026-09-10T20:50:00.633] [DEBUG] debug-file - env: nodejsVersion=v24.14.1
[2026-09-10T20:50:00.675] [DEBUG] debug-file - env: daemon=true
[2026-09-10T20:50:00.634] [DEBUG] debug-file - env: hvigor-config.json5 content = {
  modelVersion: '6.0.1',
  dependencies: {},
  execution: {},
  logging: {},
  debugging: {},
  nodeOptions: {}
}
[2026-09-10T20:50:01.184] [DEBUG] debug-file - session manager: set active socket. socketId=ErXNCnhZ8R4rcNVYAAAP
[2026-09-10T20:50:01.196] [DEBUG] debug-file - watch worker: worker id should be larger than 0. Nothing will be sent to any worker thread.
[2026-09-10T20:50:01.204] [DEBUG] debug-file - Workers' log level updated to INFO
[2026-09-10T20:50:01.207] [DEBUG] debug-file - Hvigor init with startParameters:{
  hvigorfileTypeCheck: false,
  parallelExecution: true,
  incrementalExecution: true,
  printStackTrace: false,
  daemon: true,
  analyze: 0,
  logLevel: Level { level: 20000, levelStr: 'INFO', colour: 'green' },
  optimizationStrategy: 'memory',
  hotCompile: undefined,
  hotReloadBuild: undefined,
  customizedParam: undefined
}
[2026-09-10T20:50:01.214] [DEBUG] debug-file - Cache service initialization finished in 7 ms 
[2026-09-10T20:50:01.215] [DEBUG] debug-file - hvigorfile, resolving D:\HW\testproject\complete\6\hvigorfile.ts
[2026-09-10T20:50:01.222] [DEBUG] debug-file - hvigorfile, require result:  { default: { plugins: [] } }
[2026-09-10T20:50:01.222] [DEBUG] debug-file - hvigorfile, binding system plugins null
[2026-09-10T20:50:01.222] [DEBUG] debug-file - Starting plugin build process
[2026-09-10T20:50:01.222] [DEBUG] debug-file - App plugin prepare start...
[2026-09-10T20:50:01.222] [DEBUG] debug-file - App plugin prepare end...
[2026-09-10T20:50:01.222] [DEBUG] debug-file - App plugin creating...
[2026-09-10T20:50:01.227] [DEBUG] debug-file - App plugin register hook start...
[2026-09-10T20:50:01.228] [DEBUG] debug-file - App plugin register hook end...
[2026-09-10T20:50:01.228] [DEBUG] debug-file - Plugin build process completed
[2026-09-10T20:50:01.228] [DEBUG] debug-file - Start initialize project's product build option map with build mode debug.
[2026-09-10T20:50:01.228] [DEBUG] debug-file - Picking option from product 'default' with build mode 'debug'.
[2026-09-10T20:50:01.228] [DEBUG] debug-file - Product 'default' build option initialized
[2026-09-10T20:50:01.228] [DEBUG] debug-file - End initialize project's product build option map with build mode 'debug'.
[2026-09-10T20:50:01.229] [DEBUG] debug-file - Obtain build option for product 'default'in this build.
[2026-09-10T20:50:01.232] [DEBUG] debug-file - No signingConfig found, initRemoteHspCache failed.
[2026-09-10T20:50:01.234] [DEBUG] debug-file - Start recording SDK configuration permission data.
[2026-09-10T20:50:01.277] [DEBUG] debug-file - Sdk init in 44 ms 
[2026-09-10T20:50:01.281] [DEBUG] debug-file - Project task initialization takes 4 ms 
[2026-09-10T20:50:01.281] [DEBUG] debug-file - hvigorfile, begin to bind custom plugins...
[2026-09-10T20:50:01.281] [DEBUG] debug-file - hvigorfile, no custom plugins were found in D:\HW\testproject\complete\6\hvigorfile.ts
[2026-09-10T20:50:01.281] [DEBUG] debug-file - hvigorfile, resolve finished D:\HW\testproject\complete\6\hvigorfile.ts
[2026-09-10T20:50:01.282] [DEBUG] debug-file - hvigorfile, resolving D:\HW\testproject\complete\6\entry\hvigorfile.ts
[2026-09-10T20:50:01.286] [DEBUG] debug-file - hvigorfile, require result:  { default: { plugins: [] } }
[2026-09-10T20:50:01.287] [DEBUG] debug-file - hvigorfile, binding system plugins null
[2026-09-10T20:50:01.287] [DEBUG] debug-file - Starting plugin build process
[2026-09-10T20:50:01.287] [DEBUG] debug-file - Hap plugin creating...
[2026-09-10T20:50:01.288] [DEBUG] debug-file - failed to load cangjie to dynamically generate schemas: Error: Cannot find module '@ohos/cangjie-build-support/index'
Require stack:
- E:\DevEco Studio\tools\hvigor\hvigor-ohos-plugin\src\plugin\hooks\cangjie-register.js
- E:\DevEco Studio\tools\hvigor\hvigor-ohos-plugin\src\plugin\strategy\stage-init-strategy.js
- E:\DevEco Studio\tools\hvigor\hvigor-ohos-plugin\src\plugin\builder\abstract-plugin-builder.js
- E:\DevEco Studio\tools\hvigor\hvigor-ohos-plugin\src\plugin\builder\app-plugin-builder.js
- E:\DevEco Studio\tools\hvigor\hvigor-ohos-plugin\src\plugin\factory\plugin-factory.js
- E:\DevEco Studio\tools\hvigor\hvigor-ohos-plugin\index.js
- D:\HW\testproject\complete\6\hvigorfile.ts
- E:\DevEco Studio\tools\hvigor\hvigor\src\base\internal\lifecycle\configuration.js
- E:\DevEco Studio\tools\hvigor\hvigor\src\base\boot\index.js
- E:\DevEco Studio\tools\hvigor\hvigor\src\base\daemon\cluster\worker-process-lifecycle.js
- E:\DevEco Studio\tools\hvigor\hvigor\src\base\daemon\process\daemon-process-boot-script.js
[2026-09-10T20:50:01.290] [DEBUG] debug-file - Start initialize module-target build option map, moduleName=entry, buildMode=debug
[2026-09-10T20:50:01.290] [DEBUG] debug-file - Target 'default' config initialized
[2026-09-10T20:50:01.291] [DEBUG] debug-file - Target 'ohosTest' config initialized
[2026-09-10T20:50:01.291] [DEBUG] debug-file - Module 'entry' target 'default' build option initialized
[2026-09-10T20:50:01.291] [DEBUG] debug-file - Module 'entry' target 'ohosTest' build option initialized
[2026-09-10T20:50:01.292] [DEBUG] debug-file - End initialize module-target build option map, moduleName=entry
[2026-09-10T20:50:01.292] [DEBUG] debug-file - Start initialize module-target build option map, moduleName=entry, buildMode=release
[2026-09-10T20:50:01.292] [DEBUG] debug-file - Target 'default' config initialized
[2026-09-10T20:50:01.293] [DEBUG] debug-file - Target 'ohosTest' config initialized
[2026-09-10T20:50:01.293] [DEBUG] debug-file - Module 'entry' target 'default' build option initialized
[2026-09-10T20:50:01.293] [DEBUG] debug-file - Module 'entry' target 'ohosTest' build option initialized
[2026-09-10T20:50:01.293] [DEBUG] debug-file - End initialize module-target build option map, moduleName=entry
[2026-09-10T20:50:01.293] [DEBUG] debug-file - Start initialize module-target build option map, moduleName=entry, buildMode=debug
[2026-09-10T20:50:01.293] [DEBUG] debug-file - Target 'default' config initialized
[2026-09-10T20:50:01.293] [DEBUG] debug-file - Target 'ohosTest' config initialized
[2026-09-10T20:50:01.293] [DEBUG] debug-file - Module 'entry' target 'default' build option initialized
[2026-09-10T20:50:01.293] [DEBUG] debug-file - Module 'entry' target 'ohosTest' build option initialized
[2026-09-10T20:50:01.293] [DEBUG] debug-file - End initialize module-target build option map, moduleName=entry
[2026-09-10T20:50:01.293] [DEBUG] debug-file - Obtain build option for module 'entry' target 'default'in this build.
[2026-09-10T20:50:01.297] [DEBUG] debug-file - Module entry task initialization takes 2 ms 
[2026-09-10T20:50:01.297] [DEBUG] debug-file - Hap plugin register hook start...
[2026-09-10T20:50:01.298] [DEBUG] debug-file - Hap plugin register hook end...
[2026-09-10T20:50:01.298] [DEBUG] debug-file - Plugin build process completed
[2026-09-10T20:50:01.298] [DEBUG] debug-file - hvigorfile, begin to bind custom plugins...
[2026-09-10T20:50:01.298] [DEBUG] debug-file - hvigorfile, no custom plugins were found in D:\HW\testproject\complete\6\entry\hvigorfile.ts
[2026-09-10T20:50:01.298] [DEBUG] debug-file - hvigorfile, resolve finished D:\HW\testproject\complete\6\entry\hvigorfile.ts
[2026-09-10T20:50:01.364] [DEBUG] debug-file - hvigorfile, resolve hvigorfile dependencies in 67 ms 
[2026-09-10T20:50:01.365] [DEBUG] debug-file - project has submodules:entry
[2026-09-10T20:50:01.366] [DEBUG] debug-file - start to load updatedOhPackageInfo to the disk
[2026-09-10T20:50:01.369] [DEBUG] debug-file - load to the disk finished
[2026-09-10T20:50:01.370] [DEBUG] debug-file - Start to initialize dependency information.
[2026-09-10T20:50:01.378] [DEBUG] debug-file - Module 6 Collected Dependency: 
[2026-09-10T20:50:01.378] [DEBUG] debug-file - Module 6's total dependency: 0
[2026-09-10T20:50:01.378] [DEBUG] debug-file - Start to initialize dependency information.
[2026-09-10T20:50:01.380] [DEBUG] debug-file - Module entry Collected Dependency: 
[2026-09-10T20:50:01.381] [DEBUG] debug-file - Module entry's total dependency: 0
[2026-09-10T20:50:01.382] [DEBUG] debug-file - Configuration phase cost:169 ms 
[2026-09-10T20:50:01.384] [DEBUG] debug-file - Configuration task cost before running: 180 ms 
[2026-09-10T20:50:01.384] [DEBUG] debug-file - Executing task ::PreBuildApp
[2026-09-10T20:50:01.385] [DEBUG] debug-file - 6 : PreBuildApp cost memory 0.014434814453125
[2026-09-10T20:50:01.385] [DEBUG] debug-file - runTaskFromQueue task cost before running: 181 ms 
[2026-09-10T20:50:01.385] [INFO] debug-file - Finished ::PreBuildApp... after 1 ms 
[2026-09-10T20:50:01.389] [DEBUG] debug-file - Executing task :entry:default@PreBuild
[2026-09-10T20:50:01.394] [DEBUG] debug-file - Task 'entry:default@PreBuild' cost while wrapping incremental declarations: 1 ms 
[2026-09-10T20:50:01.401] [DEBUG] debug-file - Incremental task entry:default@PreBuild pre-execution cost: 5 ms .
[2026-09-10T20:50:01.401] [DEBUG] debug-file - entry : default@PreBuild cost memory 0.5428314208984375
[2026-09-10T20:50:01.404] [INFO] debug-file - UP-TO-DATE :entry:default@PreBuild...  
[2026-09-10T20:50:01.404] [DEBUG] debug-file - Executing task ::DuplicateDependencyCheck
[2026-09-10T20:50:01.404] [DEBUG] debug-file - 6 : DuplicateDependencyCheck cost memory 0.01369476318359375
[2026-09-10T20:50:01.404] [DEBUG] debug-file - runTaskFromQueue task cost before running: 201 ms 
[2026-09-10T20:50:01.405] [INFO] debug-file - Finished ::DuplicateDependencyCheck... after 1 ms 
[2026-09-10T20:50:01.406] [DEBUG] debug-file - Executing task :entry:default@CreateModuleInfo
[2026-09-10T20:50:01.406] [DEBUG] debug-file - Task 'entry:default@CreateModuleInfo' cost while wrapping incremental declarations: 1 ms 
[2026-09-10T20:50:01.406] [DEBUG] debug-file - entry : default@CreateModuleInfo cost memory 0.03926849365234375
[2026-09-10T20:50:01.407] [DEBUG] debug-file - runTaskFromQueue task cost before running: 203 ms 
[2026-09-10T20:50:01.407] [INFO] debug-file - Finished :entry:default@CreateModuleInfo... after 1 ms 
[2026-09-10T20:50:01.408] [DEBUG] debug-file - Executing task :entry:default@GenerateMetadata
[2026-09-10T20:50:01.409] [DEBUG] debug-file - Task 'entry:default@GenerateMetadata' cost while wrapping incremental declarations: 1 ms 
[2026-09-10T20:50:01.409] [DEBUG] debug-file - Incremental task entry:default@GenerateMetadata pre-execution cost: 1 ms .
[2026-09-10T20:50:01.410] [DEBUG] debug-file - entry : default@GenerateMetadata cost memory 0.06996917724609375
[2026-09-10T20:50:01.410] [INFO] debug-file - UP-TO-DATE :entry:default@GenerateMetadata...  
[2026-09-10T20:50:01.411] [DEBUG] debug-file - Executing task :entry:default@ConfigureCmake
[2026-09-10T20:50:01.411] [DEBUG] debug-file - entry : default@ConfigureCmake cost memory 0.01428985595703125
[2026-09-10T20:50:01.411] [DEBUG] debug-file - runTaskFromQueue task cost before running: 208 ms 
[2026-09-10T20:50:01.412] [INFO] debug-file - Finished :entry:default@ConfigureCmake... after 1 ms 
[2026-09-10T20:50:01.413] [DEBUG] debug-file - Executing task :entry:default@MergeProfile
[2026-09-10T20:50:01.413] [DEBUG] debug-file - Task 'entry:default@MergeProfile' cost while wrapping incremental declarations: 1 ms 
[2026-09-10T20:50:01.415] [DEBUG] debug-file - Incremental task entry:default@MergeProfile pre-execution cost: 2 ms .
[2026-09-10T20:50:01.415] [DEBUG] debug-file - entry : default@MergeProfile cost memory 0.10262298583984375
[2026-09-10T20:50:01.416] [INFO] debug-file - UP-TO-DATE :entry:default@MergeProfile...  
[2026-09-10T20:50:01.417] [DEBUG] debug-file - Executing task :entry:default@CreateBuildProfile
[2026-09-10T20:50:01.417] [DEBUG] debug-file - Task 'entry:default@CreateBuildProfile' cost while wrapping incremental declarations: 1 ms 
[2026-09-10T20:50:01.418] [DEBUG] debug-file - Incremental task entry:default@CreateBuildProfile pre-execution cost: 1 ms .
[2026-09-10T20:50:01.419] [DEBUG] debug-file - entry : default@CreateBuildProfile cost memory 0.093109130859375
[2026-09-10T20:50:01.419] [INFO] debug-file - UP-TO-DATE :entry:default@CreateBuildProfile...  
[2026-09-10T20:50:01.420] [DEBUG] debug-file - Executing task :entry:default@PreCheckSyscap
[2026-09-10T20:50:01.420] [DEBUG] debug-file - entry : default@PreCheckSyscap cost memory 0.01502227783203125
[2026-09-10T20:50:01.421] [DEBUG] debug-file - runTaskFromQueue task cost before running: 217 ms 
[2026-09-10T20:50:01.421] [INFO] debug-file - Finished :entry:default@PreCheckSyscap... after 1 ms 
[2026-09-10T20:50:01.422] [DEBUG] debug-file - Executing task :entry:default@GeneratePkgContextInfo
[2026-09-10T20:50:01.425] [DEBUG] debug-file - Task 'entry:default@GeneratePkgContextInfo' cost while wrapping incremental declarations: 1 ms 
[2026-09-10T20:50:01.426] [DEBUG] debug-file - Incremental task entry:default@GeneratePkgContextInfo pre-execution cost: 1 ms .
[2026-09-10T20:50:01.426] [DEBUG] debug-file - entry : default@GeneratePkgContextInfo cost memory 0.182220458984375
[2026-09-10T20:50:01.427] [INFO] debug-file - UP-TO-DATE :entry:default@GeneratePkgContextInfo...  
[2026-09-10T20:50:01.428] [DEBUG] debug-file - Executing task :entry:default@GeneratePkgSdkInfo
[2026-09-10T20:50:01.430] [DEBUG] debug-file - Task 'entry:default@GeneratePkgSdkInfo' cost while wrapping incremental declarations: 1 ms 
[2026-09-10T20:50:01.431] [DEBUG] debug-file - entry : default@GeneratePkgSdkInfo cost memory 0.105133056640625
[2026-09-10T20:50:01.431] [DEBUG] debug-file - runTaskFromQueue task cost before running: 227 ms 
[2026-09-10T20:50:01.431] [INFO] debug-file - Finished :entry:default@GeneratePkgSdkInfo... after 4 ms 
[2026-09-10T20:50:01.435] [DEBUG] debug-file - Executing task :entry:default@ProcessIntegratedHsp
[2026-09-10T20:50:01.435] [DEBUG] debug-file - entry:default@ProcessIntegratedHsp is not up-to-date, since the output file 'D:\HW\testproject\complete\6\build\cache\default\integrated_hsp\integratedHspCache.json' does not exist.
[2026-09-10T20:50:01.435] [DEBUG] debug-file - Incremental task entry:default@ProcessIntegratedHsp pre-execution cost: 1 ms .
[2026-09-10T20:50:01.436] [DEBUG] debug-file - entry : default@ProcessIntegratedHsp cost memory 0.04930877685546875
[2026-09-10T20:50:01.436] [DEBUG] debug-file - runTaskFromQueue task cost before running: 232 ms 
[2026-09-10T20:50:01.436] [INFO] debug-file - Finished :entry:default@ProcessIntegratedHsp... after 2 ms 
[2026-09-10T20:50:01.437] [DEBUG] debug-file - Executing task :entry:default@BuildNativeWithCmake
[2026-09-10T20:50:01.438] [DEBUG] debug-file - entry : default@BuildNativeWithCmake cost memory 0.014373779296875
[2026-09-10T20:50:01.438] [DEBUG] debug-file - runTaskFromQueue task cost before running: 234 ms 
[2026-09-10T20:50:01.438] [INFO] debug-file - Finished :entry:default@BuildNativeWithCmake... after 1 ms 
[2026-09-10T20:50:01.439] [DEBUG] debug-file - Executing task :entry:default@MakePackInfo
[2026-09-10T20:50:01.443] [DEBUG] debug-file - Incremental task entry:default@MakePackInfo pre-execution cost: 3 ms .
[2026-09-10T20:50:01.443] [DEBUG] debug-file - entry : default@MakePackInfo cost memory 0.104644775390625
[2026-09-10T20:50:01.444] [INFO] debug-file - UP-TO-DATE :entry:default@MakePackInfo...  
[2026-09-10T20:50:01.445] [DEBUG] debug-file - Executing task :entry:default@SyscapTransform
[2026-09-10T20:50:01.445] [DEBUG] debug-file - File: 'D:\HW\testproject\complete\6\entry\src\main\syscap.json' from 'sysCapJsonPath' is not exists, just ignore.
[2026-09-10T20:50:01.446] [DEBUG] debug-file - Task 'entry:default@SyscapTransform' cost while wrapping incremental declarations: 1 ms 
[2026-09-10T20:50:01.448] [DEBUG] debug-file - entry:default@SyscapTransform is not up-to-date, since the output file 'D:\HW\testproject\complete\6\entry\build\default\intermediates\syscap\default\rpcid.sc' does not exist.
[2026-09-10T20:50:01.448] [DEBUG] debug-file - Incremental task entry:default@SyscapTransform pre-execution cost: 2 ms .
[2026-09-10T20:50:01.448] [DEBUG] debug-file - entry : default@SyscapTransform cost memory 0.1113433837890625
[2026-09-10T20:50:01.448] [DEBUG] debug-file - runTaskFromQueue task cost before running: 244 ms 
[2026-09-10T20:50:01.448] [INFO] debug-file - Finished :entry:default@SyscapTransform... after 4 ms 
[2026-09-10T20:50:01.450] [DEBUG] debug-file - Executing task :entry:default@ProcessProfile
[2026-09-10T20:50:01.452] [DEBUG] debug-file - Task 'entry:default@ProcessProfile' cost while wrapping incremental declarations: 1 ms 
[2026-09-10T20:50:01.453] [DEBUG] debug-file - Incremental task entry:default@ProcessProfile pre-execution cost: 1 ms .
[2026-09-10T20:50:01.453] [DEBUG] debug-file - entry : default@ProcessProfile cost memory 0.12895965576171875
[2026-09-10T20:50:01.453] [INFO] debug-file - UP-TO-DATE :entry:default@ProcessProfile...  
[2026-09-10T20:50:01.454] [DEBUG] debug-file - Executing task :entry:default@ProcessRouterMap
[2026-09-10T20:50:01.458] [DEBUG] debug-file - Incremental task entry:default@ProcessRouterMap pre-execution cost: 3 ms .
[2026-09-10T20:50:01.458] [DEBUG] debug-file - entry : default@ProcessRouterMap cost memory 0.15647125244140625
[2026-09-10T20:50:01.459] [INFO] debug-file - UP-TO-DATE :entry:default@ProcessRouterMap...  
[2026-09-10T20:50:01.460] [DEBUG] debug-file - Executing task :entry:default@ProcessShareConfig
[2026-09-10T20:50:01.463] [DEBUG] debug-file - Incremental task entry:default@ProcessShareConfig pre-execution cost: 2 ms .
[2026-09-10T20:50:01.463] [DEBUG] debug-file - entry : default@ProcessShareConfig cost memory 0.10732269287109375
[2026-09-10T20:50:01.464] [INFO] debug-file - UP-TO-DATE :entry:default@ProcessShareConfig...  
[2026-09-10T20:50:01.465] [DEBUG] debug-file - Executing task :entry:default@ProcessStartupConfig
[2026-09-10T20:50:01.465] [DEBUG] debug-file - Task 'entry:default@ProcessStartupConfig' cost while wrapping incremental declarations: 1 ms 
[2026-09-10T20:50:01.466] [DEBUG] debug-file - entry:default@ProcessStartupConfig is not up-to-date, since the output file 'D:\HW\testproject\complete\6\entry\build\default\intermediates\startup\default\startup_config.json' does not exist.
[2026-09-10T20:50:01.466] [DEBUG] debug-file - Incremental task entry:default@ProcessStartupConfig pre-execution cost: 1 ms .
[2026-09-10T20:50:01.467] [DEBUG] debug-file - entry : default@ProcessStartupConfig cost memory 0.1102294921875
[2026-09-10T20:50:01.467] [DEBUG] debug-file - runTaskFromQueue task cost before running: 264 ms 
[2026-09-10T20:50:01.468] [INFO] debug-file - Finished :entry:default@ProcessStartupConfig... after 3 ms 
[2026-09-10T20:50:01.469] [DEBUG] debug-file - Executing task :entry:default@BuildNativeWithNinja
[2026-09-10T20:50:01.469] [DEBUG] debug-file - entry : default@BuildNativeWithNinja cost memory 0.01906585693359375
[2026-09-10T20:50:01.470] [DEBUG] debug-file - runTaskFromQueue task cost before running: 266 ms 
[2026-09-10T20:50:01.470] [INFO] debug-file - Finished :entry:default@BuildNativeWithNinja... after 1 ms 
[2026-09-10T20:50:01.471] [DEBUG] debug-file - restool module names: entry; moduleName=entry, taskName=default@ProcessResource
[2026-09-10T20:50:01.473] [DEBUG] debug-file - Executing task :entry:default@ProcessResource
[2026-09-10T20:50:01.473] [DEBUG] debug-file - Task 'entry:default@ProcessResource' cost while wrapping incremental declarations: 1 ms 
[2026-09-10T20:50:01.474] [DEBUG] debug-file - Incremental task entry:default@ProcessResource pre-execution cost: 1 ms .
[2026-09-10T20:50:01.474] [DEBUG] debug-file - entry : default@ProcessResource cost memory 0.11388397216796875
[2026-09-10T20:50:01.476] [INFO] debug-file - UP-TO-DATE :entry:default@ProcessResource...  
[2026-09-10T20:50:01.478] [DEBUG] debug-file - Executing task :entry:default@GenerateLoaderJson
[2026-09-10T20:50:01.478] [DEBUG] debug-file - Task 'entry:default@GenerateLoaderJson' cost while wrapping incremental declarations: 1 ms 
[2026-09-10T20:50:01.483] [DEBUG] debug-file - Incremental task entry:default@GenerateLoaderJson pre-execution cost: 3 ms .
[2026-09-10T20:50:01.483] [DEBUG] debug-file - entry : default@GenerateLoaderJson cost memory 0.3590240478515625
[2026-09-10T20:50:01.485] [INFO] debug-file - UP-TO-DATE :entry:default@GenerateLoaderJson...  
[2026-09-10T20:50:01.486] [DEBUG] debug-file - Executing task :entry:default@ProcessLibs
[2026-09-10T20:50:01.486] [DEBUG] debug-file - Task 'entry:default@ProcessLibs' cost while wrapping incremental declarations: 1 ms 
[2026-09-10T20:50:01.488] [DEBUG] debug-file - Incremental task entry:default@ProcessLibs pre-execution cost: 2 ms .
[2026-09-10T20:50:01.489] [DEBUG] debug-file - entry : default@ProcessLibs cost memory -4.35028076171875
[2026-09-10T20:50:01.489] [INFO] debug-file - UP-TO-DATE :entry:default@ProcessLibs...  
[2026-09-10T20:50:01.491] [DEBUG] debug-file - restool module names: entry; moduleName=entry, taskName=default@CompileResource
[2026-09-10T20:50:01.491] [DEBUG] debug-file - Executing task :entry:default@CompileResource
[2026-09-10T20:50:01.500] [DEBUG] debug-file - Incremental task entry:default@CompileResource pre-execution cost: 7 ms .
[2026-09-10T20:50:01.500] [DEBUG] debug-file - entry : default@CompileResource cost memory 0.5502166748046875
[2026-09-10T20:50:01.502] [INFO] debug-file - UP-TO-DATE :entry:default@CompileResource...  
[2026-09-10T20:50:01.503] [DEBUG] debug-file - Executing task :entry:default@DoNativeStrip
[2026-09-10T20:50:01.504] [DEBUG] debug-file - File: 'D:\HW\testproject\complete\6\entry\build\default\intermediates\binxo\default' from 'doBinxoNativeLibs' is not exists, just ignore.
[2026-09-10T20:50:01.504] [DEBUG] debug-file - Task 'entry:default@DoNativeStrip' cost while wrapping incremental declarations: 1 ms 
[2026-09-10T20:50:01.504] [DEBUG] debug-file - Incremental task entry:default@DoNativeStrip pre-execution cost: 1 ms .
[2026-09-10T20:50:01.505] [DEBUG] debug-file - entry : default@DoNativeStrip cost memory 0.07288360595703125
[2026-09-10T20:50:01.505] [INFO] debug-file - UP-TO-DATE :entry:default@DoNativeStrip...  
[2026-09-10T20:50:01.507] [DEBUG] debug-file - Executing task :entry:default@CompileArkTS
[2026-09-10T20:50:01.507] [DEBUG] debug-file - obfuscationOptions: undefined
[2026-09-10T20:50:01.509] [DEBUG] debug-file - Task 'entry:default@CompileArkTS' cost while wrapping incremental declarations: 1 ms 
[2026-09-10T20:50:01.519] [DEBUG] debug-file - Incremental task entry:default@CompileArkTS pre-execution cost: 8 ms .
[2026-09-10T20:50:01.519] [DEBUG] debug-file - entry : default@CompileArkTS cost memory 0.47661590576171875
[2026-09-10T20:50:01.521] [INFO] debug-file - UP-TO-DATE :entry:default@CompileArkTS...  
[2026-09-10T20:50:01.523] [DEBUG] debug-file - Executing task :entry:default@BuildJS
[2026-09-10T20:50:01.523] [DEBUG] debug-file - Task 'entry:default@BuildJS' cost while wrapping incremental declarations: 1 ms 
[2026-09-10T20:50:01.526] [DEBUG] debug-file - entry : default@BuildJS cost memory 0.1242523193359375
[2026-09-10T20:50:01.526] [DEBUG] debug-file - runTaskFromQueue task cost before running: 322 ms 
[2026-09-10T20:50:01.526] [INFO] debug-file - Finished :entry:default@BuildJS... after 4 ms 
[2026-09-10T20:50:01.527] [DEBUG] debug-file - Executing task :entry:default@CacheNativeLibs
[2026-09-10T20:50:01.528] [DEBUG] debug-file - File: 'D:\HW\testproject\complete\6\entry\build\default\intermediates\binxo\default' from 'cacheBinxoNativeLibs' is not exists, just ignore.
[2026-09-10T20:50:01.528] [DEBUG] debug-file - Task 'entry:default@CacheNativeLibs' cost while wrapping incremental declarations: 1 ms 
[2026-09-10T20:50:01.529] [DEBUG] debug-file - Incremental task entry:default@CacheNativeLibs pre-execution cost: 2 ms .
[2026-09-10T20:50:01.530] [DEBUG] debug-file - entry : default@CacheNativeLibs cost memory 0.0858612060546875
[2026-09-10T20:50:01.530] [INFO] debug-file - UP-TO-DATE :entry:default@CacheNativeLibs...  
[2026-09-10T20:50:01.531] [DEBUG] debug-file - Executing task :entry:default@GeneratePkgModuleJson
[2026-09-10T20:50:01.531] [DEBUG] debug-file - File: 'D:\HW\testproject\complete\6\entry\build\default\intermediates\preload\default\preload.json' from 'preloadSoJsonPath' is not exists, just ignore.
[2026-09-10T20:50:01.532] [DEBUG] debug-file - Error occurs while handling @Input 'shouldDeduplicateHar': The "data" argument must be of type string or an instance of Buffer, TypedArray, or DataView. Received undefined
[2026-09-10T20:50:01.532] [DEBUG] debug-file - Task 'entry:default@GeneratePkgModuleJson' cost while wrapping incremental declarations: 1 ms 
[2026-09-10T20:50:01.533] [DEBUG] debug-file - Incremental task entry:default@GeneratePkgModuleJson pre-execution cost: 1 ms .
[2026-09-10T20:50:01.533] [DEBUG] debug-file - entry : default@GeneratePkgModuleJson cost memory 0.08342742919921875
[2026-09-10T20:50:01.533] [INFO] debug-file - UP-TO-DATE :entry:default@GeneratePkgModuleJson...  
[2026-09-10T20:50:01.534] [DEBUG] debug-file - Executing task :entry:default@ProcessCompiledResources
[2026-09-10T20:50:01.534] [DEBUG] debug-file - File: 'D:\HW\testproject\complete\6\entry\build\default\intermediates\preload\default\preload.json' from 'preloadSoJsonPath' is not exists, just ignore.
[2026-09-10T20:50:01.534] [DEBUG] debug-file - Task 'entry:default@ProcessCompiledResources' cost while wrapping incremental declarations: 1 ms 
[2026-09-10T20:50:01.535] [DEBUG] debug-file - entry : default@ProcessCompiledResources cost memory 0.050048828125
[2026-09-10T20:50:01.535] [DEBUG] debug-file - runTaskFromQueue task cost before running: 331 ms 
[2026-09-10T20:50:01.535] [INFO] debug-file - Finished :entry:default@ProcessCompiledResources... after 2 ms 
[2026-09-10T20:50:01.537] [DEBUG] debug-file - Executing task :entry:default@PackageHap
[2026-09-10T20:50:01.544] [DEBUG] debug-file - Incremental task entry:default@PackageHap pre-execution cost: 6 ms .
[2026-09-10T20:50:01.544] [DEBUG] debug-file - entry : default@PackageHap cost memory 0.28295135498046875
[2026-09-10T20:50:01.545] [INFO] debug-file - UP-TO-DATE :entry:default@PackageHap...  
[2026-09-10T20:50:01.546] [DEBUG] debug-file - Executing task :entry:default@PackingCheck
[2026-09-10T20:50:01.552] [DEBUG] debug-file - entry : default@PackingCheck cost memory 0.28461456298828125
[2026-09-10T20:50:01.552] [DEBUG] debug-file - runTaskFromQueue task cost before running: 348 ms 
[2026-09-10T20:50:01.552] [INFO] debug-file - Finished :entry:default@PackingCheck... after 6 ms 
[2026-09-10T20:50:01.554] [DEBUG] debug-file - Executing task :entry:default@SignHap
[2026-09-10T20:50:01.554] [WARN] debug-file - Will skip sign 'hos_hap'. No signingConfigs profile is configured in current project.
             If needed, configure the signingConfigs in D:\HW\testproject\complete\6\build-profile.json5.
[2026-09-10T20:50:01.555] [DEBUG] debug-file - entry:default@SignHap is not up-to-date, since the output file 'D:\HW\testproject\complete\6\entry\build\default\outputs\default\entry-default-signed.hap' does not exist.
[2026-09-10T20:50:01.555] [DEBUG] debug-file - Incremental task entry:default@SignHap pre-execution cost: 1 ms .
[2026-09-10T20:50:01.556] [DEBUG] debug-file - entry : default@SignHap cost memory 0.07220458984375
[2026-09-10T20:50:01.556] [DEBUG] debug-file - runTaskFromQueue task cost before running: 352 ms 
[2026-09-10T20:50:01.556] [INFO] debug-file - Finished :entry:default@SignHap... after 3 ms 
[2026-09-10T20:50:01.557] [DEBUG] debug-file - Executing task :entry:default@CollectDebugSymbol
[2026-09-10T20:50:01.559] [DEBUG] debug-file - entry : default@CollectDebugSymbol cost memory 0.07891082763671875
[2026-09-10T20:50:01.559] [DEBUG] debug-file - runTaskFromQueue task cost before running: 355 ms 
[2026-09-10T20:50:01.559] [INFO] debug-file - Finished :entry:default@CollectDebugSymbol... after 2 ms 
[2026-09-10T20:50:01.560] [DEBUG] debug-file - Executing task :entry:assembleHap
[2026-09-10T20:50:01.560] [DEBUG] debug-file - entry : assembleHap cost memory 0.0122222900390625
[2026-09-10T20:50:01.560] [DEBUG] debug-file - runTaskFromQueue task cost before running: 356 ms 
[2026-09-10T20:50:01.560] [INFO] debug-file - Finished :entry:assembleHap... after 1 ms 
[2026-09-10T20:50:01.560] [DEBUG] debug-file - Executing task ::MakeProjectPackInfo
[2026-09-10T20:50:01.563] [DEBUG] debug-file - Task ':MakeProjectPackInfo' cost while wrapping incremental declarations: 1 ms 
[2026-09-10T20:50:01.564] [DEBUG] debug-file - Incremental task :MakeProjectPackInfo pre-execution cost: 1 ms .
[2026-09-10T20:50:01.564] [DEBUG] debug-file - 6 : MakeProjectPackInfo cost memory 0.1369781494140625
[2026-09-10T20:50:01.564] [INFO] debug-file - UP-TO-DATE ::MakeProjectPackInfo...  
[2026-09-10T20:50:01.564] [DEBUG] debug-file - Executing task ::ProcessProjectPrivacyProfile
[2026-09-10T20:50:01.567] [DEBUG] debug-file - Incremental task :ProcessProjectPrivacyProfile pre-execution cost: 2 ms .
[2026-09-10T20:50:01.567] [DEBUG] debug-file - 6 : ProcessProjectPrivacyProfile cost memory 0.078826904296875
[2026-09-10T20:50:01.568] [INFO] debug-file - UP-TO-DATE ::ProcessProjectPrivacyProfile...  
[2026-09-10T20:50:01.568] [DEBUG] debug-file - Executing task ::GeneratePackRes
[2026-09-10T20:50:01.569] [DEBUG] debug-file - Incremental task :GeneratePackRes pre-execution cost: 1 ms .
[2026-09-10T20:50:01.569] [DEBUG] debug-file - 6 : GeneratePackRes cost memory 0.04006195068359375
[2026-09-10T20:50:01.570] [INFO] debug-file - UP-TO-DATE ::GeneratePackRes...  
[2026-09-10T20:50:01.570] [DEBUG] debug-file - Executing task ::PackageApp
[2026-09-10T20:50:01.572] [DEBUG] debug-file - Task ':PackageApp' cost while wrapping incremental declarations: 1 ms 
[2026-09-10T20:50:01.574] [DEBUG] debug-file - :PackageApp is not up-to-date, since the output file 'D:\HW\testproject\complete\6\build\outputs\default\symbol\debug' does not exist.
[2026-09-10T20:50:01.574] [DEBUG] debug-file - Incremental task :PackageApp pre-execution cost: 2 ms .
[2026-09-10T20:50:01.580] [DEBUG] debug-file - Use tool [PackageApp]
 [
  'java',
  '-Dfile.encoding=GBK',
  '-jar',
  'E:\\DevEco Studio\\sdk\\default\\openharmony\\toolchains\\lib\\app_packing_tool.jar',
  '--mode',
  'app',
  '--pack-info-path',
  'D:\\HW\\testproject\\complete\\6\\build\\outputs\\default\\pack.info',
  '--hap-path',
  'D:\\HW\\testproject\\complete\\6\\entry\\build\\default\\outputs\\default\\app\\entry-default.hap',
  '--hsp-path',
  '',
  '--force',
  'true',
  '--out-path',
  'D:\\HW\\testproject\\complete\\6\\build\\outputs\\default\\6-default-unsigned.app',
  '--main-module-limit',
  '2',
  '--normal-module-limit',
  '2',
  '--pac-json-path',
  'D:\\HW\\testproject\\complete\\6\\build\\outputs\\default\\pac.json'
]
[2026-09-10T20:50:01.581] [DEBUG] debug-file - current process  memoryUsage: {
  rss: 510640128,
  heapTotal: 135872512,
  heapUsed: 117416224,
  external: 3969328,
  arrayBuffers: 37778
} os memoryUsage :13.13458251953125
[2026-09-10T20:50:02.242] [DEBUG] debug-file - 6 : PackageApp cost memory -3.08441162109375
[2026-09-10T20:50:02.242] [DEBUG] debug-file - runTaskFromQueue task cost before running: 1 s 39 ms 
[2026-09-10T20:50:02.243] [INFO] debug-file - Finished ::PackageApp... after 673 ms 
[2026-09-10T20:50:02.243] [DEBUG] debug-file - Executing task ::SignPackagesFromApp
[2026-09-10T20:50:02.244] [DEBUG] debug-file - :SignPackagesFromApp is not up-to-date, since the input file 'D:\HW\testproject\complete\6\build\outputs\default\6-default-unsigned.app' has been changed.
[2026-09-10T20:50:02.244] [DEBUG] debug-file - Incremental task :SignPackagesFromApp pre-execution cost: 1 ms .
[2026-09-10T20:50:02.244] [DEBUG] debug-file - 6 : SignPackagesFromApp cost memory 0.04912567138671875
[2026-09-10T20:50:02.244] [DEBUG] debug-file - runTaskFromQueue task cost before running: 1 s 40 ms 
[2026-09-10T20:50:02.244] [INFO] debug-file - Finished ::SignPackagesFromApp... after 2 ms 
[2026-09-10T20:50:02.244] [DEBUG] debug-file - Executing task ::SignApp
[2026-09-10T20:50:02.245] [DEBUG] debug-file - signingConfigName of signApp is :  undefined
[2026-09-10T20:50:02.245] [WARN] debug-file - Will skip sign 'app'. No signingConfigs profile is configured in current project.
             If needed, configure the signingConfigs in D:\HW\testproject\complete\6\build-profile.json5.
[2026-09-10T20:50:02.245] [DEBUG] debug-file - :SignApp is not up-to-date, since the input file 'D:\HW\testproject\complete\6\build\outputs\default\6-default-unsigned.app' has been changed.
[2026-09-10T20:50:02.245] [DEBUG] debug-file - Incremental task :SignApp pre-execution cost: 1 ms .
[2026-09-10T20:50:02.246] [DEBUG] debug-file - 6 : SignApp cost memory 0.1104888916015625
[2026-09-10T20:50:02.246] [DEBUG] debug-file - runTaskFromQueue task cost before running: 1 s 42 ms 
[2026-09-10T20:50:02.246] [INFO] debug-file - Finished ::SignApp... after 2 ms 
[2026-09-10T20:50:02.246] [DEBUG] debug-file - Executing task ::assembleApp
[2026-09-10T20:50:02.246] [DEBUG] debug-file - 6 : assembleApp cost memory 0.01227569580078125
[2026-09-10T20:50:02.246] [DEBUG] debug-file - runTaskFromQueue task cost before running: 1 s 43 ms 
[2026-09-10T20:50:02.246] [INFO] debug-file - Finished ::assembleApp... after 1 ms 
[2026-09-10T20:50:02.247] [INFO] debug-file - BUILD SUCCESSFUL in 1 s 43 ms 
[2026-09-10T20:50:02.247] [DEBUG] debug-file - There is no need to refresh cache, since the incremental task entry:default@PreBuild is up-to-date.
[2026-09-10T20:50:02.247] [DEBUG] debug-file - Update task entry:default@CreateModuleInfo output file:D:\HW\testproject\complete\6\entry\build\default\generated\profile\default\ModuleInfo.ts cache.
[2026-09-10T20:50:02.248] [DEBUG] debug-file - Incremental task entry:default@CreateModuleInfo post-execution cost:1 ms .
[2026-09-10T20:50:02.248] [DEBUG] debug-file - There is no need to refresh cache, since the incremental task entry:default@GenerateMetadata is up-to-date.
[2026-09-10T20:50:02.248] [DEBUG] debug-file - There is no need to refresh cache, since the incremental task entry:default@MergeProfile is up-to-date.
[2026-09-10T20:50:02.248] [DEBUG] debug-file - There is no need to refresh cache, since the incremental task entry:default@CreateBuildProfile is up-to-date.
[2026-09-10T20:50:02.248] [DEBUG] debug-file - There is no need to refresh cache, since the incremental task entry:default@GeneratePkgContextInfo is up-to-date.
[2026-09-10T20:50:02.248] [DEBUG] debug-file - Update task entry:default@GeneratePkgSdkInfo output file:D:\HW\testproject\complete\6\entry\build\default\intermediates\loader\default\pkgSdkInfo.json cache.
[2026-09-10T20:50:02.249] [DEBUG] debug-file - Incremental task entry:default@GeneratePkgSdkInfo post-execution cost:1 ms .
[2026-09-10T20:50:02.249] [DEBUG] debug-file - Update task entry:default@ProcessIntegratedHsp output file:D:\HW\testproject\complete\6\build\cache\default\integrated_hsp\integratedHspCache.json cache.
[2026-09-10T20:50:02.249] [DEBUG] debug-file - Incremental task entry:default@ProcessIntegratedHsp post-execution cost:1 ms .
[2026-09-10T20:50:02.249] [DEBUG] debug-file - There is no need to refresh cache, since the incremental task entry:default@MakePackInfo is up-to-date.
[2026-09-10T20:50:02.249] [DEBUG] debug-file - Update task entry:default@SyscapTransform input file:E:\DevEco Studio\sdk\default\openharmony\toolchains\syscap_tool.exe cache by regenerate.
[2026-09-10T20:50:02.250] [DEBUG] debug-file - Update task entry:default@SyscapTransform input file:E:\DevEco Studio\sdk\default\openharmony\ets\api\device-define cache by regenerate.
[2026-09-10T20:50:02.250] [DEBUG] debug-file - Update task entry:default@SyscapTransform output file:D:\HW\testproject\complete\6\entry\build\default\intermediates\syscap\default\rpcid.sc cache.
[2026-09-10T20:50:02.251] [DEBUG] debug-file - Incremental task entry:default@SyscapTransform post-execution cost:2 ms .
[2026-09-10T20:50:02.251] [DEBUG] debug-file - There is no need to refresh cache, since the incremental task entry:default@ProcessProfile is up-to-date.
[2026-09-10T20:50:02.251] [DEBUG] debug-file - There is no need to refresh cache, since the incremental task entry:default@ProcessRouterMap is up-to-date.
[2026-09-10T20:50:02.251] [DEBUG] debug-file - There is no need to refresh cache, since the incremental task entry:default@ProcessShareConfig is up-to-date.
[2026-09-10T20:50:02.252] [DEBUG] debug-file - Update task entry:default@ProcessStartupConfig input file:D:\HW\testproject\complete\6\entry\build\default\intermediates\loader\default\pkgContextInfo.json cache by regenerate.
[2026-09-10T20:50:02.252] [DEBUG] debug-file - Update task entry:default@ProcessStartupConfig output file:D:\HW\testproject\complete\6\entry\build\default\intermediates\startup\default\startup_config.json cache.
[2026-09-10T20:50:02.252] [DEBUG] debug-file - Incremental task entry:default@ProcessStartupConfig post-execution cost:1 ms .
[2026-09-10T20:50:02.252] [DEBUG] debug-file - There is no need to refresh cache, since the incremental task entry:default@ProcessResource is up-to-date.
[2026-09-10T20:50:02.253] [DEBUG] debug-file - There is no need to refresh cache, since the incremental task entry:default@GenerateLoaderJson is up-to-date.
[2026-09-10T20:50:02.253] [DEBUG] debug-file - There is no need to refresh cache, since the incremental task entry:default@ProcessLibs is up-to-date.
[2026-09-10T20:50:02.253] [DEBUG] debug-file - There is no need to refresh cache, since the incremental task entry:default@CompileResource is up-to-date.
[2026-09-10T20:50:02.253] [DEBUG] debug-file - There is no need to refresh cache, since the incremental task entry:default@DoNativeStrip is up-to-date.
[2026-09-10T20:50:02.253] [DEBUG] debug-file - There is no need to refresh cache, since the incremental task entry:default@CompileArkTS is up-to-date.
[2026-09-10T20:50:02.254] [DEBUG] debug-file - Update task entry:default@BuildJS input file:D:\HW\testproject\complete\6\entry\build\default\intermediates\loader\default cache by regenerate.
[2026-09-10T20:50:02.255] [DEBUG] debug-file - Update task entry:default@BuildJS input file:D:\HW\testproject\complete\6\entry\build\default\intermediates\res\default\resources\rawfile cache by regenerate.
[2026-09-10T20:50:02.255] [DEBUG] debug-file - Update task entry:default@BuildJS input file:D:\HW\testproject\complete\6\entry\build\default\intermediates\res\default\ResourceTable.txt cache by regenerate.
[2026-09-10T20:50:02.256] [DEBUG] debug-file - Update task entry:default@BuildJS input file:D:\HW\testproject\complete\6\entry\build\default\intermediates\res\default\ark_module.json cache by regenerate.
[2026-09-10T20:50:02.256] [DEBUG] debug-file - Update task entry:default@BuildJS input file:D:\HW\testproject\complete\6\entry\build\default\intermediates\res\default\resources\base\profile cache by regenerate.
[2026-09-10T20:50:02.256] [DEBUG] debug-file - Update task entry:default@BuildJS input file:D:\HW\testproject\complete\6\entry\build\default\intermediates\loader\default\pkgContextInfo.json cache by regenerate.
[2026-09-10T20:50:02.256] [DEBUG] debug-file - Update task entry:default@BuildJS output file:D:\HW\testproject\complete\6\entry\build\default\intermediates\loader_out\default\js cache.
[2026-09-10T20:50:02.256] [DEBUG] debug-file - Incremental task entry:default@BuildJS post-execution cost:4 ms .
[2026-09-10T20:50:02.256] [DEBUG] debug-file - There is no need to refresh cache, since the incremental task entry:default@CacheNativeLibs is up-to-date.
[2026-09-10T20:50:02.256] [DEBUG] debug-file - There is no need to refresh cache, since the incremental task entry:default@GeneratePkgModuleJson is up-to-date.
[2026-09-10T20:50:02.257] [DEBUG] debug-file - Incremental task entry:default@ProcessCompiledResources post-execution cost:1 ms .
[2026-09-10T20:50:02.257] [DEBUG] debug-file - There is no need to refresh cache, since the incremental task entry:default@PackageHap is up-to-date.
[2026-09-10T20:50:02.257] [DEBUG] debug-file - Update task entry:default@SignHap input file:D:\HW\testproject\complete\6\entry\build\default\outputs\default\entry-default-unsigned.hap cache by regenerate.
[2026-09-10T20:50:02.257] [DEBUG] debug-file - Update task entry:default@SignHap output file:D:\HW\testproject\complete\6\entry\build\default\outputs\default\entry-default-signed.hap cache.
[2026-09-10T20:50:02.257] [DEBUG] debug-file - Incremental task entry:default@SignHap post-execution cost:1 ms .
[2026-09-10T20:50:02.257] [DEBUG] debug-file - Update task entry:default@CollectDebugSymbol input file:D:\HW\testproject\complete\6\entry\build\default\intermediates\loader_out\default\ets\sourceMaps.map cache by regenerate.
[2026-09-10T20:50:02.258] [DEBUG] debug-file - Update task entry:default@CollectDebugSymbol input file:D:\HW\testproject\complete\6\entry\build\default\intermediates\libs\default cache by regenerate.
[2026-09-10T20:50:02.258] [DEBUG] debug-file - Update task entry:default@CollectDebugSymbol output file:D:\HW\testproject\complete\6\entry\build\default\outputs\default\symbol cache.
[2026-09-10T20:50:02.258] [DEBUG] debug-file - Incremental task entry:default@CollectDebugSymbol post-execution cost:1 ms .
[2026-09-10T20:50:02.258] [DEBUG] debug-file - There is no need to refresh cache, since the incremental task :MakeProjectPackInfo is up-to-date.
[2026-09-10T20:50:02.258] [DEBUG] debug-file - There is no need to refresh cache, since the incremental task :ProcessProjectPrivacyProfile is up-to-date.
[2026-09-10T20:50:02.258] [DEBUG] debug-file - There is no need to refresh cache, since the incremental task :GeneratePackRes is up-to-date.
[2026-09-10T20:50:02.258] [DEBUG] debug-file - Update task :PackageApp input file:D:\HW\testproject\complete\6\build\outputs\default\pack.info cache by regenerate.
[2026-09-10T20:50:02.258] [DEBUG] debug-file - Update task :PackageApp input file:D:\HW\testproject\complete\6\entry\build\default\outputs\default\entry-default-unsigned.hap cache by regenerate.
[2026-09-10T20:50:02.258] [DEBUG] debug-file - Update task :PackageApp input file:D:\HW\testproject\complete\6\build\outputs\default\pac.json cache by regenerate.
[2026-09-10T20:50:02.258] [DEBUG] debug-file - Update task :PackageApp output file:D:\HW\testproject\complete\6\build\outputs\default\6-default-unsigned.app cache.
[2026-09-10T20:50:02.259] [DEBUG] debug-file - Update task :PackageApp output file:D:\HW\testproject\complete\6\entry\build\default\outputs\default\app\entry-default.hap cache.
[2026-09-10T20:50:02.259] [DEBUG] debug-file - Update task :PackageApp output file:D:\HW\testproject\complete\6\build\outputs\default\symbol\debug cache.
[2026-09-10T20:50:02.259] [DEBUG] debug-file - Incremental task :PackageApp post-execution cost:1 ms .
[2026-09-10T20:50:02.259] [DEBUG] debug-file - Update task :SignPackagesFromApp input file:D:\HW\testproject\complete\6\build\outputs\default\6-default-unsigned.app cache from map.
[2026-09-10T20:50:02.259] [DEBUG] debug-file - Incremental task :SignPackagesFromApp post-execution cost:1 ms .
[2026-09-10T20:50:02.259] [DEBUG] debug-file - Update task :SignApp input file:D:\HW\testproject\complete\6\build\outputs\default\6-default-unsigned.app cache from map.
[2026-09-10T20:50:02.259] [DEBUG] debug-file - Update task :SignApp output file:D:\HW\testproject\complete\6\build\outputs\default\6-default-signed.app cache.
[2026-09-10T20:50:02.259] [DEBUG] debug-file - Incremental task :SignApp post-execution cost:1 ms .
[2026-09-10T20:50:02.279] [DEBUG] debug-file - session manager: send message to worker process. WorkerThreadId: 0, data: {"type":"hvigor_failed","reason":"Server has disconnected."}
[2026-09-10T20:50:02.280] [DEBUG] debug-file - session manager: send message to worker process. WorkerThreadId: 0, data: {"type":"CloseWatch","reason":"Server has disconnected."}
[2026-09-10T20:50:02.269] [DEBUG] debug-file - hvigor build process will be closed.
[2026-09-10T20:50:02.280] [DEBUG] debug-file - watch worker: worker id should be larger than 0. Nothing will be sent to any worker thread.
[2026-09-10T20:50:02.280] [DEBUG] debug-file - ABORT_WORK sent to workers.
[2026-09-10T20:50:02.280] [DEBUG] debug-file - watch worker: worker id should be larger than 0. Nothing will be sent to any worker thread.
[2026-09-10T20:50:32.326] [DEBUG] debug-file - env: nodejsVersion=v24.14.1
[2026-09-10T20:50:32.380] [DEBUG] debug-file - env: daemon=true
[2026-09-10T20:50:32.327] [DEBUG] debug-file - env: hvigor-config.json5 content = {
  modelVersion: '6.0.1',
  dependencies: {},
  execution: {},
  logging: {},
  debugging: {},
  nodeOptions: {}
}
[2026-09-10T20:50:32.814] [DEBUG] debug-file - session manager: set active socket. socketId=jfN6_Wz9X2RMqdNkAAAR
[2026-09-10T20:50:32.827] [DEBUG] debug-file - watch worker: worker id should be larger than 0. Nothing will be sent to any worker thread.
[2026-09-10T20:50:32.837] [DEBUG] debug-file - Workers' log level updated to INFO
[2026-09-10T20:50:32.842] [DEBUG] debug-file - Hvigor init with startParameters:{
  hvigorfileTypeCheck: false,
  parallelExecution: true,
  incrementalExecution: true,
  printStackTrace: false,
  daemon: true,
  analyze: 0,
  logLevel: Level { level: 20000, levelStr: 'INFO', colour: 'green' },
  optimizationStrategy: 'memory',
  hotCompile: undefined,
  hotReloadBuild: undefined,
  customizedParam: undefined
}
[2026-09-10T20:50:32.850] [DEBUG] debug-file - Cache service initialization finished in 8 ms 
[2026-09-10T20:50:32.851] [DEBUG] debug-file - hvigorfile, resolving D:\HW\testproject\complete\6\hvigorfile.ts
[2026-09-10T20:50:32.858] [DEBUG] debug-file - hvigorfile, require result:  { default: { plugins: [] } }
[2026-09-10T20:50:32.858] [DEBUG] debug-file - hvigorfile, binding system plugins null
[2026-09-10T20:50:32.858] [DEBUG] debug-file - Starting plugin build process
[2026-09-10T20:50:32.858] [DEBUG] debug-file - App plugin prepare start...
[2026-09-10T20:50:32.859] [DEBUG] debug-file - App plugin prepare end...
[2026-09-10T20:50:32.859] [DEBUG] debug-file - App plugin creating...
[2026-09-10T20:50:32.866] [DEBUG] debug-file - App plugin register hook start...
[2026-09-10T20:50:32.866] [DEBUG] debug-file - App plugin register hook end...
[2026-09-10T20:50:32.866] [DEBUG] debug-file - Plugin build process completed
[2026-09-10T20:50:32.866] [DEBUG] debug-file - Start initialize project's product build option map with build mode debug.
[2026-09-10T20:50:32.867] [DEBUG] debug-file - Picking option from product 'default' with build mode 'debug'.
[2026-09-10T20:50:32.867] [DEBUG] debug-file - Product 'default' build option initialized
[2026-09-10T20:50:32.867] [DEBUG] debug-file - End initialize project's product build option map with build mode 'debug'.
[2026-09-10T20:50:32.867] [DEBUG] debug-file - Obtain build option for product 'default'in this build.
[2026-09-10T20:50:32.870] [DEBUG] debug-file - No signingConfig found, initRemoteHspCache failed.
[2026-09-10T20:50:32.871] [DEBUG] debug-file - Start recording SDK configuration permission data.
[2026-09-10T20:50:32.932] [DEBUG] debug-file - Sdk init in 62 ms 
[2026-09-10T20:50:32.937] [DEBUG] debug-file - Project task initialization takes 5 ms 
[2026-09-10T20:50:32.938] [DEBUG] debug-file - hvigorfile, begin to bind custom plugins...
[2026-09-10T20:50:32.938] [DEBUG] debug-file - hvigorfile, no custom plugins were found in D:\HW\testproject\complete\6\hvigorfile.ts
[2026-09-10T20:50:32.938] [DEBUG] debug-file - hvigorfile, resolve finished D:\HW\testproject\complete\6\hvigorfile.ts
[2026-09-10T20:50:32.939] [DEBUG] debug-file - hvigorfile, resolving D:\HW\testproject\complete\6\entry\hvigorfile.ts
[2026-09-10T20:50:32.945] [DEBUG] debug-file - hvigorfile, require result:  { default: { plugins: [] } }
[2026-09-10T20:50:32.945] [DEBUG] debug-file - hvigorfile, binding system plugins null
[2026-09-10T20:50:32.945] [DEBUG] debug-file - Starting plugin build process
[2026-09-10T20:50:32.946] [DEBUG] debug-file - Hap plugin creating...
[2026-09-10T20:50:32.947] [DEBUG] debug-file - failed to load cangjie to dynamically generate schemas: Error: Cannot find module '@ohos/cangjie-build-support/index'
Require stack:
- E:\DevEco Studio\tools\hvigor\hvigor-ohos-plugin\src\plugin\hooks\cangjie-register.js
- E:\DevEco Studio\tools\hvigor\hvigor-ohos-plugin\src\plugin\strategy\stage-init-strategy.js
- E:\DevEco Studio\tools\hvigor\hvigor-ohos-plugin\src\plugin\builder\abstract-plugin-builder.js
- E:\DevEco Studio\tools\hvigor\hvigor-ohos-plugin\src\plugin\builder\app-plugin-builder.js
- E:\DevEco Studio\tools\hvigor\hvigor-ohos-plugin\src\plugin\factory\plugin-factory.js
- E:\DevEco Studio\tools\hvigor\hvigor-ohos-plugin\index.js
- D:\HW\testproject\complete\6\hvigorfile.ts
- E:\DevEco Studio\tools\hvigor\hvigor\src\base\internal\lifecycle\configuration.js
- E:\DevEco Studio\tools\hvigor\hvigor\src\base\boot\index.js
- E:\DevEco Studio\tools\hvigor\hvigor\src\base\daemon\cluster\worker-process-lifecycle.js
- E:\DevEco Studio\tools\hvigor\hvigor\src\base\daemon\process\daemon-process-boot-script.js
[2026-09-10T20:50:32.950] [DEBUG] debug-file - Start initialize module-target build option map, moduleName=entry, buildMode=debug
[2026-09-10T20:50:32.951] [DEBUG] debug-file - Target 'default' config initialized
[2026-09-10T20:50:32.951] [DEBUG] debug-file - Target 'ohosTest' config initialized
[2026-09-10T20:50:32.951] [DEBUG] debug-file - Module 'entry' target 'default' build option initialized
[2026-09-10T20:50:32.952] [DEBUG] debug-file - Module 'entry' target 'ohosTest' build option initialized
[2026-09-10T20:50:32.952] [DEBUG] debug-file - End initialize module-target build option map, moduleName=entry
[2026-09-10T20:50:32.952] [DEBUG] debug-file - Start initialize module-target build option map, moduleName=entry, buildMode=release
[2026-09-10T20:50:32.952] [DEBUG] debug-file - Target 'default' config initialized
[2026-09-10T20:50:32.953] [DEBUG] debug-file - Target 'ohosTest' config initialized
[2026-09-10T20:50:32.953] [DEBUG] debug-file - Module 'entry' target 'default' build option initialized
[2026-09-10T20:50:32.953] [DEBUG] debug-file - Module 'entry' target 'ohosTest' build option initialized
[2026-09-10T20:50:32.954] [DEBUG] debug-file - End initialize module-target build option map, moduleName=entry
[2026-09-10T20:50:32.954] [DEBUG] debug-file - Start initialize module-target build option map, moduleName=entry, buildMode=debug
[2026-09-10T20:50:32.954] [DEBUG] debug-file - Target 'default' config initialized
[2026-09-10T20:50:32.954] [DEBUG] debug-file - Target 'ohosTest' config initialized
[2026-09-10T20:50:32.955] [DEBUG] debug-file - Module 'entry' target 'default' build option initialized
[2026-09-10T20:50:32.955] [DEBUG] debug-file - Module 'entry' target 'ohosTest' build option initialized
[2026-09-10T20:50:32.955] [DEBUG] debug-file - End initialize module-target build option map, moduleName=entry
[2026-09-10T20:50:32.955] [DEBUG] debug-file - Obtain build option for module 'entry' target 'default'in this build.
[2026-09-10T20:50:32.960] [DEBUG] debug-file - Module entry task initialization takes 3 ms 
[2026-09-10T20:50:32.960] [DEBUG] debug-file - Hap plugin register hook start...
[2026-09-10T20:50:32.960] [DEBUG] debug-file - Hap plugin register hook end...
[2026-09-10T20:50:32.960] [DEBUG] debug-file - Plugin build process completed
[2026-09-10T20:50:32.961] [DEBUG] debug-file - hvigorfile, begin to bind custom plugins...
[2026-09-10T20:50:32.961] [DEBUG] debug-file - hvigorfile, no custom plugins were found in D:\HW\testproject\complete\6\entry\hvigorfile.ts
[2026-09-10T20:50:32.961] [DEBUG] debug-file - hvigorfile, resolve finished D:\HW\testproject\complete\6\entry\hvigorfile.ts
[2026-09-10T20:50:32.993] [DEBUG] debug-file - hvigorfile, resolve hvigorfile dependencies in 32 ms 
[2026-09-10T20:50:32.993] [DEBUG] debug-file - project has submodules:entry
[2026-09-10T20:50:32.996] [DEBUG] debug-file - start to load updatedOhPackageInfo to the disk
[2026-09-10T20:50:33.000] [DEBUG] debug-file - load to the disk finished
[2026-09-10T20:50:33.001] [DEBUG] debug-file - Start to initialize dependency information.
[2026-09-10T20:50:33.009] [DEBUG] debug-file - Module 6 Collected Dependency: 
[2026-09-10T20:50:33.009] [DEBUG] debug-file - Module 6's total dependency: 0
[2026-09-10T20:50:33.010] [DEBUG] debug-file - Start to initialize dependency information.
[2026-09-10T20:50:33.012] [DEBUG] debug-file - Module entry Collected Dependency: 
[2026-09-10T20:50:33.013] [DEBUG] debug-file - Module entry's total dependency: 0
[2026-09-10T20:50:33.015] [DEBUG] debug-file - Configuration phase cost:165 ms 
[2026-09-10T20:50:33.017] [DEBUG] debug-file - Configuration task cost before running: 179 ms 
[2026-09-10T20:50:33.017] [DEBUG] debug-file - Executing task ::PreBuildApp
[2026-09-10T20:50:33.017] [DEBUG] debug-file - 6 : PreBuildApp cost memory 0.1627960205078125
[2026-09-10T20:50:33.018] [DEBUG] debug-file - runTaskFromQueue task cost before running: 180 ms 
[2026-09-10T20:50:33.018] [INFO] debug-file - Finished ::PreBuildApp... after 1 ms 
[2026-09-10T20:50:33.022] [DEBUG] debug-file - Executing task :entry:default@PreBuild
[2026-09-10T20:50:33.026] [DEBUG] debug-file - Task 'entry:default@PreBuild' cost while wrapping incremental declarations: 1 ms 
[2026-09-10T20:50:33.029] [DEBUG] debug-file - Incremental task entry:default@PreBuild pre-execution cost: 3 ms .
[2026-09-10T20:50:33.029] [DEBUG] debug-file - entry : default@PreBuild cost memory 0.33187103271484375
[2026-09-10T20:50:33.031] [INFO] debug-file - UP-TO-DATE :entry:default@PreBuild...  
[2026-09-10T20:50:33.031] [DEBUG] debug-file - Executing task ::DuplicateDependencyCheck
[2026-09-10T20:50:33.031] [DEBUG] debug-file - 6 : DuplicateDependencyCheck cost memory 0.01360321044921875
[2026-09-10T20:50:33.031] [DEBUG] debug-file - runTaskFromQueue task cost before running: 193 ms 
[2026-09-10T20:50:33.031] [INFO] debug-file - Finished ::DuplicateDependencyCheck... after 1 ms 
[2026-09-10T20:50:33.032] [DEBUG] debug-file - Executing task :entry:default@CreateModuleInfo
[2026-09-10T20:50:33.032] [DEBUG] debug-file - Task 'entry:default@CreateModuleInfo' cost while wrapping incremental declarations: 1 ms 
[2026-09-10T20:50:33.033] [DEBUG] debug-file - entry : default@CreateModuleInfo cost memory 0.03871917724609375
[2026-09-10T20:50:33.033] [DEBUG] debug-file - runTaskFromQueue task cost before running: 195 ms 
[2026-09-10T20:50:33.033] [INFO] debug-file - Finished :entry:default@CreateModuleInfo... after 1 ms 
[2026-09-10T20:50:33.034] [DEBUG] debug-file - Executing task :entry:default@GenerateMetadata
[2026-09-10T20:50:33.034] [DEBUG] debug-file - Task 'entry:default@GenerateMetadata' cost while wrapping incremental declarations: 1 ms 
[2026-09-10T20:50:33.036] [DEBUG] debug-file - Incremental task entry:default@GenerateMetadata pre-execution cost: 1 ms .
[2026-09-10T20:50:33.036] [DEBUG] debug-file - entry : default@GenerateMetadata cost memory 0.07405853271484375
[2026-09-10T20:50:33.036] [INFO] debug-file - UP-TO-DATE :entry:default@GenerateMetadata...  
[2026-09-10T20:50:33.038] [DEBUG] debug-file - Executing task :entry:default@ConfigureCmake
[2026-09-10T20:50:33.038] [DEBUG] debug-file - entry : default@ConfigureCmake cost memory 0.01413726806640625
[2026-09-10T20:50:33.038] [DEBUG] debug-file - runTaskFromQueue task cost before running: 200 ms 
[2026-09-10T20:50:33.038] [INFO] debug-file - Finished :entry:default@ConfigureCmake... after 1 ms 
[2026-09-10T20:50:33.039] [DEBUG] debug-file - Executing task :entry:default@MergeProfile
[2026-09-10T20:50:33.040] [DEBUG] debug-file - Task 'entry:default@MergeProfile' cost while wrapping incremental declarations: 1 ms 
[2026-09-10T20:50:33.041] [DEBUG] debug-file - Incremental task entry:default@MergeProfile pre-execution cost: 1 ms .
[2026-09-10T20:50:33.041] [DEBUG] debug-file - entry : default@MergeProfile cost memory 0.1158294677734375
[2026-09-10T20:50:33.041] [INFO] debug-file - UP-TO-DATE :entry:default@MergeProfile...  
[2026-09-10T20:50:33.041] [DEBUG] debug-file - Executing task :entry:default@CreateBuildProfile
[2026-09-10T20:50:33.042] [DEBUG] debug-file - Task 'entry:default@CreateBuildProfile' cost while wrapping incremental declarations: 1 ms 
[2026-09-10T20:50:33.043] [DEBUG] debug-file - Incremental task entry:default@CreateBuildProfile pre-execution cost: 1 ms .
[2026-09-10T20:50:33.043] [DEBUG] debug-file - entry : default@CreateBuildProfile cost memory 0.092498779296875
[2026-09-10T20:50:33.043] [INFO] debug-file - UP-TO-DATE :entry:default@CreateBuildProfile...  
[2026-09-10T20:50:33.044] [DEBUG] debug-file - Executing task :entry:default@PreCheckSyscap
[2026-09-10T20:50:33.044] [DEBUG] debug-file - entry : default@PreCheckSyscap cost memory 0.01493072509765625
[2026-09-10T20:50:33.045] [DEBUG] debug-file - runTaskFromQueue task cost before running: 207 ms 
[2026-09-10T20:50:33.045] [INFO] debug-file - Finished :entry:default@PreCheckSyscap... after 1 ms 
[2026-09-10T20:50:33.047] [DEBUG] debug-file - Executing task :entry:default@GeneratePkgContextInfo
[2026-09-10T20:50:33.050] [DEBUG] debug-file - Task 'entry:default@GeneratePkgContextInfo' cost while wrapping incremental declarations: 1 ms 
[2026-09-10T20:50:33.050] [DEBUG] debug-file - Incremental task entry:default@GeneratePkgContextInfo pre-execution cost: 1 ms .
[2026-09-10T20:50:33.050] [DEBUG] debug-file - entry : default@GeneratePkgContextInfo cost memory 0.1682281494140625
[2026-09-10T20:50:33.051] [INFO] debug-file - UP-TO-DATE :entry:default@GeneratePkgContextInfo...  
[2026-09-10T20:50:33.051] [DEBUG] debug-file - Executing task :entry:default@GeneratePkgSdkInfo
[2026-09-10T20:50:33.053] [DEBUG] debug-file - Task 'entry:default@GeneratePkgSdkInfo' cost while wrapping incremental declarations: 1 ms 
[2026-09-10T20:50:33.053] [DEBUG] debug-file - entry : default@GeneratePkgSdkInfo cost memory 0.09694671630859375
[2026-09-10T20:50:33.053] [DEBUG] debug-file - runTaskFromQueue task cost before running: 215 ms 
[2026-09-10T20:50:33.053] [INFO] debug-file - Finished :entry:default@GeneratePkgSdkInfo... after 2 ms 
[2026-09-10T20:50:33.055] [DEBUG] debug-file - Executing task :entry:default@ProcessIntegratedHsp
[2026-09-10T20:50:33.056] [DEBUG] debug-file - entry:default@ProcessIntegratedHsp is not up-to-date, since the output file 'D:\HW\testproject\complete\6\build\cache\default\integrated_hsp\integratedHspCache.json' does not exist.
[2026-09-10T20:50:33.056] [DEBUG] debug-file - Incremental task entry:default@ProcessIntegratedHsp pre-execution cost: 1 ms .
[2026-09-10T20:50:33.056] [DEBUG] debug-file - entry : default@ProcessIntegratedHsp cost memory 0.04889678955078125
[2026-09-10T20:50:33.056] [DEBUG] debug-file - runTaskFromQueue task cost before running: 218 ms 
[2026-09-10T20:50:33.056] [INFO] debug-file - Finished :entry:default@ProcessIntegratedHsp... after 1 ms 
[2026-09-10T20:50:33.057] [DEBUG] debug-file - Executing task :entry:default@BuildNativeWithCmake
[2026-09-10T20:50:33.057] [DEBUG] debug-file - entry : default@BuildNativeWithCmake cost memory 0.01427459716796875
[2026-09-10T20:50:33.057] [DEBUG] debug-file - runTaskFromQueue task cost before running: 219 ms 
[2026-09-10T20:50:33.057] [INFO] debug-file - Finished :entry:default@BuildNativeWithCmake... after 1 ms 
[2026-09-10T20:50:33.058] [DEBUG] debug-file - Executing task :entry:default@MakePackInfo
[2026-09-10T20:50:33.062] [DEBUG] debug-file - Incremental task entry:default@MakePackInfo pre-execution cost: 4 ms .
[2026-09-10T20:50:33.063] [DEBUG] debug-file - entry : default@MakePackInfo cost memory 0.10437774658203125
[2026-09-10T20:50:33.064] [INFO] debug-file - UP-TO-DATE :entry:default@MakePackInfo...  
[2026-09-10T20:50:33.066] [DEBUG] debug-file - Executing task :entry:default@SyscapTransform
[2026-09-10T20:50:33.067] [DEBUG] debug-file - File: 'D:\HW\testproject\complete\6\entry\src\main\syscap.json' from 'sysCapJsonPath' is not exists, just ignore.
[2026-09-10T20:50:33.068] [DEBUG] debug-file - Task 'entry:default@SyscapTransform' cost while wrapping incremental declarations: 2 ms 
[2026-09-10T20:50:33.070] [DEBUG] debug-file - entry:default@SyscapTransform is not up-to-date, since the output file 'D:\HW\testproject\complete\6\entry\build\default\intermediates\syscap\default\rpcid.sc' does not exist.
[2026-09-10T20:50:33.071] [DEBUG] debug-file - Incremental task entry:default@SyscapTransform pre-execution cost: 2 ms .
[2026-09-10T20:50:33.071] [DEBUG] debug-file - entry : default@SyscapTransform cost memory 0.110626220703125
[2026-09-10T20:50:33.071] [DEBUG] debug-file - runTaskFromQueue task cost before running: 233 ms 
[2026-09-10T20:50:33.071] [INFO] debug-file - Finished :entry:default@SyscapTransform... after 5 ms 
[2026-09-10T20:50:33.073] [DEBUG] debug-file - Executing task :entry:default@ProcessProfile
[2026-09-10T20:50:33.076] [DEBUG] debug-file - Task 'entry:default@ProcessProfile' cost while wrapping incremental declarations: 1 ms 
[2026-09-10T20:50:33.078] [DEBUG] debug-file - Incremental task entry:default@ProcessProfile pre-execution cost: 2 ms .
[2026-09-10T20:50:33.078] [DEBUG] debug-file - entry : default@ProcessProfile cost memory -2.9756011962890625
[2026-09-10T20:50:33.079] [INFO] debug-file - UP-TO-DATE :entry:default@ProcessProfile...  
[2026-09-10T20:50:33.080] [DEBUG] debug-file - Executing task :entry:default@ProcessRouterMap
[2026-09-10T20:50:33.086] [DEBUG] debug-file - Incremental task entry:default@ProcessRouterMap pre-execution cost: 4 ms .
[2026-09-10T20:50:33.086] [DEBUG] debug-file - entry : default@ProcessRouterMap cost memory 0.15509796142578125
[2026-09-10T20:50:33.087] [INFO] debug-file - UP-TO-DATE :entry:default@ProcessRouterMap...  
[2026-09-10T20:50:33.088] [DEBUG] debug-file - Executing task :entry:default@ProcessShareConfig
[2026-09-10T20:50:33.091] [DEBUG] debug-file - Incremental task entry:default@ProcessShareConfig pre-execution cost: 2 ms .
[2026-09-10T20:50:33.091] [DEBUG] debug-file - entry : default@ProcessShareConfig cost memory 0.105560302734375
[2026-09-10T20:50:33.091] [INFO] debug-file - UP-TO-DATE :entry:default@ProcessShareConfig...  
[2026-09-10T20:50:33.092] [DEBUG] debug-file - Executing task :entry:default@ProcessStartupConfig
[2026-09-10T20:50:33.093] [DEBUG] debug-file - Task 'entry:default@ProcessStartupConfig' cost while wrapping incremental declarations: 1 ms 
[2026-09-10T20:50:33.094] [DEBUG] debug-file - entry:default@ProcessStartupConfig is not up-to-date, since the output file 'D:\HW\testproject\complete\6\entry\build\default\intermediates\startup\default\startup_config.json' does not exist.
[2026-09-10T20:50:33.094] [DEBUG] debug-file - Incremental task entry:default@ProcessStartupConfig pre-execution cost: 1 ms .
[2026-09-10T20:50:33.095] [DEBUG] debug-file - entry : default@ProcessStartupConfig cost memory 0.10962677001953125
[2026-09-10T20:50:33.095] [DEBUG] debug-file - runTaskFromQueue task cost before running: 257 ms 
[2026-09-10T20:50:33.095] [INFO] debug-file - Finished :entry:default@ProcessStartupConfig... after 3 ms 
[2026-09-10T20:50:33.097] [DEBUG] debug-file - Executing task :entry:default@BuildNativeWithNinja
[2026-09-10T20:50:33.097] [DEBUG] debug-file - entry : default@BuildNativeWithNinja cost memory 0.0189666748046875
[2026-09-10T20:50:33.097] [DEBUG] debug-file - runTaskFromQueue task cost before running: 259 ms 
[2026-09-10T20:50:33.098] [INFO] debug-file - Finished :entry:default@BuildNativeWithNinja... after 1 ms 
[2026-09-10T20:50:33.098] [DEBUG] debug-file - restool module names: entry; moduleName=entry, taskName=default@ProcessResource
[2026-09-10T20:50:33.100] [DEBUG] debug-file - Executing task :entry:default@ProcessResource
[2026-09-10T20:50:33.100] [DEBUG] debug-file - Task 'entry:default@ProcessResource' cost while wrapping incremental declarations: 1 ms 
[2026-09-10T20:50:33.101] [DEBUG] debug-file - Incremental task entry:default@ProcessResource pre-execution cost: 1 ms .
[2026-09-10T20:50:33.101] [DEBUG] debug-file - entry : default@ProcessResource cost memory 0.1089935302734375
[2026-09-10T20:50:33.104] [INFO] debug-file - UP-TO-DATE :entry:default@ProcessResource...  
[2026-09-10T20:50:33.106] [DEBUG] debug-file - Executing task :entry:default@GenerateLoaderJson
[2026-09-10T20:50:33.107] [DEBUG] debug-file - Task 'entry:default@GenerateLoaderJson' cost while wrapping incremental declarations: 1 ms 
[2026-09-10T20:50:33.114] [DEBUG] debug-file - Incremental task entry:default@GenerateLoaderJson pre-execution cost: 4 ms .
[2026-09-10T20:50:33.114] [DEBUG] debug-file - entry : default@GenerateLoaderJson cost memory 0.176910400390625
[2026-09-10T20:50:33.117] [INFO] debug-file - UP-TO-DATE :entry:default@GenerateLoaderJson...  
[2026-09-10T20:50:33.118] [DEBUG] debug-file - Executing task :entry:default@ProcessLibs
[2026-09-10T20:50:33.118] [DEBUG] debug-file - Task 'entry:default@ProcessLibs' cost while wrapping incremental declarations: 1 ms 
[2026-09-10T20:50:33.120] [DEBUG] debug-file - Incremental task entry:default@ProcessLibs pre-execution cost: 2 ms .
[2026-09-10T20:50:33.120] [DEBUG] debug-file - entry : default@ProcessLibs cost memory 0.09113311767578125
[2026-09-10T20:50:33.121] [INFO] debug-file - UP-TO-DATE :entry:default@ProcessLibs...  
[2026-09-10T20:50:33.123] [DEBUG] debug-file - restool module names: entry; moduleName=entry, taskName=default@CompileResource
[2026-09-10T20:50:33.123] [DEBUG] debug-file - Executing task :entry:default@CompileResource
[2026-09-10T20:50:33.133] [DEBUG] debug-file - Incremental task entry:default@CompileResource pre-execution cost: 9 ms .
[2026-09-10T20:50:33.133] [DEBUG] debug-file - entry : default@CompileResource cost memory 0.5535507202148438
[2026-09-10T20:50:33.134] [INFO] debug-file - UP-TO-DATE :entry:default@CompileResource...  
[2026-09-10T20:50:33.135] [DEBUG] debug-file - Executing task :entry:default@DoNativeStrip
[2026-09-10T20:50:33.136] [DEBUG] debug-file - File: 'D:\HW\testproject\complete\6\entry\build\default\intermediates\binxo\default' from 'doBinxoNativeLibs' is not exists, just ignore.
[2026-09-10T20:50:33.136] [DEBUG] debug-file - Task 'entry:default@DoNativeStrip' cost while wrapping incremental declarations: 1 ms 
[2026-09-10T20:50:33.136] [DEBUG] debug-file - Incremental task entry:default@DoNativeStrip pre-execution cost: 1 ms .
[2026-09-10T20:50:33.136] [DEBUG] debug-file - entry : default@DoNativeStrip cost memory 0.07234954833984375
[2026-09-10T20:50:33.137] [INFO] debug-file - UP-TO-DATE :entry:default@DoNativeStrip...  
[2026-09-10T20:50:33.138] [DEBUG] debug-file - Executing task :entry:default@CompileArkTS
[2026-09-10T20:50:33.138] [DEBUG] debug-file - obfuscationOptions: undefined
[2026-09-10T20:50:33.139] [DEBUG] debug-file - Task 'entry:default@CompileArkTS' cost while wrapping incremental declarations: 1 ms 
[2026-09-10T20:50:33.146] [DEBUG] debug-file - Incremental task entry:default@CompileArkTS pre-execution cost: 7 ms .
[2026-09-10T20:50:33.146] [DEBUG] debug-file - entry : default@CompileArkTS cost memory 0.47510528564453125
[2026-09-10T20:50:33.149] [INFO] debug-file - UP-TO-DATE :entry:default@CompileArkTS...  
[2026-09-10T20:50:33.152] [DEBUG] debug-file - Executing task :entry:default@BuildJS
[2026-09-10T20:50:33.152] [DEBUG] debug-file - Task 'entry:default@BuildJS' cost while wrapping incremental declarations: 1 ms 
[2026-09-10T20:50:33.154] [DEBUG] debug-file - entry : default@BuildJS cost memory -2.7709274291992188
[2026-09-10T20:50:33.155] [DEBUG] debug-file - runTaskFromQueue task cost before running: 317 ms 
[2026-09-10T20:50:33.155] [INFO] debug-file - Finished :entry:default@BuildJS... after 5 ms 
[2026-09-10T20:50:33.156] [DEBUG] debug-file - Executing task :entry:default@CacheNativeLibs
[2026-09-10T20:50:33.156] [DEBUG] debug-file - File: 'D:\HW\testproject\complete\6\entry\build\default\intermediates\binxo\default' from 'cacheBinxoNativeLibs' is not exists, just ignore.
[2026-09-10T20:50:33.156] [DEBUG] debug-file - Task 'entry:default@CacheNativeLibs' cost while wrapping incremental declarations: 1 ms 
[2026-09-10T20:50:33.157] [DEBUG] debug-file - Incremental task entry:default@CacheNativeLibs pre-execution cost: 1 ms .
[2026-09-10T20:50:33.157] [DEBUG] debug-file - entry : default@CacheNativeLibs cost memory 0.085418701171875
[2026-09-10T20:50:33.157] [INFO] debug-file - UP-TO-DATE :entry:default@CacheNativeLibs...  
[2026-09-10T20:50:33.158] [DEBUG] debug-file - Executing task :entry:default@GeneratePkgModuleJson
[2026-09-10T20:50:33.158] [DEBUG] debug-file - File: 'D:\HW\testproject\complete\6\entry\build\default\intermediates\preload\default\preload.json' from 'preloadSoJsonPath' is not exists, just ignore.
[2026-09-10T20:50:33.159] [DEBUG] debug-file - Error occurs while handling @Input 'shouldDeduplicateHar': The "data" argument must be of type string or an instance of Buffer, TypedArray, or DataView. Received undefined
[2026-09-10T20:50:33.159] [DEBUG] debug-file - Task 'entry:default@GeneratePkgModuleJson' cost while wrapping incremental declarations: 1 ms 
[2026-09-10T20:50:33.160] [DEBUG] debug-file - Incremental task entry:default@GeneratePkgModuleJson pre-execution cost: 1 ms .
[2026-09-10T20:50:33.160] [DEBUG] debug-file - entry : default@GeneratePkgModuleJson cost memory 0.08190155029296875
[2026-09-10T20:50:33.160] [INFO] debug-file - UP-TO-DATE :entry:default@GeneratePkgModuleJson...  
[2026-09-10T20:50:33.161] [DEBUG] debug-file - Executing task :entry:default@ProcessCompiledResources
[2026-09-10T20:50:33.162] [DEBUG] debug-file - File: 'D:\HW\testproject\complete\6\entry\build\default\intermediates\preload\default\preload.json' from 'preloadSoJsonPath' is not exists, just ignore.
[2026-09-10T20:50:33.162] [DEBUG] debug-file - Task 'entry:default@ProcessCompiledResources' cost while wrapping incremental declarations: 1 ms 
[2026-09-10T20:50:33.162] [DEBUG] debug-file - entry : default@ProcessCompiledResources cost memory 0.05001068115234375
[2026-09-10T20:50:33.163] [DEBUG] debug-file - runTaskFromQueue task cost before running: 325 ms 
[2026-09-10T20:50:33.163] [INFO] debug-file - Finished :entry:default@ProcessCompiledResources... after 2 ms 
[2026-09-10T20:50:33.165] [DEBUG] debug-file - Executing task :entry:default@PackageHap
[2026-09-10T20:50:33.173] [DEBUG] debug-file - Incremental task entry:default@PackageHap pre-execution cost: 7 ms .
[2026-09-10T20:50:33.173] [DEBUG] debug-file - entry : default@PackageHap cost memory 0.2984466552734375
[2026-09-10T20:50:33.175] [INFO] debug-file - UP-TO-DATE :entry:default@PackageHap...  
[2026-09-10T20:50:33.176] [DEBUG] debug-file - Executing task :entry:default@PackingCheck
[2026-09-10T20:50:33.181] [DEBUG] debug-file - entry : default@PackingCheck cost memory 0.27825927734375
[2026-09-10T20:50:33.181] [DEBUG] debug-file - runTaskFromQueue task cost before running: 343 ms 
[2026-09-10T20:50:33.182] [INFO] debug-file - Finished :entry:default@PackingCheck... after 6 ms 
[2026-09-10T20:50:33.183] [DEBUG] debug-file - Executing task :entry:default@SignHap
[2026-09-10T20:50:33.183] [WARN] debug-file - Will skip sign 'hos_hap'. No signingConfigs profile is configured in current project.
             If needed, configure the signingConfigs in D:\HW\testproject\complete\6\build-profile.json5.
[2026-09-10T20:50:33.184] [DEBUG] debug-file - entry:default@SignHap is not up-to-date, since the output file 'D:\HW\testproject\complete\6\entry\build\default\outputs\default\entry-default-signed.hap' does not exist.
[2026-09-10T20:50:33.184] [DEBUG] debug-file - Incremental task entry:default@SignHap pre-execution cost: 1 ms .
[2026-09-10T20:50:33.185] [DEBUG] debug-file - entry : default@SignHap cost memory 0.07132720947265625
[2026-09-10T20:50:33.185] [DEBUG] debug-file - runTaskFromQueue task cost before running: 347 ms 
[2026-09-10T20:50:33.186] [INFO] debug-file - Finished :entry:default@SignHap... after 2 ms 
[2026-09-10T20:50:33.187] [DEBUG] debug-file - Executing task :entry:default@CollectDebugSymbol
[2026-09-10T20:50:33.188] [DEBUG] debug-file - entry : default@CollectDebugSymbol cost memory 0.077178955078125
[2026-09-10T20:50:33.188] [DEBUG] debug-file - runTaskFromQueue task cost before running: 350 ms 
[2026-09-10T20:50:33.188] [INFO] debug-file - Finished :entry:default@CollectDebugSymbol... after 2 ms 
[2026-09-10T20:50:33.189] [DEBUG] debug-file - Executing task :entry:assembleHap
[2026-09-10T20:50:33.189] [DEBUG] debug-file - entry : assembleHap cost memory 0.01210784912109375
[2026-09-10T20:50:33.189] [DEBUG] debug-file - runTaskFromQueue task cost before running: 351 ms 
[2026-09-10T20:50:33.189] [INFO] debug-file - Finished :entry:assembleHap... after 1 ms 
[2026-09-10T20:50:33.189] [DEBUG] debug-file - Executing task ::MakeProjectPackInfo
[2026-09-10T20:50:33.193] [DEBUG] debug-file - Task ':MakeProjectPackInfo' cost while wrapping incremental declarations: 1 ms 
[2026-09-10T20:50:33.194] [DEBUG] debug-file - Incremental task :MakeProjectPackInfo pre-execution cost: 1 ms .
[2026-09-10T20:50:33.194] [DEBUG] debug-file - 6 : MakeProjectPackInfo cost memory 0.1405792236328125
[2026-09-10T20:50:33.194] [INFO] debug-file - UP-TO-DATE ::MakeProjectPackInfo...  
[2026-09-10T20:50:33.194] [DEBUG] debug-file - Executing task ::ProcessProjectPrivacyProfile
[2026-09-10T20:50:33.197] [DEBUG] debug-file - Incremental task :ProcessProjectPrivacyProfile pre-execution cost: 2 ms .
[2026-09-10T20:50:33.197] [DEBUG] debug-file - 6 : ProcessProjectPrivacyProfile cost memory 0.0785980224609375
[2026-09-10T20:50:33.198] [INFO] debug-file - UP-TO-DATE ::ProcessProjectPrivacyProfile...  
[2026-09-10T20:50:33.198] [DEBUG] debug-file - Executing task ::GeneratePackRes
[2026-09-10T20:50:33.199] [DEBUG] debug-file - Incremental task :GeneratePackRes pre-execution cost: 1 ms .
[2026-09-10T20:50:33.199] [DEBUG] debug-file - 6 : GeneratePackRes cost memory 0.03986358642578125
[2026-09-10T20:50:33.199] [INFO] debug-file - UP-TO-DATE ::GeneratePackRes...  
[2026-09-10T20:50:33.199] [DEBUG] debug-file - Executing task ::PackageApp
[2026-09-10T20:50:33.202] [DEBUG] debug-file - Task ':PackageApp' cost while wrapping incremental declarations: 1 ms 
[2026-09-10T20:50:33.203] [DEBUG] debug-file - :PackageApp is not up-to-date, since the output file 'D:\HW\testproject\complete\6\build\outputs\default\symbol\debug' does not exist.
[2026-09-10T20:50:33.204] [DEBUG] debug-file - Incremental task :PackageApp pre-execution cost: 2 ms .
[2026-09-10T20:50:33.209] [DEBUG] debug-file - Use tool [PackageApp]
 [
  'java',
  '-Dfile.encoding=GBK',
  '-jar',
  'E:\\DevEco Studio\\sdk\\default\\openharmony\\toolchains\\lib\\app_packing_tool.jar',
  '--mode',
  'app',
  '--pack-info-path',
  'D:\\HW\\testproject\\complete\\6\\build\\outputs\\default\\pack.info',
  '--hap-path',
  'D:\\HW\\testproject\\complete\\6\\entry\\build\\default\\outputs\\default\\app\\entry-default.hap',
  '--hsp-path',
  '',
  '--force',
  'true',
  '--out-path',
  'D:\\HW\\testproject\\complete\\6\\build\\outputs\\default\\6-default-unsigned.app',
  '--main-module-limit',
  '2',
  '--normal-module-limit',
  '2',
  '--pac-json-path',
  'D:\\HW\\testproject\\complete\\6\\build\\outputs\\default\\pac.json'
]
[2026-09-10T20:50:33.209] [DEBUG] debug-file - current process  memoryUsage: {
  rss: 511119360,
  heapTotal: 133435392,
  heapUsed: 123763000,
  external: 3974265,
  arrayBuffers: 47323
} os memoryUsage :13.110877990722656
[2026-09-10T20:50:33.886] [DEBUG] debug-file - 6 : PackageApp cost memory 0.43337249755859375
[2026-09-10T20:50:33.886] [DEBUG] debug-file - runTaskFromQueue task cost before running: 1 s 48 ms 
[2026-09-10T20:50:33.887] [INFO] debug-file - Finished ::PackageApp... after 687 ms 
[2026-09-10T20:50:33.887] [DEBUG] debug-file - Executing task ::SignPackagesFromApp
[2026-09-10T20:50:33.887] [DEBUG] debug-file - :SignPackagesFromApp is not up-to-date, since the input file 'D:\HW\testproject\complete\6\build\outputs\default\6-default-unsigned.app' has been changed.
[2026-09-10T20:50:33.888] [DEBUG] debug-file - Incremental task :SignPackagesFromApp pre-execution cost: 1 ms .
[2026-09-10T20:50:33.888] [DEBUG] debug-file - 6 : SignPackagesFromApp cost memory 0.048797607421875
[2026-09-10T20:50:33.888] [DEBUG] debug-file - runTaskFromQueue task cost before running: 1 s 50 ms 
[2026-09-10T20:50:33.888] [INFO] debug-file - Finished ::SignPackagesFromApp... after 1 ms 
[2026-09-10T20:50:33.888] [DEBUG] debug-file - Executing task ::SignApp
[2026-09-10T20:50:33.888] [DEBUG] debug-file - signingConfigName of signApp is :  undefined
[2026-09-10T20:50:33.888] [WARN] debug-file - Will skip sign 'app'. No signingConfigs profile is configured in current project.
             If needed, configure the signingConfigs in D:\HW\testproject\complete\6\build-profile.json5.
[2026-09-10T20:50:33.889] [DEBUG] debug-file - :SignApp is not up-to-date, since the input file 'D:\HW\testproject\complete\6\build\outputs\default\6-default-unsigned.app' has been changed.
[2026-09-10T20:50:33.889] [DEBUG] debug-file - Incremental task :SignApp pre-execution cost: 1 ms .
[2026-09-10T20:50:33.889] [DEBUG] debug-file - 6 : SignApp cost memory 0.10831451416015625
[2026-09-10T20:50:33.889] [DEBUG] debug-file - runTaskFromQueue task cost before running: 1 s 51 ms 
[2026-09-10T20:50:33.889] [INFO] debug-file - Finished ::SignApp... after 1 ms 
[2026-09-10T20:50:33.889] [DEBUG] debug-file - Executing task ::assembleApp
[2026-09-10T20:50:33.889] [DEBUG] debug-file - 6 : assembleApp cost memory 0.01206207275390625
[2026-09-10T20:50:33.889] [DEBUG] debug-file - runTaskFromQueue task cost before running: 1 s 52 ms 
[2026-09-10T20:50:33.890] [INFO] debug-file - Finished ::assembleApp... after 1 ms 
[2026-09-10T20:50:33.890] [INFO] debug-file - BUILD SUCCESSFUL in 1 s 52 ms 
[2026-09-10T20:50:33.890] [DEBUG] debug-file - There is no need to refresh cache, since the incremental task entry:default@PreBuild is up-to-date.
[2026-09-10T20:50:33.890] [DEBUG] debug-file - Update task entry:default@CreateModuleInfo output file:D:\HW\testproject\complete\6\entry\build\default\generated\profile\default\ModuleInfo.ts cache.
[2026-09-10T20:50:33.891] [DEBUG] debug-file - Incremental task entry:default@CreateModuleInfo post-execution cost:1 ms .
[2026-09-10T20:50:33.891] [DEBUG] debug-file - There is no need to refresh cache, since the incremental task entry:default@GenerateMetadata is up-to-date.
[2026-09-10T20:50:33.891] [DEBUG] debug-file - There is no need to refresh cache, since the incremental task entry:default@MergeProfile is up-to-date.
[2026-09-10T20:50:33.891] [DEBUG] debug-file - There is no need to refresh cache, since the incremental task entry:default@CreateBuildProfile is up-to-date.
[2026-09-10T20:50:33.891] [DEBUG] debug-file - There is no need to refresh cache, since the incremental task entry:default@GeneratePkgContextInfo is up-to-date.
[2026-09-10T20:50:33.891] [DEBUG] debug-file - Update task entry:default@GeneratePkgSdkInfo output file:D:\HW\testproject\complete\6\entry\build\default\intermediates\loader\default\pkgSdkInfo.json cache.
[2026-09-10T20:50:33.891] [DEBUG] debug-file - Incremental task entry:default@GeneratePkgSdkInfo post-execution cost:1 ms .
[2026-09-10T20:50:33.891] [DEBUG] debug-file - Update task entry:default@ProcessIntegratedHsp output file:D:\HW\testproject\complete\6\build\cache\default\integrated_hsp\integratedHspCache.json cache.
[2026-09-10T20:50:33.891] [DEBUG] debug-file - Incremental task entry:default@ProcessIntegratedHsp post-execution cost:1 ms .
[2026-09-10T20:50:33.891] [DEBUG] debug-file - There is no need to refresh cache, since the incremental task entry:default@MakePackInfo is up-to-date.
[2026-09-10T20:50:33.892] [DEBUG] debug-file - Update task entry:default@SyscapTransform input file:E:\DevEco Studio\sdk\default\openharmony\toolchains\syscap_tool.exe cache by regenerate.
[2026-09-10T20:50:33.892] [DEBUG] debug-file - Update task entry:default@SyscapTransform input file:E:\DevEco Studio\sdk\default\openharmony\ets\api\device-define cache by regenerate.
[2026-09-10T20:50:33.892] [DEBUG] debug-file - Update task entry:default@SyscapTransform output file:D:\HW\testproject\complete\6\entry\build\default\intermediates\syscap\default\rpcid.sc cache.
[2026-09-10T20:50:33.893] [DEBUG] debug-file - Incremental task entry:default@SyscapTransform post-execution cost:2 ms .
[2026-09-10T20:50:33.893] [DEBUG] debug-file - There is no need to refresh cache, since the incremental task entry:default@ProcessProfile is up-to-date.
[2026-09-10T20:50:33.893] [DEBUG] debug-file - There is no need to refresh cache, since the incremental task entry:default@ProcessRouterMap is up-to-date.
[2026-09-10T20:50:33.893] [DEBUG] debug-file - There is no need to refresh cache, since the incremental task entry:default@ProcessShareConfig is up-to-date.
[2026-09-10T20:50:33.893] [DEBUG] debug-file - Update task entry:default@ProcessStartupConfig input file:D:\HW\testproject\complete\6\entry\build\default\intermediates\loader\default\pkgContextInfo.json cache by regenerate.
[2026-09-10T20:50:33.893] [DEBUG] debug-file - Update task entry:default@ProcessStartupConfig output file:D:\HW\testproject\complete\6\entry\build\default\intermediates\startup\default\startup_config.json cache.
[2026-09-10T20:50:33.893] [DEBUG] debug-file - Incremental task entry:default@ProcessStartupConfig post-execution cost:1 ms .
[2026-09-10T20:50:33.893] [DEBUG] debug-file - There is no need to refresh cache, since the incremental task entry:default@ProcessResource is up-to-date.
[2026-09-10T20:50:33.893] [DEBUG] debug-file - There is no need to refresh cache, since the incremental task entry:default@GenerateLoaderJson is up-to-date.
[2026-09-10T20:50:33.893] [DEBUG] debug-file - There is no need to refresh cache, since the incremental task entry:default@ProcessLibs is up-to-date.
[2026-09-10T20:50:33.894] [DEBUG] debug-file - There is no need to refresh cache, since the incremental task entry:default@CompileResource is up-to-date.
[2026-09-10T20:50:33.894] [DEBUG] debug-file - There is no need to refresh cache, since the incremental task entry:default@DoNativeStrip is up-to-date.
[2026-09-10T20:50:33.894] [DEBUG] debug-file - There is no need to refresh cache, since the incremental task entry:default@CompileArkTS is up-to-date.
[2026-09-10T20:50:33.895] [DEBUG] debug-file - Update task entry:default@BuildJS input file:D:\HW\testproject\complete\6\entry\build\default\intermediates\loader\default cache by regenerate.
[2026-09-10T20:50:33.895] [DEBUG] debug-file - Update task entry:default@BuildJS input file:D:\HW\testproject\complete\6\entry\build\default\intermediates\res\default\resources\rawfile cache by regenerate.
[2026-09-10T20:50:33.895] [DEBUG] debug-file - Update task entry:default@BuildJS input file:D:\HW\testproject\complete\6\entry\build\default\intermediates\res\default\ResourceTable.txt cache by regenerate.
[2026-09-10T20:50:33.895] [DEBUG] debug-file - Update task entry:default@BuildJS input file:D:\HW\testproject\complete\6\entry\build\default\intermediates\res\default\ark_module.json cache by regenerate.
[2026-09-10T20:50:33.895] [DEBUG] debug-file - Update task entry:default@BuildJS input file:D:\HW\testproject\complete\6\entry\build\default\intermediates\res\default\resources\base\profile cache by regenerate.
[2026-09-10T20:50:33.897] [DEBUG] debug-file - Update task entry:default@BuildJS input file:D:\HW\testproject\complete\6\entry\build\default\intermediates\loader\default\pkgContextInfo.json cache by regenerate.
[2026-09-10T20:50:33.898] [DEBUG] debug-file - Update task entry:default@BuildJS output file:D:\HW\testproject\complete\6\entry\build\default\intermediates\loader_out\default\js cache.
[2026-09-10T20:50:33.898] [DEBUG] debug-file - Incremental task entry:default@BuildJS post-execution cost:5 ms .
[2026-09-10T20:50:33.898] [DEBUG] debug-file - There is no need to refresh cache, since the incremental task entry:default@CacheNativeLibs is up-to-date.
[2026-09-10T20:50:33.898] [DEBUG] debug-file - There is no need to refresh cache, since the incremental task entry:default@GeneratePkgModuleJson is up-to-date.
[2026-09-10T20:50:33.898] [DEBUG] debug-file - Incremental task entry:default@ProcessCompiledResources post-execution cost:1 ms .
[2026-09-10T20:50:33.898] [DEBUG] debug-file - There is no need to refresh cache, since the incremental task entry:default@PackageHap is up-to-date.
[2026-09-10T20:50:33.899] [DEBUG] debug-file - Update task entry:default@SignHap input file:D:\HW\testproject\complete\6\entry\build\default\outputs\default\entry-default-unsigned.hap cache by regenerate.
[2026-09-10T20:50:33.899] [DEBUG] debug-file - Update task entry:default@SignHap output file:D:\HW\testproject\complete\6\entry\build\default\outputs\default\entry-default-signed.hap cache.
[2026-09-10T20:50:33.899] [DEBUG] debug-file - Incremental task entry:default@SignHap post-execution cost:1 ms .
[2026-09-10T20:50:33.900] [DEBUG] debug-file - Update task entry:default@CollectDebugSymbol input file:D:\HW\testproject\complete\6\entry\build\default\intermediates\loader_out\default\ets\sourceMaps.map cache by regenerate.
[2026-09-10T20:50:33.900] [DEBUG] debug-file - Update task entry:default@CollectDebugSymbol input file:D:\HW\testproject\complete\6\entry\build\default\intermediates\libs\default cache by regenerate.
[2026-09-10T20:50:33.900] [DEBUG] debug-file - Update task entry:default@CollectDebugSymbol output file:D:\HW\testproject\complete\6\entry\build\default\outputs\default\symbol cache.
[2026-09-10T20:50:33.901] [DEBUG] debug-file - Incremental task entry:default@CollectDebugSymbol post-execution cost:2 ms .
[2026-09-10T20:50:33.901] [DEBUG] debug-file - There is no need to refresh cache, since the incremental task :MakeProjectPackInfo is up-to-date.
[2026-09-10T20:50:33.901] [DEBUG] debug-file - There is no need to refresh cache, since the incremental task :ProcessProjectPrivacyProfile is up-to-date.
[2026-09-10T20:50:33.901] [DEBUG] debug-file - There is no need to refresh cache, since the incremental task :GeneratePackRes is up-to-date.
[2026-09-10T20:50:33.901] [DEBUG] debug-file - Update task :PackageApp input file:D:\HW\testproject\complete\6\build\outputs\default\pack.info cache by regenerate.
[2026-09-10T20:50:33.901] [DEBUG] debug-file - Update task :PackageApp input file:D:\HW\testproject\complete\6\entry\build\default\outputs\default\entry-default-unsigned.hap cache by regenerate.
[2026-09-10T20:50:33.902] [DEBUG] debug-file - Update task :PackageApp input file:D:\HW\testproject\complete\6\build\outputs\default\pac.json cache by regenerate.
[2026-09-10T20:50:33.902] [DEBUG] debug-file - Update task :PackageApp output file:D:\HW\testproject\complete\6\build\outputs\default\6-default-unsigned.app cache.
[2026-09-10T20:50:33.902] [DEBUG] debug-file - Update task :PackageApp output file:D:\HW\testproject\complete\6\entry\build\default\outputs\default\app\entry-default.hap cache.
[2026-09-10T20:50:33.902] [DEBUG] debug-file - Update task :PackageApp output file:D:\HW\testproject\complete\6\build\outputs\default\symbol\debug cache.
[2026-09-10T20:50:33.903] [DEBUG] debug-file - Incremental task :PackageApp post-execution cost:2 ms .
[2026-09-10T20:50:33.903] [DEBUG] debug-file - Update task :SignPackagesFromApp input file:D:\HW\testproject\complete\6\build\outputs\default\6-default-unsigned.app cache from map.
[2026-09-10T20:50:33.903] [DEBUG] debug-file - Incremental task :SignPackagesFromApp post-execution cost:1 ms .
[2026-09-10T20:50:33.903] [DEBUG] debug-file - Update task :SignApp input file:D:\HW\testproject\complete\6\build\outputs\default\6-default-unsigned.app cache from map.
[2026-09-10T20:50:33.904] [DEBUG] debug-file - Update task :SignApp output file:D:\HW\testproject\complete\6\build\outputs\default\6-default-signed.app cache.
[2026-09-10T20:50:33.904] [DEBUG] debug-file - Incremental task :SignApp post-execution cost:1 ms .
[2026-09-10T20:50:33.915] [DEBUG] debug-file - hvigor build process will be closed.
[2026-09-10T20:50:33.923] [DEBUG] debug-file - session manager: send message to worker process. WorkerThreadId: 0, data: {"type":"hvigor_failed","reason":"Server has disconnected."}
[2026-09-10T20:50:33.924] [DEBUG] debug-file - session manager: send message to worker process. WorkerThreadId: 0, data: {"type":"CloseWatch","reason":"Server has disconnected."}
[2026-09-10T20:50:33.924] [DEBUG] debug-file - watch worker: worker id should be larger than 0. Nothing will be sent to any worker thread.
[2026-09-10T20:50:33.924] [DEBUG] debug-file - ABORT_WORK sent to workers.
[2026-09-10T20:50:33.924] [DEBUG] debug-file - watch worker: worker id should be larger than 0. Nothing will be sent to any worker thread.
[2026-09-10T20:52:40.907] [DEBUG] debug-file - env: nodejsVersion=v24.14.1
[2026-09-10T20:52:40.958] [DEBUG] debug-file - env: daemon=true
[2026-09-10T20:52:40.908] [DEBUG] debug-file - env: hvigor-config.json5 content = {
  modelVersion: '6.0.1',
  dependencies: {},
  execution: {},
  logging: {},
  debugging: {},
  nodeOptions: {}
}
[2026-09-10T20:52:41.512] [DEBUG] debug-file - session manager: set active socket. socketId=hh57VMaPgS2xzA0aAAAT
[2026-09-10T20:52:41.540] [DEBUG] debug-file - watch worker: worker id should be larger than 0. Nothing will be sent to any worker thread.
[2026-09-10T20:52:41.552] [DEBUG] debug-file - Workers' log level updated to INFO
[2026-09-10T20:52:41.557] [DEBUG] debug-file - Hvigor init with startParameters:{
  hvigorfileTypeCheck: false,
  parallelExecution: true,
  incrementalExecution: true,
  printStackTrace: false,
  daemon: true,
  analyze: 0,
  logLevel: Level { level: 20000, levelStr: 'INFO', colour: 'green' },
  optimizationStrategy: 'memory',
  hotCompile: undefined,
  hotReloadBuild: undefined,
  customizedParam: undefined
}
[2026-09-10T20:52:41.568] [DEBUG] debug-file - Cache service initialization finished in 11 ms 
[2026-09-10T20:52:41.569] [DEBUG] debug-file - hvigorfile, resolving D:\HW\testproject\complete\6\hvigorfile.ts
[2026-09-10T20:52:41.578] [DEBUG] debug-file - hvigorfile, require result:  { default: { plugins: [] } }
[2026-09-10T20:52:41.579] [DEBUG] debug-file - hvigorfile, binding system plugins null
[2026-09-10T20:52:41.579] [DEBUG] debug-file - Starting plugin build process
[2026-09-10T20:52:41.579] [DEBUG] debug-file - App plugin prepare start...
[2026-09-10T20:52:41.579] [DEBUG] debug-file - App plugin prepare end...
[2026-09-10T20:52:41.579] [DEBUG] debug-file - App plugin creating...
[2026-09-10T20:52:41.586] [DEBUG] debug-file - App plugin register hook start...
[2026-09-10T20:52:41.586] [DEBUG] debug-file - App plugin register hook end...
[2026-09-10T20:52:41.586] [DEBUG] debug-file - Plugin build process completed
[2026-09-10T20:52:41.587] [DEBUG] debug-file - Start initialize project's product build option map with build mode debug.
[2026-09-10T20:52:41.587] [DEBUG] debug-file - Picking option from product 'default' with build mode 'debug'.
[2026-09-10T20:52:41.587] [DEBUG] debug-file - Product 'default' build option initialized
[2026-09-10T20:52:41.587] [DEBUG] debug-file - End initialize project's product build option map with build mode 'debug'.
[2026-09-10T20:52:41.588] [DEBUG] debug-file - Obtain build option for product 'default'in this build.
[2026-09-10T20:52:41.592] [DEBUG] debug-file - No signingConfig found, initRemoteHspCache failed.
[2026-09-10T20:52:41.594] [DEBUG] debug-file - Start recording SDK configuration permission data.
[2026-09-10T20:52:41.638] [DEBUG] debug-file - Sdk init in 46 ms 
[2026-09-10T20:52:41.643] [DEBUG] debug-file - Project task initialization takes 5 ms 
[2026-09-10T20:52:41.643] [DEBUG] debug-file - hvigorfile, begin to bind custom plugins...
[2026-09-10T20:52:41.643] [DEBUG] debug-file - hvigorfile, no custom plugins were found in D:\HW\testproject\complete\6\hvigorfile.ts
[2026-09-10T20:52:41.643] [DEBUG] debug-file - hvigorfile, resolve finished D:\HW\testproject\complete\6\hvigorfile.ts
[2026-09-10T20:52:41.644] [DEBUG] debug-file - hvigorfile, resolving D:\HW\testproject\complete\6\entry\hvigorfile.ts
[2026-09-10T20:52:41.648] [DEBUG] debug-file - hvigorfile, require result:  { default: { plugins: [] } }
[2026-09-10T20:52:41.649] [DEBUG] debug-file - hvigorfile, binding system plugins null
[2026-09-10T20:52:41.649] [DEBUG] debug-file - Starting plugin build process
[2026-09-10T20:52:41.649] [DEBUG] debug-file - Hap plugin creating...
[2026-09-10T20:52:41.650] [DEBUG] debug-file - failed to load cangjie to dynamically generate schemas: Error: Cannot find module '@ohos/cangjie-build-support/index'
Require stack:
- E:\DevEco Studio\tools\hvigor\hvigor-ohos-plugin\src\plugin\hooks\cangjie-register.js
- E:\DevEco Studio\tools\hvigor\hvigor-ohos-plugin\src\plugin\strategy\stage-init-strategy.js
- E:\DevEco Studio\tools\hvigor\hvigor-ohos-plugin\src\plugin\builder\abstract-plugin-builder.js
- E:\DevEco Studio\tools\hvigor\hvigor-ohos-plugin\src\plugin\builder\app-plugin-builder.js
- E:\DevEco Studio\tools\hvigor\hvigor-ohos-plugin\src\plugin\factory\plugin-factory.js
- E:\DevEco Studio\tools\hvigor\hvigor-ohos-plugin\index.js
- D:\HW\testproject\complete\6\hvigorfile.ts
- E:\DevEco Studio\tools\hvigor\hvigor\src\base\internal\lifecycle\configuration.js
- E:\DevEco Studio\tools\hvigor\hvigor\src\base\boot\index.js
- E:\DevEco Studio\tools\hvigor\hvigor\src\base\daemon\cluster\worker-process-lifecycle.js
- E:\DevEco Studio\tools\hvigor\hvigor\src\base\daemon\process\daemon-process-boot-script.js
[2026-09-10T20:52:41.653] [DEBUG] debug-file - Start initialize module-target build option map, moduleName=entry, buildMode=debug
[2026-09-10T20:52:41.653] [DEBUG] debug-file - Target 'default' config initialized
[2026-09-10T20:52:41.653] [DEBUG] debug-file - Target 'ohosTest' config initialized
[2026-09-10T20:52:41.654] [DEBUG] debug-file - Module 'entry' target 'default' build option initialized
[2026-09-10T20:52:41.654] [DEBUG] debug-file - Module 'entry' target 'ohosTest' build option initialized
[2026-09-10T20:52:41.654] [DEBUG] debug-file - End initialize module-target build option map, moduleName=entry
[2026-09-10T20:52:41.654] [DEBUG] debug-file - Start initialize module-target build option map, moduleName=entry, buildMode=release
[2026-09-10T20:52:41.654] [DEBUG] debug-file - Target 'default' config initialized
[2026-09-10T20:52:41.655] [DEBUG] debug-file - Target 'ohosTest' config initialized
[2026-09-10T20:52:41.655] [DEBUG] debug-file - Module 'entry' target 'default' build option initialized
[2026-09-10T20:52:41.655] [DEBUG] debug-file - Module 'entry' target 'ohosTest' build option initialized
[2026-09-10T20:52:41.656] [DEBUG] debug-file - End initialize module-target build option map, moduleName=entry
[2026-09-10T20:52:41.656] [DEBUG] debug-file - Start initialize module-target build option map, moduleName=entry, buildMode=debug
[2026-09-10T20:52:41.656] [DEBUG] debug-file - Target 'default' config initialized
[2026-09-10T20:52:41.656] [DEBUG] debug-file - Target 'ohosTest' config initialized
[2026-09-10T20:52:41.656] [DEBUG] debug-file - Module 'entry' target 'default' build option initialized
[2026-09-10T20:52:41.656] [DEBUG] debug-file - Module 'entry' target 'ohosTest' build option initialized
[2026-09-10T20:52:41.656] [DEBUG] debug-file - End initialize module-target build option map, moduleName=entry
[2026-09-10T20:52:41.657] [DEBUG] debug-file - Obtain build option for module 'entry' target 'default'in this build.
[2026-09-10T20:52:41.660] [DEBUG] debug-file - Module entry task initialization takes 2 ms 
[2026-09-10T20:52:41.660] [DEBUG] debug-file - Hap plugin register hook start...
[2026-09-10T20:52:41.660] [DEBUG] debug-file - Hap plugin register hook end...
[2026-09-10T20:52:41.660] [DEBUG] debug-file - Plugin build process completed
[2026-09-10T20:52:41.660] [DEBUG] debug-file - hvigorfile, begin to bind custom plugins...
[2026-09-10T20:52:41.660] [DEBUG] debug-file - hvigorfile, no custom plugins were found in D:\HW\testproject\complete\6\entry\hvigorfile.ts
[2026-09-10T20:52:41.660] [DEBUG] debug-file - hvigorfile, resolve finished D:\HW\testproject\complete\6\entry\hvigorfile.ts
[2026-09-10T20:52:41.713] [DEBUG] debug-file - hvigorfile, resolve hvigorfile dependencies in 53 ms 
[2026-09-10T20:52:41.713] [DEBUG] debug-file - project has submodules:entry
[2026-09-10T20:52:41.715] [DEBUG] debug-file - start to load updatedOhPackageInfo to the disk
[2026-09-10T20:52:41.718] [DEBUG] debug-file - load to the disk finished
[2026-09-10T20:52:41.718] [DEBUG] debug-file - Start to initialize dependency information.
[2026-09-10T20:52:41.725] [DEBUG] debug-file - Module 6 Collected Dependency: 
[2026-09-10T20:52:41.725] [DEBUG] debug-file - Module 6's total dependency: 0
[2026-09-10T20:52:41.726] [DEBUG] debug-file - Start to initialize dependency information.
[2026-09-10T20:52:41.727] [DEBUG] debug-file - Module entry Collected Dependency: 
[2026-09-10T20:52:41.727] [DEBUG] debug-file - Module entry's total dependency: 0
[2026-09-10T20:52:41.730] [DEBUG] debug-file - Configuration phase cost:162 ms 
[2026-09-10T20:52:41.731] [DEBUG] debug-file - Configuration task cost before running: 179 ms 
[2026-09-10T20:52:41.732] [DEBUG] debug-file - Executing task ::PreBuildApp
[2026-09-10T20:52:41.732] [DEBUG] debug-file - 6 : PreBuildApp cost memory 0.01702880859375
[2026-09-10T20:52:41.732] [DEBUG] debug-file - runTaskFromQueue task cost before running: 180 ms 
[2026-09-10T20:52:41.732] [INFO] debug-file - Finished ::PreBuildApp... after 1 ms 
[2026-09-10T20:52:41.737] [DEBUG] debug-file - Executing task :entry:default@PreBuild
[2026-09-10T20:52:41.742] [DEBUG] debug-file - Task 'entry:default@PreBuild' cost while wrapping incremental declarations: 1 ms 
[2026-09-10T20:52:41.753] [DEBUG] debug-file - Incremental task entry:default@PreBuild pre-execution cost: 7 ms .
[2026-09-10T20:52:41.753] [DEBUG] debug-file - entry : default@PreBuild cost memory 0.5536270141601562
[2026-09-10T20:52:41.756] [INFO] debug-file - UP-TO-DATE :entry:default@PreBuild...  
[2026-09-10T20:52:41.756] [DEBUG] debug-file - Executing task ::DuplicateDependencyCheck
[2026-09-10T20:52:41.756] [DEBUG] debug-file - 6 : DuplicateDependencyCheck cost memory 0.01369476318359375
[2026-09-10T20:52:41.756] [DEBUG] debug-file - runTaskFromQueue task cost before running: 204 ms 
[2026-09-10T20:52:41.757] [INFO] debug-file - Finished ::DuplicateDependencyCheck... after 1 ms 
[2026-09-10T20:52:41.757] [DEBUG] debug-file - Executing task :entry:default@CreateModuleInfo
[2026-09-10T20:52:41.758] [DEBUG] debug-file - Task 'entry:default@CreateModuleInfo' cost while wrapping incremental declarations: 1 ms 
[2026-09-10T20:52:41.758] [DEBUG] debug-file - entry : default@CreateModuleInfo cost memory 0.03943634033203125
[2026-09-10T20:52:41.758] [DEBUG] debug-file - runTaskFromQueue task cost before running: 206 ms 
[2026-09-10T20:52:41.758] [INFO] debug-file - Finished :entry:default@CreateModuleInfo... after 1 ms 
[2026-09-10T20:52:41.760] [DEBUG] debug-file - Executing task :entry:default@GenerateMetadata
[2026-09-10T20:52:41.761] [DEBUG] debug-file - Task 'entry:default@GenerateMetadata' cost while wrapping incremental declarations: 1 ms 
[2026-09-10T20:52:41.762] [DEBUG] debug-file - Incremental task entry:default@GenerateMetadata pre-execution cost: 1 ms .
[2026-09-10T20:52:41.762] [DEBUG] debug-file - entry : default@GenerateMetadata cost memory 0.07714080810546875
[2026-09-10T20:52:41.762] [INFO] debug-file - UP-TO-DATE :entry:default@GenerateMetadata...  
[2026-09-10T20:52:41.763] [DEBUG] debug-file - Executing task :entry:default@ConfigureCmake
[2026-09-10T20:52:41.764] [DEBUG] debug-file - entry : default@ConfigureCmake cost memory 0.01432037353515625
[2026-09-10T20:52:41.764] [DEBUG] debug-file - runTaskFromQueue task cost before running: 211 ms 
[2026-09-10T20:52:41.764] [INFO] debug-file - Finished :entry:default@ConfigureCmake... after 1 ms 
[2026-09-10T20:52:41.766] [DEBUG] debug-file - Executing task :entry:default@MergeProfile
[2026-09-10T20:52:41.766] [DEBUG] debug-file - Task 'entry:default@MergeProfile' cost while wrapping incremental declarations: 1 ms 
[2026-09-10T20:52:41.768] [DEBUG] debug-file - Incremental task entry:default@MergeProfile pre-execution cost: 2 ms .
[2026-09-10T20:52:41.768] [DEBUG] debug-file - entry : default@MergeProfile cost memory 0.11224365234375
[2026-09-10T20:52:41.768] [INFO] debug-file - UP-TO-DATE :entry:default@MergeProfile...  
[2026-09-10T20:52:41.770] [DEBUG] debug-file - Executing task :entry:default@CreateBuildProfile
[2026-09-10T20:52:41.770] [DEBUG] debug-file - Task 'entry:default@CreateBuildProfile' cost while wrapping incremental declarations: 1 ms 
[2026-09-10T20:52:41.771] [DEBUG] debug-file - Incremental task entry:default@CreateBuildProfile pre-execution cost: 1 ms .
[2026-09-10T20:52:41.771] [DEBUG] debug-file - entry : default@CreateBuildProfile cost memory 0.09932708740234375
[2026-09-10T20:52:41.771] [INFO] debug-file - UP-TO-DATE :entry:default@CreateBuildProfile...  
[2026-09-10T20:52:41.772] [DEBUG] debug-file - Executing task :entry:default@PreCheckSyscap
[2026-09-10T20:52:41.773] [DEBUG] debug-file - entry : default@PreCheckSyscap cost memory -0.21685791015625
[2026-09-10T20:52:41.773] [DEBUG] debug-file - runTaskFromQueue task cost before running: 220 ms 
[2026-09-10T20:52:41.773] [INFO] debug-file - Finished :entry:default@PreCheckSyscap... after 1 ms 
[2026-09-10T20:52:41.775] [DEBUG] debug-file - Executing task :entry:default@GeneratePkgContextInfo
[2026-09-10T20:52:41.778] [DEBUG] debug-file - Task 'entry:default@GeneratePkgContextInfo' cost while wrapping incremental declarations: 1 ms 
[2026-09-10T20:52:41.779] [DEBUG] debug-file - Incremental task entry:default@GeneratePkgContextInfo pre-execution cost: 1 ms .
[2026-09-10T20:52:41.779] [DEBUG] debug-file - entry : default@GeneratePkgContextInfo cost memory 0.19313812255859375
[2026-09-10T20:52:41.779] [INFO] debug-file - UP-TO-DATE :entry:default@GeneratePkgContextInfo...  
[2026-09-10T20:52:41.780] [DEBUG] debug-file - Executing task :entry:default@GeneratePkgSdkInfo
[2026-09-10T20:52:41.783] [DEBUG] debug-file - Task 'entry:default@GeneratePkgSdkInfo' cost while wrapping incremental declarations: 1 ms 
[2026-09-10T20:52:41.783] [DEBUG] debug-file - entry : default@GeneratePkgSdkInfo cost memory 0.104217529296875
[2026-09-10T20:52:41.783] [DEBUG] debug-file - runTaskFromQueue task cost before running: 231 ms 
[2026-09-10T20:52:41.783] [INFO] debug-file - Finished :entry:default@GeneratePkgSdkInfo... after 3 ms 
[2026-09-10T20:52:41.787] [DEBUG] debug-file - Executing task :entry:default@ProcessIntegratedHsp
[2026-09-10T20:52:41.787] [DEBUG] debug-file - entry:default@ProcessIntegratedHsp is not up-to-date, since the output file 'D:\HW\testproject\complete\6\build\cache\default\integrated_hsp\integratedHspCache.json' does not exist.
[2026-09-10T20:52:41.788] [DEBUG] debug-file - Incremental task entry:default@ProcessIntegratedHsp pre-execution cost: 1 ms .
[2026-09-10T20:52:41.788] [DEBUG] debug-file - entry : default@ProcessIntegratedHsp cost memory -0.2063140869140625
[2026-09-10T20:52:41.788] [DEBUG] debug-file - runTaskFromQueue task cost before running: 235 ms 
[2026-09-10T20:52:41.788] [INFO] debug-file - Finished :entry:default@ProcessIntegratedHsp... after 2 ms 
[2026-09-10T20:52:41.789] [DEBUG] debug-file - Executing task :entry:default@BuildNativeWithCmake
[2026-09-10T20:52:41.790] [DEBUG] debug-file - entry : default@BuildNativeWithCmake cost memory 0.01436614990234375
[2026-09-10T20:52:41.790] [DEBUG] debug-file - runTaskFromQueue task cost before running: 237 ms 
[2026-09-10T20:52:41.790] [INFO] debug-file - Finished :entry:default@BuildNativeWithCmake... after 1 ms 
[2026-09-10T20:52:41.791] [DEBUG] debug-file - Executing task :entry:default@MakePackInfo
[2026-09-10T20:52:41.795] [DEBUG] debug-file - Incremental task entry:default@MakePackInfo pre-execution cost: 3 ms .
[2026-09-10T20:52:41.796] [DEBUG] debug-file - entry : default@MakePackInfo cost memory 0.1101837158203125
[2026-09-10T20:52:41.797] [INFO] debug-file - UP-TO-DATE :entry:default@MakePackInfo...  
[2026-09-10T20:52:41.798] [DEBUG] debug-file - Executing task :entry:default@SyscapTransform
[2026-09-10T20:52:41.798] [DEBUG] debug-file - File: 'D:\HW\testproject\complete\6\entry\src\main\syscap.json' from 'sysCapJsonPath' is not exists, just ignore.
[2026-09-10T20:52:41.799] [DEBUG] debug-file - Task 'entry:default@SyscapTransform' cost while wrapping incremental declarations: 1 ms 
[2026-09-10T20:52:41.800] [DEBUG] debug-file - entry:default@SyscapTransform is not up-to-date, since the output file 'D:\HW\testproject\complete\6\entry\build\default\intermediates\syscap\default\rpcid.sc' does not exist.
[2026-09-10T20:52:41.800] [DEBUG] debug-file - Incremental task entry:default@SyscapTransform pre-execution cost: 2 ms .
[2026-09-10T20:52:41.801] [DEBUG] debug-file - entry : default@SyscapTransform cost memory 0.11959075927734375
[2026-09-10T20:52:41.801] [DEBUG] debug-file - runTaskFromQueue task cost before running: 248 ms 
[2026-09-10T20:52:41.801] [INFO] debug-file - Finished :entry:default@SyscapTransform... after 3 ms 
[2026-09-10T20:52:41.802] [DEBUG] debug-file - Executing task :entry:default@ProcessProfile
[2026-09-10T20:52:41.805] [DEBUG] debug-file - Task 'entry:default@ProcessProfile' cost while wrapping incremental declarations: 1 ms 
[2026-09-10T20:52:41.805] [DEBUG] debug-file - Incremental task entry:default@ProcessProfile pre-execution cost: 1 ms .
[2026-09-10T20:52:41.805] [DEBUG] debug-file - entry : default@ProcessProfile cost memory 0.15660858154296875
[2026-09-10T20:52:41.806] [INFO] debug-file - UP-TO-DATE :entry:default@ProcessProfile...  
[2026-09-10T20:52:41.807] [DEBUG] debug-file - Executing task :entry:default@ProcessRouterMap
[2026-09-10T20:52:41.812] [DEBUG] debug-file - Incremental task entry:default@ProcessRouterMap pre-execution cost: 3 ms .
[2026-09-10T20:52:41.812] [DEBUG] debug-file - entry : default@ProcessRouterMap cost memory 0.16207122802734375
[2026-09-10T20:52:41.813] [INFO] debug-file - UP-TO-DATE :entry:default@ProcessRouterMap...  
[2026-09-10T20:52:41.815] [DEBUG] debug-file - Executing task :entry:default@ProcessShareConfig
[2026-09-10T20:52:41.817] [DEBUG] debug-file - Incremental task entry:default@ProcessShareConfig pre-execution cost: 2 ms .
[2026-09-10T20:52:41.817] [DEBUG] debug-file - entry : default@ProcessShareConfig cost memory 0.10570526123046875
[2026-09-10T20:52:41.818] [INFO] debug-file - UP-TO-DATE :entry:default@ProcessShareConfig...  
[2026-09-10T20:52:41.819] [DEBUG] debug-file - Executing task :entry:default@ProcessStartupConfig
[2026-09-10T20:52:41.819] [DEBUG] debug-file - Task 'entry:default@ProcessStartupConfig' cost while wrapping incremental declarations: 1 ms 
[2026-09-10T20:52:41.820] [DEBUG] debug-file - entry:default@ProcessStartupConfig is not up-to-date, since the output file 'D:\HW\testproject\complete\6\entry\build\default\intermediates\startup\default\startup_config.json' does not exist.
[2026-09-10T20:52:41.821] [DEBUG] debug-file - Incremental task entry:default@ProcessStartupConfig pre-execution cost: 1 ms .
[2026-09-10T20:52:41.822] [DEBUG] debug-file - entry : default@ProcessStartupConfig cost memory 0.116790771484375
[2026-09-10T20:52:41.822] [DEBUG] debug-file - runTaskFromQueue task cost before running: 269 ms 
[2026-09-10T20:52:41.822] [INFO] debug-file - Finished :entry:default@ProcessStartupConfig... after 3 ms 
[2026-09-10T20:52:41.823] [DEBUG] debug-file - Executing task :entry:default@BuildNativeWithNinja
[2026-09-10T20:52:41.824] [DEBUG] debug-file - entry : default@BuildNativeWithNinja cost memory 0.0191497802734375
[2026-09-10T20:52:41.824] [DEBUG] debug-file - runTaskFromQueue task cost before running: 272 ms 
[2026-09-10T20:52:41.824] [INFO] debug-file - Finished :entry:default@BuildNativeWithNinja... after 1 ms 
[2026-09-10T20:52:41.826] [DEBUG] debug-file - restool module names: entry; moduleName=entry, taskName=default@ProcessResource
[2026-09-10T20:52:41.827] [DEBUG] debug-file - Executing task :entry:default@ProcessResource
[2026-09-10T20:52:41.827] [DEBUG] debug-file - Task 'entry:default@ProcessResource' cost while wrapping incremental declarations: 1 ms 
[2026-09-10T20:52:41.828] [DEBUG] debug-file - Incremental task entry:default@ProcessResource pre-execution cost: 1 ms .
[2026-09-10T20:52:41.829] [DEBUG] debug-file - entry : default@ProcessResource cost memory 0.11850738525390625
[2026-09-10T20:52:41.831] [INFO] debug-file - UP-TO-DATE :entry:default@ProcessResource...  
[2026-09-10T20:52:41.832] [DEBUG] debug-file - Executing task :entry:default@GenerateLoaderJson
[2026-09-10T20:52:41.833] [DEBUG] debug-file - Task 'entry:default@GenerateLoaderJson' cost while wrapping incremental declarations: 1 ms 
[2026-09-10T20:52:41.839] [DEBUG] debug-file - Incremental task entry:default@GenerateLoaderJson pre-execution cost: 3 ms .
[2026-09-10T20:52:41.839] [DEBUG] debug-file - entry : default@GenerateLoaderJson cost memory 0.20198822021484375
[2026-09-10T20:52:41.841] [INFO] debug-file - UP-TO-DATE :entry:default@GenerateLoaderJson...  
[2026-09-10T20:52:41.842] [DEBUG] debug-file - Executing task :entry:default@ProcessLibs
[2026-09-10T20:52:41.843] [DEBUG] debug-file - Task 'entry:default@ProcessLibs' cost while wrapping incremental declarations: 1 ms 
[2026-09-10T20:52:41.845] [DEBUG] debug-file - Incremental task entry:default@ProcessLibs pre-execution cost: 2 ms .
[2026-09-10T20:52:41.845] [DEBUG] debug-file - entry : default@ProcessLibs cost memory 0.110626220703125
[2026-09-10T20:52:41.846] [INFO] debug-file - UP-TO-DATE :entry:default@ProcessLibs...  
[2026-09-10T20:52:41.847] [DEBUG] debug-file - restool module names: entry; moduleName=entry, taskName=default@CompileResource
[2026-09-10T20:52:41.848] [DEBUG] debug-file - Executing task :entry:default@CompileResource
[2026-09-10T20:52:41.861] [DEBUG] debug-file - Incremental task entry:default@CompileResource pre-execution cost: 12 ms .
[2026-09-10T20:52:41.862] [DEBUG] debug-file - entry : default@CompileResource cost memory -4.495765686035156
[2026-09-10T20:52:41.863] [INFO] debug-file - UP-TO-DATE :entry:default@CompileResource...  
[2026-09-10T20:52:41.864] [DEBUG] debug-file - Executing task :entry:default@DoNativeStrip
[2026-09-10T20:52:41.865] [DEBUG] debug-file - File: 'D:\HW\testproject\complete\6\entry\build\default\intermediates\binxo\default' from 'doBinxoNativeLibs' is not exists, just ignore.
[2026-09-10T20:52:41.865] [DEBUG] debug-file - Task 'entry:default@DoNativeStrip' cost while wrapping incremental declarations: 1 ms 
[2026-09-10T20:52:41.866] [DEBUG] debug-file - Incremental task entry:default@DoNativeStrip pre-execution cost: 2 ms .
[2026-09-10T20:52:41.867] [DEBUG] debug-file - entry : default@DoNativeStrip cost memory 0.0732421875
[2026-09-10T20:52:41.867] [INFO] debug-file - UP-TO-DATE :entry:default@DoNativeStrip...  
[2026-09-10T20:52:41.868] [DEBUG] debug-file - Executing task :entry:default@CompileArkTS
[2026-09-10T20:52:41.868] [DEBUG] debug-file - obfuscationOptions: undefined
[2026-09-10T20:52:41.869] [DEBUG] debug-file - Task 'entry:default@CompileArkTS' cost while wrapping incremental declarations: 1 ms 
[2026-09-10T20:52:41.875] [DEBUG] debug-file - Incremental task entry:default@CompileArkTS pre-execution cost: 5 ms .
[2026-09-10T20:52:41.875] [DEBUG] debug-file - entry : default@CompileArkTS cost memory 0.49483489990234375
[2026-09-10T20:52:41.877] [INFO] debug-file - UP-TO-DATE :entry:default@CompileArkTS...  
[2026-09-10T20:52:41.878] [DEBUG] debug-file - Executing task :entry:default@BuildJS
[2026-09-10T20:52:41.878] [DEBUG] debug-file - Task 'entry:default@BuildJS' cost while wrapping incremental declarations: 1 ms 
[2026-09-10T20:52:41.880] [DEBUG] debug-file - entry : default@BuildJS cost memory 0.11772918701171875
[2026-09-10T20:52:41.880] [DEBUG] debug-file - runTaskFromQueue task cost before running: 327 ms 
[2026-09-10T20:52:41.880] [INFO] debug-file - Finished :entry:default@BuildJS... after 2 ms 
[2026-09-10T20:52:41.881] [DEBUG] debug-file - Executing task :entry:default@CacheNativeLibs
[2026-09-10T20:52:41.881] [DEBUG] debug-file - File: 'D:\HW\testproject\complete\6\entry\build\default\intermediates\binxo\default' from 'cacheBinxoNativeLibs' is not exists, just ignore.
[2026-09-10T20:52:41.881] [DEBUG] debug-file - Task 'entry:default@CacheNativeLibs' cost while wrapping incremental declarations: 1 ms 
[2026-09-10T20:52:41.882] [DEBUG] debug-file - Incremental task entry:default@CacheNativeLibs pre-execution cost: 1 ms .
[2026-09-10T20:52:41.882] [DEBUG] debug-file - entry : default@CacheNativeLibs cost memory 0.0855560302734375
[2026-09-10T20:52:41.883] [INFO] debug-file - UP-TO-DATE :entry:default@CacheNativeLibs...  
[2026-09-10T20:52:41.884] [DEBUG] debug-file - Executing task :entry:default@GeneratePkgModuleJson
[2026-09-10T20:52:41.884] [DEBUG] debug-file - File: 'D:\HW\testproject\complete\6\entry\build\default\intermediates\preload\default\preload.json' from 'preloadSoJsonPath' is not exists, just ignore.
[2026-09-10T20:52:41.885] [DEBUG] debug-file - Error occurs while handling @Input 'shouldDeduplicateHar': The "data" argument must be of type string or an instance of Buffer, TypedArray, or DataView. Received undefined
[2026-09-10T20:52:41.885] [DEBUG] debug-file - Task 'entry:default@GeneratePkgModuleJson' cost while wrapping incremental declarations: 1 ms 
[2026-09-10T20:52:41.886] [DEBUG] debug-file - Incremental task entry:default@GeneratePkgModuleJson pre-execution cost: 1 ms .
[2026-09-10T20:52:41.886] [DEBUG] debug-file - entry : default@GeneratePkgModuleJson cost memory -0.02655029296875
[2026-09-10T20:52:41.886] [INFO] debug-file - UP-TO-DATE :entry:default@GeneratePkgModuleJson...  
[2026-09-10T20:52:41.888] [DEBUG] debug-file - Executing task :entry:default@ProcessCompiledResources
[2026-09-10T20:52:41.888] [DEBUG] debug-file - File: 'D:\HW\testproject\complete\6\entry\build\default\intermediates\preload\default\preload.json' from 'preloadSoJsonPath' is not exists, just ignore.
[2026-09-10T20:52:41.888] [DEBUG] debug-file - Task 'entry:default@ProcessCompiledResources' cost while wrapping incremental declarations: 1 ms 
[2026-09-10T20:52:41.889] [DEBUG] debug-file - entry : default@ProcessCompiledResources cost memory 0.05031585693359375
[2026-09-10T20:52:41.889] [DEBUG] debug-file - runTaskFromQueue task cost before running: 336 ms 
[2026-09-10T20:52:41.889] [INFO] debug-file - Finished :entry:default@ProcessCompiledResources... after 2 ms 
[2026-09-10T20:52:41.891] [DEBUG] debug-file - Executing task :entry:default@PackageHap
[2026-09-10T20:52:41.900] [DEBUG] debug-file - Incremental task entry:default@PackageHap pre-execution cost: 8 ms .
[2026-09-10T20:52:41.900] [DEBUG] debug-file - entry : default@PackageHap cost memory 0.29895782470703125
[2026-09-10T20:52:41.901] [INFO] debug-file - UP-TO-DATE :entry:default@PackageHap...  
[2026-09-10T20:52:41.903] [DEBUG] debug-file - Executing task :entry:default@PackingCheck
[2026-09-10T20:52:41.908] [DEBUG] debug-file - entry : default@PackingCheck cost memory 0.2960052490234375
[2026-09-10T20:52:41.908] [DEBUG] debug-file - runTaskFromQueue task cost before running: 356 ms 
[2026-09-10T20:52:41.909] [INFO] debug-file - Finished :entry:default@PackingCheck... after 6 ms 
[2026-09-10T20:52:41.910] [DEBUG] debug-file - Executing task :entry:default@SignHap
[2026-09-10T20:52:41.910] [WARN] debug-file - Will skip sign 'hos_hap'. No signingConfigs profile is configured in current project.
             If needed, configure the signingConfigs in D:\HW\testproject\complete\6\build-profile.json5.
[2026-09-10T20:52:41.911] [DEBUG] debug-file - entry:default@SignHap is not up-to-date, since the output file 'D:\HW\testproject\complete\6\entry\build\default\outputs\default\entry-default-signed.hap' does not exist.
[2026-09-10T20:52:41.911] [DEBUG] debug-file - Incremental task entry:default@SignHap pre-execution cost: 1 ms .
[2026-09-10T20:52:41.912] [DEBUG] debug-file - entry : default@SignHap cost memory 0.07723236083984375
[2026-09-10T20:52:41.912] [DEBUG] debug-file - runTaskFromQueue task cost before running: 359 ms 
[2026-09-10T20:52:41.912] [INFO] debug-file - Finished :entry:default@SignHap... after 2 ms 
[2026-09-10T20:52:41.913] [DEBUG] debug-file - Executing task :entry:default@CollectDebugSymbol
[2026-09-10T20:52:41.914] [DEBUG] debug-file - entry : default@CollectDebugSymbol cost memory 0.08306121826171875
[2026-09-10T20:52:41.914] [DEBUG] debug-file - runTaskFromQueue task cost before running: 362 ms 
[2026-09-10T20:52:41.915] [INFO] debug-file - Finished :entry:default@CollectDebugSymbol... after 2 ms 
[2026-09-10T20:52:41.915] [DEBUG] debug-file - Executing task :entry:assembleHap
[2026-09-10T20:52:41.915] [DEBUG] debug-file - entry : assembleHap cost memory 0.0123138427734375
[2026-09-10T20:52:41.915] [DEBUG] debug-file - runTaskFromQueue task cost before running: 363 ms 
[2026-09-10T20:52:41.915] [INFO] debug-file - Finished :entry:assembleHap... after 1 ms 
[2026-09-10T20:52:41.915] [DEBUG] debug-file - Executing task ::MakeProjectPackInfo
[2026-09-10T20:52:41.917] [DEBUG] debug-file - Task ':MakeProjectPackInfo' cost while wrapping incremental declarations: 1 ms 
[2026-09-10T20:52:41.918] [DEBUG] debug-file - Incremental task :MakeProjectPackInfo pre-execution cost: 1 ms .
[2026-09-10T20:52:41.918] [DEBUG] debug-file - 6 : MakeProjectPackInfo cost memory 0.13733673095703125
[2026-09-10T20:52:41.918] [INFO] debug-file - UP-TO-DATE ::MakeProjectPackInfo...  
[2026-09-10T20:52:41.918] [DEBUG] debug-file - Executing task ::ProcessProjectPrivacyProfile
[2026-09-10T20:52:41.920] [DEBUG] debug-file - Incremental task :ProcessProjectPrivacyProfile pre-execution cost: 1 ms .
[2026-09-10T20:52:41.920] [DEBUG] debug-file - 6 : ProcessProjectPrivacyProfile cost memory 0.07837677001953125
[2026-09-10T20:52:41.921] [INFO] debug-file - UP-TO-DATE ::ProcessProjectPrivacyProfile...  
[2026-09-10T20:52:41.921] [DEBUG] debug-file - Executing task ::GeneratePackRes
[2026-09-10T20:52:41.922] [DEBUG] debug-file - Incremental task :GeneratePackRes pre-execution cost: 1 ms .
[2026-09-10T20:52:41.922] [DEBUG] debug-file - 6 : GeneratePackRes cost memory 0.040130615234375
[2026-09-10T20:52:41.922] [INFO] debug-file - UP-TO-DATE ::GeneratePackRes...  
[2026-09-10T20:52:41.922] [DEBUG] debug-file - Executing task ::PackageApp
[2026-09-10T20:52:41.924] [DEBUG] debug-file - Task ':PackageApp' cost while wrapping incremental declarations: 1 ms 
[2026-09-10T20:52:41.926] [DEBUG] debug-file - :PackageApp is not up-to-date, since the output file 'D:\HW\testproject\complete\6\build\outputs\default\symbol\debug' does not exist.
[2026-09-10T20:52:41.926] [DEBUG] debug-file - Incremental task :PackageApp pre-execution cost: 2 ms .
[2026-09-10T20:52:41.932] [DEBUG] debug-file - Use tool [PackageApp]
 [
  'java',
  '-Dfile.encoding=GBK',
  '-jar',
  'E:\\DevEco Studio\\sdk\\default\\openharmony\\toolchains\\lib\\app_packing_tool.jar',
  '--mode',
  'app',
  '--pack-info-path',
  'D:\\HW\\testproject\\complete\\6\\build\\outputs\\default\\pack.info',
  '--hap-path',
  'D:\\HW\\testproject\\complete\\6\\entry\\build\\default\\outputs\\default\\app\\entry-default.hap',
  '--hsp-path',
  '',
  '--force',
  'true',
  '--out-path',
  'D:\\HW\\testproject\\complete\\6\\build\\outputs\\default\\6-default-unsigned.app',
  '--main-module-limit',
  '2',
  '--normal-module-limit',
  '2',
  '--pac-json-path',
  'D:\\HW\\testproject\\complete\\6\\build\\outputs\\default\\pac.json'
]
[2026-09-10T20:52:41.933] [DEBUG] debug-file - current process  memoryUsage: {
  rss: 510775296,
  heapTotal: 137969664,
  heapUsed: 122022240,
  external: 3969328,
  arrayBuffers: 42386
} os memoryUsage :13.190319061279297
[2026-09-10T20:52:42.666] [DEBUG] debug-file - 6 : PackageApp cost memory 0.4346160888671875
[2026-09-10T20:52:42.666] [DEBUG] debug-file - runTaskFromQueue task cost before running: 1 s 113 ms 
[2026-09-10T20:52:42.666] [INFO] debug-file - Finished ::PackageApp... after 744 ms 
[2026-09-10T20:52:42.667] [DEBUG] debug-file - Executing task ::SignPackagesFromApp
[2026-09-10T20:52:42.668] [DEBUG] debug-file - :SignPackagesFromApp is not up-to-date, since the input file 'D:\HW\testproject\complete\6\build\outputs\default\6-default-unsigned.app' has been changed.
[2026-09-10T20:52:42.668] [DEBUG] debug-file - Incremental task :SignPackagesFromApp pre-execution cost: 1 ms .
[2026-09-10T20:52:42.668] [DEBUG] debug-file - 6 : SignPackagesFromApp cost memory 0.05423736572265625
[2026-09-10T20:52:42.668] [DEBUG] debug-file - runTaskFromQueue task cost before running: 1 s 116 ms 
[2026-09-10T20:52:42.669] [INFO] debug-file - Finished ::SignPackagesFromApp... after 2 ms 
[2026-09-10T20:52:42.669] [DEBUG] debug-file - Executing task ::SignApp
[2026-09-10T20:52:42.669] [DEBUG] debug-file - signingConfigName of signApp is :  undefined
[2026-09-10T20:52:42.669] [WARN] debug-file - Will skip sign 'app'. No signingConfigs profile is configured in current project.
             If needed, configure the signingConfigs in D:\HW\testproject\complete\6\build-profile.json5.
[2026-09-10T20:52:42.670] [DEBUG] debug-file - :SignApp is not up-to-date, since the input file 'D:\HW\testproject\complete\6\build\outputs\default\6-default-unsigned.app' has been changed.
[2026-09-10T20:52:42.671] [DEBUG] debug-file - Incremental task :SignApp pre-execution cost: 1 ms .
[2026-09-10T20:52:42.671] [DEBUG] debug-file - 6 : SignApp cost memory 0.1121673583984375
[2026-09-10T20:52:42.671] [DEBUG] debug-file - runTaskFromQueue task cost before running: 1 s 119 ms 
[2026-09-10T20:52:42.672] [INFO] debug-file - Finished ::SignApp... after 3 ms 
[2026-09-10T20:52:42.672] [DEBUG] debug-file - Executing task ::assembleApp
[2026-09-10T20:52:42.672] [DEBUG] debug-file - 6 : assembleApp cost memory 0.01226043701171875
[2026-09-10T20:52:42.672] [DEBUG] debug-file - runTaskFromQueue task cost before running: 1 s 120 ms 
[2026-09-10T20:52:42.673] [INFO] debug-file - Finished ::assembleApp... after 1 ms 
[2026-09-10T20:52:42.673] [INFO] debug-file - BUILD SUCCESSFUL in 1 s 121 ms 
[2026-09-10T20:52:42.674] [DEBUG] debug-file - There is no need to refresh cache, since the incremental task entry:default@PreBuild is up-to-date.
[2026-09-10T20:52:42.674] [DEBUG] debug-file - Update task entry:default@CreateModuleInfo output file:D:\HW\testproject\complete\6\entry\build\default\generated\profile\default\ModuleInfo.ts cache.
[2026-09-10T20:52:42.674] [DEBUG] debug-file - Incremental task entry:default@CreateModuleInfo post-execution cost:1 ms .
[2026-09-10T20:52:42.675] [DEBUG] debug-file - There is no need to refresh cache, since the incremental task entry:default@GenerateMetadata is up-to-date.
[2026-09-10T20:52:42.675] [DEBUG] debug-file - There is no need to refresh cache, since the incremental task entry:default@MergeProfile is up-to-date.
[2026-09-10T20:52:42.675] [DEBUG] debug-file - There is no need to refresh cache, since the incremental task entry:default@CreateBuildProfile is up-to-date.
[2026-09-10T20:52:42.675] [DEBUG] debug-file - There is no need to refresh cache, since the incremental task entry:default@GeneratePkgContextInfo is up-to-date.
[2026-09-10T20:52:42.675] [DEBUG] debug-file - Update task entry:default@GeneratePkgSdkInfo output file:D:\HW\testproject\complete\6\entry\build\default\intermediates\loader\default\pkgSdkInfo.json cache.
[2026-09-10T20:52:42.675] [DEBUG] debug-file - Incremental task entry:default@GeneratePkgSdkInfo post-execution cost:1 ms .
[2026-09-10T20:52:42.675] [DEBUG] debug-file - Update task entry:default@ProcessIntegratedHsp output file:D:\HW\testproject\complete\6\build\cache\default\integrated_hsp\integratedHspCache.json cache.
[2026-09-10T20:52:42.675] [DEBUG] debug-file - Incremental task entry:default@ProcessIntegratedHsp post-execution cost:1 ms .
[2026-09-10T20:52:42.676] [DEBUG] debug-file - There is no need to refresh cache, since the incremental task entry:default@MakePackInfo is up-to-date.
[2026-09-10T20:52:42.676] [DEBUG] debug-file - Update task entry:default@SyscapTransform input file:E:\DevEco Studio\sdk\default\openharmony\toolchains\syscap_tool.exe cache by regenerate.
[2026-09-10T20:52:42.676] [DEBUG] debug-file - Update task entry:default@SyscapTransform input file:E:\DevEco Studio\sdk\default\openharmony\ets\api\device-define cache by regenerate.
[2026-09-10T20:52:42.677] [DEBUG] debug-file - Update task entry:default@SyscapTransform output file:D:\HW\testproject\complete\6\entry\build\default\intermediates\syscap\default\rpcid.sc cache.
[2026-09-10T20:52:42.677] [DEBUG] debug-file - Incremental task entry:default@SyscapTransform post-execution cost:2 ms .
[2026-09-10T20:52:42.678] [DEBUG] debug-file - There is no need to refresh cache, since the incremental task entry:default@ProcessProfile is up-to-date.
[2026-09-10T20:52:42.678] [DEBUG] debug-file - There is no need to refresh cache, since the incremental task entry:default@ProcessRouterMap is up-to-date.
[2026-09-10T20:52:42.678] [DEBUG] debug-file - There is no need to refresh cache, since the incremental task entry:default@ProcessShareConfig is up-to-date.
[2026-09-10T20:52:42.678] [DEBUG] debug-file - Update task entry:default@ProcessStartupConfig input file:D:\HW\testproject\complete\6\entry\build\default\intermediates\loader\default\pkgContextInfo.json cache by regenerate.
[2026-09-10T20:52:42.679] [DEBUG] debug-file - Update task entry:default@ProcessStartupConfig output file:D:\HW\testproject\complete\6\entry\build\default\intermediates\startup\default\startup_config.json cache.
[2026-09-10T20:52:42.679] [DEBUG] debug-file - Incremental task entry:default@ProcessStartupConfig post-execution cost:1 ms .
[2026-09-10T20:52:42.679] [DEBUG] debug-file - There is no need to refresh cache, since the incremental task entry:default@ProcessResource is up-to-date.
[2026-09-10T20:52:42.679] [DEBUG] debug-file - There is no need to refresh cache, since the incremental task entry:default@GenerateLoaderJson is up-to-date.
[2026-09-10T20:52:42.679] [DEBUG] debug-file - There is no need to refresh cache, since the incremental task entry:default@ProcessLibs is up-to-date.
[2026-09-10T20:52:42.679] [DEBUG] debug-file - There is no need to refresh cache, since the incremental task entry:default@CompileResource is up-to-date.
[2026-09-10T20:52:42.679] [DEBUG] debug-file - There is no need to refresh cache, since the incremental task entry:default@DoNativeStrip is up-to-date.
[2026-09-10T20:52:42.679] [DEBUG] debug-file - There is no need to refresh cache, since the incremental task entry:default@CompileArkTS is up-to-date.
[2026-09-10T20:52:42.681] [DEBUG] debug-file - Update task entry:default@BuildJS input file:D:\HW\testproject\complete\6\entry\build\default\intermediates\loader\default cache by regenerate.
[2026-09-10T20:52:42.681] [DEBUG] debug-file - Update task entry:default@BuildJS input file:D:\HW\testproject\complete\6\entry\build\default\intermediates\res\default\resources\rawfile cache by regenerate.
[2026-09-10T20:52:42.682] [DEBUG] debug-file - Update task entry:default@BuildJS input file:D:\HW\testproject\complete\6\entry\build\default\intermediates\res\default\ResourceTable.txt cache by regenerate.
[2026-09-10T20:52:42.682] [DEBUG] debug-file - Update task entry:default@BuildJS input file:D:\HW\testproject\complete\6\entry\build\default\intermediates\res\default\ark_module.json cache by regenerate.
[2026-09-10T20:52:42.682] [DEBUG] debug-file - Update task entry:default@BuildJS input file:D:\HW\testproject\complete\6\entry\build\default\intermediates\res\default\resources\base\profile cache by regenerate.
[2026-09-10T20:52:42.683] [DEBUG] debug-file - Update task entry:default@BuildJS input file:D:\HW\testproject\complete\6\entry\build\default\intermediates\loader\default\pkgContextInfo.json cache by regenerate.
[2026-09-10T20:52:42.683] [DEBUG] debug-file - Update task entry:default@BuildJS output file:D:\HW\testproject\complete\6\entry\build\default\intermediates\loader_out\default\js cache.
[2026-09-10T20:52:42.683] [DEBUG] debug-file - Incremental task entry:default@BuildJS post-execution cost:4 ms .
[2026-09-10T20:52:42.683] [DEBUG] debug-file - There is no need to refresh cache, since the incremental task entry:default@CacheNativeLibs is up-to-date.
[2026-09-10T20:52:42.683] [DEBUG] debug-file - There is no need to refresh cache, since the incremental task entry:default@GeneratePkgModuleJson is up-to-date.
[2026-09-10T20:52:42.683] [DEBUG] debug-file - Incremental task entry:default@ProcessCompiledResources post-execution cost:1 ms .
[2026-09-10T20:52:42.684] [DEBUG] debug-file - There is no need to refresh cache, since the incremental task entry:default@PackageHap is up-to-date.
[2026-09-10T20:52:42.684] [DEBUG] debug-file - Update task entry:default@SignHap input file:D:\HW\testproject\complete\6\entry\build\default\outputs\default\entry-default-unsigned.hap cache by regenerate.
[2026-09-10T20:52:42.684] [DEBUG] debug-file - Update task entry:default@SignHap output file:D:\HW\testproject\complete\6\entry\build\default\outputs\default\entry-default-signed.hap cache.
[2026-09-10T20:52:42.684] [DEBUG] debug-file - Incremental task entry:default@SignHap post-execution cost:1 ms .
[2026-09-10T20:52:42.685] [DEBUG] debug-file - Update task entry:default@CollectDebugSymbol input file:D:\HW\testproject\complete\6\entry\build\default\intermediates\loader_out\default\ets\sourceMaps.map cache by regenerate.
[2026-09-10T20:52:42.685] [DEBUG] debug-file - Update task entry:default@CollectDebugSymbol input file:D:\HW\testproject\complete\6\entry\build\default\intermediates\libs\default cache by regenerate.
[2026-09-10T20:52:42.685] [DEBUG] debug-file - Update task entry:default@CollectDebugSymbol output file:D:\HW\testproject\complete\6\entry\build\default\outputs\default\symbol cache.
[2026-09-10T20:52:42.685] [DEBUG] debug-file - Incremental task entry:default@CollectDebugSymbol post-execution cost:2 ms .
[2026-09-10T20:52:42.686] [DEBUG] debug-file - There is no need to refresh cache, since the incremental task :MakeProjectPackInfo is up-to-date.
[2026-09-10T20:52:42.686] [DEBUG] debug-file - There is no need to refresh cache, since the incremental task :ProcessProjectPrivacyProfile is up-to-date.
[2026-09-10T20:52:42.686] [DEBUG] debug-file - There is no need to refresh cache, since the incremental task :GeneratePackRes is up-to-date.
[2026-09-10T20:52:42.686] [DEBUG] debug-file - Update task :PackageApp input file:D:\HW\testproject\complete\6\build\outputs\default\pack.info cache by regenerate.
[2026-09-10T20:52:42.686] [DEBUG] debug-file - Update task :PackageApp input file:D:\HW\testproject\complete\6\entry\build\default\outputs\default\entry-default-unsigned.hap cache by regenerate.
[2026-09-10T20:52:42.686] [DEBUG] debug-file - Update task :PackageApp input file:D:\HW\testproject\complete\6\build\outputs\default\pac.json cache by regenerate.
[2026-09-10T20:52:42.687] [DEBUG] debug-file - Update task :PackageApp output file:D:\HW\testproject\complete\6\build\outputs\default\6-default-unsigned.app cache.
[2026-09-10T20:52:42.687] [DEBUG] debug-file - Update task :PackageApp output file:D:\HW\testproject\complete\6\entry\build\default\outputs\default\app\entry-default.hap cache.
[2026-09-10T20:52:42.687] [DEBUG] debug-file - Update task :PackageApp output file:D:\HW\testproject\complete\6\build\outputs\default\symbol\debug cache.
[2026-09-10T20:52:42.687] [DEBUG] debug-file - Incremental task :PackageApp post-execution cost:2 ms .
[2026-09-10T20:52:42.688] [DEBUG] debug-file - Update task :SignPackagesFromApp input file:D:\HW\testproject\complete\6\build\outputs\default\6-default-unsigned.app cache from map.
[2026-09-10T20:52:42.688] [DEBUG] debug-file - Incremental task :SignPackagesFromApp post-execution cost:1 ms .
[2026-09-10T20:52:42.688] [DEBUG] debug-file - Update task :SignApp input file:D:\HW\testproject\complete\6\build\outputs\default\6-default-unsigned.app cache from map.
[2026-09-10T20:52:42.688] [DEBUG] debug-file - Update task :SignApp output file:D:\HW\testproject\complete\6\build\outputs\default\6-default-signed.app cache.
[2026-09-10T20:52:42.688] [DEBUG] debug-file - Incremental task :SignApp post-execution cost:1 ms .
[2026-09-10T20:52:42.701] [DEBUG] debug-file - hvigor build process will be closed.
[2026-09-10T20:52:42.712] [DEBUG] debug-file - session manager: send message to worker process. WorkerThreadId: 0, data: {"type":"hvigor_failed","reason":"Server has disconnected."}
[2026-09-10T20:52:42.713] [DEBUG] debug-file - session manager: send message to worker process. WorkerThreadId: 0, data: {"type":"CloseWatch","reason":"Server has disconnected."}
[2026-09-10T20:52:42.712] [DEBUG] debug-file - watch worker: worker id should be larger than 0. Nothing will be sent to any worker thread.
[2026-09-10T20:52:42.712] [DEBUG] debug-file - ABORT_WORK sent to workers.
[2026-09-10T20:52:42.713] [DEBUG] debug-file - watch worker: worker id should be larger than 0. Nothing will be sent to any worker thread.
[2026-09-10T20:53:17.759] [DEBUG] debug-file - env: nodejsVersion=v24.14.1
[2026-09-10T20:53:17.790] [DEBUG] debug-file - env: daemon=true
[2026-09-10T20:53:17.761] [DEBUG] debug-file - env: hvigor-config.json5 content = {
  modelVersion: '6.0.1',
  dependencies: {},
  execution: {},
  logging: {},
  debugging: {},
  nodeOptions: {}
}
[2026-09-10T20:53:18.454] [DEBUG] debug-file - session manager: set active socket. socketId=DOCS7NQN_uWKpLYqAAAV
[2026-09-10T20:53:18.470] [DEBUG] debug-file - watch worker: worker id should be larger than 0. Nothing will be sent to any worker thread.
[2026-09-10T20:53:18.478] [DEBUG] debug-file - Workers' log level updated to INFO
[2026-09-10T20:53:18.482] [DEBUG] debug-file - Hvigor init with startParameters:{
  hvigorfileTypeCheck: false,
  parallelExecution: true,
  incrementalExecution: true,
  printStackTrace: false,
  daemon: true,
  analyze: 0,
  logLevel: Level { level: 20000, levelStr: 'INFO', colour: 'green' },
  optimizationStrategy: 'memory',
  hotCompile: undefined,
  hotReloadBuild: undefined,
  customizedParam: undefined
}
[2026-09-10T20:53:18.491] [DEBUG] debug-file - Cache service initialization finished in 9 ms 
[2026-09-10T20:53:18.492] [DEBUG] debug-file - hvigorfile, resolving D:\HW\testproject\complete\6\hvigorfile.ts
[2026-09-10T20:53:18.496] [DEBUG] debug-file - hvigorfile, require result:  { default: { plugins: [] } }
[2026-09-10T20:53:18.497] [DEBUG] debug-file - hvigorfile, binding system plugins null
[2026-09-10T20:53:18.497] [DEBUG] debug-file - Starting plugin build process
[2026-09-10T20:53:18.497] [DEBUG] debug-file - App plugin prepare start...
[2026-09-10T20:53:18.497] [DEBUG] debug-file - App plugin prepare end...
[2026-09-10T20:53:18.497] [DEBUG] debug-file - App plugin creating...
[2026-09-10T20:53:18.502] [DEBUG] debug-file - App plugin register hook start...
[2026-09-10T20:53:18.502] [DEBUG] debug-file - App plugin register hook end...
[2026-09-10T20:53:18.502] [DEBUG] debug-file - Plugin build process completed
[2026-09-10T20:53:18.502] [DEBUG] debug-file - Start initialize project's product build option map with build mode debug.
[2026-09-10T20:53:18.502] [DEBUG] debug-file - Picking option from product 'default' with build mode 'debug'.
[2026-09-10T20:53:18.503] [DEBUG] debug-file - Product 'default' build option initialized
[2026-09-10T20:53:18.503] [DEBUG] debug-file - End initialize project's product build option map with build mode 'debug'.
[2026-09-10T20:53:18.503] [DEBUG] debug-file - Obtain build option for product 'default'in this build.
[2026-09-10T20:53:18.507] [DEBUG] debug-file - No signingConfig found, initRemoteHspCache failed.
[2026-09-10T20:53:18.510] [DEBUG] debug-file - Start recording SDK configuration permission data.
[2026-09-10T20:53:18.556] [DEBUG] debug-file - Sdk init in 49 ms 
[2026-09-10T20:53:18.559] [DEBUG] debug-file - Project task initialization takes 3 ms 
[2026-09-10T20:53:18.559] [DEBUG] debug-file - hvigorfile, begin to bind custom plugins...
[2026-09-10T20:53:18.559] [DEBUG] debug-file - hvigorfile, no custom plugins were found in D:\HW\testproject\complete\6\hvigorfile.ts
[2026-09-10T20:53:18.560] [DEBUG] debug-file - hvigorfile, resolve finished D:\HW\testproject\complete\6\hvigorfile.ts
[2026-09-10T20:53:18.560] [DEBUG] debug-file - hvigorfile, resolving D:\HW\testproject\complete\6\entry\hvigorfile.ts
[2026-09-10T20:53:18.564] [DEBUG] debug-file - hvigorfile, require result:  { default: { plugins: [] } }
[2026-09-10T20:53:18.564] [DEBUG] debug-file - hvigorfile, binding system plugins null
[2026-09-10T20:53:18.565] [DEBUG] debug-file - Starting plugin build process
[2026-09-10T20:53:18.565] [DEBUG] debug-file - Hap plugin creating...
[2026-09-10T20:53:18.566] [DEBUG] debug-file - failed to load cangjie to dynamically generate schemas: Error: Cannot find module '@ohos/cangjie-build-support/index'
Require stack:
- E:\DevEco Studio\tools\hvigor\hvigor-ohos-plugin\src\plugin\hooks\cangjie-register.js
- E:\DevEco Studio\tools\hvigor\hvigor-ohos-plugin\src\plugin\strategy\stage-init-strategy.js
- E:\DevEco Studio\tools\hvigor\hvigor-ohos-plugin\src\plugin\builder\abstract-plugin-builder.js
- E:\DevEco Studio\tools\hvigor\hvigor-ohos-plugin\src\plugin\builder\app-plugin-builder.js
- E:\DevEco Studio\tools\hvigor\hvigor-ohos-plugin\src\plugin\factory\plugin-factory.js
- E:\DevEco Studio\tools\hvigor\hvigor-ohos-plugin\index.js
- D:\HW\testproject\complete\6\hvigorfile.ts
- E:\DevEco Studio\tools\hvigor\hvigor\src\base\internal\lifecycle\configuration.js
- E:\DevEco Studio\tools\hvigor\hvigor\src\base\boot\index.js
- E:\DevEco Studio\tools\hvigor\hvigor\src\base\daemon\cluster\worker-process-lifecycle.js
- E:\DevEco Studio\tools\hvigor\hvigor\src\base\daemon\process\daemon-process-boot-script.js
[2026-09-10T20:53:18.569] [DEBUG] debug-file - Start initialize module-target build option map, moduleName=entry, buildMode=debug
[2026-09-10T20:53:18.569] [DEBUG] debug-file - Target 'default' config initialized
[2026-09-10T20:53:18.570] [DEBUG] debug-file - Target 'ohosTest' config initialized
[2026-09-10T20:53:18.570] [DEBUG] debug-file - Module 'entry' target 'default' build option initialized
[2026-09-10T20:53:18.570] [DEBUG] debug-file - Module 'entry' target 'ohosTest' build option initialized
[2026-09-10T20:53:18.570] [DEBUG] debug-file - End initialize module-target build option map, moduleName=entry
[2026-09-10T20:53:18.570] [DEBUG] debug-file - Start initialize module-target build option map, moduleName=entry, buildMode=release
[2026-09-10T20:53:18.570] [DEBUG] debug-file - Target 'default' config initialized
[2026-09-10T20:53:18.571] [DEBUG] debug-file - Target 'ohosTest' config initialized
[2026-09-10T20:53:18.571] [DEBUG] debug-file - Module 'entry' target 'default' build option initialized
[2026-09-10T20:53:18.571] [DEBUG] debug-file - Module 'entry' target 'ohosTest' build option initialized
[2026-09-10T20:53:18.571] [DEBUG] debug-file - End initialize module-target build option map, moduleName=entry
[2026-09-10T20:53:18.571] [DEBUG] debug-file - Start initialize module-target build option map, moduleName=entry, buildMode=debug
[2026-09-10T20:53:18.572] [DEBUG] debug-file - Target 'default' config initialized
[2026-09-10T20:53:18.572] [DEBUG] debug-file - Target 'ohosTest' config initialized
[2026-09-10T20:53:18.572] [DEBUG] debug-file - Module 'entry' target 'default' build option initialized
[2026-09-10T20:53:18.572] [DEBUG] debug-file - Module 'entry' target 'ohosTest' build option initialized
[2026-09-10T20:53:18.572] [DEBUG] debug-file - End initialize module-target build option map, moduleName=entry
[2026-09-10T20:53:18.572] [DEBUG] debug-file - Obtain build option for module 'entry' target 'default'in this build.
[2026-09-10T20:53:18.575] [DEBUG] debug-file - Module entry task initialization takes 2 ms 
[2026-09-10T20:53:18.575] [DEBUG] debug-file - Hap plugin register hook start...
[2026-09-10T20:53:18.575] [DEBUG] debug-file - Hap plugin register hook end...
[2026-09-10T20:53:18.575] [DEBUG] debug-file - Plugin build process completed
[2026-09-10T20:53:18.575] [DEBUG] debug-file - hvigorfile, begin to bind custom plugins...
[2026-09-10T20:53:18.575] [DEBUG] debug-file - hvigorfile, no custom plugins were found in D:\HW\testproject\complete\6\entry\hvigorfile.ts
[2026-09-10T20:53:18.575] [DEBUG] debug-file - hvigorfile, resolve finished D:\HW\testproject\complete\6\entry\hvigorfile.ts
[2026-09-10T20:53:18.655] [DEBUG] debug-file - hvigorfile, resolve hvigorfile dependencies in 79 ms 
[2026-09-10T20:53:18.655] [DEBUG] debug-file - project has submodules:entry
[2026-09-10T20:53:18.657] [DEBUG] debug-file - start to load updatedOhPackageInfo to the disk
[2026-09-10T20:53:18.662] [DEBUG] debug-file - load to the disk finished
[2026-09-10T20:53:18.663] [DEBUG] debug-file - Start to initialize dependency information.
[2026-09-10T20:53:18.672] [DEBUG] debug-file - Module 6 Collected Dependency: 
[2026-09-10T20:53:18.672] [DEBUG] debug-file - Module 6's total dependency: 0
[2026-09-10T20:53:18.673] [DEBUG] debug-file - Start to initialize dependency information.
[2026-09-10T20:53:18.676] [DEBUG] debug-file - Module entry Collected Dependency: 
[2026-09-10T20:53:18.676] [DEBUG] debug-file - Module entry's total dependency: 0
[2026-09-10T20:53:18.678] [DEBUG] debug-file - Configuration phase cost:188 ms 
[2026-09-10T20:53:18.680] [DEBUG] debug-file - Configuration task cost before running: 202 ms 
[2026-09-10T20:53:18.681] [DEBUG] debug-file - Executing task ::PreBuildApp
[2026-09-10T20:53:18.681] [DEBUG] debug-file - 6 : PreBuildApp cost memory 0.0142822265625
[2026-09-10T20:53:18.681] [DEBUG] debug-file - runTaskFromQueue task cost before running: 203 ms 
[2026-09-10T20:53:18.682] [INFO] debug-file - Finished ::PreBuildApp... after 1 ms 
[2026-09-10T20:53:18.687] [DEBUG] debug-file - Executing task :entry:default@PreBuild
[2026-09-10T20:53:18.696] [DEBUG] debug-file - Task 'entry:default@PreBuild' cost while wrapping incremental declarations: 1 ms 
[2026-09-10T20:53:18.709] [DEBUG] debug-file - Incremental task entry:default@PreBuild pre-execution cost: 9 ms .
[2026-09-10T20:53:18.709] [DEBUG] debug-file - entry : default@PreBuild cost memory -3.907073974609375
[2026-09-10T20:53:18.713] [INFO] debug-file - UP-TO-DATE :entry:default@PreBuild...  
[2026-09-10T20:53:18.713] [DEBUG] debug-file - Executing task ::DuplicateDependencyCheck
[2026-09-10T20:53:18.713] [DEBUG] debug-file - 6 : DuplicateDependencyCheck cost memory 0.01357269287109375
[2026-09-10T20:53:18.713] [DEBUG] debug-file - runTaskFromQueue task cost before running: 235 ms 
[2026-09-10T20:53:18.713] [INFO] debug-file - Finished ::DuplicateDependencyCheck... after 1 ms 
[2026-09-10T20:53:18.715] [DEBUG] debug-file - Executing task :entry:default@CreateModuleInfo
[2026-09-10T20:53:18.715] [DEBUG] debug-file - Task 'entry:default@CreateModuleInfo' cost while wrapping incremental declarations: 1 ms 
[2026-09-10T20:53:18.716] [DEBUG] debug-file - entry : default@CreateModuleInfo cost memory 0.03865814208984375
[2026-09-10T20:53:18.716] [DEBUG] debug-file - runTaskFromQueue task cost before running: 237 ms 
[2026-09-10T20:53:18.716] [INFO] debug-file - Finished :entry:default@CreateModuleInfo... after 2 ms 
[2026-09-10T20:53:18.718] [DEBUG] debug-file - Executing task :entry:default@GenerateMetadata
[2026-09-10T20:53:18.718] [DEBUG] debug-file - Task 'entry:default@GenerateMetadata' cost while wrapping incremental declarations: 1 ms 
[2026-09-10T20:53:18.719] [DEBUG] debug-file - Incremental task entry:default@GenerateMetadata pre-execution cost: 1 ms .
[2026-09-10T20:53:18.719] [DEBUG] debug-file - entry : default@GenerateMetadata cost memory 0.073638916015625
[2026-09-10T20:53:18.720] [INFO] debug-file - UP-TO-DATE :entry:default@GenerateMetadata...  
[2026-09-10T20:53:18.721] [DEBUG] debug-file - Executing task :entry:default@ConfigureCmake
[2026-09-10T20:53:18.721] [DEBUG] debug-file - entry : default@ConfigureCmake cost memory 0.01419830322265625
[2026-09-10T20:53:18.721] [DEBUG] debug-file - runTaskFromQueue task cost before running: 243 ms 
[2026-09-10T20:53:18.722] [INFO] debug-file - Finished :entry:default@ConfigureCmake... after 1 ms 
[2026-09-10T20:53:18.724] [DEBUG] debug-file - Executing task :entry:default@MergeProfile
[2026-09-10T20:53:18.724] [DEBUG] debug-file - Task 'entry:default@MergeProfile' cost while wrapping incremental declarations: 1 ms 
[2026-09-10T20:53:18.726] [DEBUG] debug-file - Incremental task entry:default@MergeProfile pre-execution cost: 2 ms .
[2026-09-10T20:53:18.726] [DEBUG] debug-file - entry : default@MergeProfile cost memory 0.11678314208984375
[2026-09-10T20:53:18.727] [INFO] debug-file - UP-TO-DATE :entry:default@MergeProfile...  
[2026-09-10T20:53:18.728] [DEBUG] debug-file - Executing task :entry:default@CreateBuildProfile
[2026-09-10T20:53:18.728] [DEBUG] debug-file - Task 'entry:default@CreateBuildProfile' cost while wrapping incremental declarations: 1 ms 
[2026-09-10T20:53:18.730] [DEBUG] debug-file - Incremental task entry:default@CreateBuildProfile pre-execution cost: 1 ms .
[2026-09-10T20:53:18.730] [DEBUG] debug-file - entry : default@CreateBuildProfile cost memory 0.09249114990234375
[2026-09-10T20:53:18.730] [INFO] debug-file - UP-TO-DATE :entry:default@CreateBuildProfile...  
[2026-09-10T20:53:18.731] [DEBUG] debug-file - Executing task :entry:default@PreCheckSyscap
[2026-09-10T20:53:18.731] [DEBUG] debug-file - entry : default@PreCheckSyscap cost memory 0.01486968994140625
[2026-09-10T20:53:18.732] [DEBUG] debug-file - runTaskFromQueue task cost before running: 253 ms 
[2026-09-10T20:53:18.732] [INFO] debug-file - Finished :entry:default@PreCheckSyscap... after 1 ms 
[2026-09-10T20:53:18.733] [DEBUG] debug-file - Executing task :entry:default@GeneratePkgContextInfo
[2026-09-10T20:53:18.736] [DEBUG] debug-file - Task 'entry:default@GeneratePkgContextInfo' cost while wrapping incremental declarations: 1 ms 
[2026-09-10T20:53:18.738] [DEBUG] debug-file - Incremental task entry:default@GeneratePkgContextInfo pre-execution cost: 1 ms .
[2026-09-10T20:53:18.738] [DEBUG] debug-file - entry : default@GeneratePkgContextInfo cost memory 0.16668701171875
[2026-09-10T20:53:18.738] [INFO] debug-file - UP-TO-DATE :entry:default@GeneratePkgContextInfo...  
[2026-09-10T20:53:18.740] [DEBUG] debug-file - Executing task :entry:default@GeneratePkgSdkInfo
[2026-09-10T20:53:18.742] [DEBUG] debug-file - Task 'entry:default@GeneratePkgSdkInfo' cost while wrapping incremental declarations: 1 ms 
[2026-09-10T20:53:18.742] [DEBUG] debug-file - entry : default@GeneratePkgSdkInfo cost memory 0.09712982177734375
[2026-09-10T20:53:18.743] [DEBUG] debug-file - runTaskFromQueue task cost before running: 264 ms 
[2026-09-10T20:53:18.743] [INFO] debug-file - Finished :entry:default@GeneratePkgSdkInfo... after 3 ms 
[2026-09-10T20:53:18.746] [DEBUG] debug-file - Executing task :entry:default@ProcessIntegratedHsp
[2026-09-10T20:53:18.746] [DEBUG] debug-file - entry:default@ProcessIntegratedHsp is not up-to-date, since the output file 'D:\HW\testproject\complete\6\build\cache\default\integrated_hsp\integratedHspCache.json' does not exist.
[2026-09-10T20:53:18.747] [DEBUG] debug-file - Incremental task entry:default@ProcessIntegratedHsp pre-execution cost: 1 ms .
[2026-09-10T20:53:18.747] [DEBUG] debug-file - entry : default@ProcessIntegratedHsp cost memory 0.04892730712890625
[2026-09-10T20:53:18.747] [DEBUG] debug-file - runTaskFromQueue task cost before running: 268 ms 
[2026-09-10T20:53:18.747] [INFO] debug-file - Finished :entry:default@ProcessIntegratedHsp... after 1 ms 
[2026-09-10T20:53:18.748] [DEBUG] debug-file - Executing task :entry:default@BuildNativeWithCmake
[2026-09-10T20:53:18.749] [DEBUG] debug-file - entry : default@BuildNativeWithCmake cost memory 0.01425933837890625
[2026-09-10T20:53:18.749] [DEBUG] debug-file - runTaskFromQueue task cost before running: 270 ms 
[2026-09-10T20:53:18.749] [INFO] debug-file - Finished :entry:default@BuildNativeWithCmake... after 1 ms 
[2026-09-10T20:53:18.750] [DEBUG] debug-file - Executing task :entry:default@MakePackInfo
[2026-09-10T20:53:18.755] [DEBUG] debug-file - Incremental task entry:default@MakePackInfo pre-execution cost: 4 ms .
[2026-09-10T20:53:18.755] [DEBUG] debug-file - entry : default@MakePackInfo cost memory 0.10437774658203125
[2026-09-10T20:53:18.757] [INFO] debug-file - UP-TO-DATE :entry:default@MakePackInfo...  
[2026-09-10T20:53:18.758] [DEBUG] debug-file - Executing task :entry:default@SyscapTransform
[2026-09-10T20:53:18.758] [DEBUG] debug-file - File: 'D:\HW\testproject\complete\6\entry\src\main\syscap.json' from 'sysCapJsonPath' is not exists, just ignore.
[2026-09-10T20:53:18.759] [DEBUG] debug-file - Task 'entry:default@SyscapTransform' cost while wrapping incremental declarations: 1 ms 
[2026-09-10T20:53:18.761] [DEBUG] debug-file - entry:default@SyscapTransform is not up-to-date, since the output file 'D:\HW\testproject\complete\6\entry\build\default\intermediates\syscap\default\rpcid.sc' does not exist.
[2026-09-10T20:53:18.762] [DEBUG] debug-file - Incremental task entry:default@SyscapTransform pre-execution cost: 3 ms .
[2026-09-10T20:53:18.762] [DEBUG] debug-file - entry : default@SyscapTransform cost memory 0.11057281494140625
[2026-09-10T20:53:18.762] [DEBUG] debug-file - runTaskFromQueue task cost before running: 284 ms 
[2026-09-10T20:53:18.763] [INFO] debug-file - Finished :entry:default@SyscapTransform... after 5 ms 
[2026-09-10T20:53:18.765] [DEBUG] debug-file - Executing task :entry:default@ProcessProfile
[2026-09-10T20:53:18.768] [DEBUG] debug-file - Task 'entry:default@ProcessProfile' cost while wrapping incremental declarations: 1 ms 
[2026-09-10T20:53:18.770] [DEBUG] debug-file - Incremental task entry:default@ProcessProfile pre-execution cost: 2 ms .
[2026-09-10T20:53:18.770] [DEBUG] debug-file - entry : default@ProcessProfile cost memory 0.126373291015625
[2026-09-10T20:53:18.770] [INFO] debug-file - UP-TO-DATE :entry:default@ProcessProfile...  
[2026-09-10T20:53:18.772] [DEBUG] debug-file - Executing task :entry:default@ProcessRouterMap
[2026-09-10T20:53:18.780] [DEBUG] debug-file - Incremental task entry:default@ProcessRouterMap pre-execution cost: 5 ms .
[2026-09-10T20:53:18.780] [DEBUG] debug-file - entry : default@ProcessRouterMap cost memory 0.1586456298828125
[2026-09-10T20:53:18.781] [INFO] debug-file - UP-TO-DATE :entry:default@ProcessRouterMap...  
[2026-09-10T20:53:18.782] [DEBUG] debug-file - Executing task :entry:default@ProcessShareConfig
[2026-09-10T20:53:18.808] [DEBUG] debug-file - Incremental task entry:default@ProcessShareConfig pre-execution cost: 26 ms .
[2026-09-10T20:53:18.809] [DEBUG] debug-file - entry : default@ProcessShareConfig cost memory 0.1109161376953125
[2026-09-10T20:53:18.810] [INFO] debug-file - UP-TO-DATE :entry:default@ProcessShareConfig...  
[2026-09-10T20:53:18.814] [DEBUG] debug-file - Executing task :entry:default@ProcessStartupConfig
[2026-09-10T20:53:18.816] [DEBUG] debug-file - Task 'entry:default@ProcessStartupConfig' cost while wrapping incremental declarations: 1 ms 
[2026-09-10T20:53:18.828] [DEBUG] debug-file - entry:default@ProcessStartupConfig is not up-to-date, since the output file 'D:\HW\testproject\complete\6\entry\build\default\intermediates\startup\default\startup_config.json' does not exist.
[2026-09-10T20:53:18.828] [DEBUG] debug-file - Incremental task entry:default@ProcessStartupConfig pre-execution cost: 3 ms .
[2026-09-10T20:53:18.830] [DEBUG] debug-file - entry : default@ProcessStartupConfig cost memory 0.11032867431640625
[2026-09-10T20:53:18.831] [DEBUG] debug-file - runTaskFromQueue task cost before running: 352 ms 
[2026-09-10T20:53:18.835] [INFO] debug-file - Finished :entry:default@ProcessStartupConfig... after 17 ms 
[2026-09-10T20:53:18.836] [DEBUG] debug-file - Executing task :entry:default@BuildNativeWithNinja
[2026-09-10T20:53:18.837] [DEBUG] debug-file - entry : default@BuildNativeWithNinja cost memory 0.01902008056640625
[2026-09-10T20:53:18.838] [DEBUG] debug-file - runTaskFromQueue task cost before running: 359 ms 
[2026-09-10T20:53:18.838] [INFO] debug-file - Finished :entry:default@BuildNativeWithNinja... after 2 ms 
[2026-09-10T20:53:18.840] [DEBUG] debug-file - restool module names: entry; moduleName=entry, taskName=default@ProcessResource
[2026-09-10T20:53:18.842] [DEBUG] debug-file - Executing task :entry:default@ProcessResource
[2026-09-10T20:53:18.842] [DEBUG] debug-file - Task 'entry:default@ProcessResource' cost while wrapping incremental declarations: 1 ms 
[2026-09-10T20:53:18.843] [DEBUG] debug-file - Incremental task entry:default@ProcessResource pre-execution cost: 1 ms .
[2026-09-10T20:53:18.844] [DEBUG] debug-file - entry : default@ProcessResource cost memory 0.10906982421875
[2026-09-10T20:53:18.846] [INFO] debug-file - UP-TO-DATE :entry:default@ProcessResource...  
[2026-09-10T20:53:18.848] [DEBUG] debug-file - Executing task :entry:default@GenerateLoaderJson
[2026-09-10T20:53:18.850] [DEBUG] debug-file - Task 'entry:default@GenerateLoaderJson' cost while wrapping incremental declarations: 1 ms 
[2026-09-10T20:53:18.859] [DEBUG] debug-file - Incremental task entry:default@GenerateLoaderJson pre-execution cost: 6 ms .
[2026-09-10T20:53:18.860] [DEBUG] debug-file - entry : default@GenerateLoaderJson cost memory 0.358367919921875
[2026-09-10T20:53:18.865] [INFO] debug-file - UP-TO-DATE :entry:default@GenerateLoaderJson...  
[2026-09-10T20:53:18.866] [DEBUG] debug-file - Executing task :entry:default@ProcessLibs
[2026-09-10T20:53:18.867] [DEBUG] debug-file - Task 'entry:default@ProcessLibs' cost while wrapping incremental declarations: 1 ms 
[2026-09-10T20:53:18.869] [DEBUG] debug-file - Incremental task entry:default@ProcessLibs pre-execution cost: 2 ms .
[2026-09-10T20:53:18.869] [DEBUG] debug-file - entry : default@ProcessLibs cost memory 0.092315673828125
[2026-09-10T20:53:18.870] [INFO] debug-file - UP-TO-DATE :entry:default@ProcessLibs...  
[2026-09-10T20:53:18.871] [DEBUG] debug-file - restool module names: entry; moduleName=entry, taskName=default@CompileResource
[2026-09-10T20:53:18.872] [DEBUG] debug-file - Executing task :entry:default@CompileResource
[2026-09-10T20:53:18.887] [DEBUG] debug-file - Incremental task entry:default@CompileResource pre-execution cost: 14 ms .
[2026-09-10T20:53:18.888] [DEBUG] debug-file - entry : default@CompileResource cost memory 0.5499954223632812
[2026-09-10T20:53:18.889] [INFO] debug-file - UP-TO-DATE :entry:default@CompileResource...  
[2026-09-10T20:53:18.891] [DEBUG] debug-file - Executing task :entry:default@DoNativeStrip
[2026-09-10T20:53:18.891] [DEBUG] debug-file - File: 'D:\HW\testproject\complete\6\entry\build\default\intermediates\binxo\default' from 'doBinxoNativeLibs' is not exists, just ignore.
[2026-09-10T20:53:18.891] [DEBUG] debug-file - Task 'entry:default@DoNativeStrip' cost while wrapping incremental declarations: 1 ms 
[2026-09-10T20:53:18.892] [DEBUG] debug-file - Incremental task entry:default@DoNativeStrip pre-execution cost: 1 ms .
[2026-09-10T20:53:18.892] [DEBUG] debug-file - entry : default@DoNativeStrip cost memory 0.0723724365234375
[2026-09-10T20:53:18.893] [INFO] debug-file - UP-TO-DATE :entry:default@DoNativeStrip...  
[2026-09-10T20:53:18.895] [DEBUG] debug-file - Executing task :entry:default@CompileArkTS
[2026-09-10T20:53:18.896] [DEBUG] debug-file - obfuscationOptions: undefined
[2026-09-10T20:53:18.897] [DEBUG] debug-file - Task 'entry:default@CompileArkTS' cost while wrapping incremental declarations: 1 ms 
[2026-09-10T20:53:18.919] [DEBUG] debug-file - Incremental task entry:default@CompileArkTS pre-execution cost: 19 ms .
[2026-09-10T20:53:18.920] [DEBUG] debug-file - entry : default@CompileArkTS cost memory -3.9532470703125
[2026-09-10T20:53:18.922] [INFO] debug-file - UP-TO-DATE :entry:default@CompileArkTS...  
[2026-09-10T20:53:18.924] [DEBUG] debug-file - Executing task :entry:default@BuildJS
[2026-09-10T20:53:18.924] [DEBUG] debug-file - Task 'entry:default@BuildJS' cost while wrapping incremental declarations: 1 ms 
[2026-09-10T20:53:18.928] [DEBUG] debug-file - entry : default@BuildJS cost memory 0.117156982421875
[2026-09-10T20:53:18.928] [DEBUG] debug-file - runTaskFromQueue task cost before running: 450 ms 
[2026-09-10T20:53:18.929] [INFO] debug-file - Finished :entry:default@BuildJS... after 5 ms 
[2026-09-10T20:53:18.931] [DEBUG] debug-file - Executing task :entry:default@CacheNativeLibs
[2026-09-10T20:53:18.931] [DEBUG] debug-file - File: 'D:\HW\testproject\complete\6\entry\build\default\intermediates\binxo\default' from 'cacheBinxoNativeLibs' is not exists, just ignore.
[2026-09-10T20:53:18.931] [DEBUG] debug-file - Task 'entry:default@CacheNativeLibs' cost while wrapping incremental declarations: 1 ms 
[2026-09-10T20:53:18.933] [DEBUG] debug-file - Incremental task entry:default@CacheNativeLibs pre-execution cost: 2 ms .
[2026-09-10T20:53:18.933] [DEBUG] debug-file - entry : default@CacheNativeLibs cost memory 0.08516693115234375
[2026-09-10T20:53:18.933] [INFO] debug-file - UP-TO-DATE :entry:default@CacheNativeLibs...  
[2026-09-10T20:53:18.935] [DEBUG] debug-file - Executing task :entry:default@GeneratePkgModuleJson
[2026-09-10T20:53:18.936] [DEBUG] debug-file - File: 'D:\HW\testproject\complete\6\entry\build\default\intermediates\preload\default\preload.json' from 'preloadSoJsonPath' is not exists, just ignore.
[2026-09-10T20:53:18.938] [DEBUG] debug-file - Error occurs while handling @Input 'shouldDeduplicateHar': The "data" argument must be of type string or an instance of Buffer, TypedArray, or DataView. Received undefined
[2026-09-10T20:53:18.938] [DEBUG] debug-file - Task 'entry:default@GeneratePkgModuleJson' cost while wrapping incremental declarations: 3 ms 
[2026-09-10T20:53:18.939] [DEBUG] debug-file - Incremental task entry:default@GeneratePkgModuleJson pre-execution cost: 1 ms .
[2026-09-10T20:53:18.940] [DEBUG] debug-file - entry : default@GeneratePkgModuleJson cost memory 0.0826873779296875
[2026-09-10T20:53:18.940] [INFO] debug-file - UP-TO-DATE :entry:default@GeneratePkgModuleJson...  
[2026-09-10T20:53:18.942] [DEBUG] debug-file - Executing task :entry:default@ProcessCompiledResources
[2026-09-10T20:53:18.943] [DEBUG] debug-file - File: 'D:\HW\testproject\complete\6\entry\build\default\intermediates\preload\default\preload.json' from 'preloadSoJsonPath' is not exists, just ignore.
[2026-09-10T20:53:18.943] [DEBUG] debug-file - Task 'entry:default@ProcessCompiledResources' cost while wrapping incremental declarations: 1 ms 
[2026-09-10T20:53:18.944] [DEBUG] debug-file - entry : default@ProcessCompiledResources cost memory 0.05007171630859375
[2026-09-10T20:53:18.944] [DEBUG] debug-file - runTaskFromQueue task cost before running: 466 ms 
[2026-09-10T20:53:18.945] [INFO] debug-file - Finished :entry:default@ProcessCompiledResources... after 3 ms 
[2026-09-10T20:53:18.947] [DEBUG] debug-file - Executing task :entry:default@PackageHap
[2026-09-10T20:53:18.963] [DEBUG] debug-file - Incremental task entry:default@PackageHap pre-execution cost: 13 ms .
[2026-09-10T20:53:18.963] [DEBUG] debug-file - entry : default@PackageHap cost memory 0.28278350830078125
[2026-09-10T20:53:18.966] [INFO] debug-file - UP-TO-DATE :entry:default@PackageHap...  
[2026-09-10T20:53:18.967] [DEBUG] debug-file - Executing task :entry:default@PackingCheck
[2026-09-10T20:53:18.993] [DEBUG] debug-file - entry : default@PackingCheck cost memory 0.28977203369140625
[2026-09-10T20:53:18.994] [DEBUG] debug-file - runTaskFromQueue task cost before running: 515 ms 
[2026-09-10T20:53:18.995] [INFO] debug-file - Finished :entry:default@PackingCheck... after 27 ms 
[2026-09-10T20:53:18.998] [DEBUG] debug-file - Executing task :entry:default@SignHap
[2026-09-10T20:53:18.998] [WARN] debug-file - Will skip sign 'hos_hap'. No signingConfigs profile is configured in current project.
             If needed, configure the signingConfigs in D:\HW\testproject\complete\6\build-profile.json5.
[2026-09-10T20:53:19.003] [DEBUG] debug-file - entry:default@SignHap is not up-to-date, since the output file 'D:\HW\testproject\complete\6\entry\build\default\outputs\default\entry-default-signed.hap' does not exist.
[2026-09-10T20:53:19.003] [DEBUG] debug-file - Incremental task entry:default@SignHap pre-execution cost: 2 ms .
[2026-09-10T20:53:19.004] [DEBUG] debug-file - entry : default@SignHap cost memory 0.07184600830078125
[2026-09-10T20:53:19.005] [DEBUG] debug-file - runTaskFromQueue task cost before running: 526 ms 
[2026-09-10T20:53:19.006] [INFO] debug-file - Finished :entry:default@SignHap... after 7 ms 
[2026-09-10T20:53:19.008] [DEBUG] debug-file - Executing task :entry:default@CollectDebugSymbol
[2026-09-10T20:53:19.011] [DEBUG] debug-file - entry : default@CollectDebugSymbol cost memory 0.077239990234375
[2026-09-10T20:53:19.012] [DEBUG] debug-file - runTaskFromQueue task cost before running: 533 ms 
[2026-09-10T20:53:19.013] [INFO] debug-file - Finished :entry:default@CollectDebugSymbol... after 4 ms 
[2026-09-10T20:53:19.014] [DEBUG] debug-file - Executing task :entry:assembleHap
[2026-09-10T20:53:19.014] [DEBUG] debug-file - entry : assembleHap cost memory 0.01216888427734375
[2026-09-10T20:53:19.015] [DEBUG] debug-file - runTaskFromQueue task cost before running: 536 ms 
[2026-09-10T20:53:19.015] [INFO] debug-file - Finished :entry:assembleHap... after 2 ms 
[2026-09-10T20:53:19.016] [DEBUG] debug-file - Executing task ::MakeProjectPackInfo
[2026-09-10T20:53:19.021] [DEBUG] debug-file - Task ':MakeProjectPackInfo' cost while wrapping incremental declarations: 1 ms 
[2026-09-10T20:53:19.023] [DEBUG] debug-file - Incremental task :MakeProjectPackInfo pre-execution cost: 2 ms .
[2026-09-10T20:53:19.024] [DEBUG] debug-file - 6 : MakeProjectPackInfo cost memory 0.1485443115234375
[2026-09-10T20:53:19.025] [INFO] debug-file - UP-TO-DATE ::MakeProjectPackInfo...  
[2026-09-10T20:53:19.025] [DEBUG] debug-file - Executing task ::ProcessProjectPrivacyProfile
[2026-09-10T20:53:19.030] [DEBUG] debug-file - Incremental task :ProcessProjectPrivacyProfile pre-execution cost: 3 ms .
[2026-09-10T20:53:19.030] [DEBUG] debug-file - 6 : ProcessProjectPrivacyProfile cost memory 0.07854461669921875
[2026-09-10T20:53:19.032] [INFO] debug-file - UP-TO-DATE ::ProcessProjectPrivacyProfile...  
[2026-09-10T20:53:19.033] [DEBUG] debug-file - Executing task ::GeneratePackRes
[2026-09-10T20:53:19.034] [DEBUG] debug-file - Incremental task :GeneratePackRes pre-execution cost: 1 ms .
[2026-09-10T20:53:19.035] [DEBUG] debug-file - 6 : GeneratePackRes cost memory 0.03987884521484375
[2026-09-10T20:53:19.035] [INFO] debug-file - UP-TO-DATE ::GeneratePackRes...  
[2026-09-10T20:53:19.036] [DEBUG] debug-file - Executing task ::PackageApp
[2026-09-10T20:53:19.045] [DEBUG] debug-file - Task ':PackageApp' cost while wrapping incremental declarations: 1 ms 
[2026-09-10T20:53:19.054] [DEBUG] debug-file - :PackageApp is not up-to-date, since the output file 'D:\HW\testproject\complete\6\build\outputs\default\symbol\debug' does not exist.
[2026-09-10T20:53:19.054] [DEBUG] debug-file - Incremental task :PackageApp pre-execution cost: 9 ms .
[2026-09-10T20:53:19.063] [DEBUG] debug-file - Use tool [PackageApp]
 [
  'java',
  '-Dfile.encoding=GBK',
  '-jar',
  'E:\\DevEco Studio\\sdk\\default\\openharmony\\toolchains\\lib\\app_packing_tool.jar',
  '--mode',
  'app',
  '--pack-info-path',
  'D:\\HW\\testproject\\complete\\6\\build\\outputs\\default\\pack.info',
  '--hap-path',
  'D:\\HW\\testproject\\complete\\6\\entry\\build\\default\\outputs\\default\\app\\entry-default.hap',
  '--hsp-path',
  '',
  '--force',
  'true',
  '--out-path',
  'D:\\HW\\testproject\\complete\\6\\build\\outputs\\default\\6-default-unsigned.app',
  '--main-module-limit',
  '2',
  '--normal-module-limit',
  '2',
  '--pac-json-path',
  'D:\\HW\\testproject\\complete\\6\\build\\outputs\\default\\pac.json'
]
[2026-09-10T20:53:19.063] [DEBUG] debug-file - current process  memoryUsage: {
  rss: 512102400,
  heapTotal: 136581120,
  heapUsed: 124509488,
  external: 3973865,
  arrayBuffers: 46923
} os memoryUsage :14.951030731201172
[2026-09-10T20:53:20.255] [DEBUG] debug-file - 6 : PackageApp cost memory 0.356292724609375
[2026-09-10T20:53:20.255] [DEBUG] debug-file - runTaskFromQueue task cost before running: 1 s 776 ms 
[2026-09-10T20:53:20.256] [INFO] debug-file - Finished ::PackageApp... after 1 s 220 ms 
[2026-09-10T20:53:20.256] [DEBUG] debug-file - Executing task ::SignPackagesFromApp
[2026-09-10T20:53:20.257] [DEBUG] debug-file - :SignPackagesFromApp is not up-to-date, since the input file 'D:\HW\testproject\complete\6\build\outputs\default\6-default-unsigned.app' has been changed.
[2026-09-10T20:53:20.257] [DEBUG] debug-file - Incremental task :SignPackagesFromApp pre-execution cost: 1 ms .
[2026-09-10T20:53:20.258] [DEBUG] debug-file - 6 : SignPackagesFromApp cost memory 0.0486297607421875
[2026-09-10T20:53:20.258] [DEBUG] debug-file - runTaskFromQueue task cost before running: 1 s 779 ms 
[2026-09-10T20:53:20.258] [INFO] debug-file - Finished ::SignPackagesFromApp... after 2 ms 
[2026-09-10T20:53:20.259] [DEBUG] debug-file - Executing task ::SignApp
[2026-09-10T20:53:20.259] [DEBUG] debug-file - signingConfigName of signApp is :  undefined
[2026-09-10T20:53:20.262] [WARN] debug-file - Will skip sign 'app'. No signingConfigs profile is configured in current project.
             If needed, configure the signingConfigs in D:\HW\testproject\complete\6\build-profile.json5.
[2026-09-10T20:53:20.265] [DEBUG] debug-file - :SignApp is not up-to-date, since the input file 'D:\HW\testproject\complete\6\build\outputs\default\6-default-unsigned.app' has been changed.
[2026-09-10T20:53:20.265] [DEBUG] debug-file - Incremental task :SignApp pre-execution cost: 1 ms .
[2026-09-10T20:53:20.265] [DEBUG] debug-file - 6 : SignApp cost memory 0.10883331298828125
[2026-09-10T20:53:20.265] [DEBUG] debug-file - runTaskFromQueue task cost before running: 1 s 787 ms 
[2026-09-10T20:53:20.266] [INFO] debug-file - Finished ::SignApp... after 7 ms 
[2026-09-10T20:53:20.269] [DEBUG] debug-file - Executing task ::assembleApp
[2026-09-10T20:53:20.270] [DEBUG] debug-file - 6 : assembleApp cost memory 0.01209259033203125
[2026-09-10T20:53:20.270] [DEBUG] debug-file - runTaskFromQueue task cost before running: 1 s 791 ms 
[2026-09-10T20:53:20.271] [INFO] debug-file - Finished ::assembleApp... after 1 ms 
[2026-09-10T20:53:20.274] [INFO] debug-file - BUILD SUCCESSFUL in 1 s 795 ms 
[2026-09-10T20:53:20.274] [DEBUG] debug-file - There is no need to refresh cache, since the incremental task entry:default@PreBuild is up-to-date.
[2026-09-10T20:53:20.275] [DEBUG] debug-file - Update task entry:default@CreateModuleInfo output file:D:\HW\testproject\complete\6\entry\build\default\generated\profile\default\ModuleInfo.ts cache.
[2026-09-10T20:53:20.276] [DEBUG] debug-file - Incremental task entry:default@CreateModuleInfo post-execution cost:1 ms .
[2026-09-10T20:53:20.277] [DEBUG] debug-file - There is no need to refresh cache, since the incremental task entry:default@GenerateMetadata is up-to-date.
[2026-09-10T20:53:20.277] [DEBUG] debug-file - There is no need to refresh cache, since the incremental task entry:default@MergeProfile is up-to-date.
[2026-09-10T20:53:20.277] [DEBUG] debug-file - There is no need to refresh cache, since the incremental task entry:default@CreateBuildProfile is up-to-date.
[2026-09-10T20:53:20.277] [DEBUG] debug-file - There is no need to refresh cache, since the incremental task entry:default@GeneratePkgContextInfo is up-to-date.
[2026-09-10T20:53:20.279] [DEBUG] debug-file - Update task entry:default@GeneratePkgSdkInfo output file:D:\HW\testproject\complete\6\entry\build\default\intermediates\loader\default\pkgSdkInfo.json cache.
[2026-09-10T20:53:20.280] [DEBUG] debug-file - Incremental task entry:default@GeneratePkgSdkInfo post-execution cost:2 ms .
[2026-09-10T20:53:20.280] [DEBUG] debug-file - Update task entry:default@ProcessIntegratedHsp output file:D:\HW\testproject\complete\6\build\cache\default\integrated_hsp\integratedHspCache.json cache.
[2026-09-10T20:53:20.281] [DEBUG] debug-file - Incremental task entry:default@ProcessIntegratedHsp post-execution cost:1 ms .
[2026-09-10T20:53:20.281] [DEBUG] debug-file - There is no need to refresh cache, since the incremental task entry:default@MakePackInfo is up-to-date.
[2026-09-10T20:53:20.281] [DEBUG] debug-file - Update task entry:default@SyscapTransform input file:E:\DevEco Studio\sdk\default\openharmony\toolchains\syscap_tool.exe cache by regenerate.
[2026-09-10T20:53:20.282] [DEBUG] debug-file - Update task entry:default@SyscapTransform input file:E:\DevEco Studio\sdk\default\openharmony\ets\api\device-define cache by regenerate.
[2026-09-10T20:53:20.284] [DEBUG] debug-file - Update task entry:default@SyscapTransform output file:D:\HW\testproject\complete\6\entry\build\default\intermediates\syscap\default\rpcid.sc cache.
[2026-09-10T20:53:20.284] [DEBUG] debug-file - Incremental task entry:default@SyscapTransform post-execution cost:4 ms .
[2026-09-10T20:53:20.285] [DEBUG] debug-file - There is no need to refresh cache, since the incremental task entry:default@ProcessProfile is up-to-date.
[2026-09-10T20:53:20.286] [DEBUG] debug-file - There is no need to refresh cache, since the incremental task entry:default@ProcessRouterMap is up-to-date.
[2026-09-10T20:53:20.286] [DEBUG] debug-file - There is no need to refresh cache, since the incremental task entry:default@ProcessShareConfig is up-to-date.
[2026-09-10T20:53:20.287] [DEBUG] debug-file - Update task entry:default@ProcessStartupConfig input file:D:\HW\testproject\complete\6\entry\build\default\intermediates\loader\default\pkgContextInfo.json cache by regenerate.
[2026-09-10T20:53:20.287] [DEBUG] debug-file - Update task entry:default@ProcessStartupConfig output file:D:\HW\testproject\complete\6\entry\build\default\intermediates\startup\default\startup_config.json cache.
[2026-09-10T20:53:20.290] [DEBUG] debug-file - Incremental task entry:default@ProcessStartupConfig post-execution cost:4 ms .
[2026-09-10T20:53:20.290] [DEBUG] debug-file - There is no need to refresh cache, since the incremental task entry:default@ProcessResource is up-to-date.
[2026-09-10T20:53:20.290] [DEBUG] debug-file - There is no need to refresh cache, since the incremental task entry:default@GenerateLoaderJson is up-to-date.
[2026-09-10T20:53:20.290] [DEBUG] debug-file - There is no need to refresh cache, since the incremental task entry:default@ProcessLibs is up-to-date.
[2026-09-10T20:53:20.290] [DEBUG] debug-file - There is no need to refresh cache, since the incremental task entry:default@CompileResource is up-to-date.
[2026-09-10T20:53:20.290] [DEBUG] debug-file - There is no need to refresh cache, since the incremental task entry:default@DoNativeStrip is up-to-date.
[2026-09-10T20:53:20.290] [DEBUG] debug-file - There is no need to refresh cache, since the incremental task entry:default@CompileArkTS is up-to-date.
[2026-09-10T20:53:20.292] [DEBUG] debug-file - Update task entry:default@BuildJS input file:D:\HW\testproject\complete\6\entry\build\default\intermediates\loader\default cache by regenerate.
[2026-09-10T20:53:20.293] [DEBUG] debug-file - Update task entry:default@BuildJS input file:D:\HW\testproject\complete\6\entry\build\default\intermediates\res\default\resources\rawfile cache by regenerate.
[2026-09-10T20:53:20.293] [DEBUG] debug-file - Update task entry:default@BuildJS input file:D:\HW\testproject\complete\6\entry\build\default\intermediates\res\default\ResourceTable.txt cache by regenerate.
[2026-09-10T20:53:20.293] [DEBUG] debug-file - Update task entry:default@BuildJS input file:D:\HW\testproject\complete\6\entry\build\default\intermediates\res\default\ark_module.json cache by regenerate.
[2026-09-10T20:53:20.293] [DEBUG] debug-file - Update task entry:default@BuildJS input file:D:\HW\testproject\complete\6\entry\build\default\intermediates\res\default\resources\base\profile cache by regenerate.
[2026-09-10T20:53:20.294] [DEBUG] debug-file - Update task entry:default@BuildJS input file:D:\HW\testproject\complete\6\entry\build\default\intermediates\loader\default\pkgContextInfo.json cache by regenerate.
[2026-09-10T20:53:20.295] [DEBUG] debug-file - Update task entry:default@BuildJS output file:D:\HW\testproject\complete\6\entry\build\default\intermediates\loader_out\default\js cache.
[2026-09-10T20:53:20.295] [DEBUG] debug-file - Incremental task entry:default@BuildJS post-execution cost:5 ms .
[2026-09-10T20:53:20.295] [DEBUG] debug-file - There is no need to refresh cache, since the incremental task entry:default@CacheNativeLibs is up-to-date.
[2026-09-10T20:53:20.295] [DEBUG] debug-file - There is no need to refresh cache, since the incremental task entry:default@GeneratePkgModuleJson is up-to-date.
[2026-09-10T20:53:20.295] [DEBUG] debug-file - Incremental task entry:default@ProcessCompiledResources post-execution cost:1 ms .
[2026-09-10T20:53:20.296] [DEBUG] debug-file - There is no need to refresh cache, since the incremental task entry:default@PackageHap is up-to-date.
[2026-09-10T20:53:20.296] [DEBUG] debug-file - Update task entry:default@SignHap input file:D:\HW\testproject\complete\6\entry\build\default\outputs\default\entry-default-unsigned.hap cache by regenerate.
[2026-09-10T20:53:20.297] [DEBUG] debug-file - Update task entry:default@SignHap output file:D:\HW\testproject\complete\6\entry\build\default\outputs\default\entry-default-signed.hap cache.
[2026-09-10T20:53:20.297] [DEBUG] debug-file - Incremental task entry:default@SignHap post-execution cost:2 ms .
[2026-09-10T20:53:20.299] [DEBUG] debug-file - Update task entry:default@CollectDebugSymbol input file:D:\HW\testproject\complete\6\entry\build\default\intermediates\loader_out\default\ets\sourceMaps.map cache by regenerate.
[2026-09-10T20:53:20.299] [DEBUG] debug-file - Update task entry:default@CollectDebugSymbol input file:D:\HW\testproject\complete\6\entry\build\default\intermediates\libs\default cache by regenerate.
[2026-09-10T20:53:20.300] [DEBUG] debug-file - Update task entry:default@CollectDebugSymbol output file:D:\HW\testproject\complete\6\entry\build\default\outputs\default\symbol cache.
[2026-09-10T20:53:20.300] [DEBUG] debug-file - Incremental task entry:default@CollectDebugSymbol post-execution cost:3 ms .
[2026-09-10T20:53:20.300] [DEBUG] debug-file - There is no need to refresh cache, since the incremental task :MakeProjectPackInfo is up-to-date.
[2026-09-10T20:53:20.300] [DEBUG] debug-file - There is no need to refresh cache, since the incremental task :ProcessProjectPrivacyProfile is up-to-date.
[2026-09-10T20:53:20.301] [DEBUG] debug-file - There is no need to refresh cache, since the incremental task :GeneratePackRes is up-to-date.
[2026-09-10T20:53:20.301] [DEBUG] debug-file - Update task :PackageApp input file:D:\HW\testproject\complete\6\build\outputs\default\pack.info cache by regenerate.
[2026-09-10T20:53:20.302] [DEBUG] debug-file - Update task :PackageApp input file:D:\HW\testproject\complete\6\entry\build\default\outputs\default\entry-default-unsigned.hap cache by regenerate.
[2026-09-10T20:53:20.303] [DEBUG] debug-file - Update task :PackageApp input file:D:\HW\testproject\complete\6\build\outputs\default\pac.json cache by regenerate.
[2026-09-10T20:53:20.304] [DEBUG] debug-file - Update task :PackageApp output file:D:\HW\testproject\complete\6\build\outputs\default\6-default-unsigned.app cache.
[2026-09-10T20:53:20.305] [DEBUG] debug-file - Update task :PackageApp output file:D:\HW\testproject\complete\6\entry\build\default\outputs\default\app\entry-default.hap cache.
[2026-09-10T20:53:20.305] [DEBUG] debug-file - Update task :PackageApp output file:D:\HW\testproject\complete\6\build\outputs\default\symbol\debug cache.
[2026-09-10T20:53:20.305] [DEBUG] debug-file - Incremental task :PackageApp post-execution cost:5 ms .
[2026-09-10T20:53:20.305] [DEBUG] debug-file - Update task :SignPackagesFromApp input file:D:\HW\testproject\complete\6\build\outputs\default\6-default-unsigned.app cache from map.
[2026-09-10T20:53:20.308] [DEBUG] debug-file - Incremental task :SignPackagesFromApp post-execution cost:3 ms .
[2026-09-10T20:53:20.309] [DEBUG] debug-file - Update task :SignApp input file:D:\HW\testproject\complete\6\build\outputs\default\6-default-unsigned.app cache from map.
[2026-09-10T20:53:20.309] [DEBUG] debug-file - Update task :SignApp output file:D:\HW\testproject\complete\6\build\outputs\default\6-default-signed.app cache.
[2026-09-10T20:53:20.309] [DEBUG] debug-file - Incremental task :SignApp post-execution cost:1 ms .
[2026-09-10T20:53:20.328] [DEBUG] debug-file - hvigor build process will be closed.
[2026-09-10T20:53:20.347] [DEBUG] debug-file - session manager: send message to worker process. WorkerThreadId: 0, data: {"type":"hvigor_failed","reason":"Server has disconnected."}
[2026-09-10T20:53:20.348] [DEBUG] debug-file - session manager: send message to worker process. WorkerThreadId: 0, data: {"type":"CloseWatch","reason":"Server has disconnected."}
[2026-09-10T20:53:20.347] [DEBUG] debug-file - watch worker: worker id should be larger than 0. Nothing will be sent to any worker thread.
[2026-09-10T20:53:20.347] [DEBUG] debug-file - ABORT_WORK sent to workers.
[2026-09-10T20:53:20.348] [DEBUG] debug-file - watch worker: worker id should be larger than 0. Nothing will be sent to any worker thread.
[2026-09-10T20:53:30.184] [DEBUG] debug-file - session manager: set active socket. socketId=kF26_yvSmoRijOONAAAX
[2026-09-10T20:53:30.212] [DEBUG] debug-file - watch worker: worker id should be larger than 0. Nothing will be sent to any worker thread.
[2026-09-10T20:53:30.230] [DEBUG] debug-file - Workers' log level updated to INFO
[2026-09-10T20:53:30.241] [DEBUG] debug-file - Hvigor init with startParameters:{
  hvigorfileTypeCheck: false,
  parallelExecution: true,
  incrementalExecution: true,
  printStackTrace: false,
  daemon: true,
  analyze: 0,
  logLevel: Level { level: 20000, levelStr: 'INFO', colour: 'green' },
  optimizationStrategy: 'memory',
  hotCompile: undefined,
  hotReloadBuild: undefined,
  customizedParam: undefined
}
[2026-09-10T20:53:30.258] [DEBUG] debug-file - Cache service initialization finished in 16 ms 
[2026-09-10T20:53:30.259] [DEBUG] debug-file - hvigorfile, resolving D:\HW\testproject\complete\6\hvigorfile.ts
[2026-09-10T20:53:30.268] [DEBUG] debug-file - hvigorfile, require result:  { default: { plugins: [] } }
[2026-09-10T20:53:30.269] [DEBUG] debug-file - hvigorfile, binding system plugins null
[2026-09-10T20:53:30.270] [DEBUG] debug-file - Starting plugin build process
[2026-09-10T20:53:30.270] [DEBUG] debug-file - App plugin prepare start...
[2026-09-10T20:53:30.270] [DEBUG] debug-file - App plugin prepare end...
[2026-09-10T20:53:30.270] [DEBUG] debug-file - App plugin creating...
[2026-09-10T20:53:30.279] [DEBUG] debug-file - App plugin register hook start...
[2026-09-10T20:53:30.280] [DEBUG] debug-file - App plugin register hook end...
[2026-09-10T20:53:30.280] [DEBUG] debug-file - Plugin build process completed
[2026-09-10T20:53:30.280] [DEBUG] debug-file - Start initialize project's product build option map with build mode debug.
[2026-09-10T20:53:30.280] [DEBUG] debug-file - Picking option from product 'default' with build mode 'debug'.
[2026-09-10T20:53:30.281] [DEBUG] debug-file - Product 'default' build option initialized
[2026-09-10T20:53:30.281] [DEBUG] debug-file - End initialize project's product build option map with build mode 'debug'.
[2026-09-10T20:53:30.282] [DEBUG] debug-file - Obtain build option for product 'default'in this build.
[2026-09-10T20:53:30.287] [DEBUG] debug-file - No signingConfig found, initRemoteHspCache failed.
[2026-09-10T20:53:30.292] [DEBUG] debug-file - Start recording SDK configuration permission data.
[2026-09-10T20:53:30.354] [DEBUG] debug-file - Sdk init in 65 ms 
[2026-09-10T20:53:30.357] [DEBUG] debug-file - Project task initialization takes 3 ms 
[2026-09-10T20:53:30.357] [DEBUG] debug-file - hvigorfile, begin to bind custom plugins...
[2026-09-10T20:53:30.357] [DEBUG] debug-file - hvigorfile, no custom plugins were found in D:\HW\testproject\complete\6\hvigorfile.ts
[2026-09-10T20:53:30.357] [DEBUG] debug-file - hvigorfile, resolve finished D:\HW\testproject\complete\6\hvigorfile.ts
[2026-09-10T20:53:30.359] [DEBUG] debug-file - hvigorfile, resolving D:\HW\testproject\complete\6\entry\hvigorfile.ts
[2026-09-10T20:53:30.365] [DEBUG] debug-file - hvigorfile, require result:  { default: { plugins: [] } }
[2026-09-10T20:53:30.366] [DEBUG] debug-file - hvigorfile, binding system plugins null
[2026-09-10T20:53:30.366] [DEBUG] debug-file - Starting plugin build process
[2026-09-10T20:53:30.366] [DEBUG] debug-file - Hap plugin creating...
[2026-09-10T20:53:30.367] [DEBUG] debug-file - failed to load cangjie to dynamically generate schemas: Error: Cannot find module '@ohos/cangjie-build-support/index'
Require stack:
- E:\DevEco Studio\tools\hvigor\hvigor-ohos-plugin\src\plugin\hooks\cangjie-register.js
- E:\DevEco Studio\tools\hvigor\hvigor-ohos-plugin\src\plugin\strategy\stage-init-strategy.js
- E:\DevEco Studio\tools\hvigor\hvigor-ohos-plugin\src\plugin\builder\abstract-plugin-builder.js
- E:\DevEco Studio\tools\hvigor\hvigor-ohos-plugin\src\plugin\builder\app-plugin-builder.js
- E:\DevEco Studio\tools\hvigor\hvigor-ohos-plugin\src\plugin\factory\plugin-factory.js
- E:\DevEco Studio\tools\hvigor\hvigor-ohos-plugin\index.js
- D:\HW\testproject\complete\6\hvigorfile.ts
- E:\DevEco Studio\tools\hvigor\hvigor\src\base\internal\lifecycle\configuration.js
- E:\DevEco Studio\tools\hvigor\hvigor\src\base\boot\index.js
- E:\DevEco Studio\tools\hvigor\hvigor\src\base\daemon\cluster\worker-process-lifecycle.js
- E:\DevEco Studio\tools\hvigor\hvigor\src\base\daemon\process\daemon-process-boot-script.js
[2026-09-10T20:53:30.370] [DEBUG] debug-file - Start initialize module-target build option map, moduleName=entry, buildMode=debug
[2026-09-10T20:53:30.370] [DEBUG] debug-file - Target 'default' config initialized
[2026-09-10T20:53:30.370] [DEBUG] debug-file - Target 'ohosTest' config initialized
[2026-09-10T20:53:30.370] [DEBUG] debug-file - Module 'entry' target 'default' build option initialized
[2026-09-10T20:53:30.370] [DEBUG] debug-file - Module 'entry' target 'ohosTest' build option initialized
[2026-09-10T20:53:30.371] [DEBUG] debug-file - End initialize module-target build option map, moduleName=entry
[2026-09-10T20:53:30.371] [DEBUG] debug-file - Start initialize module-target build option map, moduleName=entry, buildMode=release
[2026-09-10T20:53:30.371] [DEBUG] debug-file - Target 'default' config initialized
[2026-09-10T20:53:30.371] [DEBUG] debug-file - Target 'ohosTest' config initialized
[2026-09-10T20:53:30.372] [DEBUG] debug-file - Module 'entry' target 'default' build option initialized
[2026-09-10T20:53:30.372] [DEBUG] debug-file - Module 'entry' target 'ohosTest' build option initialized
[2026-09-10T20:53:30.372] [DEBUG] debug-file - End initialize module-target build option map, moduleName=entry
[2026-09-10T20:53:30.372] [DEBUG] debug-file - Start initialize module-target build option map, moduleName=entry, buildMode=debug
[2026-09-10T20:53:30.372] [DEBUG] debug-file - Target 'default' config initialized
[2026-09-10T20:53:30.373] [DEBUG] debug-file - Target 'ohosTest' config initialized
[2026-09-10T20:53:30.373] [DEBUG] debug-file - Module 'entry' target 'default' build option initialized
[2026-09-10T20:53:30.373] [DEBUG] debug-file - Module 'entry' target 'ohosTest' build option initialized
[2026-09-10T20:53:30.373] [DEBUG] debug-file - End initialize module-target build option map, moduleName=entry
[2026-09-10T20:53:30.373] [DEBUG] debug-file - Obtain build option for module 'entry' target 'default'in this build.
[2026-09-10T20:53:30.376] [DEBUG] debug-file - Module entry task initialization takes 2 ms 
[2026-09-10T20:53:30.376] [DEBUG] debug-file - Hap plugin register hook start...
[2026-09-10T20:53:30.377] [DEBUG] debug-file - Hap plugin register hook end...
[2026-09-10T20:53:30.377] [DEBUG] debug-file - Plugin build process completed
[2026-09-10T20:53:30.377] [DEBUG] debug-file - hvigorfile, begin to bind custom plugins...
[2026-09-10T20:53:30.377] [DEBUG] debug-file - hvigorfile, no custom plugins were found in D:\HW\testproject\complete\6\entry\hvigorfile.ts
[2026-09-10T20:53:30.377] [DEBUG] debug-file - hvigorfile, resolve finished D:\HW\testproject\complete\6\entry\hvigorfile.ts
[2026-09-10T20:53:30.487] [DEBUG] debug-file - hvigorfile, resolve hvigorfile dependencies in 110 ms 
[2026-09-10T20:53:30.488] [DEBUG] debug-file - project has submodules:entry
[2026-09-10T20:53:30.493] [DEBUG] debug-file - start to load updatedOhPackageInfo to the disk
[2026-09-10T20:53:30.498] [DEBUG] debug-file - load to the disk finished
[2026-09-10T20:53:30.501] [DEBUG] debug-file - Start to initialize dependency information.
[2026-09-10T20:53:30.518] [DEBUG] debug-file - Module 6 Collected Dependency: 
[2026-09-10T20:53:30.518] [DEBUG] debug-file - Module 6's total dependency: 0
[2026-09-10T20:53:30.519] [DEBUG] debug-file - Start to initialize dependency information.
[2026-09-10T20:53:30.524] [DEBUG] debug-file - Module entry Collected Dependency: 
[2026-09-10T20:53:30.525] [DEBUG] debug-file - Module entry's total dependency: 0
[2026-09-10T20:53:30.530] [DEBUG] debug-file - Configuration phase cost:272 ms 
[2026-09-10T20:53:30.534] [DEBUG] debug-file - Configuration task cost before running: 303 ms 
[2026-09-10T20:53:30.535] [DEBUG] debug-file - Executing task :entry:init
[2026-09-10T20:53:30.536] [DEBUG] debug-file - entry : init cost memory 0.0171661376953125
[2026-09-10T20:53:30.536] [DEBUG] debug-file - runTaskFromQueue task cost before running: 305 ms 
[2026-09-10T20:53:30.537] [INFO] debug-file - Finished :entry:init... after 2 ms 
[2026-09-10T20:53:30.538] [DEBUG] debug-file - Executing task ::init
[2026-09-10T20:53:30.538] [DEBUG] debug-file - 6 : init cost memory 0.01390838623046875
[2026-09-10T20:53:30.539] [DEBUG] debug-file - runTaskFromQueue task cost before running: 308 ms 
[2026-09-10T20:53:30.539] [INFO] debug-file - Finished ::init... after 1 ms 
[2026-09-10T20:53:30.544] [DEBUG] debug-file - Obtain build option for module 'entry' target 'default'in this build.
[2026-09-10T20:53:30.546] [DEBUG] debug-file - Obtain build option for module 'entry' target 'ohosTest'in this build.
[2026-09-10T20:53:30.556] [DEBUG] debug-file - hvigor build process will be closed.
[2026-09-10T20:53:30.588] [DEBUG] debug-file - session manager: send message to worker process. WorkerThreadId: 0, data: {"type":"hvigor_failed","reason":"Server has disconnected."}
[2026-09-10T20:53:30.596] [DEBUG] debug-file - session manager: send message to worker process. WorkerThreadId: 0, data: {"type":"CloseWatch","reason":"Server has disconnected."}
[2026-09-10T20:53:30.592] [DEBUG] debug-file - watch worker: worker id should be larger than 0. Nothing will be sent to any worker thread.
[2026-09-10T20:53:30.592] [DEBUG] debug-file - ABORT_WORK sent to workers.
[2026-09-10T20:53:30.598] [DEBUG] debug-file - watch worker: worker id should be larger than 0. Nothing will be sent to any worker thread.
[2026-09-10T20:55:39.375] [DEBUG] debug-file - session manager: set active socket. socketId=DqsM_BFNKBZhIChiAAAZ
[2026-09-10T20:55:39.395] [DEBUG] debug-file - watch worker: worker id should be larger than 0. Nothing will be sent to any worker thread.
[2026-09-10T20:55:39.405] [DEBUG] debug-file - Workers' log level updated to INFO
[2026-09-10T20:55:39.409] [DEBUG] debug-file - Hvigor init with startParameters:{
  hvigorfileTypeCheck: false,
  parallelExecution: true,
  incrementalExecution: true,
  printStackTrace: false,
  daemon: true,
  analyze: 0,
  logLevel: Level { level: 20000, levelStr: 'INFO', colour: 'green' },
  optimizationStrategy: 'memory',
  hotCompile: undefined,
  hotReloadBuild: undefined,
  customizedParam: undefined
}
[2026-09-10T20:55:39.420] [DEBUG] debug-file - Cache service initialization finished in 11 ms 
[2026-09-10T20:55:39.421] [DEBUG] debug-file - hvigorfile, resolving D:\HW\testproject\complete\6\hvigorfile.ts
[2026-09-10T20:55:39.429] [DEBUG] debug-file - hvigorfile, require result:  { default: { plugins: [] } }
[2026-09-10T20:55:39.429] [DEBUG] debug-file - hvigorfile, binding system plugins null
[2026-09-10T20:55:39.429] [DEBUG] debug-file - Starting plugin build process
[2026-09-10T20:55:39.429] [DEBUG] debug-file - App plugin prepare start...
[2026-09-10T20:55:39.430] [DEBUG] debug-file - App plugin prepare end...
[2026-09-10T20:55:39.430] [DEBUG] debug-file - App plugin creating...
[2026-09-10T20:55:39.437] [DEBUG] debug-file - App plugin register hook start...
[2026-09-10T20:55:39.438] [DEBUG] debug-file - App plugin register hook end...
[2026-09-10T20:55:39.438] [DEBUG] debug-file - Plugin build process completed
[2026-09-10T20:55:39.438] [DEBUG] debug-file - Start initialize project's product build option map with build mode debug.
[2026-09-10T20:55:39.438] [DEBUG] debug-file - Picking option from product 'default' with build mode 'debug'.
[2026-09-10T20:55:39.438] [DEBUG] debug-file - Product 'default' build option initialized
[2026-09-10T20:55:39.438] [DEBUG] debug-file - End initialize project's product build option map with build mode 'debug'.
[2026-09-10T20:55:39.439] [DEBUG] debug-file - Obtain build option for product 'default'in this build.
[2026-09-10T20:55:39.443] [DEBUG] debug-file - No signingConfig found, initRemoteHspCache failed.
[2026-09-10T20:55:39.446] [DEBUG] debug-file - Start recording SDK configuration permission data.
[2026-09-10T20:55:39.526] [DEBUG] debug-file - Sdk init in 82 ms 
[2026-09-10T20:55:39.531] [DEBUG] debug-file - Project task initialization takes 5 ms 
[2026-09-10T20:55:39.531] [DEBUG] debug-file - hvigorfile, begin to bind custom plugins...
[2026-09-10T20:55:39.531] [DEBUG] debug-file - hvigorfile, no custom plugins were found in D:\HW\testproject\complete\6\hvigorfile.ts
[2026-09-10T20:55:39.531] [DEBUG] debug-file - hvigorfile, resolve finished D:\HW\testproject\complete\6\hvigorfile.ts
[2026-09-10T20:55:39.532] [DEBUG] debug-file - hvigorfile, resolving D:\HW\testproject\complete\6\entry\hvigorfile.ts
[2026-09-10T20:55:39.539] [DEBUG] debug-file - hvigorfile, require result:  { default: { plugins: [] } }
[2026-09-10T20:55:39.540] [DEBUG] debug-file - hvigorfile, binding system plugins null
[2026-09-10T20:55:39.540] [DEBUG] debug-file - Starting plugin build process
[2026-09-10T20:55:39.540] [DEBUG] debug-file - Hap plugin creating...
[2026-09-10T20:55:39.542] [DEBUG] debug-file - failed to load cangjie to dynamically generate schemas: Error: Cannot find module '@ohos/cangjie-build-support/index'
Require stack:
- E:\DevEco Studio\tools\hvigor\hvigor-ohos-plugin\src\plugin\hooks\cangjie-register.js
- E:\DevEco Studio\tools\hvigor\hvigor-ohos-plugin\src\plugin\strategy\stage-init-strategy.js
- E:\DevEco Studio\tools\hvigor\hvigor-ohos-plugin\src\plugin\builder\abstract-plugin-builder.js
- E:\DevEco Studio\tools\hvigor\hvigor-ohos-plugin\src\plugin\builder\app-plugin-builder.js
- E:\DevEco Studio\tools\hvigor\hvigor-ohos-plugin\src\plugin\factory\plugin-factory.js
- E:\DevEco Studio\tools\hvigor\hvigor-ohos-plugin\index.js
- D:\HW\testproject\complete\6\hvigorfile.ts
- E:\DevEco Studio\tools\hvigor\hvigor\src\base\internal\lifecycle\configuration.js
- E:\DevEco Studio\tools\hvigor\hvigor\src\base\boot\index.js
- E:\DevEco Studio\tools\hvigor\hvigor\src\base\daemon\cluster\worker-process-lifecycle.js
- E:\DevEco Studio\tools\hvigor\hvigor\src\base\daemon\process\daemon-process-boot-script.js
[2026-09-10T20:55:39.546] [DEBUG] debug-file - Start initialize module-target build option map, moduleName=entry, buildMode=debug
[2026-09-10T20:55:39.546] [DEBUG] debug-file - Target 'default' config initialized
[2026-09-10T20:55:39.547] [DEBUG] debug-file - Target 'ohosTest' config initialized
[2026-09-10T20:55:39.547] [DEBUG] debug-file - Module 'entry' target 'default' build option initialized
[2026-09-10T20:55:39.547] [DEBUG] debug-file - Module 'entry' target 'ohosTest' build option initialized
[2026-09-10T20:55:39.548] [DEBUG] debug-file - End initialize module-target build option map, moduleName=entry
[2026-09-10T20:55:39.548] [DEBUG] debug-file - Start initialize module-target build option map, moduleName=entry, buildMode=release
[2026-09-10T20:55:39.548] [DEBUG] debug-file - Target 'default' config initialized
[2026-09-10T20:55:39.548] [DEBUG] debug-file - Target 'ohosTest' config initialized
[2026-09-10T20:55:39.549] [DEBUG] debug-file - Module 'entry' target 'default' build option initialized
[2026-09-10T20:55:39.549] [DEBUG] debug-file - Module 'entry' target 'ohosTest' build option initialized
[2026-09-10T20:55:39.549] [DEBUG] debug-file - End initialize module-target build option map, moduleName=entry
[2026-09-10T20:55:39.549] [DEBUG] debug-file - Start initialize module-target build option map, moduleName=entry, buildMode=debug
[2026-09-10T20:55:39.549] [DEBUG] debug-file - Target 'default' config initialized
[2026-09-10T20:55:39.550] [DEBUG] debug-file - Target 'ohosTest' config initialized
[2026-09-10T20:55:39.550] [DEBUG] debug-file - Module 'entry' target 'default' build option initialized
[2026-09-10T20:55:39.550] [DEBUG] debug-file - Module 'entry' target 'ohosTest' build option initialized
[2026-09-10T20:55:39.551] [DEBUG] debug-file - End initialize module-target build option map, moduleName=entry
[2026-09-10T20:55:39.551] [DEBUG] debug-file - Obtain build option for module 'entry' target 'default'in this build.
[2026-09-10T20:55:39.553] [DEBUG] debug-file - Module entry task initialization takes 2 ms 
[2026-09-10T20:55:39.553] [DEBUG] debug-file - Hap plugin register hook start...
[2026-09-10T20:55:39.553] [DEBUG] debug-file - Hap plugin register hook end...
[2026-09-10T20:55:39.553] [DEBUG] debug-file - Plugin build process completed
[2026-09-10T20:55:39.553] [DEBUG] debug-file - hvigorfile, begin to bind custom plugins...
[2026-09-10T20:55:39.553] [DEBUG] debug-file - hvigorfile, no custom plugins were found in D:\HW\testproject\complete\6\entry\hvigorfile.ts
[2026-09-10T20:55:39.554] [DEBUG] debug-file - hvigorfile, resolve finished D:\HW\testproject\complete\6\entry\hvigorfile.ts
[2026-09-10T20:55:39.637] [DEBUG] debug-file - hvigorfile, resolve hvigorfile dependencies in 83 ms 
[2026-09-10T20:55:39.637] [DEBUG] debug-file - project has submodules:entry
[2026-09-10T20:55:39.639] [DEBUG] debug-file - start to load updatedOhPackageInfo to the disk
[2026-09-10T20:55:39.644] [DEBUG] debug-file - load to the disk finished
[2026-09-10T20:55:39.645] [DEBUG] debug-file - Start to initialize dependency information.
[2026-09-10T20:55:39.654] [DEBUG] debug-file - Module 6 Collected Dependency: 
[2026-09-10T20:55:39.654] [DEBUG] debug-file - Module 6's total dependency: 0
[2026-09-10T20:55:39.655] [DEBUG] debug-file - Start to initialize dependency information.
[2026-09-10T20:55:39.659] [DEBUG] debug-file - Module entry Collected Dependency: 
[2026-09-10T20:55:39.659] [DEBUG] debug-file - Module entry's total dependency: 0
[2026-09-10T20:55:39.662] [DEBUG] debug-file - Configuration phase cost:242 ms 
[2026-09-10T20:55:39.664] [DEBUG] debug-file - Configuration task cost before running: 259 ms 
[2026-09-10T20:55:39.672] [DEBUG] debug-file - Executing task :entry:default@PreBuild
[2026-09-10T20:55:39.679] [DEBUG] debug-file - Task 'entry:default@PreBuild' cost while wrapping incremental declarations: 1 ms 
[2026-09-10T20:55:39.693] [DEBUG] debug-file - entry:default@PreBuild is not up-to-date, since the task snapshots are different.
[2026-09-10T20:55:39.693] [DEBUG] debug-file - Incremental task entry:default@PreBuild pre-execution cost: 10 ms .
[2026-09-10T20:55:39.762] [DEBUG] debug-file - current product is not Atomic service.
[2026-09-10T20:55:39.763] [DEBUG] debug-file - Use tool [win32: JAVA_HOME, CLASSPATH]
 [ { JAVA_HOME: 'E:\\Java\\jdk-21.0.11' }, { CLASSPATH: undefined } ]
[2026-09-10T20:55:39.764] [DEBUG] debug-file - Use tool [win32: NODE_HOME]
 [ { NODE_HOME: undefined } ]
[2026-09-10T20:55:39.766] [DEBUG] debug-file - entry : default@PreBuild cost memory 1.4757003784179688
[2026-09-10T20:55:39.766] [DEBUG] debug-file - runTaskFromQueue task cost before running: 361 ms 
[2026-09-10T20:55:39.770] [INFO] debug-file - Finished :entry:default@PreBuild... after 94 ms 
[2026-09-10T20:55:39.772] [DEBUG] debug-file - Executing task :entry:default@CreateModuleInfo
[2026-09-10T20:55:39.772] [DEBUG] debug-file - Task 'entry:default@CreateModuleInfo' cost while wrapping incremental declarations: 1 ms 
[2026-09-10T20:55:39.773] [DEBUG] debug-file - entry : default@CreateModuleInfo cost memory 0.03992462158203125
[2026-09-10T20:55:39.773] [DEBUG] debug-file - runTaskFromQueue task cost before running: 368 ms 
[2026-09-10T20:55:39.773] [INFO] debug-file - Finished :entry:default@CreateModuleInfo... after 2 ms 
[2026-09-10T20:55:39.775] [DEBUG] debug-file - Executing task :entry:default@GenerateMetadata
[2026-09-10T20:55:39.775] [DEBUG] debug-file - Task 'entry:default@GenerateMetadata' cost while wrapping incremental declarations: 1 ms 
[2026-09-10T20:55:39.776] [DEBUG] debug-file - Incremental task entry:default@GenerateMetadata pre-execution cost: 1 ms .
[2026-09-10T20:55:39.776] [DEBUG] debug-file - entry : default@GenerateMetadata cost memory 0.071746826171875
[2026-09-10T20:55:39.777] [INFO] debug-file - UP-TO-DATE :entry:default@GenerateMetadata...  
[2026-09-10T20:55:39.778] [DEBUG] debug-file - Executing task :entry:default@ConfigureCmake
[2026-09-10T20:55:39.779] [DEBUG] debug-file - entry : default@ConfigureCmake cost memory 0.01543426513671875
[2026-09-10T20:55:39.779] [DEBUG] debug-file - runTaskFromQueue task cost before running: 374 ms 
[2026-09-10T20:55:39.779] [INFO] debug-file - Finished :entry:default@ConfigureCmake... after 1 ms 
[2026-09-10T20:55:39.781] [DEBUG] debug-file - Executing task :entry:default@MergeProfile
[2026-09-10T20:55:39.782] [DEBUG] debug-file - Task 'entry:default@MergeProfile' cost while wrapping incremental declarations: 1 ms 
[2026-09-10T20:55:39.784] [DEBUG] debug-file - Incremental task entry:default@MergeProfile pre-execution cost: 2 ms .
[2026-09-10T20:55:39.785] [DEBUG] debug-file - entry : default@MergeProfile cost memory 0.1029510498046875
[2026-09-10T20:55:39.785] [INFO] debug-file - UP-TO-DATE :entry:default@MergeProfile...  
[2026-09-10T20:55:39.787] [DEBUG] debug-file - Executing task :entry:default@CreateBuildProfile
[2026-09-10T20:55:39.788] [DEBUG] debug-file - Task 'entry:default@CreateBuildProfile' cost while wrapping incremental declarations: 1 ms 
[2026-09-10T20:55:39.790] [DEBUG] debug-file - Incremental task entry:default@CreateBuildProfile pre-execution cost: 2 ms .
[2026-09-10T20:55:39.791] [DEBUG] debug-file - entry : default@CreateBuildProfile cost memory 0.086181640625
[2026-09-10T20:55:39.791] [INFO] debug-file - UP-TO-DATE :entry:default@CreateBuildProfile...  
[2026-09-10T20:55:39.793] [DEBUG] debug-file - Executing task :entry:default@PreCheckSyscap
[2026-09-10T20:55:39.794] [DEBUG] debug-file - entry : default@PreCheckSyscap cost memory 0.014678955078125
[2026-09-10T20:55:39.794] [DEBUG] debug-file - runTaskFromQueue task cost before running: 389 ms 
[2026-09-10T20:55:39.794] [INFO] debug-file - Finished :entry:default@PreCheckSyscap... after 1 ms 
[2026-09-10T20:55:39.799] [DEBUG] debug-file - Executing task :entry:default@GeneratePkgContextInfo
[2026-09-10T20:55:39.804] [DEBUG] debug-file - Task 'entry:default@GeneratePkgContextInfo' cost while wrapping incremental declarations: 1 ms 
[2026-09-10T20:55:39.805] [DEBUG] debug-file - Incremental task entry:default@GeneratePkgContextInfo pre-execution cost: 1 ms .
[2026-09-10T20:55:39.806] [DEBUG] debug-file - entry : default@GeneratePkgContextInfo cost memory 0.17507171630859375
[2026-09-10T20:55:39.806] [INFO] debug-file - UP-TO-DATE :entry:default@GeneratePkgContextInfo...  
[2026-09-10T20:55:39.808] [DEBUG] debug-file - Executing task :entry:default@GeneratePkgSdkInfo
[2026-09-10T20:55:39.811] [DEBUG] debug-file - Task 'entry:default@GeneratePkgSdkInfo' cost while wrapping incremental declarations: 1 ms 
[2026-09-10T20:55:39.812] [DEBUG] debug-file - entry : default@GeneratePkgSdkInfo cost memory 0.0965118408203125
[2026-09-10T20:55:39.812] [DEBUG] debug-file - runTaskFromQueue task cost before running: 407 ms 
[2026-09-10T20:55:39.812] [INFO] debug-file - Finished :entry:default@GeneratePkgSdkInfo... after 5 ms 
[2026-09-10T20:55:39.817] [DEBUG] debug-file - Executing task :entry:default@ProcessIntegratedHsp
[2026-09-10T20:55:39.817] [DEBUG] debug-file - entry:default@ProcessIntegratedHsp is not up-to-date, since the output file 'D:\HW\testproject\complete\6\build\cache\default\integrated_hsp\integratedHspCache.json' does not exist.
[2026-09-10T20:55:39.818] [DEBUG] debug-file - Incremental task entry:default@ProcessIntegratedHsp pre-execution cost: 1 ms .
[2026-09-10T20:55:39.818] [DEBUG] debug-file - entry : default@ProcessIntegratedHsp cost memory 0.04964447021484375
[2026-09-10T20:55:39.819] [DEBUG] debug-file - runTaskFromQueue task cost before running: 414 ms 
[2026-09-10T20:55:39.819] [INFO] debug-file - Finished :entry:default@ProcessIntegratedHsp... after 2 ms 
[2026-09-10T20:55:39.821] [DEBUG] debug-file - Executing task :entry:default@BuildNativeWithCmake
[2026-09-10T20:55:39.821] [DEBUG] debug-file - entry : default@BuildNativeWithCmake cost memory 0.01446533203125
[2026-09-10T20:55:39.821] [DEBUG] debug-file - runTaskFromQueue task cost before running: 417 ms 
[2026-09-10T20:55:39.822] [INFO] debug-file - Finished :entry:default@BuildNativeWithCmake... after 1 ms 
[2026-09-10T20:55:39.823] [DEBUG] debug-file - Executing task :entry:default@MakePackInfo
[2026-09-10T20:55:39.831] [DEBUG] debug-file - Incremental task entry:default@MakePackInfo pre-execution cost: 6 ms .
[2026-09-10T20:55:39.831] [DEBUG] debug-file - entry : default@MakePackInfo cost memory 0.09722900390625
[2026-09-10T20:55:39.833] [INFO] debug-file - UP-TO-DATE :entry:default@MakePackInfo...  
[2026-09-10T20:55:39.836] [DEBUG] debug-file - Executing task :entry:default@SyscapTransform
[2026-09-10T20:55:39.836] [DEBUG] debug-file - File: 'D:\HW\testproject\complete\6\entry\src\main\syscap.json' from 'sysCapJsonPath' is not exists, just ignore.
[2026-09-10T20:55:39.838] [DEBUG] debug-file - Task 'entry:default@SyscapTransform' cost while wrapping incremental declarations: 2 ms 
[2026-09-10T20:55:39.840] [DEBUG] debug-file - entry:default@SyscapTransform is not up-to-date, since the output file 'D:\HW\testproject\complete\6\entry\build\default\intermediates\syscap\default\rpcid.sc' does not exist.
[2026-09-10T20:55:39.840] [DEBUG] debug-file - Incremental task entry:default@SyscapTransform pre-execution cost: 2 ms .
[2026-09-10T20:55:39.841] [DEBUG] debug-file - entry : default@SyscapTransform cost memory 0.11196136474609375
[2026-09-10T20:55:39.841] [DEBUG] debug-file - runTaskFromQueue task cost before running: 436 ms 
[2026-09-10T20:55:39.841] [INFO] debug-file - Finished :entry:default@SyscapTransform... after 5 ms 
[2026-09-10T20:55:39.845] [DEBUG] debug-file - Executing task :entry:default@ProcessProfile
[2026-09-10T20:55:39.849] [DEBUG] debug-file - Task 'entry:default@ProcessProfile' cost while wrapping incremental declarations: 1 ms 
[2026-09-10T20:55:39.851] [DEBUG] debug-file - Incremental task entry:default@ProcessProfile pre-execution cost: 2 ms .
[2026-09-10T20:55:39.851] [DEBUG] debug-file - entry : default@ProcessProfile cost memory 0.12535858154296875
[2026-09-10T20:55:39.851] [INFO] debug-file - UP-TO-DATE :entry:default@ProcessProfile...  
[2026-09-10T20:55:39.853] [DEBUG] debug-file - Executing task :entry:default@ProcessRouterMap
[2026-09-10T20:55:39.863] [DEBUG] debug-file - Incremental task entry:default@ProcessRouterMap pre-execution cost: 7 ms .
[2026-09-10T20:55:39.863] [DEBUG] debug-file - entry : default@ProcessRouterMap cost memory 0.14577484130859375
[2026-09-10T20:55:39.865] [INFO] debug-file - UP-TO-DATE :entry:default@ProcessRouterMap...  
[2026-09-10T20:55:39.869] [DEBUG] debug-file - Executing task :entry:default@ProcessShareConfig
[2026-09-10T20:55:39.872] [DEBUG] debug-file - Incremental task entry:default@ProcessShareConfig pre-execution cost: 3 ms .
[2026-09-10T20:55:39.872] [DEBUG] debug-file - entry : default@ProcessShareConfig cost memory 0.10312652587890625
[2026-09-10T20:55:39.874] [INFO] debug-file - UP-TO-DATE :entry:default@ProcessShareConfig...  
[2026-09-10T20:55:39.876] [DEBUG] debug-file - Executing task :entry:default@ProcessStartupConfig
[2026-09-10T20:55:39.877] [DEBUG] debug-file - Task 'entry:default@ProcessStartupConfig' cost while wrapping incremental declarations: 1 ms 
[2026-09-10T20:55:39.880] [DEBUG] debug-file - entry:default@ProcessStartupConfig is not up-to-date, since the output file 'D:\HW\testproject\complete\6\entry\build\default\intermediates\startup\default\startup_config.json' does not exist.
[2026-09-10T20:55:39.880] [DEBUG] debug-file - Incremental task entry:default@ProcessStartupConfig pre-execution cost: 2 ms .
[2026-09-10T20:55:39.881] [DEBUG] debug-file - entry : default@ProcessStartupConfig cost memory 0.11154937744140625
[2026-09-10T20:55:39.882] [DEBUG] debug-file - runTaskFromQueue task cost before running: 477 ms 
[2026-09-10T20:55:39.883] [INFO] debug-file - Finished :entry:default@ProcessStartupConfig... after 6 ms 
[2026-09-10T20:55:39.886] [DEBUG] debug-file - Executing task :entry:default@BuildNativeWithNinja
[2026-09-10T20:55:39.887] [DEBUG] debug-file - entry : default@BuildNativeWithNinja cost memory 0.0191802978515625
[2026-09-10T20:55:39.888] [DEBUG] debug-file - runTaskFromQueue task cost before running: 483 ms 
[2026-09-10T20:55:39.889] [INFO] debug-file - Finished :entry:default@BuildNativeWithNinja... after 2 ms 
[2026-09-10T20:55:39.894] [DEBUG] debug-file - restool module names: entry; moduleName=entry, taskName=default@ProcessResource
[2026-09-10T20:55:39.900] [DEBUG] debug-file - Executing task :entry:default@ProcessResource
[2026-09-10T20:55:39.900] [DEBUG] debug-file - Task 'entry:default@ProcessResource' cost while wrapping incremental declarations: 1 ms 
[2026-09-10T20:55:39.907] [DEBUG] debug-file - Incremental task entry:default@ProcessResource pre-execution cost: 4 ms .
[2026-09-10T20:55:39.907] [DEBUG] debug-file - entry : default@ProcessResource cost memory 0.1059722900390625
[2026-09-10T20:55:39.914] [INFO] debug-file - UP-TO-DATE :entry:default@ProcessResource...  
[2026-09-10T20:55:39.920] [DEBUG] debug-file - Executing task :entry:default@GenerateLoaderJson
[2026-09-10T20:55:39.926] [DEBUG] debug-file - Task 'entry:default@GenerateLoaderJson' cost while wrapping incremental declarations: 1 ms 
[2026-09-10T20:55:39.937] [DEBUG] debug-file - entry:default@GenerateLoaderJson is not up-to-date, since the task snapshots are different.
[2026-09-10T20:55:39.937] [DEBUG] debug-file - Incremental task entry:default@GenerateLoaderJson pre-execution cost: 7 ms .
[2026-09-10T20:55:39.951] [DEBUG] debug-file - entry : default@GenerateLoaderJson cost memory -2.9035186767578125
[2026-09-10T20:55:39.951] [DEBUG] debug-file - runTaskFromQueue task cost before running: 546 ms 
[2026-09-10T20:55:39.957] [INFO] debug-file - Finished :entry:default@GenerateLoaderJson... after 32 ms 
[2026-09-10T20:55:39.959] [DEBUG] debug-file - Executing task :entry:default@ProcessLibs
[2026-09-10T20:55:39.960] [DEBUG] debug-file - Task 'entry:default@ProcessLibs' cost while wrapping incremental declarations: 1 ms 
[2026-09-10T20:55:39.962] [DEBUG] debug-file - Incremental task entry:default@ProcessLibs pre-execution cost: 2 ms .
[2026-09-10T20:55:39.963] [DEBUG] debug-file - entry : default@ProcessLibs cost memory 0.09039306640625
[2026-09-10T20:55:39.964] [INFO] debug-file - UP-TO-DATE :entry:default@ProcessLibs...  
[2026-09-10T20:55:39.965] [DEBUG] debug-file - restool module names: entry; moduleName=entry, taskName=default@CompileResource
[2026-09-10T20:55:39.966] [DEBUG] debug-file - Executing task :entry:default@CompileResource
[2026-09-10T20:55:39.995] [DEBUG] debug-file - Incremental task entry:default@CompileResource pre-execution cost: 26 ms .
[2026-09-10T20:55:39.995] [DEBUG] debug-file - entry : default@CompileResource cost memory 0.5394210815429688
[2026-09-10T20:55:40.000] [INFO] debug-file - UP-TO-DATE :entry:default@CompileResource...  
[2026-09-10T20:55:40.003] [DEBUG] debug-file - Executing task :entry:default@DoNativeStrip
[2026-09-10T20:55:40.004] [DEBUG] debug-file - File: 'D:\HW\testproject\complete\6\entry\build\default\intermediates\binxo\default' from 'doBinxoNativeLibs' is not exists, just ignore.
[2026-09-10T20:55:40.004] [DEBUG] debug-file - Task 'entry:default@DoNativeStrip' cost while wrapping incremental declarations: 1 ms 
[2026-09-10T20:55:40.007] [DEBUG] debug-file - Incremental task entry:default@DoNativeStrip pre-execution cost: 2 ms .
[2026-09-10T20:55:40.007] [DEBUG] debug-file - entry : default@DoNativeStrip cost memory 0.07012176513671875
[2026-09-10T20:55:40.008] [INFO] debug-file - UP-TO-DATE :entry:default@DoNativeStrip...  
[2026-09-10T20:55:40.011] [DEBUG] debug-file - Executing task :entry:default@CompileArkTS
[2026-09-10T20:55:40.011] [DEBUG] debug-file - obfuscationOptions: undefined
[2026-09-10T20:55:40.016] [DEBUG] debug-file - Task 'entry:default@CompileArkTS' cost while wrapping incremental declarations: 1 ms 
[2026-09-10T20:55:40.025] [DEBUG] debug-file - entry:default@CompileArkTS is not up-to-date, since the input file 'D:\HW\testproject\complete\6\entry\build\default\intermediates\loader\default' has been changed.
[2026-09-10T20:55:40.025] [DEBUG] debug-file - Incremental task entry:default@CompileArkTS pre-execution cost: 6 ms .
[2026-09-10T20:55:40.060] [DEBUG] debug-file - build config:
[2026-09-10T20:55:40.062] [DEBUG] debug-file - {
  moduleType: 'entry',
  perf: 0,
  targetName: '.default',
  packageManagerType: 'ohpm',
  localPropertiesPath: 'D:\\HW\\testproject\\complete\\6\\local.properties',
  isPreview: false,
  isOhosTest: false,
  isLocalTest: false,
  buildMode: 'Debug',
  hotReloadBuild: undefined,
  watchMode: 'false',
  aceProfilePath: 'D:\\HW\\testproject\\complete\\6\\entry\\build\\default\\intermediates\\res\\default\\resources\\base\\profile',
  etsLoaderPath: 'E:\\DevEco Studio\\sdk\\default\\openharmony\\ets\\build-tools\\ets-loader',
  modulePath: 'D:\\HW\\testproject\\complete\\6\\entry',
  testFrameworkPar: {
    testMode: undefined,
    coveragePathFilter: undefined,
    coverageMode: undefined
  },
  needCoverageInsert: false,
  debugLine: false,
  projectTopDir: 'D:\\HW\\testproject\\complete\\6',
  compileSdkVersion: 26,
  compatibleSdkVersion: 26,
  originCompatibleSdkVersion: '26.0.0',
  compatibleSdkVersionStage: undefined,
  bundleName: 'c***p',
  etsLoaderVersion: '26.0.0.105',
  etsLoaderReleaseType: 'Release',
  aotCompileMode: 'type',
  apPath: 'D:\\HW\\testproject\\complete\\6\\entry\\modules.ap',
  entryModuleName: 'entry',
  entryModuleVersion: '1.0.0',
  entryPackageName: 'entry',
  allModuleNameHash: '165181f1d76baddc0c38fa45544cf5ad8b5bdf3ecc625d8fc4fbc0dbd47e9659',
  externalApiPaths: [ 'E:\\DevEco Studio\\sdk\\default\\hms\\ets' ],
  compilerTypes: [],
  isCrossplatform: false,
  hvigorPluginFile: undefined,
  compilePluginPath: undefined,
  buildGeneratedProfilePath: 'D:\\HW\\testproject\\complete\\6\\entry\\build\\default\\generated\\profile\\default',
  bundleType: 'app',
  arkTSVersion: undefined,
  apiVersion: 26,
  needCompleteSourcesMap: false,
  isFaMode: false,
  buildDir: 'D:\\HW\\testproject\\complete\\6\\entry\\build',
  buildCacheProjectDir: 'D:\\HW\\testproject\\complete\\6',
  deviceTypes: [ 'phone' ],
  pkgContextInfo: {
    '@ohos/hypium': {
      packageName: '@ohos/hypium',
      bundleName: '*****',
      moduleName: '',
      version: '1.0.24',
      entryPath: 'index.js',
      isSO: false,
      dependencyAlias: ''
    },
    '@ohos/hamock': {
      packageName: '@ohos/hamock',
      bundleName: '*****',
      moduleName: '',
      version: '1.0.0',
      entryPath: 'index.ets',
      isSO: false,
      dependencyAlias: ''
    },
    entry: {
      packageName: 'entry',
      bundleName: '*****',
      moduleName: '',
      version: '',
      entryPath: 'src/main/',
      isSO: false,
      dependencyAlias: ''
    }
  },
  ohPackagePathMap: {},
  dependencyAliasMap: {},
  permission: { requestPermissions: undefined, definePermissions: undefined },
  useGetCurrentBundleName: false,
  projectArkOption: undefined,
  sourceMapDir: undefined,
  branchElimination: false,
  transformLib: undefined,
  tsImportSendable: false,
  resolveConflictMode: true,
  depName2RootPath: {},
  depName2DepInfo: {},
  depName2OhExports: {},
  rootPathSet: [ 'D:\\HW\\testproject\\complete\\6' ],
  useNativeResolver: true,
  shouldEmitJs: true,
  useUnifiedAst: false,
  useTscResolve: false,
  singleFileEmit: false,
  userProjectConfig: {
    autoLazyImport: false,
    allowEmptyBundleName: false,
    reExportCheckMode: 'noCheck',
    executionMode: 'memory',
    usePathPlaceholder: false,
    writeRollupCache: true,
    isExpandImportEnabled: false,
    expandImportExclude: '',
    lazyImportExclude: '',
    lazyImportInclude: '',
    ignoreCrossplatformCheck: false,
    isHarDeduplicateEnabled: false,
    skipOhModulesLint: false,
    enableStrictCheckOHModule: false,
    disableSendableCheckRules: [],
    useDeclarationFileSignature: false,
    customizedOptions: undefined,
    integratedHsp: false,
    tsImportSoCheck: false,
    isPreloadSoEnabled: false
  },
  executionMode: 'memory',
  arkCompileCachePath: 'D:\\HW\\testproject\\complete\\6\\entry\\build\\default\\cache\\default\\default@CompileArkTS\\esmodule',
  autoLazyFilter: undefined,
  isHarDeduplicateEnabled: false,
  intermediateHarDuplicateDirPath: 'D:\\HW\\testproject\\complete\\6\\entry\\build\\default\\intermediates\\har_duplicate\\default',
  autoLazyImport: false,
  allowEmptyBundleName: false,
  reExportCheckMode: 'noCheck',
  usePathPlaceholder: false,
  writeRollupCache: true,
  isExpandImportEnabled: false,
  expandImportExclude: '',
  lazyImportExclude: '',
  lazyImportInclude: '',
  ignoreCrossplatformCheck: false,
  skipOhModulesLint: false,
  enableStrictCheckOHModule: false,
  disableSendableCheckRules: [],
  useDeclarationFileSignature: false,
  customizedOptions: undefined,
  integratedHsp: false,
  tsImportSoCheck: false,
  isPreloadSoEnabled: false,
  strictMode: {
    caseSensitiveCheck: true,
    useNormalizedOHMUrl: true,
    noExternalImportByPath: true
  },
  useNormalizedOHMUrl: true,
  caseSensitiveCheck: true,
  strictCheckerOnly: false,
  aceModuleJsonPath: 'D:\\HW\\testproject\\complete\\6\\entry\\build\\default\\intermediates\\res\\default\\ark_module.json',
  appResource: 'D:\\HW\\testproject\\complete\\6\\entry\\build\\default\\intermediates\\res\\default\\ResourceTable.txt',
  rawFileResource: 'D:\\HW\\testproject\\complete\\6\\entry\\build\\default\\intermediates\\res\\default\\resources\\rawfile',
  resourceTableHash: '917496b5a6a57ec7da64a8f6046aa8c741fae7082364b6d50265e3879896cbb3',
  runtimeOS: 'HarmonyOS',
  sdkInfo: 'false:26:26.0.0.105:Release',
  aceModuleRoot: 'D:\\HW\\testproject\\complete\\6\\entry\\src\\main\\ets',
  compileMode: 'esmodule',
  aceSuperVisualPath: 'D:\\HW\\testproject\\complete\\6\\entry\\src\\main\\supervisual',
  aceBuildJson: 'D:\\HW\\testproject\\complete\\6\\entry\\build\\default\\intermediates\\loader\\default\\loader.json',
  cachePath: 'D:\\HW\\testproject\\complete\\6\\entry\\build\\default\\cache\\default\\default@CompileArkTS\\esmodule\\debug',
  aceModuleBuild: 'D:\\HW\\testproject\\complete\\6\\entry\\build\\default\\intermediates\\loader_out\\default\\ets',
  supportChunks: true,
  declaredFilesPath: undefined,
  shouldCollectDirectImportees: false,
  isByteCodeHarOptimize: false,
  expandImportPath: undefined,
  resourceTableTs: 'D:\\HW\\testproject\\complete\\6\\entry\\build\\default\\generated\\r\\default\\ResourceTable.ts',
  moduleMetaInfoFiles: [
    {
      filePath: 'D:\\HW\\testproject\\complete\\6\\entry\\build\\default\\generated\\r\\default\\ResourceTable.ts',
      ohmurl: '&entry/build/generated/r/ResourceTable&'
    }
  ],
  pkgNameToPkgBriefInfo: {
    entry: {
      pkgRoot: 'D:\\HW\\testproject\\complete\\6\\entry',
      originalSourceRoots: undefined,
      sourceRoots: [Array],
      pkgName: 'entry'
    }
  },
  projectModel: {
    'D:\\HW\\testproject\\complete\\6\\entry\\src\\main': {
      moduleName: 'entry',
      modulePkgPath: 'D:\\HW\\testproject\\complete\\6\\entry',
      belongProjectPath: 'D:\\HW\\testproject\\complete\\6'
    },
    'D:\\HW\\testproject\\complete\\6\\entry\\.test\\default\\intermediates\\src\\ohosTest\\ets': {
      moduleName: 'entry_test',
      modulePkgPath: 'D:\\HW\\testproject\\complete\\6\\entry',
      belongProjectPath: 'D:\\HW\\testproject\\complete\\6'
    },
    'D:\\HW\\testproject\\complete\\6\\entry\\src\\ohosTest': {
      moduleName: 'entry_test',
      modulePkgPath: 'D:\\HW\\testproject\\complete\\6\\entry',
      belongProjectPath: 'D:\\HW\\testproject\\complete\\6'
    },
    'D:\\HW\\testproject\\complete\\6\\entry': {
      moduleName: 'entry',
      modulePkgPath: 'D:\\HW\\testproject\\complete\\6\\entry',
      belongProjectPath: 'D:\\HW\\testproject\\complete\\6'
    },
    'D:\\HW\\testproject\\complete\\6': {
      moduleName: '6',
      modulePkgPath: 'D:\\HW\\testproject\\complete\\6',
      belongProjectPath: 'D:\\HW\\testproject\\complete\\6'
    }
  },
  pkgJsonFileHash: '7ab10e622b876a852aaa87f883a5ca46773dc428b9273d7582651c0540669143',
  allModulePaths: [ 'D:\\HW\\testproject\\complete\\6\\entry' ],
  routerMap: {},
  obfuscationOptions: undefined,
  byteCodeHarToDependencyKeys: undefined,
  compileBlockPkg: [],
  mockParams: {
    decorator: '@MockSetup',
    packageName: '@ohos/hamock',
    etsSourceRootPath: 'src/main/ets',
    mockConfigPath: 'D:\\HW\\testproject\\complete\\6\\entry\\src\\mock\\mock-config.json5',
    mockConfigKey2ModuleInfo: {},
    source2ModuleIdMap: {}
  },
  copyCodeResourceEnable: false,
  copyCodeResourceExcludes: [],
  copyCodeResourceIncludes: undefined,
  uiTransformOptimization: false,
  sdkPath: 'E:/DevEco Studio/sdk',
  needPreloadSoFileSet: {},
  preloadSoFilePath: 'D:\\HW\\testproject\\complete\\6\\entry\\build\\default\\intermediates\\preload\\default\\preload.json',
  useSourceHash: false,
  localModuleParamMap: {},
  otherPaths: {
    'entry/*': [
      '..\\*',
      '..\\..\\..\\build\\default\\generated\\profile\\default\\*'
    ]
  },
  collectImportersConfig: undefined
}
[2026-09-10T20:55:40.064] [DEBUG] debug-file - Compile arkts with external api path: E:\DevEco Studio\sdk\default\hms\ets
[2026-09-10T20:55:40.069] [DEBUG] debug-file - before submitting ArkTS compile task to worker pool, config.buildDir: D:\HW\testproject\complete\6\entry\build
[2026-09-10T20:55:40.070] [DEBUG] debug-file - default@CompileArkTS work[3] is submitted.
[2026-09-10T20:55:40.071] [DEBUG] debug-file - default@CompileArkTS work[3] is pushed to ready queue.
[2026-09-10T20:55:40.072] [DEBUG] debug-file - A work dispatched to worker[15] failed because unable to get work from ready queue.
[2026-09-10T20:55:40.072] [DEBUG] debug-file - A work dispatched to worker[14] failed because unable to get work from ready queue.
[2026-09-10T20:55:40.072] [DEBUG] debug-file - A work dispatched to worker[13] failed because unable to get work from ready queue.
[2026-09-10T20:55:40.072] [DEBUG] debug-file - A work dispatched to worker[12] failed because unable to get work from ready queue.
[2026-09-10T20:55:40.072] [DEBUG] debug-file - A work dispatched to worker[11] failed because unable to get work from ready queue.
[2026-09-10T20:55:40.072] [DEBUG] debug-file - A work dispatched to worker[10] failed because unable to get work from ready queue.
[2026-09-10T20:55:40.073] [DEBUG] debug-file - A work dispatched to worker[9] failed because unable to get work from ready queue.
[2026-09-10T20:55:40.073] [DEBUG] debug-file - A work dispatched to worker[8] failed because unable to get work from ready queue.
[2026-09-10T20:55:40.073] [DEBUG] debug-file - A work dispatched to worker[7] failed because unable to get work from ready queue.
[2026-09-10T20:55:40.073] [DEBUG] debug-file - A work dispatched to worker[6] failed because unable to get work from ready queue.
[2026-09-10T20:55:40.073] [DEBUG] debug-file - A work dispatched to worker[5] failed because unable to get work from ready queue.
[2026-09-10T20:55:40.075] [DEBUG] debug-file - default@CompileArkTS work[3] has been dispatched to worker[4].
[2026-09-10T20:55:40.079] [DEBUG] debug-file - default@CompileArkTS work[3] is dispatched.
[2026-09-10T20:55:40.080] [DEBUG] debug-file - entry : default@CompileArkTS cost memory 1.0450592041015625
[2026-09-10T20:55:40.086] [DEBUG] debug-file - Executing task :entry:default@BuildJS
[2026-09-10T20:55:40.087] [DEBUG] debug-file - Task 'entry:default@BuildJS' cost while wrapping incremental declarations: 1 ms 
[2026-09-10T20:55:40.097] [DEBUG] debug-file - entry : default@BuildJS cost memory 0.1198272705078125
[2026-09-10T20:55:40.097] [DEBUG] debug-file - runTaskFromQueue task cost before running: 692 ms 
[2026-09-10T20:55:40.099] [INFO] debug-file - Finished :entry:default@BuildJS... after 12 ms 
[2026-09-10T20:55:40.105] [DEBUG] debug-file - Executing task :entry:default@CacheNativeLibs
[2026-09-10T20:55:40.106] [DEBUG] debug-file - File: 'D:\HW\testproject\complete\6\entry\build\default\intermediates\binxo\default' from 'cacheBinxoNativeLibs' is not exists, just ignore.
[2026-09-10T20:55:40.107] [DEBUG] debug-file - Task 'entry:default@CacheNativeLibs' cost while wrapping incremental declarations: 2 ms 
[2026-09-10T20:55:40.110] [DEBUG] debug-file - Incremental task entry:default@CacheNativeLibs pre-execution cost: 3 ms .
[2026-09-10T20:55:40.111] [DEBUG] debug-file - entry : default@CacheNativeLibs cost memory 0.0830078125
[2026-09-10T20:55:40.111] [INFO] debug-file - UP-TO-DATE :entry:default@CacheNativeLibs...  
[2026-09-10T20:55:42.091] [DEBUG] debug-file - Ark compile task finished.finished time is 5977832138700
[2026-09-10T20:55:42.092] [DEBUG] debug-file - worker[4] has one work done.
[2026-09-10T20:55:42.096] [DEBUG] debug-file - default@CompileArkTS work[3] done.
[2026-09-10T20:55:42.100] [INFO] debug-file - Finished :entry:default@CompileArkTS... after 2 s 80 ms 
[2026-09-10T20:55:42.102] [DEBUG] debug-file - Executing task :entry:default@GeneratePkgModuleJson
[2026-09-10T20:55:42.102] [DEBUG] debug-file - File: 'D:\HW\testproject\complete\6\entry\build\default\intermediates\preload\default\preload.json' from 'preloadSoJsonPath' is not exists, just ignore.
[2026-09-10T20:55:42.102] [DEBUG] debug-file - Error occurs while handling @Input 'shouldDeduplicateHar': The "data" argument must be of type string or an instance of Buffer, TypedArray, or DataView. Received undefined
[2026-09-10T20:55:42.103] [DEBUG] debug-file - Task 'entry:default@GeneratePkgModuleJson' cost while wrapping incremental declarations: 1 ms 
[2026-09-10T20:55:42.104] [DEBUG] debug-file - Incremental task entry:default@GeneratePkgModuleJson pre-execution cost: 1 ms .
[2026-09-10T20:55:42.104] [DEBUG] debug-file - entry : default@GeneratePkgModuleJson cost memory 0.08284759521484375
[2026-09-10T20:55:42.104] [INFO] debug-file - UP-TO-DATE :entry:default@GeneratePkgModuleJson...  
[2026-09-10T20:55:42.105] [DEBUG] debug-file - Executing task :entry:default@ProcessCompiledResources
[2026-09-10T20:55:42.106] [DEBUG] debug-file - File: 'D:\HW\testproject\complete\6\entry\build\default\intermediates\preload\default\preload.json' from 'preloadSoJsonPath' is not exists, just ignore.
[2026-09-10T20:55:42.106] [DEBUG] debug-file - Task 'entry:default@ProcessCompiledResources' cost while wrapping incremental declarations: 1 ms 
[2026-09-10T20:55:42.107] [DEBUG] debug-file - entry : default@ProcessCompiledResources cost memory 0.0506591796875
[2026-09-10T20:55:42.107] [DEBUG] debug-file - runTaskFromQueue task cost before running: 2 s 702 ms 
[2026-09-10T20:55:42.107] [INFO] debug-file - Finished :entry:default@ProcessCompiledResources... after 2 ms 
[2026-09-10T20:55:42.109] [DEBUG] debug-file - Executing task :entry:default@PackageHap
[2026-09-10T20:55:42.121] [DEBUG] debug-file - entry:default@PackageHap is not up-to-date, since the input file 'D:\HW\testproject\complete\6\entry\build\default\intermediates\loader_out\default\ets' has been changed.
[2026-09-10T20:55:42.121] [DEBUG] debug-file - Incremental task entry:default@PackageHap pre-execution cost: 10 ms .
[2026-09-10T20:55:42.124] [DEBUG] debug-file - Use tool [E:\DevEco Studio\sdk\default\openharmony\toolchains\lib\app_packing_tool.jar]
 [
  'java',
  '-Dfile.encoding=GBK',
  '-jar',
  'E:\\DevEco Studio\\sdk\\default\\openharmony\\toolchains\\lib\\app_packing_tool.jar',
  '--mode',
  'hap',
  '--force',
  'true',
  '--lib-path',
  'D:\\HW\\testproject\\complete\\6\\entry\\build\\default\\intermediates\\stripped_native_libs\\default',
  '--json-path',
  'D:\\HW\\testproject\\complete\\6\\entry\\build\\default\\intermediates\\package\\default\\module.json',
  '--resources-path',
  'D:\\HW\\testproject\\complete\\6\\entry\\build\\default\\intermediates\\res\\default\\resources',
  '--index-path',
  'D:\\HW\\testproject\\complete\\6\\entry\\build\\default\\intermediates\\res\\default\\resources.index',
  '--pack-info-path',
  'D:\\HW\\testproject\\complete\\6\\entry\\build\\default\\outputs\\default\\pack.info',
  '--out-path',
  'D:\\HW\\testproject\\complete\\6\\entry\\build\\default\\outputs\\default\\entry-default-unsigned.hap',
  '--ets-path',
  'D:\\HW\\testproject\\complete\\6\\entry\\build\\default\\intermediates\\loader_out\\default\\ets',
  '--pkg-context-path',
  'D:\\HW\\testproject\\complete\\6\\entry\\build\\default\\intermediates\\loader\\default\\pkgContextInfo.json'
]
[2026-09-10T20:55:42.125] [DEBUG] debug-file - default@PackageHap work[4] is submitted.
[2026-09-10T20:55:42.125] [DEBUG] debug-file - default@PackageHap work[4] is pushed to ready queue.
[2026-09-10T20:55:42.125] [DEBUG] debug-file - A work dispatched to worker[15] failed because unable to get work from ready queue.
[2026-09-10T20:55:42.126] [DEBUG] debug-file - Create  resident worker with id: 14.
[2026-09-10T20:55:42.131] [DEBUG] debug-file - default@PackageHap work[4] has been dispatched to worker[14].
[2026-09-10T20:55:42.131] [DEBUG] debug-file - default@PackageHap work[4] is dispatched.
[2026-09-10T20:55:42.138] [DEBUG] debug-file - entry : default@PackageHap cost memory 0.449188232421875
[2026-09-10T20:55:44.905] [DEBUG] debug-file - current process  memoryUsage: {
  rss: 607989760,
  heapTotal: 78856192,
  heapUsed: 50528008,
  external: 3958577,
  arrayBuffers: 18671
} os memoryUsage :14.934444427490234
[2026-09-10T20:55:45.556] [DEBUG] debug-file - worker[14] has one work done.
[2026-09-10T20:55:45.556] [DEBUG] debug-file - default@PackageHap work[4] done.
[2026-09-10T20:55:45.557] [DEBUG] debug-file - A work dispatched to worker[14] failed because unable to get work from ready queue.
[2026-09-10T20:55:45.559] [INFO] debug-file - Finished :entry:default@PackageHap... after 698 ms 
[2026-09-10T20:55:45.561] [DEBUG] debug-file - Executing task :entry:default@PackingCheck
[2026-09-10T20:55:45.570] [DEBUG] debug-file - entry : default@PackingCheck cost memory 0.2849273681640625
[2026-09-10T20:55:45.570] [DEBUG] debug-file - runTaskFromQueue task cost before running: 6 s 166 ms 
[2026-09-10T20:55:45.571] [INFO] debug-file - Finished :entry:default@PackingCheck... after 9 ms 
[2026-09-10T20:55:45.574] [DEBUG] debug-file - Executing task :entry:default@SignHap
[2026-09-10T20:55:45.574] [WARN] debug-file - Will skip sign 'hos_hap'. No signingConfigs profile is configured in current project.
             If needed, configure the signingConfigs in D:\HW\testproject\complete\6\build-profile.json5.
[2026-09-10T20:55:45.576] [DEBUG] debug-file - entry:default@SignHap is not up-to-date, since the input file 'D:\HW\testproject\complete\6\entry\build\default\outputs\default\entry-default-unsigned.hap' has been changed.
[2026-09-10T20:55:45.576] [DEBUG] debug-file - Incremental task entry:default@SignHap pre-execution cost: 2 ms .
[2026-09-10T20:55:45.577] [DEBUG] debug-file - entry : default@SignHap cost memory 0.0724029541015625
[2026-09-10T20:55:45.577] [DEBUG] debug-file - runTaskFromQueue task cost before running: 6 s 173 ms 
[2026-09-10T20:55:45.578] [INFO] debug-file - Finished :entry:default@SignHap... after 4 ms 
[2026-09-10T20:55:45.580] [DEBUG] debug-file - Executing task :entry:default@CollectDebugSymbol
[2026-09-10T20:55:45.583] [DEBUG] debug-file - entry : default@CollectDebugSymbol cost memory 0.07685089111328125
[2026-09-10T20:55:45.583] [DEBUG] debug-file - runTaskFromQueue task cost before running: 6 s 179 ms 
[2026-09-10T20:55:45.584] [INFO] debug-file - Finished :entry:default@CollectDebugSymbol... after 4 ms 
[2026-09-10T20:55:45.585] [DEBUG] debug-file - Executing task :entry:assembleHap
[2026-09-10T20:55:45.585] [DEBUG] debug-file - entry : assembleHap cost memory 0.01409149169921875
[2026-09-10T20:55:45.585] [DEBUG] debug-file - runTaskFromQueue task cost before running: 6 s 180 ms 
[2026-09-10T20:55:45.586] [INFO] debug-file - Finished :entry:assembleHap... after 1 ms 
[2026-09-10T20:55:45.588] [INFO] debug-file - BUILD SUCCESSFUL in 6 s 182 ms 
[2026-09-10T20:55:45.590] [DEBUG] debug-file - Update task entry:default@PreBuild input file:D:\HW\testproject\complete\6\AppScope\app.json5 cache by regenerate.
[2026-09-10T20:55:45.591] [DEBUG] debug-file - Update task entry:default@PreBuild input file:D:\HW\testproject\complete\6\entry\src\main\module.json5 cache by regenerate.
[2026-09-10T20:55:45.592] [DEBUG] debug-file - Update task entry:default@PreBuild input file:D:\HW\testproject\complete\6\build-profile.json5 cache by regenerate.
[2026-09-10T20:55:45.592] [DEBUG] debug-file - Update task entry:default@PreBuild input file:D:\HW\testproject\complete\6\entry\build-profile.json5 cache by regenerate.
[2026-09-10T20:55:45.592] [DEBUG] debug-file - Update task entry:default@PreBuild input file:D:\HW\testproject\complete\6\entry\src\main\resources\base\profile\route_map.json cache by regenerate.
[2026-09-10T20:55:45.593] [DEBUG] debug-file - Update task entry:default@PreBuild input file:D:\HW\testproject\complete\6\entry\src\main\resources\base\profile\main_pages.json cache by regenerate.
[2026-09-10T20:55:45.593] [DEBUG] debug-file - Update task entry:default@PreBuild input file:D:\HW\testproject\complete\6\hvigor\hvigor-config.json5 cache by regenerate.
[2026-09-10T20:55:45.594] [DEBUG] debug-file - Update task entry:default@PreBuild input file:D:\HW\testproject\complete\6\entry\src\mock\mock-config.json5 cache by regenerate.
[2026-09-10T20:55:45.594] [DEBUG] debug-file - Update task entry:default@PreBuild input file:D:\HW\testproject\complete\6\entry\oh-package.json5 cache by regenerate.
[2026-09-10T20:55:45.594] [DEBUG] debug-file - Update task entry:default@PreBuild input file:D:\HW\testproject\complete\6\oh-package.json5 cache by regenerate.
[2026-09-10T20:55:45.595] [DEBUG] debug-file - Incremental task entry:default@PreBuild post-execution cost:7 ms .
[2026-09-10T20:55:45.595] [DEBUG] debug-file - Update task entry:default@CreateModuleInfo output file:D:\HW\testproject\complete\6\entry\build\default\generated\profile\default\ModuleInfo.ts cache.
[2026-09-10T20:55:45.596] [DEBUG] debug-file - Incremental task entry:default@CreateModuleInfo post-execution cost:1 ms .
[2026-09-10T20:55:45.596] [DEBUG] debug-file - There is no need to refresh cache, since the incremental task entry:default@GenerateMetadata is up-to-date.
[2026-09-10T20:55:45.596] [DEBUG] debug-file - There is no need to refresh cache, since the incremental task entry:default@MergeProfile is up-to-date.
[2026-09-10T20:55:45.596] [DEBUG] debug-file - There is no need to refresh cache, since the incremental task entry:default@CreateBuildProfile is up-to-date.
[2026-09-10T20:55:45.596] [DEBUG] debug-file - There is no need to refresh cache, since the incremental task entry:default@GeneratePkgContextInfo is up-to-date.
[2026-09-10T20:55:45.597] [DEBUG] debug-file - Update task entry:default@GeneratePkgSdkInfo output file:D:\HW\testproject\complete\6\entry\build\default\intermediates\loader\default\pkgSdkInfo.json cache.
[2026-09-10T20:55:45.597] [DEBUG] debug-file - Incremental task entry:default@GeneratePkgSdkInfo post-execution cost:1 ms .
[2026-09-10T20:55:45.597] [DEBUG] debug-file - Update task entry:default@ProcessIntegratedHsp output file:D:\HW\testproject\complete\6\build\cache\default\integrated_hsp\integratedHspCache.json cache.
[2026-09-10T20:55:45.598] [DEBUG] debug-file - Incremental task entry:default@ProcessIntegratedHsp post-execution cost:1 ms .
[2026-09-10T20:55:45.598] [DEBUG] debug-file - There is no need to refresh cache, since the incremental task entry:default@MakePackInfo is up-to-date.
[2026-09-10T20:55:45.598] [DEBUG] debug-file - Update task entry:default@SyscapTransform input file:E:\DevEco Studio\sdk\default\openharmony\toolchains\syscap_tool.exe cache by regenerate.
[2026-09-10T20:55:45.599] [DEBUG] debug-file - Update task entry:default@SyscapTransform input file:E:\DevEco Studio\sdk\default\openharmony\ets\api\device-define cache by regenerate.
[2026-09-10T20:55:45.601] [DEBUG] debug-file - Update task entry:default@SyscapTransform output file:D:\HW\testproject\complete\6\entry\build\default\intermediates\syscap\default\rpcid.sc cache.
[2026-09-10T20:55:45.602] [DEBUG] debug-file - Incremental task entry:default@SyscapTransform post-execution cost:4 ms .
[2026-09-10T20:55:45.602] [DEBUG] debug-file - There is no need to refresh cache, since the incremental task entry:default@ProcessProfile is up-to-date.
[2026-09-10T20:55:45.602] [DEBUG] debug-file - There is no need to refresh cache, since the incremental task entry:default@ProcessRouterMap is up-to-date.
[2026-09-10T20:55:45.602] [DEBUG] debug-file - There is no need to refresh cache, since the incremental task entry:default@ProcessShareConfig is up-to-date.
[2026-09-10T20:55:45.603] [DEBUG] debug-file - Update task entry:default@ProcessStartupConfig input file:D:\HW\testproject\complete\6\entry\build\default\intermediates\loader\default\pkgContextInfo.json cache by regenerate.
[2026-09-10T20:55:45.603] [DEBUG] debug-file - Update task entry:default@ProcessStartupConfig output file:D:\HW\testproject\complete\6\entry\build\default\intermediates\startup\default\startup_config.json cache.
[2026-09-10T20:55:45.604] [DEBUG] debug-file - Incremental task entry:default@ProcessStartupConfig post-execution cost:2 ms .
[2026-09-10T20:55:45.604] [DEBUG] debug-file - There is no need to refresh cache, since the incremental task entry:default@ProcessResource is up-to-date.
[2026-09-10T20:55:45.608] [DEBUG] debug-file - Update task entry:default@GenerateLoaderJson input file:D:\HW\testproject\complete\6\entry\src\mock\mock-config.json5 cache by regenerate.
[2026-09-10T20:55:45.609] [DEBUG] debug-file - Update task entry:default@GenerateLoaderJson input file:D:\HW\testproject\complete\6\entry\build\default\intermediates\loader\default\pkgContextInfo.json cache by regenerate.
[2026-09-10T20:55:45.609] [DEBUG] debug-file - Update task entry:default@GenerateLoaderJson input file:D:\HW\testproject\complete\6\entry\build\default\intermediates\router_map\default\loader-router-map.json cache by regenerate.
[2026-09-10T20:55:45.610] [DEBUG] debug-file - Update task entry:default@GenerateLoaderJson input file:D:\HW\testproject\complete\6\entry\build\default\intermediates\router_map\default\route_map.json cache by regenerate.
[2026-09-10T20:55:45.611] [DEBUG] debug-file - Update task entry:default@GenerateLoaderJson output file:D:\HW\testproject\complete\6\entry\build\default\intermediates\loader\default\loader.json cache.
[2026-09-10T20:55:45.612] [DEBUG] debug-file - Incremental task entry:default@GenerateLoaderJson post-execution cost:8 ms .
[2026-09-10T20:55:45.613] [DEBUG] debug-file - There is no need to refresh cache, since the incremental task entry:default@ProcessLibs is up-to-date.
[2026-09-10T20:55:45.613] [DEBUG] debug-file - There is no need to refresh cache, since the incremental task entry:default@CompileResource is up-to-date.
[2026-09-10T20:55:45.613] [DEBUG] debug-file - There is no need to refresh cache, since the incremental task entry:default@DoNativeStrip is up-to-date.
[2026-09-10T20:55:45.618] [DEBUG] debug-file - Update task entry:default@CompileArkTS input file:D:\HW\testproject\complete\6\entry\build\default\intermediates\loader\default cache from map.
[2026-09-10T20:55:45.618] [DEBUG] debug-file - Update task entry:default@CompileArkTS input file:D:\HW\testproject\complete\6\entry\build\default\intermediates\res\default\resources\rawfile cache by regenerate.
[2026-09-10T20:55:45.620] [DEBUG] debug-file - Update task entry:default@CompileArkTS input file:D:\HW\testproject\complete\6\entry\build\default\intermediates\res\default\ResourceTable.txt cache by regenerate.
[2026-09-10T20:55:45.620] [DEBUG] debug-file - Update task entry:default@CompileArkTS input file:D:\HW\testproject\complete\6\entry\build\default\intermediates\res\default\ark_module.json cache by regenerate.
[2026-09-10T20:55:45.621] [DEBUG] debug-file - Update task entry:default@CompileArkTS input file:D:\HW\testproject\complete\6\entry\build\default\intermediates\res\default\resources\base\profile cache by regenerate.
[2026-09-10T20:55:45.622] [DEBUG] debug-file - Update task entry:default@CompileArkTS input file:D:\HW\testproject\complete\6\entry\src\main\ets cache by regenerate.
[2026-09-10T20:55:45.626] [DEBUG] debug-file - Update task entry:default@CompileArkTS input file:D:\HW\testproject\complete\6\entry\build\default\intermediates\loader\default\pkgContextInfo.json cache by regenerate.
[2026-09-10T20:55:45.627] [DEBUG] debug-file - Update task entry:default@CompileArkTS input file:D:\HW\testproject\complete\6\entry\build\default\generated\profile\default\BuildProfile.ets cache by regenerate.
[2026-09-10T20:55:45.627] [DEBUG] debug-file - Update task entry:default@CompileArkTS input file:D:\HW\testproject\complete\6\entry\src\mock\mock-config.json5 cache by regenerate.
[2026-09-10T20:55:45.628] [DEBUG] debug-file - Update task entry:default@CompileArkTS output file:D:\HW\testproject\complete\6\entry\build\default\intermediates\loader_out\default\ets cache.
[2026-09-10T20:55:45.630] [DEBUG] debug-file - Incremental task entry:default@CompileArkTS post-execution cost:17 ms .
[2026-09-10T20:55:45.632] [DEBUG] debug-file - Update task entry:default@BuildJS input file:D:\HW\testproject\complete\6\entry\build\default\intermediates\loader\default cache by regenerate.
[2026-09-10T20:55:45.634] [DEBUG] debug-file - Update task entry:default@BuildJS input file:D:\HW\testproject\complete\6\entry\build\default\intermediates\res\default\resources\rawfile cache by regenerate.
[2026-09-10T20:55:45.635] [DEBUG] debug-file - Update task entry:default@BuildJS input file:D:\HW\testproject\complete\6\entry\build\default\intermediates\res\default\ResourceTable.txt cache by regenerate.
[2026-09-10T20:55:45.635] [DEBUG] debug-file - Update task entry:default@BuildJS input file:D:\HW\testproject\complete\6\entry\build\default\intermediates\res\default\ark_module.json cache by regenerate.
[2026-09-10T20:55:45.636] [DEBUG] debug-file - Update task entry:default@BuildJS input file:D:\HW\testproject\complete\6\entry\build\default\intermediates\res\default\resources\base\profile cache by regenerate.
[2026-09-10T20:55:45.637] [DEBUG] debug-file - Update task entry:default@BuildJS input file:D:\HW\testproject\complete\6\entry\build\default\intermediates\loader\default\pkgContextInfo.json cache by regenerate.
[2026-09-10T20:55:45.637] [DEBUG] debug-file - Update task entry:default@BuildJS output file:D:\HW\testproject\complete\6\entry\build\default\intermediates\loader_out\default\js cache.
[2026-09-10T20:55:45.638] [DEBUG] debug-file - Incremental task entry:default@BuildJS post-execution cost:9 ms .
[2026-09-10T20:55:45.638] [DEBUG] debug-file - There is no need to refresh cache, since the incremental task entry:default@CacheNativeLibs is up-to-date.
[2026-09-10T20:55:45.638] [DEBUG] debug-file - There is no need to refresh cache, since the incremental task entry:default@GeneratePkgModuleJson is up-to-date.
[2026-09-10T20:55:45.639] [DEBUG] debug-file - Incremental task entry:default@ProcessCompiledResources post-execution cost:1 ms .
[2026-09-10T20:55:45.641] [DEBUG] debug-file - Update task entry:default@PackageHap input file:D:\HW\testproject\complete\6\entry\build\default\outputs\default\pack.info cache by regenerate.
[2026-09-10T20:55:45.642] [DEBUG] debug-file - Update task entry:default@PackageHap input file:D:\HW\testproject\complete\6\entry\build\default\intermediates\stripped_native_libs\default cache by regenerate.
[2026-09-10T20:55:45.642] [DEBUG] debug-file - Update task entry:default@PackageHap input file:D:\HW\testproject\complete\6\entry\build\default\intermediates\res\default\module.json cache by regenerate.
[2026-09-10T20:55:45.643] [DEBUG] debug-file - Update task entry:default@PackageHap input file:D:\HW\testproject\complete\6\entry\build\default\intermediates\res\default\resources cache by regenerate.
[2026-09-10T20:55:45.646] [DEBUG] debug-file - Update task entry:default@PackageHap input file:D:\HW\testproject\complete\6\entry\build\default\intermediates\res\default\resources.index cache by regenerate.
[2026-09-10T20:55:45.646] [DEBUG] debug-file - Update task entry:default@PackageHap input file:D:\HW\testproject\complete\6\entry\build\default\intermediates\loader_out\default\ets cache from map.
[2026-09-10T20:55:45.647] [DEBUG] debug-file - Update task entry:default@PackageHap input file:D:\HW\testproject\complete\6\entry\build\default\intermediates\loader\default\pkgContextInfo.json cache by regenerate.
[2026-09-10T20:55:45.647] [DEBUG] debug-file - Update task entry:default@PackageHap input file:D:\HW\testproject\complete\6\entry\build\default\intermediates\package\default\module.json cache by regenerate.
[2026-09-10T20:55:45.647] [DEBUG] debug-file - Update task entry:default@PackageHap input file:D:\HW\testproject\complete\6\entry\build\default\intermediates\loader_out\default\ets\sourceMaps.map cache by regenerate.
[2026-09-10T20:55:45.648] [DEBUG] debug-file - Update task entry:default@PackageHap input file:D:\HW\testproject\complete\6\entry\build\default\generated\profile\default\BuildProfile.ets cache by regenerate.
[2026-09-10T20:55:45.648] [DEBUG] debug-file - Update task entry:default@PackageHap output file:D:\HW\testproject\complete\6\entry\build\default\outputs\default\entry-default-unsigned.hap cache.
[2026-09-10T20:55:45.648] [DEBUG] debug-file - Update task entry:default@PackageHap output file:D:\HW\testproject\complete\6\entry\build\default\intermediates\source_map\default\sourceMaps.map cache.
[2026-09-10T20:55:45.649] [DEBUG] debug-file - Update task entry:default@PackageHap output file:D:\HW\testproject\complete\6\entry\build\default\outputs\default\mapping\sourceMaps.map cache.
[2026-09-10T20:55:45.649] [DEBUG] debug-file - Incremental task entry:default@PackageHap post-execution cost:11 ms .
[2026-09-10T20:55:45.649] [DEBUG] debug-file - Update task entry:default@SignHap input file:D:\HW\testproject\complete\6\entry\build\default\outputs\default\entry-default-unsigned.hap cache from map.
[2026-09-10T20:55:45.650] [DEBUG] debug-file - Update task entry:default@SignHap output file:D:\HW\testproject\complete\6\entry\build\default\outputs\default\entry-default-signed.hap cache.
[2026-09-10T20:55:45.650] [DEBUG] debug-file - Incremental task entry:default@SignHap post-execution cost:2 ms .
[2026-09-10T20:55:45.651] [DEBUG] debug-file - Update task entry:default@CollectDebugSymbol input file:D:\HW\testproject\complete\6\entry\build\default\intermediates\loader_out\default\ets\sourceMaps.map cache by regenerate.
[2026-09-10T20:55:45.652] [DEBUG] debug-file - Update task entry:default@CollectDebugSymbol input file:D:\HW\testproject\complete\6\entry\build\default\intermediates\libs\default cache by regenerate.
[2026-09-10T20:55:45.652] [DEBUG] debug-file - Update task entry:default@CollectDebugSymbol output file:D:\HW\testproject\complete\6\entry\build\default\outputs\default\symbol cache.
[2026-09-10T20:55:45.653] [DEBUG] debug-file - Incremental task entry:default@CollectDebugSymbol post-execution cost:3 ms .
[2026-09-10T20:55:45.669] [DEBUG] debug-file - Cleanup worker 14.
[2026-09-10T20:55:45.672] [DEBUG] debug-file - hvigor build process will be closed.
[2026-09-10T20:55:45.680] [DEBUG] debug-file - worker[14] exits with exit code 1.
[2026-09-10T20:55:45.681] [DEBUG] debug-file - Worker 14 has been cleaned up.
[2026-09-10T20:55:45.681] [DEBUG] debug-file - Current idle worker size: 1.
[2026-09-10T20:55:45.681] [DEBUG] debug-file - Current resident worker size: 1.
[2026-09-10T20:55:45.691] [DEBUG] debug-file - session manager: send message to worker process. WorkerThreadId: 0, data: {"type":"hvigor_failed","reason":"Server has disconnected."}
[2026-09-10T20:55:45.701] [DEBUG] debug-file - session manager: send message to worker process. WorkerThreadId: 0, data: {"type":"CloseWatch","reason":"Server has disconnected."}
[2026-09-10T20:55:45.693] [DEBUG] debug-file - watch worker: worker id should be larger than 0. Nothing will be sent to any worker thread.
[2026-09-10T20:55:45.693] [DEBUG] debug-file - ABORT_WORK sent to workers.
[2026-09-10T20:55:45.703] [DEBUG] debug-file - watch worker: worker id should be larger than 0. Nothing will be sent to any worker thread.
