[2026-09-10T21:18:29.002] [DEBUG] debug-file - env: nodejsVersion=v24.14.1
[2026-09-10T21:18:29.369] [DEBUG] debug-file - Hvigor init with startParameters:{
  hvigorfileTypeCheck: false,
  parallelExecution: true,
  incrementalExecution: true,
  printStackTrace: false,
  daemon: false,
  analyze: 0,
  logLevel: Level { level: 20000, levelStr: 'INFO', colour: 'green' },
  optimizationStrategy: 'memory',
  hotCompile: undefined,
  hotReloadBuild: undefined,
  customizedParam: undefined
}
[2026-09-10T21:18:31.108] [DEBUG] debug-file - Starting plugin build process
[2026-09-10T21:18:31.106] [DEBUG] debug-file - hvigorfile, require result:  { default: { system: [Function: appTasks], plugins: [] } }
[2026-09-10T21:18:31.320] [DEBUG] debug-file - Obtain build option for product 'default'in this build.
[2026-09-10T21:18:31.314] [DEBUG] debug-file - App plugin register hook start...
[2026-09-10T21:18:31.346] [DEBUG] debug-file - Start recording SDK configuration permission data.
[2026-09-10T21:18:31.412] [DEBUG] debug-file - failed to load cangjie to dynamically generate schemas: Error: Cannot find module '@ohos/cangjie-build-support/index'
Require stack:
- E:\DevEco Studio\tools\hvigor\hvigor-ohos-plugin\src\plugin\hooks\cangjie-register.js
- E:\DevEco Studio\tools\hvigor\hvigor-ohos-plugin\src\plugin\strategy\stage-init-strategy.js
- E:\DevEco Studio\tools\hvigor\hvigor-ohos-plugin\src\plugin\builder\abstract-plugin-builder.js
- E:\DevEco Studio\tools\hvigor\hvigor-ohos-plugin\src\plugin\builder\app-plugin-builder.js
- E:\DevEco Studio\tools\hvigor\hvigor-ohos-plugin\src\plugin\factory\plugin-factory.js
- E:\DevEco Studio\tools\hvigor\hvigor-ohos-plugin\index.js
- D:\HW\testproject\complete\8\ImmersiveLightDemo\hvigorfile.ts
- E:\DevEco Studio\tools\hvigor\hvigor\src\base\internal\lifecycle\configuration.js
- E:\DevEco Studio\tools\hvigor\hvigor\src\base\boot\index.js
- E:\DevEco Studio\tools\hvigor\hvigor\src\cli\main\cli.js
- E:\DevEco Studio\tools\hvigor\hvigor\bin\hvigor.js
[2026-09-10T21:18:31.402] [DEBUG] debug-file - Project task initialization takes 9 ms 
[2026-09-10T21:18:31.431] [DEBUG] debug-file - Start initialize module-target build option map, moduleName=entry, buildMode=debug
[2026-09-10T21:18:31.440] [DEBUG] debug-file - project has submodules:entry
[2026-09-10T21:18:31.477] [DEBUG] debug-file - entry : clean cost memory 0.16423797607421875
[2026-09-10T21:18:29.003] [DEBUG] debug-file - env: hvigor-config.json5 content = {
  modelVersion: '6.0.1',
  dependencies: {},
  execution: {},
  logging: {},
  debugging: {},
  nodeOptions: {}
}
[2026-09-10T21:18:31.464] [DEBUG] debug-file - Start to initialize dependency information.
[2026-09-10T21:18:31.441] [DEBUG] debug-file - start to load updatedOhPackageInfo to the disk
[2026-09-10T21:18:31.522] [DEBUG] debug-file - Create  resident worker with id: 0.
[2026-09-10T21:18:29.370] [DEBUG] debug-file - Since current hvigor version 6.26.4 differs from last hvigor version 
      undefined, delete file-cache.json and task-cache.json.
[2026-09-10T21:18:31.108] [DEBUG] debug-file - App plugin prepare start...
[2026-09-10T21:18:31.107] [DEBUG] debug-file - hvigorfile, binding system plugins [Function: appTasks]
[2026-09-10T21:18:31.334] [DEBUG] debug-file - No signingConfig found, initRemoteHspCache failed.
[2026-09-10T21:18:31.315] [DEBUG] debug-file - App plugin register hook end...
[2026-09-10T21:18:31.390] [DEBUG] debug-file - Sdk init in 54 ms 
[2026-09-10T21:18:31.402] [DEBUG] debug-file - hvigorfile, begin to bind custom plugins...
[2026-09-10T21:18:31.431] [DEBUG] debug-file - Target 'default' config initialized
[2026-09-10T21:18:31.477] [DEBUG] debug-file - runTaskFromQueue task cost before running: 2 s 120 ms 
[2026-09-10T21:18:29.005] [DEBUG] debug-file - env: daemon=false
[2026-09-10T21:18:31.467] [DEBUG] debug-file - Module entry Collected Dependency: 
[2026-09-10T21:18:31.445] [DEBUG] debug-file - load to the disk finished
[2026-09-10T21:18:31.528] [DEBUG] debug-file - Create  resident worker with id: 1.
[2026-09-10T21:18:29.370] [DEBUG] debug-file - Cache service initialization finished in 1 ms 
[2026-09-10T21:18:31.108] [DEBUG] debug-file - App plugin prepare end...
[2026-09-10T21:18:31.337] [DEBUG] debug-file - Local scan or download HarmonyOS sdk components toolchains,ets,js,native,previewer
[2026-09-10T21:18:31.315] [DEBUG] debug-file - Plugin build process completed
[2026-09-10T21:18:31.403] [DEBUG] debug-file - hvigorfile, no custom plugins were found in D:\HW\testproject\complete\8\ImmersiveLightDemo\hvigorfile.ts
[2026-09-10T21:18:31.432] [DEBUG] debug-file - Target 'ohosTest' config initialized
[2026-09-10T21:18:29.005] [DEBUG] debug-file - no-daemon, use the parent process.execArgv --max-old-space-size=8192,--max-semi-space-size=16,--expose-gc
[2026-09-10T21:18:31.447] [DEBUG] debug-file - Start to initialize dependency information.
[2026-09-10T21:18:31.479] [INFO] debug-file - Finished :entry:clean... after 3 ms 
[2026-09-10T21:18:31.467] [DEBUG] debug-file - Module entry's total dependency: 0
[2026-09-10T21:18:31.534] [DEBUG] debug-file - Current worker pool is stopped or closed.
[2026-09-10T21:18:29.372] [DEBUG] debug-file - hvigorfile, resolving D:\HW\testproject\complete\8\ImmersiveLightDemo\hvigorfile.ts
[2026-09-10T21:18:31.108] [DEBUG] debug-file - App plugin creating...
[2026-09-10T21:18:31.341] [DEBUG] debug-file - Local scan or download hmscore sdk components toolchains,ets,native
[2026-09-10T21:18:31.316] [DEBUG] debug-file - Start initialize project's product build option map with build mode debug.
[2026-09-10T21:18:31.403] [DEBUG] debug-file - hvigorfile, resolve finished D:\HW\testproject\complete\8\ImmersiveLightDemo\hvigorfile.ts
[2026-09-10T21:18:31.432] [DEBUG] debug-file - Module 'entry' target 'default' build option initialized
[2026-09-10T21:18:31.462] [DEBUG] debug-file - Module ImmersiveLightDemo Collected Dependency: 
[2026-09-10T21:18:31.479] [DEBUG] debug-file - Executing task ::clean
[2026-09-10T21:18:31.535] [DEBUG] debug-file - Clear worker 0.
[2026-09-10T21:18:31.471] [DEBUG] debug-file - Configuration phase cost:2 s 101 ms 
[2026-09-10T21:18:31.316] [DEBUG] debug-file - Picking option from product 'default' with build mode 'debug'.
[2026-09-10T21:18:31.479] [DEBUG] debug-file - clean: Worker pool is inactive.
[2026-09-10T21:18:31.403] [DEBUG] debug-file - hvigorfile, resolving D:\HW\testproject\complete\8\ImmersiveLightDemo\entry\hvigorfile.ts
[2026-09-10T21:18:31.462] [DEBUG] debug-file - Module ImmersiveLightDemo's total dependency: 0
[2026-09-10T21:18:31.432] [DEBUG] debug-file - Module 'entry' target 'ohosTest' build option initialized
[2026-09-10T21:18:31.535] [DEBUG] debug-file - Clear worker 1.
[2026-09-10T21:18:31.474] [DEBUG] debug-file - Configuration task cost before running: 2 s 117 ms 
[2026-09-10T21:18:31.316] [DEBUG] debug-file - Product 'default' build option initialized
[2026-09-10T21:18:31.480] [DEBUG] debug-file - ImmersiveLightDemo : clean cost memory 0.0251312255859375
[2026-09-10T21:18:31.410] [DEBUG] debug-file - hvigorfile, require result:  { default: { system: [Function: hapTasks], plugins: [] } }
[2026-09-10T21:18:31.539] [DEBUG] debug-file - hvigor build process will be closed.
[2026-09-10T21:18:31.432] [DEBUG] debug-file - End initialize module-target build option map, moduleName=entry
[2026-09-10T21:18:31.474] [DEBUG] debug-file - Executing task :entry:clean
[2026-09-10T21:18:31.316] [DEBUG] debug-file - End initialize project's product build option map with build mode 'debug'.
[2026-09-10T21:18:31.480] [DEBUG] debug-file - runTaskFromQueue task cost before running: 2 s 123 ms 
[2026-09-10T21:18:31.432] [DEBUG] debug-file - Start initialize module-target build option map, moduleName=entry, buildMode=release
[2026-09-10T21:18:31.410] [DEBUG] debug-file - hvigorfile, binding system plugins [Function: hapTasks]
[2026-09-10T21:18:31.563] [DEBUG] debug-file - worker[0] exits with exit code 0.
[2026-09-10T21:18:31.475] [DEBUG] debug-file - clean: Worker pool is inactive.
[2026-09-10T21:18:31.480] [INFO] debug-file - Finished ::clean... after 1 ms 
[2026-09-10T21:18:31.432] [DEBUG] debug-file - Target 'default' config initialized
[2026-09-10T21:18:31.410] [DEBUG] debug-file - Starting plugin build process
[2026-09-10T21:18:31.564] [DEBUG] debug-file - Worker 0 has been cleared.
[2026-09-10T21:18:31.480] [DEBUG] debug-file - Executing task :entry:init
[2026-09-10T21:18:31.433] [DEBUG] debug-file - Target 'ohosTest' config initialized
[2026-09-10T21:18:31.410] [DEBUG] debug-file - Hap plugin creating...
[2026-09-10T21:18:31.564] [DEBUG] debug-file - Current idle worker size: 0.
[2026-09-10T21:18:31.481] [DEBUG] debug-file - entry : init cost memory 0.019287109375
[2026-09-10T21:18:31.433] [DEBUG] debug-file - Module 'entry' target 'default' build option initialized
[2026-09-10T21:18:31.564] [DEBUG] debug-file - Current busy worker size: 0.
[2026-09-10T21:18:31.481] [DEBUG] debug-file - runTaskFromQueue task cost before running: 2 s 124 ms 
[2026-09-10T21:18:31.433] [DEBUG] debug-file - Module 'entry' target 'ohosTest' build option initialized
[2026-09-10T21:18:31.565] [DEBUG] debug-file - worker[1] exits with exit code 0.
[2026-09-10T21:18:31.481] [INFO] debug-file - Finished :entry:init... after 1 ms 
[2026-09-10T21:18:31.433] [DEBUG] debug-file - End initialize module-target build option map, moduleName=entry
[2026-09-10T21:18:31.565] [DEBUG] debug-file - Worker 1 has been cleared.
[2026-09-10T21:18:31.433] [DEBUG] debug-file - Start initialize module-target build option map, moduleName=entry, buildMode=debug
[2026-09-10T21:18:31.481] [DEBUG] debug-file - Executing task ::init
[2026-09-10T21:18:31.565] [DEBUG] debug-file - Current idle worker size: 0.
[2026-09-10T21:18:31.433] [DEBUG] debug-file - Target 'default' config initialized
[2026-09-10T21:18:31.481] [DEBUG] debug-file - ImmersiveLightDemo : init cost memory 0.0159912109375
[2026-09-10T21:18:31.565] [DEBUG] debug-file - Current busy worker size: 0.
[2026-09-10T21:18:31.433] [DEBUG] debug-file - Target 'ohosTest' config initialized
[2026-09-10T21:18:31.481] [DEBUG] debug-file - runTaskFromQueue task cost before running: 2 s 124 ms 
[2026-09-10T21:18:31.481] [INFO] debug-file - Finished ::init... after 1 ms 
[2026-09-10T21:18:31.568] [DEBUG] debug-file - Current worker pool is terminated.
[2026-09-10T21:18:31.433] [DEBUG] debug-file - Module 'entry' target 'default' build option initialized
[2026-09-10T21:18:31.487] [DEBUG] debug-file - Obtain build option for module 'entry' target 'default'in this build.
[2026-09-10T21:18:31.568] [DEBUG] debug-file - Current worker pool is terminated.
[2026-09-10T21:18:31.433] [DEBUG] debug-file - Module 'entry' target 'ohosTest' build option initialized
[2026-09-10T21:18:31.488] [DEBUG] debug-file - Obtain build option for module 'entry' target 'ohosTest'in this build.
[2026-09-10T21:18:31.433] [DEBUG] debug-file - End initialize module-target build option map, moduleName=entry
[2026-09-10T21:18:31.433] [DEBUG] debug-file - Obtain build option for module 'entry' target 'default'in this build.
[2026-09-10T21:18:31.515] [DEBUG] debug-file - Since there is no instance or instance is terminated, create a new worker pool.
[2026-09-10T21:18:31.438] [DEBUG] debug-file - Module entry task initialization takes 4 ms 
[2026-09-10T21:18:31.516] [DEBUG] debug-file - Worker pool is initialized with config:  {
  minPoolNum: 2,
  maxPoolNum: undefined,
  maxCoreSize: undefined,
  cacheCapacity: undefined,
  cacheTtl: undefined
}
[2026-09-10T21:18:31.438] [DEBUG] debug-file - Hap plugin register hook start...
[2026-09-10T21:18:31.438] [DEBUG] debug-file - Hap plugin register hook end...
[2026-09-10T21:18:31.438] [DEBUG] debug-file - Plugin build process completed
[2026-09-10T21:18:31.438] [DEBUG] debug-file - hvigorfile, begin to bind custom plugins...
[2026-09-10T21:18:31.438] [DEBUG] debug-file - hvigorfile, no custom plugins were found in D:\HW\testproject\complete\8\ImmersiveLightDemo\entry\hvigorfile.ts
[2026-09-10T21:18:31.438] [DEBUG] debug-file - hvigorfile, resolve finished D:\HW\testproject\complete\8\ImmersiveLightDemo\entry\hvigorfile.ts
[2026-09-10T21:20:50.453] [DEBUG] debug-file - env: nodejsVersion=v24.14.1
[2026-09-10T21:20:50.586] [DEBUG] debug-file - env: daemon=true
[2026-09-10T21:20:50.454] [DEBUG] debug-file - env: hvigor-config.json5 content = {
  modelVersion: '6.0.1',
  dependencies: {},
  execution: {},
  logging: {},
  debugging: {},
  nodeOptions: {}
}
[2026-09-10T21:20:51.317] [DEBUG] debug-file - hvigor java daemon: Starting java daemon. jvmXmxValue=512m, jarPath=E:\DevEco Studio\tools\hvigor\hvigor\lib\hvigor-java-daemon.jar
[2026-09-10T21:20:51.318] [DEBUG] debug-file - hvigor java daemon: Read cache file, 
    port=45050, pid=5888, sessionId exists=true
[2026-09-10T21:20:51.374] [DEBUG] debug-file - hvigor java daemon: tryConnect success
[2026-09-10T21:20:51.418] [DEBUG] debug-file - session manager: set active socket. socketId=TiWCUBGaUAVYNLR0AAAB
[2026-09-10T21:20:52.237] [DEBUG] debug-file - watch worker: worker id should be larger than 0. Nothing will be sent to any worker thread.
[2026-09-10T21:20:52.245] [DEBUG] debug-file - Since there is no instance or instance is terminated, create a new worker pool.
[2026-09-10T21:20:52.245] [DEBUG] debug-file - Worker pool is initialized with config:  {
  minPoolNum: 2,
  maxPoolNum: undefined,
  maxCoreSize: undefined,
  cacheCapacity: undefined,
  cacheTtl: undefined
}
[2026-09-10T21:20:52.246] [DEBUG] debug-file - Create  resident worker with id: 0.
[2026-09-10T21:20:52.250] [DEBUG] debug-file - Create  resident worker with id: 1.
[2026-09-10T21:20:52.254] [DEBUG] debug-file - Workers' log level updated to INFO
[2026-09-10T21:20:52.265] [DEBUG] debug-file - Hvigor init with startParameters:{
  hvigorfileTypeCheck: false,
  parallelExecution: true,
  incrementalExecution: true,
  printStackTrace: false,
  daemon: true,
  analyze: 0,
  logLevel: Level { level: 20000, levelStr: 'INFO', colour: 'green' },
  optimizationStrategy: 'memory',
  hotCompile: undefined,
  hotReloadBuild: undefined,
  customizedParam: undefined
}
[2026-09-10T21:20:52.267] [DEBUG] debug-file - Cache service initialization finished in 2 ms 
[2026-09-10T21:20:52.270] [DEBUG] debug-file - hvigorfile, resolving D:\HW\testproject\complete\8\ImmersiveLightDemo\hvigorfile.ts
[2026-09-10T21:20:54.762] [DEBUG] debug-file - hvigorfile, require result:  { default: { plugins: [] } }
[2026-09-10T21:20:54.762] [DEBUG] debug-file - hvigorfile, binding system plugins null
[2026-09-10T21:20:54.763] [DEBUG] debug-file - Starting plugin build process
[2026-09-10T21:20:54.763] [DEBUG] debug-file - App plugin prepare start...
[2026-09-10T21:20:54.764] [DEBUG] debug-file - App plugin prepare end...
[2026-09-10T21:20:54.764] [DEBUG] debug-file - App plugin creating...
[2026-09-10T21:20:55.156] [DEBUG] debug-file - App plugin register hook start...
[2026-09-10T21:20:55.157] [DEBUG] debug-file - App plugin register hook end...
[2026-09-10T21:20:55.157] [DEBUG] debug-file - Plugin build process completed
[2026-09-10T21:20:55.174] [DEBUG] debug-file - Start initialize project's product build option map with build mode debug.
[2026-09-10T21:20:55.174] [DEBUG] debug-file - Picking option from product 'default' with build mode 'debug'.
[2026-09-10T21:20:55.176] [DEBUG] debug-file - Product 'default' build option initialized
[2026-09-10T21:20:55.176] [DEBUG] debug-file - End initialize project's product build option map with build mode 'debug'.
[2026-09-10T21:20:55.180] [DEBUG] debug-file - Obtain build option for product 'default'in this build.
[2026-09-10T21:20:55.199] [DEBUG] debug-file - No signingConfig found, initRemoteHspCache failed.
[2026-09-10T21:20:55.202] [DEBUG] debug-file - Local scan or download HarmonyOS sdk components toolchains,ets,js,native,previewer
[2026-09-10T21:20:55.206] [DEBUG] debug-file - Local scan or download hmscore sdk components toolchains,ets,native
[2026-09-10T21:20:55.209] [DEBUG] debug-file - Start recording SDK configuration permission data.
[2026-09-10T21:20:55.291] [DEBUG] debug-file - Sdk init in 91 ms 
[2026-09-10T21:20:55.301] [DEBUG] debug-file - Project task initialization takes 8 ms 
[2026-09-10T21:20:55.301] [DEBUG] debug-file - hvigorfile, begin to bind custom plugins...
[2026-09-10T21:20:55.301] [DEBUG] debug-file - hvigorfile, no custom plugins were found in D:\HW\testproject\complete\8\ImmersiveLightDemo\hvigorfile.ts
[2026-09-10T21:20:55.301] [DEBUG] debug-file - hvigorfile, resolve finished D:\HW\testproject\complete\8\ImmersiveLightDemo\hvigorfile.ts
[2026-09-10T21:20:55.302] [DEBUG] debug-file - hvigorfile, resolving D:\HW\testproject\complete\8\ImmersiveLightDemo\entry\hvigorfile.ts
[2026-09-10T21:20:55.319] [DEBUG] debug-file - hvigorfile, require result:  { default: { plugins: [] } }
[2026-09-10T21:20:55.320] [DEBUG] debug-file - hvigorfile, binding system plugins null
[2026-09-10T21:20:55.320] [DEBUG] debug-file - Starting plugin build process
[2026-09-10T21:20:55.320] [DEBUG] debug-file - Hap plugin creating...
[2026-09-10T21:20:55.323] [DEBUG] debug-file - failed to load cangjie to dynamically generate schemas: Error: Cannot find module '@ohos/cangjie-build-support/index'
Require stack:
- E:\DevEco Studio\tools\hvigor\hvigor-ohos-plugin\src\plugin\hooks\cangjie-register.js
- E:\DevEco Studio\tools\hvigor\hvigor-ohos-plugin\src\plugin\strategy\stage-init-strategy.js
- E:\DevEco Studio\tools\hvigor\hvigor-ohos-plugin\src\plugin\builder\abstract-plugin-builder.js
- E:\DevEco Studio\tools\hvigor\hvigor-ohos-plugin\src\plugin\builder\app-plugin-builder.js
- E:\DevEco Studio\tools\hvigor\hvigor-ohos-plugin\src\plugin\factory\plugin-factory.js
- E:\DevEco Studio\tools\hvigor\hvigor-ohos-plugin\index.js
- D:\HW\testproject\complete\8\ImmersiveLightDemo\hvigorfile.ts
- E:\DevEco Studio\tools\hvigor\hvigor\src\base\internal\lifecycle\configuration.js
- E:\DevEco Studio\tools\hvigor\hvigor\src\base\boot\index.js
- E:\DevEco Studio\tools\hvigor\hvigor\src\base\daemon\cluster\worker-process-lifecycle.js
- E:\DevEco Studio\tools\hvigor\hvigor\src\base\daemon\process\daemon-process-boot-script.js
[2026-09-10T21:20:55.353] [DEBUG] debug-file - Start initialize module-target build option map, moduleName=entry, buildMode=debug
[2026-09-10T21:20:55.353] [DEBUG] debug-file - Target 'default' config initialized
[2026-09-10T21:20:55.356] [DEBUG] debug-file - Target 'ohosTest' config initialized
[2026-09-10T21:20:55.356] [DEBUG] debug-file - Module 'entry' target 'default' build option initialized
[2026-09-10T21:20:55.357] [DEBUG] debug-file - Module 'entry' target 'ohosTest' build option initialized
[2026-09-10T21:20:55.357] [DEBUG] debug-file - End initialize module-target build option map, moduleName=entry
[2026-09-10T21:20:55.357] [DEBUG] debug-file - Start initialize module-target build option map, moduleName=entry, buildMode=release
[2026-09-10T21:20:55.357] [DEBUG] debug-file - Target 'default' config initialized
[2026-09-10T21:20:55.358] [DEBUG] debug-file - Target 'ohosTest' config initialized
[2026-09-10T21:20:55.358] [DEBUG] debug-file - Module 'entry' target 'default' build option initialized
[2026-09-10T21:20:55.358] [DEBUG] debug-file - Module 'entry' target 'ohosTest' build option initialized
[2026-09-10T21:20:55.358] [DEBUG] debug-file - End initialize module-target build option map, moduleName=entry
[2026-09-10T21:20:55.358] [DEBUG] debug-file - Start initialize module-target build option map, moduleName=entry, buildMode=debug
[2026-09-10T21:20:55.358] [DEBUG] debug-file - Target 'default' config initialized
[2026-09-10T21:20:55.359] [DEBUG] debug-file - Target 'ohosTest' config initialized
[2026-09-10T21:20:55.359] [DEBUG] debug-file - Module 'entry' target 'default' build option initialized
[2026-09-10T21:20:55.360] [DEBUG] debug-file - Module 'entry' target 'ohosTest' build option initialized
[2026-09-10T21:20:55.360] [DEBUG] debug-file - End initialize module-target build option map, moduleName=entry
[2026-09-10T21:20:55.360] [DEBUG] debug-file - Obtain build option for module 'entry' target 'default'in this build.
[2026-09-10T21:20:55.373] [DEBUG] debug-file - Module entry task initialization takes 11 ms 
[2026-09-10T21:20:55.373] [DEBUG] debug-file - Hap plugin register hook start...
[2026-09-10T21:20:55.374] [DEBUG] debug-file - Hap plugin register hook end...
[2026-09-10T21:20:55.374] [DEBUG] debug-file - Plugin build process completed
[2026-09-10T21:20:55.374] [DEBUG] debug-file - hvigorfile, begin to bind custom plugins...
[2026-09-10T21:20:55.374] [DEBUG] debug-file - hvigorfile, no custom plugins were found in D:\HW\testproject\complete\8\ImmersiveLightDemo\entry\hvigorfile.ts
[2026-09-10T21:20:55.374] [DEBUG] debug-file - hvigorfile, resolve finished D:\HW\testproject\complete\8\ImmersiveLightDemo\entry\hvigorfile.ts
[2026-09-10T21:20:55.422] [DEBUG] debug-file - hvigorfile, resolve hvigorfile dependencies in 47 ms 
[2026-09-10T21:20:55.422] [DEBUG] debug-file - project has submodules:entry
[2026-09-10T21:20:55.425] [DEBUG] debug-file - start to load updatedOhPackageInfo to the disk
[2026-09-10T21:20:55.428] [DEBUG] debug-file - load to the disk finished
[2026-09-10T21:20:55.431] [DEBUG] debug-file - Start to initialize dependency information.
[2026-09-10T21:20:55.450] [DEBUG] debug-file - Module ImmersiveLightDemo Collected Dependency: 
[2026-09-10T21:20:55.451] [DEBUG] debug-file - Module ImmersiveLightDemo's total dependency: 0
[2026-09-10T21:20:55.453] [DEBUG] debug-file - Start to initialize dependency information.
[2026-09-10T21:20:55.457] [DEBUG] debug-file - Module entry Collected Dependency: 
[2026-09-10T21:20:55.457] [DEBUG] debug-file - Module entry's total dependency: 0
[2026-09-10T21:20:55.463] [DEBUG] debug-file - Configuration phase cost:3 s 195 ms 
[2026-09-10T21:20:55.468] [DEBUG] debug-file - Configuration task cost before running: 3 s 214 ms 
[2026-09-10T21:20:55.469] [DEBUG] debug-file - Executing task ::PreBuildApp
[2026-09-10T21:20:55.472] [DEBUG] debug-file - ImmersiveLightDemo : PreBuildApp cost memory 0.0341796875
[2026-09-10T21:20:55.473] [DEBUG] debug-file - runTaskFromQueue task cost before running: 3 s 218 ms 
[2026-09-10T21:20:55.474] [INFO] debug-file - Finished ::PreBuildApp... after 4 ms 
[2026-09-10T21:20:55.490] [DEBUG] debug-file - Executing task :entry:default@PreBuild
[2026-09-10T21:20:55.498] [DEBUG] debug-file - Task 'entry:default@PreBuild' cost while wrapping incremental declarations: 1 ms 
[2026-09-10T21:20:55.818] [DEBUG] debug-file - current product is not Atomic service.
[2026-09-10T21:20:55.819] [DEBUG] debug-file - Use tool [win32: JAVA_HOME, CLASSPATH]
 [ { JAVA_HOME: 'E:\\Java\\jdk-21.0.11' }, { CLASSPATH: undefined } ]
[2026-09-10T21:20:55.820] [DEBUG] debug-file - Use tool [win32: NODE_HOME]
 [ { NODE_HOME: undefined } ]
[2026-09-10T21:20:55.821] [DEBUG] debug-file - entry : default@PreBuild cost memory -7.11737060546875
[2026-09-10T21:20:55.821] [DEBUG] debug-file - runTaskFromQueue task cost before running: 3 s 567 ms 
[2026-09-10T21:20:55.824] [INFO] debug-file - Finished :entry:default@PreBuild... after 332 ms 
[2026-09-10T21:20:55.824] [DEBUG] debug-file - Executing task ::DuplicateDependencyCheck
[2026-09-10T21:20:55.825] [DEBUG] debug-file - ImmersiveLightDemo : DuplicateDependencyCheck cost memory 0.0206756591796875
[2026-09-10T21:20:55.825] [DEBUG] debug-file - runTaskFromQueue task cost before running: 3 s 570 ms 
[2026-09-10T21:20:55.825] [INFO] debug-file - Finished ::DuplicateDependencyCheck... after 1 ms 
[2026-09-10T21:20:55.827] [DEBUG] debug-file - Executing task :entry:default@CreateModuleInfo
[2026-09-10T21:20:55.827] [DEBUG] debug-file - Task 'entry:default@CreateModuleInfo' cost while wrapping incremental declarations: 1 ms 
[2026-09-10T21:20:55.828] [DEBUG] debug-file - entry : default@CreateModuleInfo cost memory 0.064544677734375
[2026-09-10T21:20:55.828] [DEBUG] debug-file - runTaskFromQueue task cost before running: 3 s 574 ms 
[2026-09-10T21:20:55.829] [INFO] debug-file - Finished :entry:default@CreateModuleInfo... after 2 ms 
[2026-09-10T21:20:55.831] [DEBUG] debug-file - Executing task :entry:default@GenerateMetadata
[2026-09-10T21:20:55.832] [DEBUG] debug-file - Task 'entry:default@GenerateMetadata' cost while wrapping incremental declarations: 1 ms 
[2026-09-10T21:20:55.837] [DEBUG] debug-file - entry : default@GenerateMetadata cost memory 0.1397247314453125
[2026-09-10T21:20:55.838] [DEBUG] debug-file - runTaskFromQueue task cost before running: 3 s 583 ms 
[2026-09-10T21:20:55.838] [INFO] debug-file - Finished :entry:default@GenerateMetadata... after 7 ms 
[2026-09-10T21:20:55.848] [DEBUG] debug-file - Executing task :entry:default@ConfigureCmake
[2026-09-10T21:20:55.849] [DEBUG] debug-file - entry : default@ConfigureCmake cost memory 0.02043914794921875
[2026-09-10T21:20:55.849] [DEBUG] debug-file - runTaskFromQueue task cost before running: 3 s 595 ms 
[2026-09-10T21:20:55.850] [INFO] debug-file - Finished :entry:default@ConfigureCmake... after 2 ms 
[2026-09-10T21:20:55.854] [DEBUG] debug-file - Executing task :entry:default@MergeProfile
[2026-09-10T21:20:55.855] [DEBUG] debug-file - Task 'entry:default@MergeProfile' cost while wrapping incremental declarations: 1 ms 
[2026-09-10T21:20:55.856] [DEBUG] debug-file - Change app api release type with 'Release'
[2026-09-10T21:20:55.857] [DEBUG] debug-file - Change app compile API version with '26.0.0.105'
[2026-09-10T21:20:55.857] [DEBUG] debug-file - Change app target API version with '60100023'
[2026-09-10T21:20:55.857] [DEBUG] debug-file - Change app minimum API version with '60100023'
[2026-09-10T21:20:55.858] [DEBUG] debug-file - Use cli appEnvironment
[2026-09-10T21:20:55.862] [DEBUG] debug-file - The permissions of moduleJson5 is null.
[2026-09-10T21:20:55.862] [DEBUG] debug-file - entry : default@MergeProfile cost memory 0.2162017822265625
[2026-09-10T21:20:55.862] [DEBUG] debug-file - runTaskFromQueue task cost before running: 3 s 608 ms 
[2026-09-10T21:20:55.863] [INFO] debug-file - Finished :entry:default@MergeProfile... after 9 ms 
[2026-09-10T21:20:55.866] [DEBUG] debug-file - Executing task :entry:default@CreateBuildProfile
[2026-09-10T21:20:55.873] [DEBUG] debug-file - Task 'entry:default@CreateBuildProfile' cost while wrapping incremental declarations: 8 ms 
[2026-09-10T21:20:55.877] [DEBUG] debug-file - entry : default@CreateBuildProfile cost memory 0.09099578857421875
[2026-09-10T21:20:55.878] [DEBUG] debug-file - runTaskFromQueue task cost before running: 3 s 624 ms 
[2026-09-10T21:20:55.879] [INFO] debug-file - Finished :entry:default@CreateBuildProfile... after 13 ms 
[2026-09-10T21:20:55.881] [DEBUG] debug-file - Executing task :entry:default@PreCheckSyscap
[2026-09-10T21:20:55.882] [DEBUG] debug-file - entry : default@PreCheckSyscap cost memory 0.0340423583984375
[2026-09-10T21:20:55.882] [DEBUG] debug-file - runTaskFromQueue task cost before running: 3 s 627 ms 
[2026-09-10T21:20:55.883] [INFO] debug-file - Finished :entry:default@PreCheckSyscap... after 1 ms 
[2026-09-10T21:20:55.886] [DEBUG] debug-file - Executing task :entry:default@GeneratePkgContextInfo
[2026-09-10T21:20:55.902] [DEBUG] debug-file - Task 'entry:default@GeneratePkgContextInfo' cost while wrapping incremental declarations: 1 ms 
[2026-09-10T21:20:55.904] [DEBUG] debug-file - entry : default@GeneratePkgContextInfo cost memory 0.3736724853515625
[2026-09-10T21:20:55.904] [DEBUG] debug-file - runTaskFromQueue task cost before running: 3 s 649 ms 
[2026-09-10T21:20:55.904] [INFO] debug-file - Finished :entry:default@GeneratePkgContextInfo... after 18 ms 
[2026-09-10T21:20:55.906] [DEBUG] debug-file - Executing task :entry:default@GeneratePkgSdkInfo
[2026-09-10T21:20:55.910] [DEBUG] debug-file - Task 'entry:default@GeneratePkgSdkInfo' cost while wrapping incremental declarations: 1 ms 
[2026-09-10T21:20:55.911] [DEBUG] debug-file - entry : default@GeneratePkgSdkInfo cost memory 0.1316680908203125
[2026-09-10T21:20:55.911] [DEBUG] debug-file - runTaskFromQueue task cost before running: 3 s 656 ms 
[2026-09-10T21:20:55.911] [INFO] debug-file - Finished :entry:default@GeneratePkgSdkInfo... after 5 ms 
[2026-09-10T21:20:55.929] [DEBUG] debug-file - Executing task :entry:default@ProcessIntegratedHsp
[2026-09-10T21:20:55.930] [DEBUG] debug-file - entry : default@ProcessIntegratedHsp cost memory 0.0438385009765625
[2026-09-10T21:20:55.930] [DEBUG] debug-file - runTaskFromQueue task cost before running: 3 s 675 ms 
[2026-09-10T21:20:55.930] [INFO] debug-file - Finished :entry:default@ProcessIntegratedHsp... after 2 ms 
[2026-09-10T21:20:55.932] [DEBUG] debug-file - Executing task :entry:default@BuildNativeWithCmake
[2026-09-10T21:20:55.933] [DEBUG] debug-file - entry : default@BuildNativeWithCmake cost memory 0.021453857421875
[2026-09-10T21:20:55.933] [DEBUG] debug-file - runTaskFromQueue task cost before running: 3 s 678 ms 
[2026-09-10T21:20:55.933] [INFO] debug-file - Finished :entry:default@BuildNativeWithCmake... after 1 ms 
[2026-09-10T21:20:55.935] [DEBUG] debug-file - Executing task :entry:default@MakePackInfo
[2026-09-10T21:20:55.939] [DEBUG] debug-file - Module Pack Info:  {
  summary: {
    app: { bundleName: 'c***p', bundleType: 'app', version: [Object] },
    modules: [ [Object] ]
  },
  packages: [
    {
      deviceType: [Array],
      moduleType: 'entry',
      deliveryWithInstall: true,
      name: 'entry-default'
    }
  ]
}
[2026-09-10T21:20:55.942] [DEBUG] debug-file - entry : default@MakePackInfo cost memory 0.167449951171875
[2026-09-10T21:20:55.943] [DEBUG] debug-file - runTaskFromQueue task cost before running: 3 s 688 ms 
[2026-09-10T21:20:55.944] [INFO] debug-file - Finished :entry:default@MakePackInfo... after 8 ms 
[2026-09-10T21:20:55.947] [DEBUG] debug-file - Executing task :entry:default@SyscapTransform
[2026-09-10T21:20:55.948] [DEBUG] debug-file - File: 'D:\HW\testproject\complete\8\ImmersiveLightDemo\entry\src\main\syscap.json' from 'sysCapJsonPath' is not exists, just ignore.
[2026-09-10T21:20:55.949] [DEBUG] debug-file - Task 'entry:default@SyscapTransform' cost while wrapping incremental declarations: 2 ms 
[2026-09-10T21:20:55.950] [DEBUG] debug-file - entry : default@SyscapTransform cost memory 0.07790374755859375
[2026-09-10T21:20:55.950] [DEBUG] debug-file - runTaskFromQueue task cost before running: 3 s 696 ms 
[2026-09-10T21:20:55.951] [INFO] debug-file - Finished :entry:default@SyscapTransform... after 3 ms 
[2026-09-10T21:20:55.954] [DEBUG] debug-file - Executing task :entry:default@ProcessProfile
[2026-09-10T21:20:55.973] [DEBUG] debug-file - Task 'entry:default@ProcessProfile' cost while wrapping incremental declarations: 1 ms 
[2026-09-10T21:20:55.976] [DEBUG] debug-file - [
  'E:\\DevEco Studio\\tools\\node\\node.exe',
  'E:\\DevEco Studio\\sdk\\default\\openharmony\\ets\\build-tools\\ets-loader\\bin\\ark\\ts2abc.js',
  '--target-api-version',
  '23'
]
[2026-09-10T21:20:56.496] [DEBUG] debug-file - 13.0.1.0
[2026-09-10T21:20:56.499] [DEBUG] debug-file - No need to add fake ui ability because of not in preview process.
[2026-09-10T21:20:56.501] [DEBUG] debug-file - entry : default@ProcessProfile cost memory 4.161041259765625
[2026-09-10T21:20:56.501] [DEBUG] debug-file - runTaskFromQueue task cost before running: 4 s 247 ms 
[2026-09-10T21:20:56.502] [INFO] debug-file - Finished :entry:default@ProcessProfile... after 548 ms 
[2026-09-10T21:20:56.504] [DEBUG] debug-file - Executing task :entry:default@ProcessRouterMap
[2026-09-10T21:20:56.510] [DEBUG] debug-file - entry : default@ProcessRouterMap cost memory 0.10834503173828125
[2026-09-10T21:20:56.510] [DEBUG] debug-file - runTaskFromQueue task cost before running: 4 s 255 ms 
[2026-09-10T21:20:56.511] [INFO] debug-file - Finished :entry:default@ProcessRouterMap... after 7 ms 
[2026-09-10T21:20:56.512] [DEBUG] debug-file - Executing task :entry:default@ProcessShareConfig
[2026-09-10T21:20:56.517] [DEBUG] debug-file - entry : default@ProcessShareConfig cost memory 0.0904388427734375
[2026-09-10T21:20:56.517] [DEBUG] debug-file - runTaskFromQueue task cost before running: 4 s 263 ms 
[2026-09-10T21:20:56.518] [INFO] debug-file - Finished :entry:default@ProcessShareConfig... after 5 ms 
[2026-09-10T21:20:56.520] [DEBUG] debug-file - Executing task :entry:default@ProcessStartupConfig
[2026-09-10T21:20:56.520] [DEBUG] debug-file - Task 'entry:default@ProcessStartupConfig' cost while wrapping incremental declarations: 1 ms 
[2026-09-10T21:20:56.528] [DEBUG] debug-file - entry : default@ProcessStartupConfig cost memory 0.12693023681640625
[2026-09-10T21:20:56.529] [DEBUG] debug-file - runTaskFromQueue task cost before running: 4 s 275 ms 
[2026-09-10T21:20:56.531] [INFO] debug-file - Finished :entry:default@ProcessStartupConfig... after 10 ms 
[2026-09-10T21:20:56.533] [DEBUG] debug-file - Executing task :entry:default@BuildNativeWithNinja
[2026-09-10T21:20:56.536] [DEBUG] debug-file - entry : default@BuildNativeWithNinja cost memory 0.0305023193359375
[2026-09-10T21:20:56.536] [DEBUG] debug-file - runTaskFromQueue task cost before running: 4 s 281 ms 
[2026-09-10T21:20:56.536] [INFO] debug-file - Finished :entry:default@BuildNativeWithNinja... after 3 ms 
[2026-09-10T21:20:56.539] [DEBUG] debug-file - restool module names: entry; moduleName=entry, taskName=default@ProcessResource
[2026-09-10T21:20:56.542] [DEBUG] debug-file - Executing task :entry:default@ProcessResource
[2026-09-10T21:20:56.542] [DEBUG] debug-file - Task 'entry:default@ProcessResource' cost while wrapping incremental declarations: 1 ms 
[2026-09-10T21:20:56.552] [DEBUG] debug-file - entry : default@ProcessResource cost memory 0.1357269287109375
[2026-09-10T21:20:56.554] [DEBUG] debug-file - runTaskFromQueue task cost before running: 4 s 300 ms 
[2026-09-10T21:20:56.556] [INFO] debug-file - Finished :entry:default@ProcessResource... after 14 ms 
[2026-09-10T21:20:56.559] [DEBUG] debug-file - Executing task :entry:default@GenerateLoaderJson
[2026-09-10T21:20:56.561] [DEBUG] debug-file - Task 'entry:default@GenerateLoaderJson' cost while wrapping incremental declarations: 1 ms 
[2026-09-10T21:20:56.586] [DEBUG] debug-file - entry : default@GenerateLoaderJson cost memory 0.45130157470703125
[2026-09-10T21:20:56.586] [DEBUG] debug-file - runTaskFromQueue task cost before running: 4 s 332 ms 
[2026-09-10T21:20:56.590] [INFO] debug-file - Finished :entry:default@GenerateLoaderJson... after 28 ms 
[2026-09-10T21:20:56.591] [DEBUG] debug-file - Executing task :entry:default@ProcessLibs
[2026-09-10T21:20:56.593] [DEBUG] debug-file - Task 'entry:default@ProcessLibs' cost while wrapping incremental declarations: 1 ms 
[2026-09-10T21:20:56.619] [DEBUG] debug-file - Worker dispatch failed, running processLibs on main thread.
[2026-09-10T21:20:56.622] [DEBUG] debug-file - entry : default@ProcessLibs cost memory 0.40966796875
[2026-09-10T21:20:56.622] [DEBUG] debug-file - runTaskFromQueue task cost before running: 4 s 368 ms 
[2026-09-10T21:20:56.623] [INFO] debug-file - Finished :entry:default@ProcessLibs... after 31 ms 
[2026-09-10T21:20:56.625] [DEBUG] debug-file - restool module names: entry; moduleName=entry, taskName=default@CompileResource
[2026-09-10T21:20:56.627] [DEBUG] debug-file - Executing task :entry:default@CompileResource
[2026-09-10T21:20:56.661] [DEBUG] debug-file - Use tool [E:\DevEco Studio\sdk\default\openharmony\toolchains\restool.exe]
 [
  'E:\\DevEco Studio\\sdk\\default\\openharmony\\toolchains\\restool.exe',
  '-l',
  'D:\\HW\\testproject\\complete\\8\\ImmersiveLightDemo\\entry\\build\\default\\intermediates\\res\\default\\resConfig.json'
]
[2026-09-10T21:20:56.663] [DEBUG] debug-file - current process  memoryUsage: {
  rss: 294875136,
  heapTotal: 166809600,
  heapUsed: 131657272,
  external: 3979736,
  arrayBuffers: 37361
} os memoryUsage :14.900928497314453
[2026-09-10T21:20:56.831] [DEBUG] debug-file - Info: Pack: normal pack mode

[2026-09-10T21:20:56.942] [DEBUG] debug-file - Info: hardware concurrency count is : 16
Info: thread count is : 16

[2026-09-10T21:20:56.943] [DEBUG] debug-file - Info: thread pool is started

[2026-09-10T21:20:56.944] [DEBUG] debug-file - Info: GenericCompiler::CompileFiles

[2026-09-10T21:20:56.955] [DEBUG] debug-file - Info: GenericCompiler::CompileFiles

[2026-09-10T21:20:56.956] [DEBUG] debug-file - Warning: 'D:\HW\testproject\complete\8\ImmersiveLightDemo\entry\src\main\resources\base\media\background.png' is defined repeatedly.
Warning: 'D:\HW\testproject\complete\8\ImmersiveLightDemo\entry\src\main\resources\base\media\foreground.png' is defined repeatedly.
Warning: 'D:\HW\testproject\complete\8\ImmersiveLightDemo\entry\src\main\resources\base\media\layered_image.json' is defined repeatedly.

[2026-09-10T21:20:56.959] [DEBUG] debug-file - Info: GenericCompiler::CompileFiles

[2026-09-10T21:20:56.972] [DEBUG] debug-file - 09-10 21:20:56.972 31232 31428 I C01400/SvgDecodeUtils: SvgDecodeUtils::IsSvgFormat probe svg format, path:D:\HW\testproject\complete\8\ImmersiveLightDemo\AppScope\resources\base\media\background.png.

[2026-09-10T21:20:56.973] [DEBUG] debug-file - 09-10 21:20:56.972 31232 31428 E C01400/ImageTranscoderUtils: DecodeToRGBA IN
09-10 21:20:56.972 31232 31428 I C01400/SvgDecodeUtils: SvgDecodeUtils::IsSvgFormat probe svg format, path:D:\HW\testproject\complete\8\ImmersiveLightDemo\AppScope\resources\base\media\background.png.
09-10 21:20:56.972 31232 31428 E C01400/ImageTranscoderUtils: ImageFilter IN D:\HW\testproject\complete\8\ImmersiveLightDemo\AppScope\resources\base\media\background.png

[2026-09-10T21:20:57.045] [DEBUG] debug-file - 09-10 21:20:57.044 31232 31428 I C01400/SvgDecodeUtils: SvgDecodeUtils::IsSvgFormat probe svg format, path:D:\HW\testproject\complete\8\ImmersiveLightDemo\AppScope\resources\base\media\foreground.png.
09-10 21:20:57.045 31232 31428 E C01400/ImageTranscoderUtils: DecodeToRGBA IN

[2026-09-10T21:20:57.045] [DEBUG] debug-file - 09-10 21:20:57.045 31232 31428 I C01400/SvgDecodeUtils: SvgDecodeUtils::IsSvgFormat probe svg format, path:D:\HW\testproject\complete\8\ImmersiveLightDemo\AppScope\resources\base\media\foreground.png.
09-10 21:20:57.045 31232 31428 E C01400/ImageTranscoderUtils: ImageFilter IN D:\HW\testproject\complete\8\ImmersiveLightDemo\AppScope\resources\base\media\foreground.png

[2026-09-10T21:20:57.131] [DEBUG] debug-file - Info: can't scale media json file.

[2026-09-10T21:20:57.131] [DEBUG] debug-file - Warning: The width or height of the png file referenced by the icon exceeds the limit (41 pixels)
at D:\HW\testproject\complete\8\ImmersiveLightDemo\AppScope\resources\base\media\background.png
Warning: The width or height of the png file referenced by the icon exceeds the limit (41 pixels)
at D:\HW\testproject\complete\8\ImmersiveLightDemo\AppScope\resources\base\media\foreground.png
Warning: D:\HW\testproject\complete\8\ImmersiveLightDemo\AppScope\resources\base\media\layered_image.json is not png format

[2026-09-10T21:20:57.133] [DEBUG] debug-file - Info: restool resources compile success.

[2026-09-10T21:20:57.134] [DEBUG] debug-file - Info: thread pool is stopped

[2026-09-10T21:20:57.222] [DEBUG] debug-file - entry : default@CompileResource cost memory -8.658576965332031
[2026-09-10T21:20:57.222] [DEBUG] debug-file - runTaskFromQueue task cost before running: 4 s 968 ms 
[2026-09-10T21:20:57.224] [INFO] debug-file - Finished :entry:default@CompileResource... after 596 ms 
[2026-09-10T21:20:57.226] [DEBUG] debug-file - Executing task :entry:default@DoNativeStrip
[2026-09-10T21:20:57.227] [DEBUG] debug-file - File: 'D:\HW\testproject\complete\8\ImmersiveLightDemo\entry\build\default\intermediates\binxo\default' from 'doBinxoNativeLibs' is not exists, just ignore.
[2026-09-10T21:20:57.227] [DEBUG] debug-file - Task 'entry:default@DoNativeStrip' cost while wrapping incremental declarations: 1 ms 
[2026-09-10T21:20:57.231] [DEBUG] debug-file - entry : default@DoNativeStrip cost memory 0.07700347900390625
[2026-09-10T21:20:57.231] [DEBUG] debug-file - runTaskFromQueue task cost before running: 4 s 977 ms 
[2026-09-10T21:20:57.232] [INFO] debug-file - Finished :entry:default@DoNativeStrip... after 5 ms 
[2026-09-10T21:20:57.234] [DEBUG] debug-file - Executing task :entry:default@CompileArkTS
[2026-09-10T21:20:57.236] [DEBUG] debug-file - obfuscationOptions: undefined
[2026-09-10T21:20:57.238] [DEBUG] debug-file - Task 'entry:default@CompileArkTS' cost while wrapping incremental declarations: 1 ms 
[2026-09-10T21:20:57.273] [DEBUG] debug-file - build config:
[2026-09-10T21:20:57.273] [DEBUG] debug-file - {
  moduleType: 'entry',
  perf: 0,
  targetName: '.default',
  packageManagerType: 'ohpm',
  localPropertiesPath: 'D:\\HW\\testproject\\complete\\8\\ImmersiveLightDemo\\local.properties',
  isPreview: false,
  isOhosTest: false,
  isLocalTest: false,
  buildMode: 'Debug',
  hotReloadBuild: undefined,
  watchMode: 'false',
  aceProfilePath: 'D:\\HW\\testproject\\complete\\8\\ImmersiveLightDemo\\entry\\build\\default\\intermediates\\res\\default\\resources\\base\\profile',
  etsLoaderPath: 'E:\\DevEco Studio\\sdk\\default\\openharmony\\ets\\build-tools\\ets-loader',
  modulePath: 'D:\\HW\\testproject\\complete\\8\\ImmersiveLightDemo\\entry',
  testFrameworkPar: {
    testMode: undefined,
    coveragePathFilter: undefined,
    coverageMode: undefined
  },
  needCoverageInsert: false,
  debugLine: false,
  projectTopDir: 'D:\\HW\\testproject\\complete\\8\\ImmersiveLightDemo',
  compileSdkVersion: 26,
  compatibleSdkVersion: 23,
  originCompatibleSdkVersion: '6.1.0(23)',
  compatibleSdkVersionStage: undefined,
  bundleName: 'c***p',
  etsLoaderVersion: '26.0.0.105',
  etsLoaderReleaseType: 'Release',
  aotCompileMode: 'type',
  apPath: 'D:\\HW\\testproject\\complete\\8\\ImmersiveLightDemo\\entry\\modules.ap',
  entryModuleName: 'entry',
  entryModuleVersion: '1.0.0',
  entryPackageName: 'entry',
  allModuleNameHash: '928d4b2923555140ac10f05822d49df06e56f389e69d0796944010b816fade58',
  externalApiPaths: [ 'E:\\DevEco Studio\\sdk\\default\\hms\\ets' ],
  compilerTypes: [],
  isCrossplatform: false,
  hvigorPluginFile: undefined,
  compilePluginPath: undefined,
  buildGeneratedProfilePath: 'D:\\HW\\testproject\\complete\\8\\ImmersiveLightDemo\\entry\\build\\default\\generated\\profile\\default',
  bundleType: 'app',
  arkTSVersion: undefined,
  apiVersion: 26,
  needCompleteSourcesMap: false,
  isFaMode: false,
  buildDir: 'D:\\HW\\testproject\\complete\\8\\ImmersiveLightDemo\\entry\\build',
  buildCacheProjectDir: 'D:\\HW\\testproject\\complete\\8\\ImmersiveLightDemo',
  deviceTypes: [ 'phone' ],
  pkgContextInfo: {
    '@ohos/hypium': {
      packageName: '@ohos/hypium',
      bundleName: '*****',
      moduleName: '',
      version: '1.0.24',
      entryPath: 'index.js',
      isSO: false,
      dependencyAlias: ''
    },
    '@ohos/hamock': {
      packageName: '@ohos/hamock',
      bundleName: '*****',
      moduleName: '',
      version: '1.0.0',
      entryPath: 'index.ets',
      isSO: false,
      dependencyAlias: ''
    },
    entry: {
      packageName: 'entry',
      bundleName: '*****',
      moduleName: '',
      version: '',
      entryPath: 'src/main/',
      isSO: false,
      dependencyAlias: ''
    }
  },
  ohPackagePathMap: {},
  dependencyAliasMap: {},
  permission: { requestPermissions: undefined, definePermissions: undefined },
  useGetCurrentBundleName: false,
  projectArkOption: undefined,
  sourceMapDir: undefined,
  branchElimination: false,
  transformLib: undefined,
  tsImportSendable: false,
  resolveConflictMode: true,
  depName2RootPath: {},
  depName2DepInfo: {},
  depName2OhExports: {},
  rootPathSet: [ 'D:\\HW\\testproject\\complete\\8\\ImmersiveLightDemo' ],
  useNativeResolver: true,
  shouldEmitJs: true,
  useUnifiedAst: false,
  useTscResolve: false,
  singleFileEmit: false,
  userProjectConfig: {
    autoLazyImport: false,
    allowEmptyBundleName: false,
    reExportCheckMode: 'noCheck',
    executionMode: 'memory',
    usePathPlaceholder: false,
    writeRollupCache: true,
    isExpandImportEnabled: false,
    expandImportExclude: '',
    lazyImportExclude: '',
    lazyImportInclude: '',
    ignoreCrossplatformCheck: false,
    isHarDeduplicateEnabled: false,
    skipOhModulesLint: false,
    enableStrictCheckOHModule: false,
    disableSendableCheckRules: [],
    useDeclarationFileSignature: false,
    customizedOptions: undefined,
    integratedHsp: false,
    tsImportSoCheck: false,
    isPreloadSoEnabled: false
  },
  executionMode: 'memory',
  arkCompileCachePath: 'D:\\HW\\testproject\\complete\\8\\ImmersiveLightDemo\\entry\\build\\default\\cache\\default\\default@CompileArkTS\\esmodule',
  autoLazyFilter: undefined,
  isHarDeduplicateEnabled: false,
  intermediateHarDuplicateDirPath: 'D:\\HW\\testproject\\complete\\8\\ImmersiveLightDemo\\entry\\build\\default\\intermediates\\har_duplicate\\default',
  autoLazyImport: false,
  allowEmptyBundleName: false,
  reExportCheckMode: 'noCheck',
  usePathPlaceholder: false,
  writeRollupCache: true,
  isExpandImportEnabled: false,
  expandImportExclude: '',
  lazyImportExclude: '',
  lazyImportInclude: '',
  ignoreCrossplatformCheck: false,
  skipOhModulesLint: false,
  enableStrictCheckOHModule: false,
  disableSendableCheckRules: [],
  useDeclarationFileSignature: false,
  customizedOptions: undefined,
  integratedHsp: false,
  tsImportSoCheck: false,
  isPreloadSoEnabled: false,
  strictMode: {
    caseSensitiveCheck: true,
    useNormalizedOHMUrl: true,
    noExternalImportByPath: true
  },
  useNormalizedOHMUrl: true,
  caseSensitiveCheck: true,
  strictCheckerOnly: false,
  aceModuleJsonPath: 'D:\\HW\\testproject\\complete\\8\\ImmersiveLightDemo\\entry\\build\\default\\intermediates\\res\\default\\ark_module.json',
  appResource: 'D:\\HW\\testproject\\complete\\8\\ImmersiveLightDemo\\entry\\build\\default\\intermediates\\res\\default\\ResourceTable.txt',
  rawFileResource: 'D:\\HW\\testproject\\complete\\8\\ImmersiveLightDemo\\entry\\build\\default\\intermediates\\res\\default\\resources\\rawfile',
  resourceTableHash: '837413125b3294bd6454c0ff699a3bdde13d91a37c294586fcaca9b9b01cda67',
  runtimeOS: 'HarmonyOS',
  sdkInfo: 'false:26:26.0.0.105:Release',
  aceModuleRoot: 'D:\\HW\\testproject\\complete\\8\\ImmersiveLightDemo\\entry\\src\\main\\ets',
  compileMode: 'esmodule',
  aceSuperVisualPath: 'D:\\HW\\testproject\\complete\\8\\ImmersiveLightDemo\\entry\\src\\main\\supervisual',
  aceBuildJson: 'D:\\HW\\testproject\\complete\\8\\ImmersiveLightDemo\\entry\\build\\default\\intermediates\\loader\\default\\loader.json',
  cachePath: 'D:\\HW\\testproject\\complete\\8\\ImmersiveLightDemo\\entry\\build\\default\\cache\\default\\default@CompileArkTS\\esmodule\\debug',
  aceModuleBuild: 'D:\\HW\\testproject\\complete\\8\\ImmersiveLightDemo\\entry\\build\\default\\intermediates\\loader_out\\default\\ets',
  supportChunks: true,
  declaredFilesPath: undefined,
  shouldCollectDirectImportees: false,
  isByteCodeHarOptimize: false,
  expandImportPath: undefined,
  resourceTableTs: 'D:\\HW\\testproject\\complete\\8\\ImmersiveLightDemo\\entry\\build\\default\\generated\\r\\default\\ResourceTable.ts',
  moduleMetaInfoFiles: [
    {
      filePath: 'D:\\HW\\testproject\\complete\\8\\ImmersiveLightDemo\\entry\\build\\default\\generated\\r\\default\\ResourceTable.ts',
      ohmurl: '&entry/build/generated/r/ResourceTable&'
    }
  ],
  pkgNameToPkgBriefInfo: {
    entry: {
      pkgRoot: 'D:\\HW\\testproject\\complete\\8\\ImmersiveLightDemo\\entry',
      originalSourceRoots: undefined,
      sourceRoots: [Array],
      pkgName: 'entry'
    }
  },
  projectModel: {
    'D:\\HW\\testproject\\complete\\8\\ImmersiveLightDemo\\entry\\src\\main': {
      moduleName: 'entry',
      modulePkgPath: 'D:\\HW\\testproject\\complete\\8\\ImmersiveLightDemo\\entry',
      belongProjectPath: 'D:\\HW\\testproject\\complete\\8\\ImmersiveLightDemo'
    },
    'D:\\HW\\testproject\\complete\\8\\ImmersiveLightDemo\\entry\\.test\\default\\intermediates\\src\\ohosTest\\ets': {
      moduleName: 'entry_test',
      modulePkgPath: 'D:\\HW\\testproject\\complete\\8\\ImmersiveLightDemo\\entry',
      belongProjectPath: 'D:\\HW\\testproject\\complete\\8\\ImmersiveLightDemo'
    },
    'D:\\HW\\testproject\\complete\\8\\ImmersiveLightDemo\\entry\\src\\ohosTest': {
      moduleName: 'entry_test',
      modulePkgPath: 'D:\\HW\\testproject\\complete\\8\\ImmersiveLightDemo\\entry',
      belongProjectPath: 'D:\\HW\\testproject\\complete\\8\\ImmersiveLightDemo'
    },
    'D:\\HW\\testproject\\complete\\8\\ImmersiveLightDemo\\entry': {
      moduleName: 'entry',
      modulePkgPath: 'D:\\HW\\testproject\\complete\\8\\ImmersiveLightDemo\\entry',
      belongProjectPath: 'D:\\HW\\testproject\\complete\\8\\ImmersiveLightDemo'
    },
    'D:\\HW\\testproject\\complete\\8\\ImmersiveLightDemo': {
      moduleName: 'ImmersiveLightDemo',
      modulePkgPath: 'D:\\HW\\testproject\\complete\\8\\ImmersiveLightDemo',
      belongProjectPath: 'D:\\HW\\testproject\\complete\\8\\ImmersiveLightDemo'
    }
  },
  pkgJsonFileHash: '7ab10e622b876a852aaa87f883a5ca46773dc428b9273d7582651c0540669143',
  allModulePaths: [ 'D:\\HW\\testproject\\complete\\8\\ImmersiveLightDemo\\entry' ],
  routerMap: {},
  obfuscationOptions: undefined,
  byteCodeHarToDependencyKeys: undefined,
  compileBlockPkg: [],
  mockParams: {
    decorator: '@MockSetup',
    packageName: '@ohos/hamock',
    etsSourceRootPath: 'src/main/ets',
    mockConfigPath: 'D:\\HW\\testproject\\complete\\8\\ImmersiveLightDemo\\entry\\src\\mock\\mock-config.json5',
    mockConfigKey2ModuleInfo: {},
    source2ModuleIdMap: {}
  },
  copyCodeResourceEnable: false,
  copyCodeResourceExcludes: [],
  copyCodeResourceIncludes: undefined,
  uiTransformOptimization: false,
  sdkPath: 'E:/DevEco Studio/sdk',
  needPreloadSoFileSet: {},
  preloadSoFilePath: 'D:\\HW\\testproject\\complete\\8\\ImmersiveLightDemo\\entry\\build\\default\\intermediates\\preload\\default\\preload.json',
  useSourceHash: false,
  localModuleParamMap: {},
  otherPaths: {
    'entry/*': [
      '..\\*',
      '..\\..\\..\\build\\default\\generated\\profile\\default\\*'
    ]
  },
  collectImportersConfig: undefined
}
[2026-09-10T21:20:57.274] [DEBUG] debug-file - Compile arkts with external api path: E:\DevEco Studio\sdk\default\hms\ets
[2026-09-10T21:20:57.279] [DEBUG] debug-file - before submitting ArkTS compile task to worker pool, config.buildDir: D:\HW\testproject\complete\8\ImmersiveLightDemo\entry\build
[2026-09-10T21:20:57.279] [DEBUG] debug-file - default@CompileArkTS work[0] is submitted.
[2026-09-10T21:20:57.280] [DEBUG] debug-file - default@CompileArkTS work[0] is pushed to ready queue.
[2026-09-10T21:20:57.280] [DEBUG] debug-file - default@CompileArkTS work[0] is not dispatched.
[2026-09-10T21:20:57.281] [DEBUG] debug-file - entry : default@CompileArkTS cost memory 1.298492431640625
[2026-09-10T21:20:57.283] [DEBUG] debug-file - Executing task :entry:default@BuildJS
[2026-09-10T21:20:57.284] [DEBUG] debug-file - Task 'entry:default@BuildJS' cost while wrapping incremental declarations: 1 ms 
[2026-09-10T21:20:57.287] [DEBUG] debug-file - entry : default@BuildJS cost memory 0.18920135498046875
[2026-09-10T21:20:57.287] [DEBUG] debug-file - runTaskFromQueue task cost before running: 5 s 33 ms 
[2026-09-10T21:20:57.287] [INFO] debug-file - Finished :entry:default@BuildJS... after 5 ms 
[2026-09-10T21:20:57.289] [DEBUG] debug-file - Executing task :entry:default@CacheNativeLibs
[2026-09-10T21:20:57.290] [DEBUG] debug-file - File: 'D:\HW\testproject\complete\8\ImmersiveLightDemo\entry\build\default\intermediates\binxo\default' from 'cacheBinxoNativeLibs' is not exists, just ignore.
[2026-09-10T21:20:57.290] [DEBUG] debug-file - Task 'entry:default@CacheNativeLibs' cost while wrapping incremental declarations: 1 ms 
[2026-09-10T21:20:57.291] [DEBUG] debug-file - default@CacheNativeLibs work[1] is submitted.
[2026-09-10T21:20:57.291] [DEBUG] debug-file - default@CacheNativeLibs work[1] is pushed to ready queue.
[2026-09-10T21:20:57.291] [DEBUG] debug-file - default@CacheNativeLibs work[1] is not dispatched.
[2026-09-10T21:20:57.292] [DEBUG] debug-file - entry : default@CacheNativeLibs cost memory 0.3334808349609375
[2026-09-10T21:20:57.510] [DEBUG] debug-file - A work dispatched to worker[15] failed because unable to get work from ready queue.
[2026-09-10T21:20:57.511] [DEBUG] debug-file - Create  resident worker with id: 14.
[2026-09-10T21:20:57.513] [DEBUG] debug-file - default@CacheNativeLibs work[1] has been dispatched to worker[14].
[2026-09-10T21:20:58.184] [DEBUG] debug-file - A work dispatched to worker[15] failed because unable to get work from ready queue.
[2026-09-10T21:20:58.185] [DEBUG] debug-file - A work dispatched to worker[14] failed because of worker busy.
[2026-09-10T21:20:58.185] [DEBUG] debug-file - A work dispatched to worker[13] failed because unable to get work from ready queue.
[2026-09-10T21:20:58.185] [DEBUG] debug-file - A work dispatched to worker[12] failed because unable to get work from ready queue.
[2026-09-10T21:20:58.185] [DEBUG] debug-file - A work dispatched to worker[11] failed because unable to get work from ready queue.
[2026-09-10T21:20:58.185] [DEBUG] debug-file - A work dispatched to worker[10] failed because unable to get work from ready queue.
[2026-09-10T21:20:58.185] [DEBUG] debug-file - A work dispatched to worker[9] failed because unable to get work from ready queue.
[2026-09-10T21:20:58.185] [DEBUG] debug-file - A work dispatched to worker[8] failed because unable to get work from ready queue.
[2026-09-10T21:20:58.185] [DEBUG] debug-file - A work dispatched to worker[7] failed because unable to get work from ready queue.
[2026-09-10T21:20:58.185] [DEBUG] debug-file - A work dispatched to worker[6] failed because unable to get work from ready queue.
[2026-09-10T21:20:58.185] [DEBUG] debug-file - A work dispatched to worker[5] failed because unable to get work from ready queue.
[2026-09-10T21:20:58.186] [DEBUG] debug-file - Create  resident worker with id: 4.
[2026-09-10T21:20:58.187] [DEBUG] debug-file - default@CompileArkTS work[0] has been dispatched to worker[4].
[2026-09-10T21:20:59.410] [DEBUG] debug-file - worker[14] has one work done.
[2026-09-10T21:20:59.411] [DEBUG] debug-file - default@CacheNativeLibs work[1] done.
[2026-09-10T21:20:59.411] [INFO] debug-file - Finished :entry:default@CacheNativeLibs... after 35 ms 
[2026-09-10T21:20:59.955] [DEBUG] debug-file - A work dispatched to worker[14] failed because unable to get work from ready queue.
[2026-09-10T21:21:14.559] [DEBUG] debug-file - worker[4] has one work done.
[2026-09-10T21:21:14.560] [DEBUG] debug-file - Ark compile task finished.finished time is 7510297224800
[2026-09-10T21:21:14.562] [DEBUG] debug-file - default@CompileArkTS work[0] done.
[2026-09-10T21:21:14.565] [INFO] debug-file - Finished :entry:default@CompileArkTS... after 11 s 787 ms 
[2026-09-10T21:21:14.567] [DEBUG] debug-file - Executing task :entry:default@GeneratePkgModuleJson
[2026-09-10T21:21:14.567] [DEBUG] debug-file - File: 'D:\HW\testproject\complete\8\ImmersiveLightDemo\entry\build\default\intermediates\preload\default\preload.json' from 'preloadSoJsonPath' is not exists, just ignore.
[2026-09-10T21:21:14.567] [DEBUG] debug-file - Error occurs while handling @Input 'shouldDeduplicateHar': The "data" argument must be of type string or an instance of Buffer, TypedArray, or DataView. Received undefined
[2026-09-10T21:21:14.568] [DEBUG] debug-file - Task 'entry:default@GeneratePkgModuleJson' cost while wrapping incremental declarations: 1 ms 
[2026-09-10T21:21:14.572] [DEBUG] debug-file - entry : default@GeneratePkgModuleJson cost memory 0.14762115478515625
[2026-09-10T21:21:14.572] [DEBUG] debug-file - runTaskFromQueue task cost before running: 22 s 318 ms 
[2026-09-10T21:21:14.573] [INFO] debug-file - Finished :entry:default@GeneratePkgModuleJson... after 6 ms 
[2026-09-10T21:21:14.574] [DEBUG] debug-file - Executing task :entry:default@ProcessCompiledResources
[2026-09-10T21:21:14.574] [DEBUG] debug-file - File: 'D:\HW\testproject\complete\8\ImmersiveLightDemo\entry\build\default\intermediates\preload\default\preload.json' from 'preloadSoJsonPath' is not exists, just ignore.
[2026-09-10T21:21:14.575] [DEBUG] debug-file - Task 'entry:default@ProcessCompiledResources' cost while wrapping incremental declarations: 1 ms 
[2026-09-10T21:21:14.575] [DEBUG] debug-file - entry : default@ProcessCompiledResources cost memory 0.05810546875
[2026-09-10T21:21:14.575] [DEBUG] debug-file - runTaskFromQueue task cost before running: 22 s 321 ms 
[2026-09-10T21:21:14.576] [INFO] debug-file - Finished :entry:default@ProcessCompiledResources... after 2 ms 
[2026-09-10T21:21:14.590] [DEBUG] debug-file - Executing task :entry:default@PackageHap
[2026-09-10T21:21:14.597] [DEBUG] debug-file - Use tool [E:\DevEco Studio\sdk\default\openharmony\toolchains\lib\app_packing_tool.jar]
 [
  'java',
  '-Dfile.encoding=GBK',
  '-jar',
  'E:\\DevEco Studio\\sdk\\default\\openharmony\\toolchains\\lib\\app_packing_tool.jar',
  '--mode',
  'hap',
  '--force',
  'true',
  '--lib-path',
  'D:\\HW\\testproject\\complete\\8\\ImmersiveLightDemo\\entry\\build\\default\\intermediates\\stripped_native_libs\\default',
  '--json-path',
  'D:\\HW\\testproject\\complete\\8\\ImmersiveLightDemo\\entry\\build\\default\\intermediates\\package\\default\\module.json',
  '--resources-path',
  'D:\\HW\\testproject\\complete\\8\\ImmersiveLightDemo\\entry\\build\\default\\intermediates\\res\\default\\resources',
  '--index-path',
  'D:\\HW\\testproject\\complete\\8\\ImmersiveLightDemo\\entry\\build\\default\\intermediates\\res\\default\\resources.index',
  '--pack-info-path',
  'D:\\HW\\testproject\\complete\\8\\ImmersiveLightDemo\\entry\\build\\default\\outputs\\default\\pack.info',
  '--out-path',
  'D:\\HW\\testproject\\complete\\8\\ImmersiveLightDemo\\entry\\build\\default\\outputs\\default\\entry-default-unsigned.hap',
  '--ets-path',
  'D:\\HW\\testproject\\complete\\8\\ImmersiveLightDemo\\entry\\build\\default\\intermediates\\loader_out\\default\\ets',
  '--pkg-context-path',
  'D:\\HW\\testproject\\complete\\8\\ImmersiveLightDemo\\entry\\build\\default\\intermediates\\loader\\default\\pkgContextInfo.json'
]
[2026-09-10T21:21:14.599] [DEBUG] debug-file - default@PackageHap work[2] is submitted.
[2026-09-10T21:21:14.599] [DEBUG] debug-file - default@PackageHap work[2] is pushed to ready queue.
[2026-09-10T21:21:14.599] [DEBUG] debug-file - default@PackageHap work[2] is not dispatched.
[2026-09-10T21:21:14.605] [DEBUG] debug-file - entry : default@PackageHap cost memory -0.5269851684570312
[2026-09-10T21:21:14.837] [DEBUG] debug-file - A work dispatched to worker[15] failed because unable to get work from ready queue.
[2026-09-10T21:21:14.838] [DEBUG] debug-file - default@PackageHap work[2] has been dispatched to worker[14].
[2026-09-10T21:21:15.052] [DEBUG] debug-file - current process  memoryUsage: {
  rss: 662302720,
  heapTotal: 52641792,
  heapUsed: 47655360,
  external: 3958577,
  arrayBuffers: 18671
} os memoryUsage :15.23959732055664
[2026-09-10T21:21:15.440] [DEBUG] debug-file - A work dispatched to worker[4] failed because unable to get work from ready queue.
[2026-09-10T21:21:16.443] [DEBUG] debug-file - worker[14] has one work done.
[2026-09-10T21:21:16.444] [DEBUG] debug-file - default@PackageHap work[2] done.
[2026-09-10T21:21:16.446] [INFO] debug-file - Finished :entry:default@PackageHap... after 1 s 415 ms 
[2026-09-10T21:21:16.449] [DEBUG] debug-file - Executing task :entry:default@PackingCheck
[2026-09-10T21:21:16.458] [DEBUG] debug-file - entry : default@PackingCheck cost memory 0.5473480224609375
[2026-09-10T21:21:16.458] [DEBUG] debug-file - runTaskFromQueue task cost before running: 24 s 204 ms 
[2026-09-10T21:21:16.459] [INFO] debug-file - Finished :entry:default@PackingCheck... after 10 ms 
[2026-09-10T21:21:16.463] [DEBUG] debug-file - Executing task :entry:default@SignHap
[2026-09-10T21:21:16.463] [WARN] debug-file - Will skip sign 'hos_hap'. No signingConfigs profile is configured in current project.
             If needed, configure the signingConfigs in D:\HW\testproject\complete\8\ImmersiveLightDemo\build-profile.json5.
[2026-09-10T21:21:16.466] [DEBUG] debug-file - entry : default@SignHap cost memory 0.08940887451171875
[2026-09-10T21:21:16.466] [DEBUG] debug-file - runTaskFromQueue task cost before running: 24 s 211 ms 
[2026-09-10T21:21:16.466] [INFO] debug-file - Finished :entry:default@SignHap... after 3 ms 
[2026-09-10T21:21:16.468] [DEBUG] debug-file - Executing task :entry:default@CollectDebugSymbol
[2026-09-10T21:21:16.469] [DEBUG] debug-file - entry : default@CollectDebugSymbol cost memory 0.1097564697265625
[2026-09-10T21:21:16.470] [DEBUG] debug-file - runTaskFromQueue task cost before running: 24 s 215 ms 
[2026-09-10T21:21:16.470] [INFO] debug-file - Finished :entry:default@CollectDebugSymbol... after 2 ms 
[2026-09-10T21:21:16.471] [DEBUG] debug-file - Executing task :entry:assembleHap
[2026-09-10T21:21:16.471] [DEBUG] debug-file - entry : assembleHap cost memory 0.17855072021484375
[2026-09-10T21:21:16.471] [DEBUG] debug-file - runTaskFromQueue task cost before running: 24 s 216 ms 
[2026-09-10T21:21:16.471] [INFO] debug-file - Finished :entry:assembleHap... after 1 ms 
[2026-09-10T21:21:16.472] [DEBUG] debug-file - Executing task ::MakeProjectPackInfo
[2026-09-10T21:21:16.475] [DEBUG] debug-file - Task ':MakeProjectPackInfo' cost while wrapping incremental declarations: 1 ms 
[2026-09-10T21:21:16.477] [DEBUG] debug-file - Project Pack Info: {
  summary: {
    app: { bundleName: 'c***p', bundleType: 'app', version: [Object] },
    modules: [ [Object] ]
  },
  packages: [
    {
      deviceType: [Array],
      moduleType: 'entry',
      deliveryWithInstall: true,
      name: 'entry-default'
    }
  ]
}
[2026-09-10T21:21:16.481] [DEBUG] debug-file - ImmersiveLightDemo : MakeProjectPackInfo cost memory 0.2513427734375
[2026-09-10T21:21:16.482] [DEBUG] debug-file - runTaskFromQueue task cost before running: 24 s 227 ms 
[2026-09-10T21:21:16.483] [INFO] debug-file - Finished ::MakeProjectPackInfo... after 11 ms 
[2026-09-10T21:21:16.483] [DEBUG] debug-file - Executing task ::ProcessProjectPrivacyProfile
[2026-09-10T21:21:16.492] [DEBUG] debug-file - ImmersiveLightDemo : ProcessProjectPrivacyProfile cost memory -0.5842437744140625
[2026-09-10T21:21:16.492] [DEBUG] debug-file - runTaskFromQueue task cost before running: 24 s 237 ms 
[2026-09-10T21:21:16.493] [INFO] debug-file - Finished ::ProcessProjectPrivacyProfile... after 9 ms 
[2026-09-10T21:21:16.493] [DEBUG] debug-file - Executing task ::GeneratePackRes
[2026-09-10T21:21:16.494] [DEBUG] debug-file - ImmersiveLightDemo : GeneratePackRes cost memory 0.0236358642578125
[2026-09-10T21:21:16.494] [DEBUG] debug-file - runTaskFromQueue task cost before running: 24 s 239 ms 
[2026-09-10T21:21:16.494] [INFO] debug-file - Finished ::GeneratePackRes... after 1 ms 
[2026-09-10T21:21:16.494] [DEBUG] debug-file - Executing task ::PackageApp
[2026-09-10T21:21:16.497] [DEBUG] debug-file - Task ':PackageApp' cost while wrapping incremental declarations: 1 ms 
[2026-09-10T21:21:16.506] [DEBUG] debug-file - Use tool [PackageApp]
 [
  'java',
  '-Dfile.encoding=GBK',
  '-jar',
  'E:\\DevEco Studio\\sdk\\default\\openharmony\\toolchains\\lib\\app_packing_tool.jar',
  '--mode',
  'app',
  '--pack-info-path',
  'D:\\HW\\testproject\\complete\\8\\ImmersiveLightDemo\\build\\outputs\\default\\pack.info',
  '--hap-path',
  'D:\\HW\\testproject\\complete\\8\\ImmersiveLightDemo\\entry\\build\\default\\outputs\\default\\app\\entry-default.hap',
  '--hsp-path',
  '',
  '--force',
  'true',
  '--out-path',
  'D:\\HW\\testproject\\complete\\8\\ImmersiveLightDemo\\build\\outputs\\default\\ImmersiveLightDemo-default-unsigned.app',
  '--main-module-limit',
  '2',
  '--normal-module-limit',
  '2',
  '--pac-json-path',
  'D:\\HW\\testproject\\complete\\8\\ImmersiveLightDemo\\build\\outputs\\default\\pac.json'
]
[2026-09-10T21:21:16.508] [DEBUG] debug-file - current process  memoryUsage: {
  rss: 663003136,
  heapTotal: 120934400,
  heapUsed: 117592016,
  external: 3968351,
  arrayBuffers: 32803
} os memoryUsage :15.147933959960938
[2026-09-10T21:21:16.995] [DEBUG] debug-file - A work dispatched to worker[14] failed because unable to get work from ready queue.
[2026-09-10T21:21:18.006] [DEBUG] debug-file - ImmersiveLightDemo : PackageApp cost memory 0.45600128173828125
[2026-09-10T21:21:18.006] [DEBUG] debug-file - runTaskFromQueue task cost before running: 25 s 751 ms 
[2026-09-10T21:21:18.006] [INFO] debug-file - Finished ::PackageApp... after 1 s 512 ms 
[2026-09-10T21:21:18.007] [DEBUG] debug-file - Executing task ::SignPackagesFromApp
[2026-09-10T21:21:18.008] [DEBUG] debug-file - ImmersiveLightDemo : SignPackagesFromApp cost memory 0.03226470947265625
[2026-09-10T21:21:18.008] [DEBUG] debug-file - runTaskFromQueue task cost before running: 25 s 753 ms 
[2026-09-10T21:21:18.008] [INFO] debug-file - Finished ::SignPackagesFromApp... after 2 ms 
[2026-09-10T21:21:18.009] [DEBUG] debug-file - Executing task ::SignApp
[2026-09-10T21:21:18.009] [DEBUG] debug-file - signingConfigName of signApp is :  undefined
[2026-09-10T21:21:18.009] [WARN] debug-file - Will skip sign 'app'. No signingConfigs profile is configured in current project.
             If needed, configure the signingConfigs in D:\HW\testproject\complete\8\ImmersiveLightDemo\build-profile.json5.
[2026-09-10T21:21:18.010] [DEBUG] debug-file - ImmersiveLightDemo : SignApp cost memory 0.1025848388671875
[2026-09-10T21:21:18.010] [DEBUG] debug-file - runTaskFromQueue task cost before running: 25 s 756 ms 
[2026-09-10T21:21:18.011] [INFO] debug-file - Finished ::SignApp... after 2 ms 
[2026-09-10T21:21:18.011] [DEBUG] debug-file - Executing task ::assembleApp
[2026-09-10T21:21:18.011] [DEBUG] debug-file - ImmersiveLightDemo : assembleApp cost memory 0.01303863525390625
[2026-09-10T21:21:18.011] [DEBUG] debug-file - runTaskFromQueue task cost before running: 25 s 757 ms 
[2026-09-10T21:21:18.011] [INFO] debug-file - Finished ::assembleApp... after 1 ms 
[2026-09-10T21:21:18.015] [INFO] debug-file - BUILD SUCCESSFUL in 25 s 760 ms 
[2026-09-10T21:21:18.017] [DEBUG] debug-file - Update task entry:default@PreBuild input file:D:\HW\testproject\complete\8\ImmersiveLightDemo\AppScope\app.json5 cache by regenerate.
[2026-09-10T21:21:18.018] [DEBUG] debug-file - Update task entry:default@PreBuild input file:D:\HW\testproject\complete\8\ImmersiveLightDemo\entry\src\main\module.json5 cache by regenerate.
[2026-09-10T21:21:18.018] [DEBUG] debug-file - Update task entry:default@PreBuild input file:D:\HW\testproject\complete\8\ImmersiveLightDemo\build-profile.json5 cache by regenerate.
[2026-09-10T21:21:18.018] [DEBUG] debug-file - Update task entry:default@PreBuild input file:D:\HW\testproject\complete\8\ImmersiveLightDemo\entry\build-profile.json5 cache by regenerate.
[2026-09-10T21:21:18.019] [DEBUG] debug-file - Update task entry:default@PreBuild input file:D:\HW\testproject\complete\8\ImmersiveLightDemo\entry\src\main\resources\base\profile\main_pages.json cache by regenerate.
[2026-09-10T21:21:18.019] [DEBUG] debug-file - Update task entry:default@PreBuild input file:D:\HW\testproject\complete\8\ImmersiveLightDemo\hvigor\hvigor-config.json5 cache by regenerate.
[2026-09-10T21:21:18.019] [DEBUG] debug-file - Update task entry:default@PreBuild input file:D:\HW\testproject\complete\8\ImmersiveLightDemo\entry\src\mock\mock-config.json5 cache by regenerate.
[2026-09-10T21:21:18.019] [DEBUG] debug-file - Update task entry:default@PreBuild input file:D:\HW\testproject\complete\8\ImmersiveLightDemo\entry\oh-package.json5 cache by regenerate.
[2026-09-10T21:21:18.019] [DEBUG] debug-file - Update task entry:default@PreBuild input file:D:\HW\testproject\complete\8\ImmersiveLightDemo\oh-package.json5 cache by regenerate.
[2026-09-10T21:21:18.020] [DEBUG] debug-file - Incremental task entry:default@PreBuild post-execution cost:4 ms .
[2026-09-10T21:21:18.020] [DEBUG] debug-file - Update task entry:default@CreateModuleInfo output file:D:\HW\testproject\complete\8\ImmersiveLightDemo\entry\build\default\generated\profile\default\ModuleInfo.ts cache.
[2026-09-10T21:21:18.020] [DEBUG] debug-file - Incremental task entry:default@CreateModuleInfo post-execution cost:1 ms .
[2026-09-10T21:21:18.021] [DEBUG] debug-file - Update task entry:default@GenerateMetadata input file:D:\HW\testproject\complete\8\ImmersiveLightDemo\entry\src\main\module.json5 cache by regenerate.
[2026-09-10T21:21:18.021] [DEBUG] debug-file - Update task entry:default@GenerateMetadata output file:D:\HW\testproject\complete\8\ImmersiveLightDemo\entry\build\default\intermediates\hap_metadata\default\output_metadata.json cache.
[2026-09-10T21:21:18.021] [DEBUG] debug-file - Incremental task entry:default@GenerateMetadata post-execution cost:1 ms .
[2026-09-10T21:21:18.021] [DEBUG] debug-file - Update task entry:default@MergeProfile input file:D:\HW\testproject\complete\8\ImmersiveLightDemo\AppScope\app.json5 cache by regenerate.
[2026-09-10T21:21:18.021] [DEBUG] debug-file - Update task entry:default@MergeProfile input file:D:\HW\testproject\complete\8\ImmersiveLightDemo\build-profile.json5 cache by regenerate.
[2026-09-10T21:21:18.022] [DEBUG] debug-file - Update task entry:default@MergeProfile input file:D:\HW\testproject\complete\8\ImmersiveLightDemo\entry\src\main\module.json5 cache by regenerate.
[2026-09-10T21:21:18.030] [DEBUG] debug-file - Update task entry:default@MergeProfile output file:D:\HW\testproject\complete\8\ImmersiveLightDemo\entry\build\default\intermediates\merge_profile\default\module.json cache.
[2026-09-10T21:21:18.030] [DEBUG] debug-file - Incremental task entry:default@MergeProfile post-execution cost:9 ms .
[2026-09-10T21:21:18.030] [DEBUG] debug-file - Update task entry:default@CreateBuildProfile input file:D:\HW\testproject\complete\8\ImmersiveLightDemo\AppScope\app.json5 cache by regenerate.
[2026-09-10T21:21:18.031] [DEBUG] debug-file - Update task entry:default@CreateBuildProfile input file:D:\HW\testproject\complete\8\ImmersiveLightDemo\build-profile.json5 cache by regenerate.
[2026-09-10T21:21:18.031] [DEBUG] debug-file - Update task entry:default@CreateBuildProfile output file:D:\HW\testproject\complete\8\ImmersiveLightDemo\entry\build\default\generated\profile\default\BuildProfile.ets cache.
[2026-09-10T21:21:18.031] [DEBUG] debug-file - Incremental task entry:default@CreateBuildProfile post-execution cost:1 ms .
[2026-09-10T21:21:18.031] [DEBUG] debug-file - Update task entry:default@GeneratePkgContextInfo output file:D:\HW\testproject\complete\8\ImmersiveLightDemo\entry\build\default\intermediates\loader\default\pkgContextInfo.json cache.
[2026-09-10T21:21:18.032] [DEBUG] debug-file - Incremental task entry:default@GeneratePkgContextInfo post-execution cost:1 ms .
[2026-09-10T21:21:18.032] [DEBUG] debug-file - Update task entry:default@GeneratePkgSdkInfo output file:D:\HW\testproject\complete\8\ImmersiveLightDemo\entry\build\default\intermediates\loader\default\pkgSdkInfo.json cache.
[2026-09-10T21:21:18.033] [DEBUG] debug-file - Incremental task entry:default@GeneratePkgSdkInfo post-execution cost:1 ms .
[2026-09-10T21:21:18.033] [DEBUG] debug-file - Update task entry:default@ProcessIntegratedHsp output file:D:\HW\testproject\complete\8\ImmersiveLightDemo\build\cache\default\integrated_hsp\integratedHspCache.json cache.
[2026-09-10T21:21:18.034] [DEBUG] debug-file - Incremental task entry:default@ProcessIntegratedHsp post-execution cost:1 ms .
[2026-09-10T21:21:18.035] [DEBUG] debug-file - Update task entry:default@MakePackInfo input file:D:\HW\testproject\complete\8\ImmersiveLightDemo\AppScope\app.json5 cache by regenerate.
[2026-09-10T21:21:18.035] [DEBUG] debug-file - Update task entry:default@MakePackInfo input file:D:\HW\testproject\complete\8\ImmersiveLightDemo\entry\src\main\module.json5 cache by regenerate.
[2026-09-10T21:21:18.036] [DEBUG] debug-file - Update task entry:default@MakePackInfo input file:D:\HW\testproject\complete\8\ImmersiveLightDemo\build-profile.json5 cache by regenerate.
[2026-09-10T21:21:18.036] [DEBUG] debug-file - Update task entry:default@MakePackInfo input file:D:\HW\testproject\complete\8\ImmersiveLightDemo\entry\src\main\resources\base\profile\backup_config.json cache by regenerate.
[2026-09-10T21:21:18.037] [DEBUG] debug-file - Update task entry:default@MakePackInfo output file:D:\HW\testproject\complete\8\ImmersiveLightDemo\entry\build\default\outputs\default\pack.info cache.
[2026-09-10T21:21:18.037] [DEBUG] debug-file - Incremental task entry:default@MakePackInfo post-execution cost:4 ms .
[2026-09-10T21:21:18.038] [DEBUG] debug-file - Update task entry:default@SyscapTransform input file:E:\DevEco Studio\sdk\default\openharmony\toolchains\syscap_tool.exe cache by regenerate.
[2026-09-10T21:21:18.038] [DEBUG] debug-file - Update task entry:default@SyscapTransform input file:E:\DevEco Studio\sdk\default\openharmony\ets\api\device-define cache by regenerate.
[2026-09-10T21:21:18.040] [DEBUG] debug-file - Update task entry:default@SyscapTransform output file:D:\HW\testproject\complete\8\ImmersiveLightDemo\entry\build\default\intermediates\syscap\default\rpcid.sc cache.
[2026-09-10T21:21:18.041] [DEBUG] debug-file - Incremental task entry:default@SyscapTransform post-execution cost:4 ms .
[2026-09-10T21:21:18.041] [DEBUG] debug-file - Update task entry:default@ProcessProfile input file:D:\HW\testproject\complete\8\ImmersiveLightDemo\entry\build\default\intermediates\merge_profile\default\module.json cache by regenerate.
[2026-09-10T21:21:18.042] [DEBUG] debug-file - Update task entry:default@ProcessProfile output file:D:\HW\testproject\complete\8\ImmersiveLightDemo\entry\build\default\intermediates\process_profile\default\module.json cache.
[2026-09-10T21:21:18.042] [DEBUG] debug-file - Incremental task entry:default@ProcessProfile post-execution cost:2 ms .
[2026-09-10T21:21:18.043] [DEBUG] debug-file - Update task entry:default@ProcessRouterMap input file:D:\HW\testproject\complete\8\ImmersiveLightDemo\entry\oh-package.json5 cache by regenerate.
[2026-09-10T21:21:18.043] [DEBUG] debug-file - Update task entry:default@ProcessRouterMap input file:D:\HW\testproject\complete\8\ImmersiveLightDemo\oh-package.json5 cache by regenerate.
[2026-09-10T21:21:18.043] [DEBUG] debug-file - Update task entry:default@ProcessRouterMap input file:D:\HW\testproject\complete\8\ImmersiveLightDemo\entry\src\main\module.json5 cache by regenerate.
[2026-09-10T21:21:18.043] [DEBUG] debug-file - Update task entry:default@ProcessRouterMap input file:D:\HW\testproject\complete\8\ImmersiveLightDemo\entry\build\default\intermediates\loader\default\pkgContextInfo.json cache by regenerate.
[2026-09-10T21:21:18.043] [DEBUG] debug-file - Update task entry:default@ProcessRouterMap output file:D:\HW\testproject\complete\8\ImmersiveLightDemo\entry\build\default\intermediates\router_map\default\temp-router-map.json cache.
[2026-09-10T21:21:18.043] [DEBUG] debug-file - Update task entry:default@ProcessRouterMap output file:D:\HW\testproject\complete\8\ImmersiveLightDemo\entry\build\default\intermediates\router_map\default\loader-router-map.json cache.
[2026-09-10T21:21:18.044] [DEBUG] debug-file - Incremental task entry:default@ProcessRouterMap post-execution cost:2 ms .
[2026-09-10T21:21:18.044] [DEBUG] debug-file - Update task entry:default@ProcessShareConfig input file:D:\HW\testproject\complete\8\ImmersiveLightDemo\entry\oh-package.json5 cache by regenerate.
[2026-09-10T21:21:18.045] [DEBUG] debug-file - Update task entry:default@ProcessShareConfig input file:D:\HW\testproject\complete\8\ImmersiveLightDemo\oh-package.json5 cache by regenerate.
[2026-09-10T21:21:18.045] [DEBUG] debug-file - Update task entry:default@ProcessShareConfig input file:D:\HW\testproject\complete\8\ImmersiveLightDemo\entry\src\main\module.json5 cache by regenerate.
[2026-09-10T21:21:18.046] [DEBUG] debug-file - Update task entry:default@ProcessShareConfig input file:D:\HW\testproject\complete\8\ImmersiveLightDemo\entry\build\default\intermediates\loader\default\pkgContextInfo.json cache by regenerate.
[2026-09-10T21:21:18.046] [DEBUG] debug-file - Update task entry:default@ProcessShareConfig output file:D:\HW\testproject\complete\8\ImmersiveLightDemo\entry\build\default\intermediates\share_config\default\temp-share-config.json cache.
[2026-09-10T21:21:18.046] [DEBUG] debug-file - Incremental task entry:default@ProcessShareConfig post-execution cost:3 ms .
[2026-09-10T21:21:18.046] [DEBUG] debug-file - Update task entry:default@ProcessStartupConfig input file:D:\HW\testproject\complete\8\ImmersiveLightDemo\entry\build\default\intermediates\loader\default\pkgContextInfo.json cache by regenerate.
[2026-09-10T21:21:18.047] [DEBUG] debug-file - Update task entry:default@ProcessStartupConfig output file:D:\HW\testproject\complete\8\ImmersiveLightDemo\entry\build\default\intermediates\startup\default\startup_config.json cache.
[2026-09-10T21:21:18.047] [DEBUG] debug-file - Incremental task entry:default@ProcessStartupConfig post-execution cost:1 ms .
[2026-09-10T21:21:18.053] [DEBUG] debug-file - Update task entry:default@ProcessResource output file:D:\HW\testproject\complete\8\ImmersiveLightDemo\entry\build\default\intermediates\res\default\resConfig.json cache.
[2026-09-10T21:21:18.054] [DEBUG] debug-file - Update task entry:default@ProcessResource output file:D:\HW\testproject\complete\8\ImmersiveLightDemo\entry\build\default\intermediates\res\default\opt-compression.json cache.
[2026-09-10T21:21:18.054] [DEBUG] debug-file - Incremental task entry:default@ProcessResource post-execution cost:8 ms .
[2026-09-10T21:21:18.056] [DEBUG] debug-file - Update task entry:default@GenerateLoaderJson input file:D:\HW\testproject\complete\8\ImmersiveLightDemo\entry\src\mock\mock-config.json5 cache by regenerate.
[2026-09-10T21:21:18.057] [DEBUG] debug-file - Update task entry:default@GenerateLoaderJson input file:D:\HW\testproject\complete\8\ImmersiveLightDemo\entry\build\default\intermediates\loader\default\pkgContextInfo.json cache by regenerate.
[2026-09-10T21:21:18.057] [DEBUG] debug-file - Update task entry:default@GenerateLoaderJson input file:D:\HW\testproject\complete\8\ImmersiveLightDemo\entry\build\default\intermediates\router_map\default\temp-router-map.json cache by regenerate.
[2026-09-10T21:21:18.057] [DEBUG] debug-file - Update task entry:default@GenerateLoaderJson output file:D:\HW\testproject\complete\8\ImmersiveLightDemo\entry\build\default\intermediates\loader\default\loader.json cache.
[2026-09-10T21:21:18.058] [DEBUG] debug-file - Incremental task entry:default@GenerateLoaderJson post-execution cost:3 ms .
[2026-09-10T21:21:18.059] [DEBUG] debug-file - Update task entry:default@ProcessLibs input file:D:\HW\testproject\complete\8\ImmersiveLightDemo\build-profile.json5 cache by regenerate.
[2026-09-10T21:21:18.059] [DEBUG] debug-file - Update task entry:default@ProcessLibs input file:D:\HW\testproject\complete\8\ImmersiveLightDemo\entry\build-profile.json5 cache by regenerate.
[2026-09-10T21:21:18.060] [DEBUG] debug-file - Update task entry:default@ProcessLibs output file:D:\HW\testproject\complete\8\ImmersiveLightDemo\entry\build\default\intermediates\libs\default cache.
[2026-09-10T21:21:18.060] [DEBUG] debug-file - Incremental task entry:default@ProcessLibs post-execution cost:2 ms .
[2026-09-10T21:21:18.061] [DEBUG] debug-file - Update task entry:default@CompileResource input file:D:\HW\testproject\complete\8\ImmersiveLightDemo\entry\src\main\resources cache by regenerate.
[2026-09-10T21:21:18.063] [DEBUG] debug-file - Update task entry:default@CompileResource input file:D:\HW\testproject\complete\8\ImmersiveLightDemo\AppScope\resources cache by regenerate.
[2026-09-10T21:21:18.064] [DEBUG] debug-file - Update task entry:default@CompileResource input file:D:\HW\testproject\complete\8\ImmersiveLightDemo\entry\build\default\intermediates\process_profile\default\module.json cache by regenerate.
[2026-09-10T21:21:18.064] [DEBUG] debug-file - Update task entry:default@CompileResource input file:D:\HW\testproject\complete\8\ImmersiveLightDemo\entry\build\default\intermediates\res\default\resConfig.json cache by regenerate.
[2026-09-10T21:21:18.065] [DEBUG] debug-file - Update task entry:default@CompileResource output file:D:\HW\testproject\complete\8\ImmersiveLightDemo\entry\build\default\intermediates\res\default cache.
[2026-09-10T21:21:18.067] [DEBUG] debug-file - Update task entry:default@CompileResource output file:D:\HW\testproject\complete\8\ImmersiveLightDemo\entry\build\default\generated\r\default\ResourceTable.h cache.
[2026-09-10T21:21:18.067] [DEBUG] debug-file - Update task entry:default@CompileResource output file:D:\HW\testproject\complete\8\ImmersiveLightDemo\entry\build\default\generated\r\default\ResourceTable.ts cache.
[2026-09-10T21:21:18.068] [DEBUG] debug-file - Update task entry:default@CompileResource output file:D:\HW\testproject\complete\8\ImmersiveLightDemo\entry\build\default\generated\r\default cache.
[2026-09-10T21:21:18.068] [DEBUG] debug-file - Incremental task entry:default@CompileResource post-execution cost:9 ms .
[2026-09-10T21:21:18.068] [DEBUG] debug-file - Update task entry:default@DoNativeStrip input file:D:\HW\testproject\complete\8\ImmersiveLightDemo\entry\build\default\intermediates\libs\default cache by regenerate.
[2026-09-10T21:21:18.069] [DEBUG] debug-file - Update task entry:default@DoNativeStrip output file:D:\HW\testproject\complete\8\ImmersiveLightDemo\entry\build\default\intermediates\stripped_native_libs\default cache.
[2026-09-10T21:21:18.069] [DEBUG] debug-file - Incremental task entry:default@DoNativeStrip post-execution cost:1 ms .
[2026-09-10T21:21:18.079] [DEBUG] debug-file - Update task entry:default@CompileArkTS input file:D:\HW\testproject\complete\8\ImmersiveLightDemo\entry\build\default\intermediates\loader\default cache by regenerate.
[2026-09-10T21:21:18.080] [DEBUG] debug-file - Update task entry:default@CompileArkTS input file:D:\HW\testproject\complete\8\ImmersiveLightDemo\entry\build\default\intermediates\res\default\resources\rawfile cache by regenerate.
[2026-09-10T21:21:18.081] [DEBUG] debug-file - Update task entry:default@CompileArkTS input file:D:\HW\testproject\complete\8\ImmersiveLightDemo\entry\build\default\intermediates\res\default\ResourceTable.txt cache by regenerate.
[2026-09-10T21:21:18.082] [DEBUG] debug-file - Update task entry:default@CompileArkTS input file:D:\HW\testproject\complete\8\ImmersiveLightDemo\entry\build\default\intermediates\res\default\ark_module.json cache by regenerate.
[2026-09-10T21:21:18.082] [DEBUG] debug-file - Update task entry:default@CompileArkTS input file:D:\HW\testproject\complete\8\ImmersiveLightDemo\entry\build\default\intermediates\res\default\resources\base\profile cache by regenerate.
[2026-09-10T21:21:18.083] [DEBUG] debug-file - Update task entry:default@CompileArkTS input file:D:\HW\testproject\complete\8\ImmersiveLightDemo\entry\src\main\ets cache by regenerate.
[2026-09-10T21:21:18.084] [DEBUG] debug-file - Update task entry:default@CompileArkTS input file:D:\HW\testproject\complete\8\ImmersiveLightDemo\entry\build\default\intermediates\loader\default\pkgContextInfo.json cache by regenerate.
[2026-09-10T21:21:18.085] [DEBUG] debug-file - Update task entry:default@CompileArkTS input file:D:\HW\testproject\complete\8\ImmersiveLightDemo\entry\build\default\generated\profile\default\BuildProfile.ets cache by regenerate.
[2026-09-10T21:21:18.085] [DEBUG] debug-file - Update task entry:default@CompileArkTS input file:D:\HW\testproject\complete\8\ImmersiveLightDemo\entry\src\mock\mock-config.json5 cache by regenerate.
[2026-09-10T21:21:18.086] [DEBUG] debug-file - Update task entry:default@CompileArkTS output file:D:\HW\testproject\complete\8\ImmersiveLightDemo\entry\build\default\intermediates\loader_out\default\ets cache.
[2026-09-10T21:21:18.086] [DEBUG] debug-file - Incremental task entry:default@CompileArkTS post-execution cost:17 ms .
[2026-09-10T21:21:18.087] [DEBUG] debug-file - Update task entry:default@BuildJS input file:D:\HW\testproject\complete\8\ImmersiveLightDemo\entry\build\default\intermediates\loader\default cache by regenerate.
[2026-09-10T21:21:18.088] [DEBUG] debug-file - Update task entry:default@BuildJS input file:D:\HW\testproject\complete\8\ImmersiveLightDemo\entry\build\default\intermediates\res\default\resources\rawfile cache by regenerate.
[2026-09-10T21:21:18.088] [DEBUG] debug-file - Update task entry:default@BuildJS input file:D:\HW\testproject\complete\8\ImmersiveLightDemo\entry\build\default\intermediates\res\default\ResourceTable.txt cache by regenerate.
[2026-09-10T21:21:18.088] [DEBUG] debug-file - Update task entry:default@BuildJS input file:D:\HW\testproject\complete\8\ImmersiveLightDemo\entry\build\default\intermediates\res\default\ark_module.json cache by regenerate.
[2026-09-10T21:21:18.089] [DEBUG] debug-file - Update task entry:default@BuildJS input file:D:\HW\testproject\complete\8\ImmersiveLightDemo\entry\build\default\intermediates\res\default\resources\base\profile cache by regenerate.
[2026-09-10T21:21:18.089] [DEBUG] debug-file - Update task entry:default@BuildJS input file:D:\HW\testproject\complete\8\ImmersiveLightDemo\entry\build\default\intermediates\loader\default\pkgContextInfo.json cache by regenerate.
[2026-09-10T21:21:18.089] [DEBUG] debug-file - Update task entry:default@BuildJS output file:D:\HW\testproject\complete\8\ImmersiveLightDemo\entry\build\default\intermediates\loader_out\default\js cache.
[2026-09-10T21:21:18.090] [DEBUG] debug-file - Incremental task entry:default@BuildJS post-execution cost:4 ms .
[2026-09-10T21:21:18.090] [DEBUG] debug-file - Update task entry:default@CacheNativeLibs input file:D:\HW\testproject\complete\8\ImmersiveLightDemo\entry\build\default\intermediates\stripped_native_libs\default cache by regenerate.
[2026-09-10T21:21:18.090] [DEBUG] debug-file - Update task entry:default@CacheNativeLibs input file:D:\HW\testproject\complete\8\ImmersiveLightDemo\entry\build\default\intermediates\libs\default cache by regenerate.
[2026-09-10T21:21:18.091] [DEBUG] debug-file - Update task entry:default@CacheNativeLibs output file:D:\HW\testproject\complete\8\ImmersiveLightDemo\entry\build\default\intermediates\patch\default\base_native_libs.json cache.
[2026-09-10T21:21:18.091] [DEBUG] debug-file - Update task entry:default@CacheNativeLibs output file:D:\HW\testproject\complete\8\ImmersiveLightDemo\entry\build\default\intermediates\patch\default\binxo_native_libs.json cache.
[2026-09-10T21:21:18.091] [DEBUG] debug-file - Incremental task entry:default@CacheNativeLibs post-execution cost:2 ms .
[2026-09-10T21:21:18.092] [DEBUG] debug-file - Update task entry:default@GeneratePkgModuleJson input file:D:\HW\testproject\complete\8\ImmersiveLightDemo\entry\build\default\intermediates\res\default\module.json cache by regenerate.
[2026-09-10T21:21:18.092] [DEBUG] debug-file - Update task entry:default@GeneratePkgModuleJson output file:D:\HW\testproject\complete\8\ImmersiveLightDemo\entry\build\default\intermediates\package\default\module.json cache.
[2026-09-10T21:21:18.092] [DEBUG] debug-file - Incremental task entry:default@GeneratePkgModuleJson post-execution cost:1 ms .
[2026-09-10T21:21:18.092] [DEBUG] debug-file - Incremental task entry:default@ProcessCompiledResources post-execution cost:1 ms .
[2026-09-10T21:21:18.095] [DEBUG] debug-file - Update task entry:default@PackageHap input file:D:\HW\testproject\complete\8\ImmersiveLightDemo\entry\build\default\outputs\default\pack.info cache by regenerate.
[2026-09-10T21:21:18.095] [DEBUG] debug-file - Update task entry:default@PackageHap input file:D:\HW\testproject\complete\8\ImmersiveLightDemo\entry\build\default\intermediates\stripped_native_libs\default cache by regenerate.
[2026-09-10T21:21:18.096] [DEBUG] debug-file - Update task entry:default@PackageHap input file:D:\HW\testproject\complete\8\ImmersiveLightDemo\entry\build\default\intermediates\res\default\module.json cache by regenerate.
[2026-09-10T21:21:18.097] [DEBUG] debug-file - Update task entry:default@PackageHap input file:D:\HW\testproject\complete\8\ImmersiveLightDemo\entry\build\default\intermediates\res\default\resources cache by regenerate.
[2026-09-10T21:21:18.100] [DEBUG] debug-file - Update task entry:default@PackageHap input file:D:\HW\testproject\complete\8\ImmersiveLightDemo\entry\build\default\intermediates\res\default\resources.index cache by regenerate.
[2026-09-10T21:21:18.101] [DEBUG] debug-file - Update task entry:default@PackageHap input file:D:\HW\testproject\complete\8\ImmersiveLightDemo\entry\build\default\intermediates\loader_out\default\ets cache by regenerate.
[2026-09-10T21:21:18.102] [DEBUG] debug-file - Update task entry:default@PackageHap input file:D:\HW\testproject\complete\8\ImmersiveLightDemo\entry\build\default\intermediates\loader\default\pkgContextInfo.json cache by regenerate.
[2026-09-10T21:21:18.102] [DEBUG] debug-file - Update task entry:default@PackageHap input file:D:\HW\testproject\complete\8\ImmersiveLightDemo\entry\build\default\intermediates\package\default\module.json cache by regenerate.
[2026-09-10T21:21:18.102] [DEBUG] debug-file - Update task entry:default@PackageHap input file:D:\HW\testproject\complete\8\ImmersiveLightDemo\entry\build\default\intermediates\loader_out\default\ets\sourceMaps.map cache by regenerate.
[2026-09-10T21:21:18.103] [DEBUG] debug-file - Update task entry:default@PackageHap input file:D:\HW\testproject\complete\8\ImmersiveLightDemo\entry\build\default\generated\profile\default\BuildProfile.ets cache by regenerate.
[2026-09-10T21:21:18.103] [DEBUG] debug-file - Update task entry:default@PackageHap output file:D:\HW\testproject\complete\8\ImmersiveLightDemo\entry\build\default\outputs\default\entry-default-unsigned.hap cache.
[2026-09-10T21:21:18.103] [DEBUG] debug-file - Update task entry:default@PackageHap output file:D:\HW\testproject\complete\8\ImmersiveLightDemo\entry\build\default\intermediates\source_map\default\sourceMaps.map cache.
[2026-09-10T21:21:18.104] [DEBUG] debug-file - Update task entry:default@PackageHap output file:D:\HW\testproject\complete\8\ImmersiveLightDemo\entry\build\default\outputs\default\mapping\sourceMaps.map cache.
[2026-09-10T21:21:18.104] [DEBUG] debug-file - Incremental task entry:default@PackageHap post-execution cost:12 ms .
[2026-09-10T21:21:18.105] [DEBUG] debug-file - Update task entry:default@SignHap input file:D:\HW\testproject\complete\8\ImmersiveLightDemo\entry\build\default\outputs\default\entry-default-unsigned.hap cache by regenerate.
[2026-09-10T21:21:18.105] [DEBUG] debug-file - Update task entry:default@SignHap output file:D:\HW\testproject\complete\8\ImmersiveLightDemo\entry\build\default\outputs\default\entry-default-signed.hap cache.
[2026-09-10T21:21:18.105] [DEBUG] debug-file - Incremental task entry:default@SignHap post-execution cost:1 ms .
[2026-09-10T21:21:18.106] [DEBUG] debug-file - Update task entry:default@CollectDebugSymbol input file:D:\HW\testproject\complete\8\ImmersiveLightDemo\entry\build\default\intermediates\loader_out\default\ets\sourceMaps.map cache by regenerate.
[2026-09-10T21:21:18.107] [DEBUG] debug-file - Update task entry:default@CollectDebugSymbol input file:D:\HW\testproject\complete\8\ImmersiveLightDemo\entry\build\default\intermediates\libs\default cache by regenerate.
[2026-09-10T21:21:18.107] [DEBUG] debug-file - Update task entry:default@CollectDebugSymbol output file:D:\HW\testproject\complete\8\ImmersiveLightDemo\entry\build\default\outputs\default\symbol cache.
[2026-09-10T21:21:18.108] [DEBUG] debug-file - Incremental task entry:default@CollectDebugSymbol post-execution cost:2 ms .
[2026-09-10T21:21:18.108] [DEBUG] debug-file - Update task :MakeProjectPackInfo input file:D:\HW\testproject\complete\8\ImmersiveLightDemo\entry\build\default\outputs\default\pack.info cache by regenerate.
[2026-09-10T21:21:18.108] [DEBUG] debug-file - Update task :MakeProjectPackInfo output file:D:\HW\testproject\complete\8\ImmersiveLightDemo\build\outputs\default\pack.info cache.
[2026-09-10T21:21:18.109] [DEBUG] debug-file - Incremental task :MakeProjectPackInfo post-execution cost:1 ms .
[2026-09-10T21:21:18.110] [DEBUG] debug-file - Update task :ProcessProjectPrivacyProfile output file:D:\HW\testproject\complete\8\ImmersiveLightDemo\build\outputs\default\pac.json cache.
[2026-09-10T21:21:18.111] [DEBUG] debug-file - Incremental task :ProcessProjectPrivacyProfile post-execution cost:1 ms .
[2026-09-10T21:21:18.111] [DEBUG] debug-file - Update task :GeneratePackRes input file:D:\HW\testproject\complete\8\ImmersiveLightDemo\build\outputs\default\pack.info cache by regenerate.
[2026-09-10T21:21:18.111] [DEBUG] debug-file - Incremental task :GeneratePackRes post-execution cost:1 ms .
[2026-09-10T21:21:18.111] [DEBUG] debug-file - Update task :PackageApp input file:D:\HW\testproject\complete\8\ImmersiveLightDemo\build\outputs\default\pack.info cache by regenerate.
[2026-09-10T21:21:18.112] [DEBUG] debug-file - Update task :PackageApp input file:D:\HW\testproject\complete\8\ImmersiveLightDemo\entry\build\default\outputs\default\entry-default-unsigned.hap cache by regenerate.
[2026-09-10T21:21:18.112] [DEBUG] debug-file - Update task :PackageApp input file:D:\HW\testproject\complete\8\ImmersiveLightDemo\build\outputs\default\pac.json cache by regenerate.
[2026-09-10T21:21:18.112] [DEBUG] debug-file - Update task :PackageApp output file:D:\HW\testproject\complete\8\ImmersiveLightDemo\build\outputs\default\ImmersiveLightDemo-default-unsigned.app cache.
[2026-09-10T21:21:18.113] [DEBUG] debug-file - Update task :PackageApp output file:D:\HW\testproject\complete\8\ImmersiveLightDemo\entry\build\default\outputs\default\app\entry-default.hap cache.
[2026-09-10T21:21:18.113] [DEBUG] debug-file - Update task :PackageApp output file:D:\HW\testproject\complete\8\ImmersiveLightDemo\build\outputs\default\symbol\debug cache.
[2026-09-10T21:21:18.113] [DEBUG] debug-file - Incremental task :PackageApp post-execution cost:2 ms .
[2026-09-10T21:21:18.114] [DEBUG] debug-file - Update task :SignPackagesFromApp input file:D:\HW\testproject\complete\8\ImmersiveLightDemo\build\outputs\default\ImmersiveLightDemo-default-unsigned.app cache by regenerate.
[2026-09-10T21:21:18.114] [DEBUG] debug-file - Incremental task :SignPackagesFromApp post-execution cost:1 ms .
[2026-09-10T21:21:18.115] [DEBUG] debug-file - Update task :SignApp input file:D:\HW\testproject\complete\8\ImmersiveLightDemo\build\outputs\default\ImmersiveLightDemo-default-unsigned.app cache by regenerate.
[2026-09-10T21:21:18.115] [DEBUG] debug-file - Update task :SignApp output file:D:\HW\testproject\complete\8\ImmersiveLightDemo\build\outputs\default\ImmersiveLightDemo-default-signed.app cache.
[2026-09-10T21:21:18.116] [DEBUG] debug-file - Incremental task :SignApp post-execution cost:1 ms .
[2026-09-10T21:21:18.171] [DEBUG] debug-file - Cleanup worker 0.
[2026-09-10T21:21:18.171] [DEBUG] debug-file - Cleanup worker 1.
[2026-09-10T21:21:18.172] [DEBUG] debug-file - Cleanup worker 14.
[2026-09-10T21:21:18.173] [DEBUG] debug-file - hvigor build process will be closed.
[2026-09-10T21:21:18.181] [DEBUG] debug-file - worker[14] exits with exit code 1.
[2026-09-10T21:21:18.181] [DEBUG] debug-file - Worker 14 has been cleaned up.
[2026-09-10T21:21:18.182] [DEBUG] debug-file - Current idle worker size: 1.
[2026-09-10T21:21:18.183] [DEBUG] debug-file - session manager: send message to worker process. WorkerThreadId: 0, data: {"type":"hvigor_failed","reason":"Server has disconnected."}
[2026-09-10T21:21:18.184] [DEBUG] debug-file - session manager: send message to worker process. WorkerThreadId: 0, data: {"type":"CloseWatch","reason":"Server has disconnected."}
[2026-09-10T21:21:18.182] [DEBUG] debug-file - Current resident worker size: 3.
[2026-09-10T21:21:18.182] [DEBUG] debug-file - worker[1] exits with exit code 1.
[2026-09-10T21:21:18.182] [DEBUG] debug-file - worker[0] exits with exit code 1.
[2026-09-10T21:21:18.182] [DEBUG] debug-file - Worker 1 has been cleaned up.
[2026-09-10T21:21:18.182] [DEBUG] debug-file - Current idle worker size: 1.
[2026-09-10T21:21:18.182] [DEBUG] debug-file - Current resident worker size: 1.
[2026-09-10T21:21:18.182] [DEBUG] debug-file - Worker 0 has been cleaned up.
[2026-09-10T21:21:18.183] [DEBUG] debug-file - Current idle worker size: 1.
[2026-09-10T21:21:18.183] [DEBUG] debug-file - Current resident worker size: 1.
[2026-09-10T21:21:18.184] [DEBUG] debug-file - watch worker: worker id should be larger than 0. Nothing will be sent to any worker thread.
[2026-09-10T21:21:18.185] [DEBUG] debug-file - ABORT_WORK sent to workers.
[2026-09-10T21:21:18.185] [DEBUG] debug-file - watch worker: worker id should be larger than 0. Nothing will be sent to any worker thread.
[2026-09-11T09:01:34.302] [DEBUG] debug-file - env: nodejsVersion=v24.14.1
[2026-09-11T09:01:34.420] [DEBUG] debug-file - env: daemon=true
[2026-09-11T09:01:34.306] [DEBUG] debug-file - env: hvigor-config.json5 content = {
  modelVersion: '6.0.1',
  dependencies: {},
  execution: {},
  logging: {},
  debugging: {},
  nodeOptions: {}
}
[2026-09-11T09:01:35.258] [DEBUG] debug-file - hvigor java daemon: Starting java daemon. jvmXmxValue=512m, jarPath=E:\DevEco Studio\tools\hvigor\hvigor\lib\hvigor-java-daemon.jar
[2026-09-11T09:01:35.260] [DEBUG] debug-file - hvigor java daemon: Read cache file, 
    port=45050, pid=5888, sessionId exists=true
[2026-09-11T09:01:35.308] [DEBUG] debug-file - hvigor java daemon: tryConnect failed, Error: connect ECONNREFUSED 127.0.0.1:45050, will start new daemon
[2026-09-11T09:01:35.403] [DEBUG] debug-file - java daemon started at port 45050 pid 14308
[2026-09-11T09:01:35.472] [DEBUG] debug-file - session manager: set active socket. socketId=rkVhSWRgwTkTLW5pAAAB
[2026-09-11T09:01:36.228] [DEBUG] debug-file - watch worker: worker id should be larger than 0. Nothing will be sent to any worker thread.
[2026-09-11T09:01:36.236] [DEBUG] debug-file - Since there is no instance or instance is terminated, create a new worker pool.
[2026-09-11T09:01:36.237] [DEBUG] debug-file - Worker pool is initialized with config:  {
  minPoolNum: 2,
  maxPoolNum: undefined,
  maxCoreSize: undefined,
  cacheCapacity: undefined,
  cacheTtl: undefined
}
[2026-09-11T09:01:36.238] [DEBUG] debug-file - Create  resident worker with id: 0.
[2026-09-11T09:01:36.243] [DEBUG] debug-file - Create  resident worker with id: 1.
[2026-09-11T09:01:36.246] [DEBUG] debug-file - Workers' log level updated to INFO
[2026-09-11T09:01:36.260] [DEBUG] debug-file - Hvigor init with startParameters:{
  hvigorfileTypeCheck: false,
  parallelExecution: true,
  incrementalExecution: true,
  printStackTrace: false,
  daemon: true,
  analyze: 0,
  logLevel: Level { level: 20000, levelStr: 'INFO', colour: 'green' },
  optimizationStrategy: 'memory',
  hotCompile: undefined,
  hotReloadBuild: undefined,
  customizedParam: undefined
}
[2026-09-11T09:01:36.272] [DEBUG] debug-file - Cache service initialization finished in 11 ms 
[2026-09-11T09:01:36.275] [DEBUG] debug-file - hvigorfile, resolving D:\HW\testproject\complete\8\ImmersiveLightDemo\hvigorfile.ts
[2026-09-11T09:01:40.633] [DEBUG] debug-file - hvigorfile, require result:  { default: { plugins: [] } }
[2026-09-11T09:01:40.633] [DEBUG] debug-file - hvigorfile, binding system plugins null
[2026-09-11T09:01:40.635] [DEBUG] debug-file - Starting plugin build process
[2026-09-11T09:01:40.635] [DEBUG] debug-file - App plugin prepare start...
[2026-09-11T09:01:40.635] [DEBUG] debug-file - App plugin prepare end...
[2026-09-11T09:01:40.635] [DEBUG] debug-file - App plugin creating...
[2026-09-11T09:01:41.062] [DEBUG] debug-file - App plugin register hook start...
[2026-09-11T09:01:41.062] [DEBUG] debug-file - App plugin register hook end...
[2026-09-11T09:01:41.063] [DEBUG] debug-file - Plugin build process completed
[2026-09-11T09:01:41.064] [DEBUG] debug-file - Start initialize project's product build option map with build mode debug.
[2026-09-11T09:01:41.064] [DEBUG] debug-file - Picking option from product 'default' with build mode 'debug'.
[2026-09-11T09:01:41.065] [DEBUG] debug-file - Product 'default' build option initialized
[2026-09-11T09:01:41.065] [DEBUG] debug-file - End initialize project's product build option map with build mode 'debug'.
[2026-09-11T09:01:41.072] [DEBUG] debug-file - Obtain build option for product 'default'in this build.
[2026-09-11T09:01:41.089] [DEBUG] debug-file - No signingConfig found, initRemoteHspCache failed.
[2026-09-11T09:01:41.094] [DEBUG] debug-file - Local scan or download HarmonyOS sdk components toolchains,ets,js,native,previewer
[2026-09-11T09:01:41.102] [DEBUG] debug-file - Local scan or download hmscore sdk components toolchains,ets,native
[2026-09-11T09:01:41.119] [DEBUG] debug-file - Start recording SDK configuration permission data.
[2026-09-11T09:01:41.169] [DEBUG] debug-file - Sdk init in 78 ms 
[2026-09-11T09:01:41.188] [DEBUG] debug-file - Project task initialization takes 17 ms 
[2026-09-11T09:01:41.189] [DEBUG] debug-file - hvigorfile, begin to bind custom plugins...
[2026-09-11T09:01:41.189] [DEBUG] debug-file - hvigorfile, no custom plugins were found in D:\HW\testproject\complete\8\ImmersiveLightDemo\hvigorfile.ts
[2026-09-11T09:01:41.189] [DEBUG] debug-file - hvigorfile, resolve finished D:\HW\testproject\complete\8\ImmersiveLightDemo\hvigorfile.ts
[2026-09-11T09:01:41.192] [DEBUG] debug-file - hvigorfile, resolving D:\HW\testproject\complete\8\ImmersiveLightDemo\entry\hvigorfile.ts
[2026-09-11T09:01:41.211] [DEBUG] debug-file - hvigorfile, require result:  { default: { plugins: [] } }
[2026-09-11T09:01:41.211] [DEBUG] debug-file - hvigorfile, binding system plugins null
[2026-09-11T09:01:41.212] [DEBUG] debug-file - Starting plugin build process
[2026-09-11T09:01:41.212] [DEBUG] debug-file - Hap plugin creating...
[2026-09-11T09:01:41.214] [DEBUG] debug-file - failed to load cangjie to dynamically generate schemas: Error: Cannot find module '@ohos/cangjie-build-support/index'
Require stack:
- E:\DevEco Studio\tools\hvigor\hvigor-ohos-plugin\src\plugin\hooks\cangjie-register.js
- E:\DevEco Studio\tools\hvigor\hvigor-ohos-plugin\src\plugin\strategy\stage-init-strategy.js
- E:\DevEco Studio\tools\hvigor\hvigor-ohos-plugin\src\plugin\builder\abstract-plugin-builder.js
- E:\DevEco Studio\tools\hvigor\hvigor-ohos-plugin\src\plugin\builder\app-plugin-builder.js
- E:\DevEco Studio\tools\hvigor\hvigor-ohos-plugin\src\plugin\factory\plugin-factory.js
- E:\DevEco Studio\tools\hvigor\hvigor-ohos-plugin\index.js
- D:\HW\testproject\complete\8\ImmersiveLightDemo\hvigorfile.ts
- E:\DevEco Studio\tools\hvigor\hvigor\src\base\internal\lifecycle\configuration.js
- E:\DevEco Studio\tools\hvigor\hvigor\src\base\boot\index.js
- E:\DevEco Studio\tools\hvigor\hvigor\src\base\daemon\cluster\worker-process-lifecycle.js
- E:\DevEco Studio\tools\hvigor\hvigor\src\base\daemon\process\daemon-process-boot-script.js
[2026-09-11T09:01:41.240] [DEBUG] debug-file - Start initialize module-target build option map, moduleName=entry, buildMode=debug
[2026-09-11T09:01:41.241] [DEBUG] debug-file - Target 'default' config initialized
[2026-09-11T09:01:41.242] [DEBUG] debug-file - Target 'ohosTest' config initialized
[2026-09-11T09:01:41.242] [DEBUG] debug-file - Module 'entry' target 'default' build option initialized
[2026-09-11T09:01:41.243] [DEBUG] debug-file - Module 'entry' target 'ohosTest' build option initialized
[2026-09-11T09:01:41.243] [DEBUG] debug-file - End initialize module-target build option map, moduleName=entry
[2026-09-11T09:01:41.243] [DEBUG] debug-file - Start initialize module-target build option map, moduleName=entry, buildMode=release
[2026-09-11T09:01:41.243] [DEBUG] debug-file - Target 'default' config initialized
[2026-09-11T09:01:41.244] [DEBUG] debug-file - Target 'ohosTest' config initialized
[2026-09-11T09:01:41.245] [DEBUG] debug-file - Module 'entry' target 'default' build option initialized
[2026-09-11T09:01:41.245] [DEBUG] debug-file - Module 'entry' target 'ohosTest' build option initialized
[2026-09-11T09:01:41.245] [DEBUG] debug-file - End initialize module-target build option map, moduleName=entry
[2026-09-11T09:01:41.245] [DEBUG] debug-file - Start initialize module-target build option map, moduleName=entry, buildMode=debug
[2026-09-11T09:01:41.245] [DEBUG] debug-file - Target 'default' config initialized
[2026-09-11T09:01:41.246] [DEBUG] debug-file - Target 'ohosTest' config initialized
[2026-09-11T09:01:41.246] [DEBUG] debug-file - Module 'entry' target 'default' build option initialized
[2026-09-11T09:01:41.246] [DEBUG] debug-file - Module 'entry' target 'ohosTest' build option initialized
[2026-09-11T09:01:41.246] [DEBUG] debug-file - End initialize module-target build option map, moduleName=entry
[2026-09-11T09:01:41.246] [DEBUG] debug-file - Obtain build option for module 'entry' target 'default'in this build.
[2026-09-11T09:01:41.258] [DEBUG] debug-file - Module entry task initialization takes 10 ms 
[2026-09-11T09:01:41.258] [DEBUG] debug-file - Hap plugin register hook start...
[2026-09-11T09:01:41.258] [DEBUG] debug-file - Hap plugin register hook end...
[2026-09-11T09:01:41.258] [DEBUG] debug-file - Plugin build process completed
[2026-09-11T09:01:41.258] [DEBUG] debug-file - hvigorfile, begin to bind custom plugins...
[2026-09-11T09:01:41.259] [DEBUG] debug-file - hvigorfile, no custom plugins were found in D:\HW\testproject\complete\8\ImmersiveLightDemo\entry\hvigorfile.ts
[2026-09-11T09:01:41.259] [DEBUG] debug-file - hvigorfile, resolve finished D:\HW\testproject\complete\8\ImmersiveLightDemo\entry\hvigorfile.ts
[2026-09-11T09:01:41.300] [DEBUG] debug-file - hvigorfile, resolve hvigorfile dependencies in 40 ms 
[2026-09-11T09:01:41.300] [DEBUG] debug-file - project has submodules:entry
[2026-09-11T09:01:41.304] [DEBUG] debug-file - start to load updatedOhPackageInfo to the disk
[2026-09-11T09:01:41.309] [DEBUG] debug-file - load to the disk finished
[2026-09-11T09:01:41.311] [DEBUG] debug-file - Start to initialize dependency information.
[2026-09-11T09:01:41.331] [DEBUG] debug-file - Module ImmersiveLightDemo Collected Dependency: 
[2026-09-11T09:01:41.331] [DEBUG] debug-file - Module ImmersiveLightDemo's total dependency: 0
[2026-09-11T09:01:41.333] [DEBUG] debug-file - Start to initialize dependency information.
[2026-09-11T09:01:41.338] [DEBUG] debug-file - Module entry Collected Dependency: 
[2026-09-11T09:01:41.338] [DEBUG] debug-file - Module entry's total dependency: 0
[2026-09-11T09:01:41.347] [DEBUG] debug-file - Configuration phase cost:5 s 75 ms 
[2026-09-11T09:01:41.352] [DEBUG] debug-file - Configuration task cost before running: 5 s 105 ms 
[2026-09-11T09:01:41.354] [DEBUG] debug-file - Executing task ::PreBuildApp
[2026-09-11T09:01:41.356] [DEBUG] debug-file - ImmersiveLightDemo : PreBuildApp cost memory 0.03075408935546875
[2026-09-11T09:01:41.356] [DEBUG] debug-file - runTaskFromQueue task cost before running: 5 s 109 ms 
[2026-09-11T09:01:41.357] [INFO] debug-file - Finished ::PreBuildApp... after 3 ms 
[2026-09-11T09:01:41.369] [DEBUG] debug-file - Executing task :entry:default@PreBuild
[2026-09-11T09:01:41.379] [DEBUG] debug-file - Task 'entry:default@PreBuild' cost while wrapping incremental declarations: 1 ms 
[2026-09-11T09:01:41.398] [DEBUG] debug-file - Incremental task entry:default@PreBuild pre-execution cost: 12 ms .
[2026-09-11T09:01:41.399] [DEBUG] debug-file - entry : default@PreBuild cost memory 0.7754745483398438
[2026-09-11T09:01:41.403] [INFO] debug-file - UP-TO-DATE :entry:default@PreBuild...  
[2026-09-11T09:01:41.404] [DEBUG] debug-file - Executing task ::DuplicateDependencyCheck
[2026-09-11T09:01:41.404] [DEBUG] debug-file - ImmersiveLightDemo : DuplicateDependencyCheck cost memory 0.01540374755859375
[2026-09-11T09:01:41.405] [DEBUG] debug-file - runTaskFromQueue task cost before running: 5 s 158 ms 
[2026-09-11T09:01:41.405] [INFO] debug-file - Finished ::DuplicateDependencyCheck... after 2 ms 
[2026-09-11T09:01:41.408] [DEBUG] debug-file - Executing task :entry:default@CreateModuleInfo
[2026-09-11T09:01:41.409] [DEBUG] debug-file - Task 'entry:default@CreateModuleInfo' cost while wrapping incremental declarations: 1 ms 
[2026-09-11T09:01:41.410] [DEBUG] debug-file - entry : default@CreateModuleInfo cost memory 0.04743194580078125
[2026-09-11T09:01:41.410] [DEBUG] debug-file - runTaskFromQueue task cost before running: 5 s 163 ms 
[2026-09-11T09:01:41.411] [INFO] debug-file - Finished :entry:default@CreateModuleInfo... after 3 ms 
[2026-09-11T09:01:41.413] [DEBUG] debug-file - Executing task :entry:default@GenerateMetadata
[2026-09-11T09:01:41.414] [DEBUG] debug-file - Task 'entry:default@GenerateMetadata' cost while wrapping incremental declarations: 1 ms 
[2026-09-11T09:01:41.416] [DEBUG] debug-file - Incremental task entry:default@GenerateMetadata pre-execution cost: 2 ms .
[2026-09-11T09:01:41.416] [DEBUG] debug-file - entry : default@GenerateMetadata cost memory 0.10385894775390625
[2026-09-11T09:01:41.416] [INFO] debug-file - UP-TO-DATE :entry:default@GenerateMetadata...  
[2026-09-11T09:01:41.418] [DEBUG] debug-file - Executing task :entry:default@ConfigureCmake
[2026-09-11T09:01:41.419] [DEBUG] debug-file - entry : default@ConfigureCmake cost memory 0.01592254638671875
[2026-09-11T09:01:41.419] [DEBUG] debug-file - runTaskFromQueue task cost before running: 5 s 172 ms 
[2026-09-11T09:01:41.420] [INFO] debug-file - Finished :entry:default@ConfigureCmake... after 1 ms 
[2026-09-11T09:01:41.422] [DEBUG] debug-file - Executing task :entry:default@MergeProfile
[2026-09-11T09:01:41.423] [DEBUG] debug-file - Task 'entry:default@MergeProfile' cost while wrapping incremental declarations: 1 ms 
[2026-09-11T09:01:41.427] [DEBUG] debug-file - Incremental task entry:default@MergeProfile pre-execution cost: 3 ms .
[2026-09-11T09:01:41.427] [DEBUG] debug-file - entry : default@MergeProfile cost memory 0.14893341064453125
[2026-09-11T09:01:41.428] [INFO] debug-file - UP-TO-DATE :entry:default@MergeProfile...  
[2026-09-11T09:01:41.431] [DEBUG] debug-file - Executing task :entry:default@CreateBuildProfile
[2026-09-11T09:01:41.432] [DEBUG] debug-file - Task 'entry:default@CreateBuildProfile' cost while wrapping incremental declarations: 1 ms 
[2026-09-11T09:01:41.433] [DEBUG] debug-file - Incremental task entry:default@CreateBuildProfile pre-execution cost: 1 ms .
[2026-09-11T09:01:41.434] [DEBUG] debug-file - entry : default@CreateBuildProfile cost memory 0.10974884033203125
[2026-09-11T09:01:41.434] [INFO] debug-file - UP-TO-DATE :entry:default@CreateBuildProfile...  
[2026-09-11T09:01:41.436] [DEBUG] debug-file - Executing task :entry:default@PreCheckSyscap
[2026-09-11T09:01:41.437] [DEBUG] debug-file - entry : default@PreCheckSyscap cost memory 0.018646240234375
[2026-09-11T09:01:41.438] [DEBUG] debug-file - runTaskFromQueue task cost before running: 5 s 191 ms 
[2026-09-11T09:01:41.438] [INFO] debug-file - Finished :entry:default@PreCheckSyscap... after 2 ms 
[2026-09-11T09:01:41.441] [DEBUG] debug-file - Executing task :entry:default@GeneratePkgContextInfo
[2026-09-11T09:01:41.451] [DEBUG] debug-file - Task 'entry:default@GeneratePkgContextInfo' cost while wrapping incremental declarations: 1 ms 
[2026-09-11T09:01:41.452] [DEBUG] debug-file - Incremental task entry:default@GeneratePkgContextInfo pre-execution cost: 2 ms .
[2026-09-11T09:01:41.453] [DEBUG] debug-file - entry : default@GeneratePkgContextInfo cost memory 0.3261260986328125
[2026-09-11T09:01:41.453] [INFO] debug-file - UP-TO-DATE :entry:default@GeneratePkgContextInfo...  
[2026-09-11T09:01:41.456] [DEBUG] debug-file - Executing task :entry:default@GeneratePkgSdkInfo
[2026-09-11T09:01:41.460] [DEBUG] debug-file - Task 'entry:default@GeneratePkgSdkInfo' cost while wrapping incremental declarations: 1 ms 
[2026-09-11T09:01:41.462] [DEBUG] debug-file - entry : default@GeneratePkgSdkInfo cost memory 0.1477508544921875
[2026-09-11T09:01:41.462] [DEBUG] debug-file - runTaskFromQueue task cost before running: 5 s 215 ms 
[2026-09-11T09:01:41.462] [INFO] debug-file - Finished :entry:default@GeneratePkgSdkInfo... after 6 ms 
[2026-09-11T09:01:41.468] [DEBUG] debug-file - Executing task :entry:default@ProcessIntegratedHsp
[2026-09-11T09:01:41.469] [DEBUG] debug-file - entry:default@ProcessIntegratedHsp is not up-to-date, since the output file 'D:\HW\testproject\complete\8\ImmersiveLightDemo\build\cache\default\integrated_hsp\integratedHspCache.json' does not exist.
[2026-09-11T09:01:41.470] [DEBUG] debug-file - Incremental task entry:default@ProcessIntegratedHsp pre-execution cost: 1 ms .
[2026-09-11T09:01:41.470] [DEBUG] debug-file - entry : default@ProcessIntegratedHsp cost memory 0.0596771240234375
[2026-09-11T09:01:41.471] [DEBUG] debug-file - runTaskFromQueue task cost before running: 5 s 224 ms 
[2026-09-11T09:01:41.471] [INFO] debug-file - Finished :entry:default@ProcessIntegratedHsp... after 3 ms 
[2026-09-11T09:01:41.474] [DEBUG] debug-file - Executing task :entry:default@BuildNativeWithCmake
[2026-09-11T09:01:41.474] [DEBUG] debug-file - entry : default@BuildNativeWithCmake cost memory 0.01538848876953125
[2026-09-11T09:01:41.474] [DEBUG] debug-file - runTaskFromQueue task cost before running: 5 s 227 ms 
[2026-09-11T09:01:41.474] [INFO] debug-file - Finished :entry:default@BuildNativeWithCmake... after 1 ms 
[2026-09-11T09:01:41.477] [DEBUG] debug-file - Executing task :entry:default@MakePackInfo
[2026-09-11T09:01:41.483] [DEBUG] debug-file - Incremental task entry:default@MakePackInfo pre-execution cost: 4 ms .
[2026-09-11T09:01:41.483] [DEBUG] debug-file - entry : default@MakePackInfo cost memory 0.146820068359375
[2026-09-11T09:01:41.484] [INFO] debug-file - UP-TO-DATE :entry:default@MakePackInfo...  
[2026-09-11T09:01:41.486] [DEBUG] debug-file - Executing task :entry:default@SyscapTransform
[2026-09-11T09:01:41.487] [DEBUG] debug-file - File: 'D:\HW\testproject\complete\8\ImmersiveLightDemo\entry\src\main\syscap.json' from 'sysCapJsonPath' is not exists, just ignore.
[2026-09-11T09:01:41.489] [DEBUG] debug-file - Task 'entry:default@SyscapTransform' cost while wrapping incremental declarations: 3 ms 
[2026-09-11T09:01:41.514] [DEBUG] debug-file - entry:default@SyscapTransform is not up-to-date, since the output file 'D:\HW\testproject\complete\8\ImmersiveLightDemo\entry\build\default\intermediates\syscap\default\rpcid.sc' does not exist.
[2026-09-11T09:01:41.515] [DEBUG] debug-file - Incremental task entry:default@SyscapTransform pre-execution cost: 25 ms .
[2026-09-11T09:01:41.515] [DEBUG] debug-file - entry : default@SyscapTransform cost memory 0.1481781005859375
[2026-09-11T09:01:41.516] [DEBUG] debug-file - runTaskFromQueue task cost before running: 5 s 269 ms 
[2026-09-11T09:01:41.516] [INFO] debug-file - Finished :entry:default@SyscapTransform... after 30 ms 
[2026-09-11T09:01:41.521] [DEBUG] debug-file - Executing task :entry:default@ProcessProfile
[2026-09-11T09:01:41.544] [DEBUG] debug-file - Task 'entry:default@ProcessProfile' cost while wrapping incremental declarations: 1 ms 
[2026-09-11T09:01:41.545] [DEBUG] debug-file - Incremental task entry:default@ProcessProfile pre-execution cost: 2 ms .
[2026-09-11T09:01:41.546] [DEBUG] debug-file - entry : default@ProcessProfile cost memory 3.0629196166992188
[2026-09-11T09:01:41.546] [INFO] debug-file - UP-TO-DATE :entry:default@ProcessProfile...  
[2026-09-11T09:01:41.548] [DEBUG] debug-file - Executing task :entry:default@ProcessRouterMap
[2026-09-11T09:01:41.551] [DEBUG] debug-file - Incremental task entry:default@ProcessRouterMap pre-execution cost: 2 ms .
[2026-09-11T09:01:41.551] [DEBUG] debug-file - entry : default@ProcessRouterMap cost memory 0.175506591796875
[2026-09-11T09:01:41.552] [INFO] debug-file - UP-TO-DATE :entry:default@ProcessRouterMap...  
[2026-09-11T09:01:41.554] [DEBUG] debug-file - Executing task :entry:default@ProcessShareConfig
[2026-09-11T09:01:41.556] [DEBUG] debug-file - Incremental task entry:default@ProcessShareConfig pre-execution cost: 2 ms .
[2026-09-11T09:01:41.556] [DEBUG] debug-file - entry : default@ProcessShareConfig cost memory 0.14824676513671875
[2026-09-11T09:01:41.557] [INFO] debug-file - UP-TO-DATE :entry:default@ProcessShareConfig...  
[2026-09-11T09:01:41.560] [DEBUG] debug-file - Executing task :entry:default@ProcessStartupConfig
[2026-09-11T09:01:41.560] [DEBUG] debug-file - Task 'entry:default@ProcessStartupConfig' cost while wrapping incremental declarations: 1 ms 
[2026-09-11T09:01:41.562] [DEBUG] debug-file - entry:default@ProcessStartupConfig is not up-to-date, since the output file 'D:\HW\testproject\complete\8\ImmersiveLightDemo\entry\build\default\intermediates\startup\default\startup_config.json' does not exist.
[2026-09-11T09:01:41.562] [DEBUG] debug-file - Incremental task entry:default@ProcessStartupConfig pre-execution cost: 1 ms .
[2026-09-11T09:01:41.563] [DEBUG] debug-file - entry : default@ProcessStartupConfig cost memory 0.14345550537109375
[2026-09-11T09:01:41.563] [DEBUG] debug-file - runTaskFromQueue task cost before running: 5 s 316 ms 
[2026-09-11T09:01:41.563] [INFO] debug-file - Finished :entry:default@ProcessStartupConfig... after 4 ms 
[2026-09-11T09:01:41.565] [DEBUG] debug-file - Executing task :entry:default@BuildNativeWithNinja
[2026-09-11T09:01:41.566] [DEBUG] debug-file - entry : default@BuildNativeWithNinja cost memory 0.0240936279296875
[2026-09-11T09:01:41.566] [DEBUG] debug-file - runTaskFromQueue task cost before running: 5 s 319 ms 
[2026-09-11T09:01:41.566] [INFO] debug-file - Finished :entry:default@BuildNativeWithNinja... after 1 ms 
[2026-09-11T09:01:41.570] [DEBUG] debug-file - restool module names: entry; moduleName=entry, taskName=default@ProcessResource
[2026-09-11T09:01:41.577] [DEBUG] debug-file - Executing task :entry:default@ProcessResource
[2026-09-11T09:01:41.578] [DEBUG] debug-file - Task 'entry:default@ProcessResource' cost while wrapping incremental declarations: 1 ms 
[2026-09-11T09:01:41.582] [DEBUG] debug-file - Incremental task entry:default@ProcessResource pre-execution cost: 3 ms .
[2026-09-11T09:01:41.582] [DEBUG] debug-file - entry : default@ProcessResource cost memory 0.1554718017578125
[2026-09-11T09:01:41.585] [INFO] debug-file - UP-TO-DATE :entry:default@ProcessResource...  
[2026-09-11T09:01:41.591] [DEBUG] debug-file - Executing task :entry:default@GenerateLoaderJson
[2026-09-11T09:01:41.594] [DEBUG] debug-file - Task 'entry:default@GenerateLoaderJson' cost while wrapping incremental declarations: 1 ms 
[2026-09-11T09:01:41.609] [DEBUG] debug-file - Incremental task entry:default@GenerateLoaderJson pre-execution cost: 7 ms .
[2026-09-11T09:01:41.609] [DEBUG] debug-file - entry : default@GenerateLoaderJson cost memory 0.42716217041015625
[2026-09-11T09:01:41.613] [INFO] debug-file - UP-TO-DATE :entry:default@GenerateLoaderJson...  
[2026-09-11T09:01:41.614] [DEBUG] debug-file - Executing task :entry:default@ProcessLibs
[2026-09-11T09:01:41.616] [DEBUG] debug-file - Task 'entry:default@ProcessLibs' cost while wrapping incremental declarations: 1 ms 
[2026-09-11T09:01:41.618] [DEBUG] debug-file - Incremental task entry:default@ProcessLibs pre-execution cost: 2 ms .
[2026-09-11T09:01:41.618] [DEBUG] debug-file - entry : default@ProcessLibs cost memory 0.1218719482421875
[2026-09-11T09:01:41.619] [INFO] debug-file - UP-TO-DATE :entry:default@ProcessLibs...  
[2026-09-11T09:01:41.622] [DEBUG] debug-file - restool module names: entry; moduleName=entry, taskName=default@CompileResource
[2026-09-11T09:01:41.624] [DEBUG] debug-file - Executing task :entry:default@CompileResource
[2026-09-11T09:01:41.648] [DEBUG] debug-file - Incremental task entry:default@CompileResource pre-execution cost: 22 ms .
[2026-09-11T09:01:41.649] [DEBUG] debug-file - entry : default@CompileResource cost memory -13.085830688476562
[2026-09-11T09:01:41.652] [INFO] debug-file - UP-TO-DATE :entry:default@CompileResource...  
[2026-09-11T09:01:41.655] [DEBUG] debug-file - Executing task :entry:default@DoNativeStrip
[2026-09-11T09:01:41.656] [DEBUG] debug-file - File: 'D:\HW\testproject\complete\8\ImmersiveLightDemo\entry\build\default\intermediates\binxo\default' from 'doBinxoNativeLibs' is not exists, just ignore.
[2026-09-11T09:01:41.657] [DEBUG] debug-file - Task 'entry:default@DoNativeStrip' cost while wrapping incremental declarations: 2 ms 
[2026-09-11T09:01:41.659] [DEBUG] debug-file - Incremental task entry:default@DoNativeStrip pre-execution cost: 2 ms .
[2026-09-11T09:01:41.659] [DEBUG] debug-file - entry : default@DoNativeStrip cost memory 0.07959747314453125
[2026-09-11T09:01:41.660] [INFO] debug-file - UP-TO-DATE :entry:default@DoNativeStrip...  
[2026-09-11T09:01:41.664] [DEBUG] debug-file - Executing task :entry:default@CompileArkTS
[2026-09-11T09:01:41.668] [DEBUG] debug-file - obfuscationOptions: undefined
[2026-09-11T09:01:41.673] [DEBUG] debug-file - Task 'entry:default@CompileArkTS' cost while wrapping incremental declarations: 1 ms 
[2026-09-11T09:01:41.699] [DEBUG] debug-file - Incremental task entry:default@CompileArkTS pre-execution cost: 19 ms .
[2026-09-11T09:01:41.699] [DEBUG] debug-file - entry : default@CompileArkTS cost memory 0.089599609375
[2026-09-11T09:01:41.703] [INFO] debug-file - UP-TO-DATE :entry:default@CompileArkTS...  
[2026-09-11T09:01:41.707] [DEBUG] debug-file - Executing task :entry:default@BuildJS
[2026-09-11T09:01:41.708] [DEBUG] debug-file - Task 'entry:default@BuildJS' cost while wrapping incremental declarations: 1 ms 
[2026-09-11T09:01:41.716] [DEBUG] debug-file - entry : default@BuildJS cost memory 0.145751953125
[2026-09-11T09:01:41.716] [DEBUG] debug-file - runTaskFromQueue task cost before running: 5 s 469 ms 
[2026-09-11T09:01:41.717] [INFO] debug-file - Finished :entry:default@BuildJS... after 9 ms 
[2026-09-11T09:01:41.721] [DEBUG] debug-file - Executing task :entry:default@CacheNativeLibs
[2026-09-11T09:01:41.723] [DEBUG] debug-file - File: 'D:\HW\testproject\complete\8\ImmersiveLightDemo\entry\build\default\intermediates\binxo\default' from 'cacheBinxoNativeLibs' is not exists, just ignore.
[2026-09-11T09:01:41.724] [DEBUG] debug-file - Task 'entry:default@CacheNativeLibs' cost while wrapping incremental declarations: 3 ms 
[2026-09-11T09:01:41.727] [DEBUG] debug-file - Incremental task entry:default@CacheNativeLibs pre-execution cost: 2 ms .
[2026-09-11T09:01:41.727] [DEBUG] debug-file - entry : default@CacheNativeLibs cost memory 0.09458160400390625
[2026-09-11T09:01:41.727] [INFO] debug-file - UP-TO-DATE :entry:default@CacheNativeLibs...  
[2026-09-11T09:01:41.731] [DEBUG] debug-file - Executing task :entry:default@GeneratePkgModuleJson
[2026-09-11T09:01:41.732] [DEBUG] debug-file - File: 'D:\HW\testproject\complete\8\ImmersiveLightDemo\entry\build\default\intermediates\preload\default\preload.json' from 'preloadSoJsonPath' is not exists, just ignore.
[2026-09-11T09:01:41.733] [DEBUG] debug-file - Error occurs while handling @Input 'shouldDeduplicateHar': The "data" argument must be of type string or an instance of Buffer, TypedArray, or DataView. Received undefined
[2026-09-11T09:01:41.733] [DEBUG] debug-file - Task 'entry:default@GeneratePkgModuleJson' cost while wrapping incremental declarations: 2 ms 
[2026-09-11T09:01:41.736] [DEBUG] debug-file - Incremental task entry:default@GeneratePkgModuleJson pre-execution cost: 2 ms .
[2026-09-11T09:01:41.736] [DEBUG] debug-file - entry : default@GeneratePkgModuleJson cost memory 0.092071533203125
[2026-09-11T09:01:41.737] [INFO] debug-file - UP-TO-DATE :entry:default@GeneratePkgModuleJson...  
[2026-09-11T09:01:41.742] [DEBUG] debug-file - Executing task :entry:default@ProcessCompiledResources
[2026-09-11T09:01:41.743] [DEBUG] debug-file - File: 'D:\HW\testproject\complete\8\ImmersiveLightDemo\entry\build\default\intermediates\preload\default\preload.json' from 'preloadSoJsonPath' is not exists, just ignore.
[2026-09-11T09:01:41.743] [DEBUG] debug-file - Task 'entry:default@ProcessCompiledResources' cost while wrapping incremental declarations: 1 ms 
[2026-09-11T09:01:41.745] [DEBUG] debug-file - entry : default@ProcessCompiledResources cost memory 0.06098175048828125
[2026-09-11T09:01:41.745] [DEBUG] debug-file - runTaskFromQueue task cost before running: 5 s 499 ms 
[2026-09-11T09:01:41.746] [INFO] debug-file - Finished :entry:default@ProcessCompiledResources... after 4 ms 
[2026-09-11T09:01:41.752] [DEBUG] debug-file - Executing task :entry:default@PackageHap
[2026-09-11T09:01:41.779] [DEBUG] debug-file - Incremental task entry:default@PackageHap pre-execution cost: 20 ms .
[2026-09-11T09:01:41.779] [DEBUG] debug-file - entry : default@PackageHap cost memory 0.374847412109375
[2026-09-11T09:01:41.783] [INFO] debug-file - UP-TO-DATE :entry:default@PackageHap...  
[2026-09-11T09:01:41.788] [DEBUG] debug-file - Executing task :entry:default@PackingCheck
[2026-09-11T09:01:41.800] [DEBUG] debug-file - entry : default@PackingCheck cost memory 0.4717559814453125
[2026-09-11T09:01:41.800] [DEBUG] debug-file - runTaskFromQueue task cost before running: 5 s 553 ms 
[2026-09-11T09:01:41.801] [INFO] debug-file - Finished :entry:default@PackingCheck... after 13 ms 
[2026-09-11T09:01:41.804] [DEBUG] debug-file - Executing task :entry:default@SignHap
[2026-09-11T09:01:41.805] [WARN] debug-file - Will skip sign 'hos_hap'. No signingConfigs profile is configured in current project.
             If needed, configure the signingConfigs in D:\HW\testproject\complete\8\ImmersiveLightDemo\build-profile.json5.
[2026-09-11T09:01:41.808] [DEBUG] debug-file - entry:default@SignHap is not up-to-date, since the output file 'D:\HW\testproject\complete\8\ImmersiveLightDemo\entry\build\default\outputs\default\entry-default-signed.hap' does not exist.
[2026-09-11T09:01:41.808] [DEBUG] debug-file - Incremental task entry:default@SignHap pre-execution cost: 2 ms .
[2026-09-11T09:01:41.811] [DEBUG] debug-file - entry : default@SignHap cost memory 0.09951019287109375
[2026-09-11T09:01:41.811] [DEBUG] debug-file - runTaskFromQueue task cost before running: 5 s 564 ms 
[2026-09-11T09:01:41.811] [INFO] debug-file - Finished :entry:default@SignHap... after 7 ms 
[2026-09-11T09:01:41.814] [DEBUG] debug-file - Executing task :entry:default@CollectDebugSymbol
[2026-09-11T09:01:41.816] [DEBUG] debug-file - entry : default@CollectDebugSymbol cost memory 0.1095428466796875
[2026-09-11T09:01:41.816] [DEBUG] debug-file - runTaskFromQueue task cost before running: 5 s 569 ms 
[2026-09-11T09:01:41.816] [INFO] debug-file - Finished :entry:default@CollectDebugSymbol... after 3 ms 
[2026-09-11T09:01:41.817] [DEBUG] debug-file - Executing task :entry:assembleHap
[2026-09-11T09:01:41.817] [DEBUG] debug-file - entry : assembleHap cost memory 0.0132904052734375
[2026-09-11T09:01:41.817] [DEBUG] debug-file - runTaskFromQueue task cost before running: 5 s 570 ms 
[2026-09-11T09:01:41.818] [INFO] debug-file - Finished :entry:assembleHap... after 1 ms 
[2026-09-11T09:01:41.818] [DEBUG] debug-file - Executing task ::MakeProjectPackInfo
[2026-09-11T09:01:41.821] [DEBUG] debug-file - Task ':MakeProjectPackInfo' cost while wrapping incremental declarations: 1 ms 
[2026-09-11T09:01:41.824] [DEBUG] debug-file - Incremental task :MakeProjectPackInfo pre-execution cost: 2 ms .
[2026-09-11T09:01:41.824] [DEBUG] debug-file - ImmersiveLightDemo : MakeProjectPackInfo cost memory -0.1927490234375
[2026-09-11T09:01:41.824] [INFO] debug-file - UP-TO-DATE ::MakeProjectPackInfo...  
[2026-09-11T09:01:41.824] [DEBUG] debug-file - Executing task ::ProcessProjectPrivacyProfile
[2026-09-11T09:01:41.827] [DEBUG] debug-file - Incremental task :ProcessProjectPrivacyProfile pre-execution cost: 2 ms .
[2026-09-11T09:01:41.828] [DEBUG] debug-file - ImmersiveLightDemo : ProcessProjectPrivacyProfile cost memory 0.08824920654296875
[2026-09-11T09:01:41.829] [INFO] debug-file - UP-TO-DATE ::ProcessProjectPrivacyProfile...  
[2026-09-11T09:01:41.829] [DEBUG] debug-file - Executing task ::GeneratePackRes
[2026-09-11T09:01:41.830] [DEBUG] debug-file - Incremental task :GeneratePackRes pre-execution cost: 1 ms .
[2026-09-11T09:01:41.831] [DEBUG] debug-file - ImmersiveLightDemo : GeneratePackRes cost memory 0.04335784912109375
[2026-09-11T09:01:41.831] [INFO] debug-file - UP-TO-DATE ::GeneratePackRes...  
[2026-09-11T09:01:41.831] [DEBUG] debug-file - Executing task ::PackageApp
[2026-09-11T09:01:41.835] [DEBUG] debug-file - Task ':PackageApp' cost while wrapping incremental declarations: 1 ms 
[2026-09-11T09:01:41.839] [DEBUG] debug-file - :PackageApp is not up-to-date, since the output file 'D:\HW\testproject\complete\8\ImmersiveLightDemo\build\outputs\default\symbol\debug' does not exist.
[2026-09-11T09:01:41.839] [DEBUG] debug-file - Incremental task :PackageApp pre-execution cost: 3 ms .
[2026-09-11T09:01:41.853] [DEBUG] debug-file - Use tool [PackageApp]
 [
  'java',
  '-Dfile.encoding=GBK',
  '-jar',
  'E:\\DevEco Studio\\sdk\\default\\openharmony\\toolchains\\lib\\app_packing_tool.jar',
  '--mode',
  'app',
  '--pack-info-path',
  'D:\\HW\\testproject\\complete\\8\\ImmersiveLightDemo\\build\\outputs\\default\\pack.info',
  '--hap-path',
  'D:\\HW\\testproject\\complete\\8\\ImmersiveLightDemo\\entry\\build\\default\\outputs\\default\\app\\entry-default.hap',
  '--hsp-path',
  '',
  '--force',
  'true',
  '--out-path',
  'D:\\HW\\testproject\\complete\\8\\ImmersiveLightDemo\\build\\outputs\\default\\ImmersiveLightDemo-default-unsigned.app',
  '--main-module-limit',
  '2',
  '--normal-module-limit',
  '2',
  '--pac-json-path',
  'D:\\HW\\testproject\\complete\\8\\ImmersiveLightDemo\\build\\outputs\\default\\pac.json'
]
[2026-09-11T09:01:41.855] [DEBUG] debug-file - current process  memoryUsage: {
  rss: 284164096,
  heapTotal: 156540928,
  heapUsed: 121420240,
  external: 3973056,
  arrayBuffers: 37508
} os memoryUsage :12.830249786376953
[2026-09-11T09:01:42.822] [DEBUG] debug-file - ImmersiveLightDemo : PackageApp cost memory 2.0172805786132812
[2026-09-11T09:01:42.823] [DEBUG] debug-file - runTaskFromQueue task cost before running: 6 s 576 ms 
[2026-09-11T09:01:42.823] [INFO] debug-file - Finished ::PackageApp... after 992 ms 
[2026-09-11T09:01:42.823] [DEBUG] debug-file - Executing task ::SignPackagesFromApp
[2026-09-11T09:01:42.824] [DEBUG] debug-file - :SignPackagesFromApp is not up-to-date, since the input file 'D:\HW\testproject\complete\8\ImmersiveLightDemo\build\outputs\default\ImmersiveLightDemo-default-unsigned.app' has been changed.
[2026-09-11T09:01:42.824] [DEBUG] debug-file - Incremental task :SignPackagesFromApp pre-execution cost: 1 ms .
[2026-09-11T09:01:42.824] [DEBUG] debug-file - ImmersiveLightDemo : SignPackagesFromApp cost memory 0.0554962158203125
[2026-09-11T09:01:42.824] [DEBUG] debug-file - runTaskFromQueue task cost before running: 6 s 578 ms 
[2026-09-11T09:01:42.825] [INFO] debug-file - Finished ::SignPackagesFromApp... after 2 ms 
[2026-09-11T09:01:42.825] [DEBUG] debug-file - Executing task ::SignApp
[2026-09-11T09:01:42.825] [DEBUG] debug-file - signingConfigName of signApp is :  undefined
[2026-09-11T09:01:42.825] [WARN] debug-file - Will skip sign 'app'. No signingConfigs profile is configured in current project.
             If needed, configure the signingConfigs in D:\HW\testproject\complete\8\ImmersiveLightDemo\build-profile.json5.
[2026-09-11T09:01:42.826] [DEBUG] debug-file - :SignApp is not up-to-date, since the input file 'D:\HW\testproject\complete\8\ImmersiveLightDemo\build\outputs\default\ImmersiveLightDemo-default-unsigned.app' has been changed.
[2026-09-11T09:01:42.827] [DEBUG] debug-file - Incremental task :SignApp pre-execution cost: 1 ms .
[2026-09-11T09:01:42.827] [DEBUG] debug-file - ImmersiveLightDemo : SignApp cost memory 0.14357757568359375
[2026-09-11T09:01:42.827] [DEBUG] debug-file - runTaskFromQueue task cost before running: 6 s 581 ms 
[2026-09-11T09:01:42.828] [INFO] debug-file - Finished ::SignApp... after 3 ms 
[2026-09-11T09:01:42.828] [DEBUG] debug-file - Executing task ::assembleApp
[2026-09-11T09:01:42.828] [DEBUG] debug-file - ImmersiveLightDemo : assembleApp cost memory 0.01303863525390625
[2026-09-11T09:01:42.828] [DEBUG] debug-file - runTaskFromQueue task cost before running: 6 s 581 ms 
[2026-09-11T09:01:42.828] [INFO] debug-file - Finished ::assembleApp... after 1 ms 
[2026-09-11T09:01:42.831] [INFO] debug-file - BUILD SUCCESSFUL in 6 s 584 ms 
[2026-09-11T09:01:42.832] [DEBUG] debug-file - There is no need to refresh cache, since the incremental task entry:default@PreBuild is up-to-date.
[2026-09-11T09:01:42.832] [DEBUG] debug-file - Update task entry:default@CreateModuleInfo output file:D:\HW\testproject\complete\8\ImmersiveLightDemo\entry\build\default\generated\profile\default\ModuleInfo.ts cache.
[2026-09-11T09:01:42.833] [DEBUG] debug-file - Incremental task entry:default@CreateModuleInfo post-execution cost:1 ms .
[2026-09-11T09:01:42.833] [DEBUG] debug-file - There is no need to refresh cache, since the incremental task entry:default@GenerateMetadata is up-to-date.
[2026-09-11T09:01:42.833] [DEBUG] debug-file - There is no need to refresh cache, since the incremental task entry:default@MergeProfile is up-to-date.
[2026-09-11T09:01:42.833] [DEBUG] debug-file - There is no need to refresh cache, since the incremental task entry:default@CreateBuildProfile is up-to-date.
[2026-09-11T09:01:42.833] [DEBUG] debug-file - There is no need to refresh cache, since the incremental task entry:default@GeneratePkgContextInfo is up-to-date.
[2026-09-11T09:01:42.833] [DEBUG] debug-file - Update task entry:default@GeneratePkgSdkInfo output file:D:\HW\testproject\complete\8\ImmersiveLightDemo\entry\build\default\intermediates\loader\default\pkgSdkInfo.json cache.
[2026-09-11T09:01:42.833] [DEBUG] debug-file - Incremental task entry:default@GeneratePkgSdkInfo post-execution cost:1 ms .
[2026-09-11T09:01:42.833] [DEBUG] debug-file - Update task entry:default@ProcessIntegratedHsp output file:D:\HW\testproject\complete\8\ImmersiveLightDemo\build\cache\default\integrated_hsp\integratedHspCache.json cache.
[2026-09-11T09:01:42.834] [DEBUG] debug-file - Incremental task entry:default@ProcessIntegratedHsp post-execution cost:1 ms .
[2026-09-11T09:01:42.834] [DEBUG] debug-file - There is no need to refresh cache, since the incremental task entry:default@MakePackInfo is up-to-date.
[2026-09-11T09:01:42.834] [DEBUG] debug-file - Update task entry:default@SyscapTransform input file:E:\DevEco Studio\sdk\default\openharmony\toolchains\syscap_tool.exe cache by regenerate.
[2026-09-11T09:01:42.834] [DEBUG] debug-file - Update task entry:default@SyscapTransform input file:E:\DevEco Studio\sdk\default\openharmony\ets\api\device-define cache by regenerate.
[2026-09-11T09:01:42.835] [DEBUG] debug-file - Update task entry:default@SyscapTransform output file:D:\HW\testproject\complete\8\ImmersiveLightDemo\entry\build\default\intermediates\syscap\default\rpcid.sc cache.
[2026-09-11T09:01:42.835] [DEBUG] debug-file - Incremental task entry:default@SyscapTransform post-execution cost:2 ms .
[2026-09-11T09:01:42.835] [DEBUG] debug-file - There is no need to refresh cache, since the incremental task entry:default@ProcessProfile is up-to-date.
[2026-09-11T09:01:42.835] [DEBUG] debug-file - There is no need to refresh cache, since the incremental task entry:default@ProcessRouterMap is up-to-date.
[2026-09-11T09:01:42.835] [DEBUG] debug-file - There is no need to refresh cache, since the incremental task entry:default@ProcessShareConfig is up-to-date.
[2026-09-11T09:01:42.836] [DEBUG] debug-file - Update task entry:default@ProcessStartupConfig input file:D:\HW\testproject\complete\8\ImmersiveLightDemo\entry\build\default\intermediates\loader\default\pkgContextInfo.json cache by regenerate.
[2026-09-11T09:01:42.836] [DEBUG] debug-file - Update task entry:default@ProcessStartupConfig output file:D:\HW\testproject\complete\8\ImmersiveLightDemo\entry\build\default\intermediates\startup\default\startup_config.json cache.
[2026-09-11T09:01:42.836] [DEBUG] debug-file - Incremental task entry:default@ProcessStartupConfig post-execution cost:1 ms .
[2026-09-11T09:01:42.836] [DEBUG] debug-file - There is no need to refresh cache, since the incremental task entry:default@ProcessResource is up-to-date.
[2026-09-11T09:01:42.836] [DEBUG] debug-file - There is no need to refresh cache, since the incremental task entry:default@GenerateLoaderJson is up-to-date.
[2026-09-11T09:01:42.836] [DEBUG] debug-file - There is no need to refresh cache, since the incremental task entry:default@ProcessLibs is up-to-date.
[2026-09-11T09:01:42.836] [DEBUG] debug-file - There is no need to refresh cache, since the incremental task entry:default@CompileResource is up-to-date.
[2026-09-11T09:01:42.836] [DEBUG] debug-file - There is no need to refresh cache, since the incremental task entry:default@DoNativeStrip is up-to-date.
[2026-09-11T09:01:42.836] [DEBUG] debug-file - There is no need to refresh cache, since the incremental task entry:default@CompileArkTS is up-to-date.
[2026-09-11T09:01:42.837] [DEBUG] debug-file - Update task entry:default@BuildJS input file:D:\HW\testproject\complete\8\ImmersiveLightDemo\entry\build\default\intermediates\loader\default cache by regenerate.
[2026-09-11T09:01:42.838] [DEBUG] debug-file - Update task entry:default@BuildJS input file:D:\HW\testproject\complete\8\ImmersiveLightDemo\entry\build\default\intermediates\res\default\resources\rawfile cache by regenerate.
[2026-09-11T09:01:42.838] [DEBUG] debug-file - Update task entry:default@BuildJS input file:D:\HW\testproject\complete\8\ImmersiveLightDemo\entry\build\default\intermediates\res\default\ResourceTable.txt cache by regenerate.
[2026-09-11T09:01:42.838] [DEBUG] debug-file - Update task entry:default@BuildJS input file:D:\HW\testproject\complete\8\ImmersiveLightDemo\entry\build\default\intermediates\res\default\ark_module.json cache by regenerate.
[2026-09-11T09:01:42.838] [DEBUG] debug-file - Update task entry:default@BuildJS input file:D:\HW\testproject\complete\8\ImmersiveLightDemo\entry\build\default\intermediates\res\default\resources\base\profile cache by regenerate.
[2026-09-11T09:01:42.839] [DEBUG] debug-file - Update task entry:default@BuildJS input file:D:\HW\testproject\complete\8\ImmersiveLightDemo\entry\build\default\intermediates\loader\default\pkgContextInfo.json cache by regenerate.
[2026-09-11T09:01:42.839] [DEBUG] debug-file - Update task entry:default@BuildJS output file:D:\HW\testproject\complete\8\ImmersiveLightDemo\entry\build\default\intermediates\loader_out\default\js cache.
[2026-09-11T09:01:42.839] [DEBUG] debug-file - Incremental task entry:default@BuildJS post-execution cost:3 ms .
[2026-09-11T09:01:42.839] [DEBUG] debug-file - There is no need to refresh cache, since the incremental task entry:default@CacheNativeLibs is up-to-date.
[2026-09-11T09:01:42.839] [DEBUG] debug-file - There is no need to refresh cache, since the incremental task entry:default@GeneratePkgModuleJson is up-to-date.
[2026-09-11T09:01:42.839] [DEBUG] debug-file - Incremental task entry:default@ProcessCompiledResources post-execution cost:1 ms .
[2026-09-11T09:01:42.840] [DEBUG] debug-file - There is no need to refresh cache, since the incremental task entry:default@PackageHap is up-to-date.
[2026-09-11T09:01:42.840] [DEBUG] debug-file - Update task entry:default@SignHap input file:D:\HW\testproject\complete\8\ImmersiveLightDemo\entry\build\default\outputs\default\entry-default-unsigned.hap cache by regenerate.
[2026-09-11T09:01:42.840] [DEBUG] debug-file - Update task entry:default@SignHap output file:D:\HW\testproject\complete\8\ImmersiveLightDemo\entry\build\default\outputs\default\entry-default-signed.hap cache.
[2026-09-11T09:01:42.840] [DEBUG] debug-file - Incremental task entry:default@SignHap post-execution cost:1 ms .
[2026-09-11T09:01:42.841] [DEBUG] debug-file - Update task entry:default@CollectDebugSymbol input file:D:\HW\testproject\complete\8\ImmersiveLightDemo\entry\build\default\intermediates\loader_out\default\ets\sourceMaps.map cache by regenerate.
[2026-09-11T09:01:42.841] [DEBUG] debug-file - Update task entry:default@CollectDebugSymbol input file:D:\HW\testproject\complete\8\ImmersiveLightDemo\entry\build\default\intermediates\libs\default cache by regenerate.
[2026-09-11T09:01:42.841] [DEBUG] debug-file - Update task entry:default@CollectDebugSymbol output file:D:\HW\testproject\complete\8\ImmersiveLightDemo\entry\build\default\outputs\default\symbol cache.
[2026-09-11T09:01:42.841] [DEBUG] debug-file - Incremental task entry:default@CollectDebugSymbol post-execution cost:2 ms .
[2026-09-11T09:01:42.842] [DEBUG] debug-file - There is no need to refresh cache, since the incremental task :MakeProjectPackInfo is up-to-date.
[2026-09-11T09:01:42.842] [DEBUG] debug-file - There is no need to refresh cache, since the incremental task :ProcessProjectPrivacyProfile is up-to-date.
[2026-09-11T09:01:42.842] [DEBUG] debug-file - There is no need to refresh cache, since the incremental task :GeneratePackRes is up-to-date.
[2026-09-11T09:01:42.842] [DEBUG] debug-file - Update task :PackageApp input file:D:\HW\testproject\complete\8\ImmersiveLightDemo\build\outputs\default\pack.info cache by regenerate.
[2026-09-11T09:01:42.842] [DEBUG] debug-file - Update task :PackageApp input file:D:\HW\testproject\complete\8\ImmersiveLightDemo\entry\build\default\outputs\default\entry-default-unsigned.hap cache by regenerate.
[2026-09-11T09:01:42.842] [DEBUG] debug-file - Update task :PackageApp input file:D:\HW\testproject\complete\8\ImmersiveLightDemo\build\outputs\default\pac.json cache by regenerate.
[2026-09-11T09:01:42.842] [DEBUG] debug-file - Update task :PackageApp output file:D:\HW\testproject\complete\8\ImmersiveLightDemo\build\outputs\default\ImmersiveLightDemo-default-unsigned.app cache.
[2026-09-11T09:01:42.842] [DEBUG] debug-file - Update task :PackageApp output file:D:\HW\testproject\complete\8\ImmersiveLightDemo\entry\build\default\outputs\default\app\entry-default.hap cache.
[2026-09-11T09:01:42.842] [DEBUG] debug-file - Update task :PackageApp output file:D:\HW\testproject\complete\8\ImmersiveLightDemo\build\outputs\default\symbol\debug cache.
[2026-09-11T09:01:42.843] [DEBUG] debug-file - Incremental task :PackageApp post-execution cost:1 ms .
[2026-09-11T09:01:42.843] [DEBUG] debug-file - Update task :SignPackagesFromApp input file:D:\HW\testproject\complete\8\ImmersiveLightDemo\build\outputs\default\ImmersiveLightDemo-default-unsigned.app cache from map.
[2026-09-11T09:01:42.843] [DEBUG] debug-file - Incremental task :SignPackagesFromApp post-execution cost:1 ms .
[2026-09-11T09:01:42.843] [DEBUG] debug-file - Update task :SignApp input file:D:\HW\testproject\complete\8\ImmersiveLightDemo\build\outputs\default\ImmersiveLightDemo-default-unsigned.app cache from map.
[2026-09-11T09:01:42.843] [DEBUG] debug-file - Update task :SignApp output file:D:\HW\testproject\complete\8\ImmersiveLightDemo\build\outputs\default\ImmersiveLightDemo-default-signed.app cache.
[2026-09-11T09:01:42.843] [DEBUG] debug-file - Incremental task :SignApp post-execution cost:1 ms .
[2026-09-11T09:01:42.860] [DEBUG] debug-file - Cleanup worker 0.
[2026-09-11T09:01:42.870] [DEBUG] debug-file - session manager: send message to worker process. WorkerThreadId: 0, data: {"type":"hvigor_failed","reason":"Server has disconnected."}
[2026-09-11T09:01:42.870] [DEBUG] debug-file - session manager: send message to worker process. WorkerThreadId: 0, data: {"type":"CloseWatch","reason":"Server has disconnected."}
[2026-09-11T09:01:42.861] [DEBUG] debug-file - Cleanup worker 1.
[2026-09-11T09:01:42.862] [DEBUG] debug-file - hvigor build process will be closed.
[2026-09-11T09:01:42.865] [DEBUG] debug-file - worker[1] exits with exit code 1.
[2026-09-11T09:01:42.865] [DEBUG] debug-file - Worker 1 has been cleaned up.
[2026-09-11T09:01:42.865] [DEBUG] debug-file - Current idle worker size: 0.
[2026-09-11T09:01:42.865] [DEBUG] debug-file - Current resident worker size: 1.
[2026-09-11T09:01:42.866] [DEBUG] debug-file - worker[0] exits with exit code 1.
[2026-09-11T09:01:42.866] [DEBUG] debug-file - Worker 0 has been cleaned up.
[2026-09-11T09:01:42.866] [DEBUG] debug-file - Current idle worker size: 0.
[2026-09-11T09:01:42.866] [DEBUG] debug-file - Current resident worker size: 0.
[2026-09-11T09:01:42.869] [DEBUG] debug-file - watch worker: worker id should be larger than 0. Nothing will be sent to any worker thread.
[2026-09-11T09:01:42.870] [DEBUG] debug-file - ABORT_WORK sent to workers.
[2026-09-11T09:01:42.870] [DEBUG] debug-file - watch worker: worker id should be larger than 0. Nothing will be sent to any worker thread.
[2026-09-11T09:13:02.663] [DEBUG] debug-file - env: nodejsVersion=v24.14.1
[2026-09-11T09:13:02.693] [DEBUG] debug-file - env: daemon=true
[2026-09-11T09:13:02.665] [DEBUG] debug-file - env: hvigor-config.json5 content = {
  modelVersion: '6.0.1',
  dependencies: {},
  execution: {},
  logging: {},
  debugging: {},
  nodeOptions: {}
}
[2026-09-11T09:13:03.311] [DEBUG] debug-file - session manager: set active socket. socketId=EBakQlwvAHM2vTYqAAAD
[2026-09-11T09:13:03.323] [DEBUG] debug-file - watch worker: worker id should be larger than 0. Nothing will be sent to any worker thread.
[2026-09-11T09:13:03.332] [DEBUG] debug-file - Workers' log level updated to INFO
[2026-09-11T09:13:03.340] [DEBUG] debug-file - Hvigor init with startParameters:{
  hvigorfileTypeCheck: false,
  parallelExecution: true,
  incrementalExecution: true,
  printStackTrace: false,
  daemon: true,
  analyze: 0,
  logLevel: Level { level: 20000, levelStr: 'INFO', colour: 'green' },
  optimizationStrategy: 'memory',
  hotCompile: undefined,
  hotReloadBuild: undefined,
  customizedParam: undefined
}
[2026-09-11T09:13:03.348] [DEBUG] debug-file - Cache service initialization finished in 8 ms 
[2026-09-11T09:13:03.349] [DEBUG] debug-file - hvigorfile, resolving D:\HW\testproject\complete\8\ImmersiveLightDemo\hvigorfile.ts
[2026-09-11T09:13:03.370] [DEBUG] debug-file - hvigorfile, require result:  { default: { plugins: [] } }
[2026-09-11T09:13:03.371] [DEBUG] debug-file - hvigorfile, binding system plugins null
[2026-09-11T09:13:03.371] [DEBUG] debug-file - Starting plugin build process
[2026-09-11T09:13:03.372] [DEBUG] debug-file - App plugin prepare start...
[2026-09-11T09:13:03.372] [DEBUG] debug-file - App plugin prepare end...
[2026-09-11T09:13:03.372] [DEBUG] debug-file - App plugin creating...
[2026-09-11T09:13:03.384] [DEBUG] debug-file - App plugin register hook start...
[2026-09-11T09:13:03.388] [DEBUG] debug-file - App plugin register hook end...
[2026-09-11T09:13:03.389] [DEBUG] debug-file - Plugin build process completed
[2026-09-11T09:13:03.390] [DEBUG] debug-file - Start initialize project's product build option map with build mode debug.
[2026-09-11T09:13:03.390] [DEBUG] debug-file - Picking option from product 'default' with build mode 'debug'.
[2026-09-11T09:13:03.390] [DEBUG] debug-file - Product 'default' build option initialized
[2026-09-11T09:13:03.391] [DEBUG] debug-file - End initialize project's product build option map with build mode 'debug'.
[2026-09-11T09:13:03.391] [DEBUG] debug-file - Obtain build option for product 'default'in this build.
[2026-09-11T09:13:03.403] [DEBUG] debug-file - No signingConfig found, initRemoteHspCache failed.
[2026-09-11T09:13:03.408] [DEBUG] debug-file - Start recording SDK configuration permission data.
[2026-09-11T09:13:03.481] [DEBUG] debug-file - Sdk init in 77 ms 
[2026-09-11T09:13:03.485] [DEBUG] debug-file - Project task initialization takes 4 ms 
[2026-09-11T09:13:03.485] [DEBUG] debug-file - hvigorfile, begin to bind custom plugins...
[2026-09-11T09:13:03.485] [DEBUG] debug-file - hvigorfile, no custom plugins were found in D:\HW\testproject\complete\8\ImmersiveLightDemo\hvigorfile.ts
[2026-09-11T09:13:03.485] [DEBUG] debug-file - hvigorfile, resolve finished D:\HW\testproject\complete\8\ImmersiveLightDemo\hvigorfile.ts
[2026-09-11T09:13:03.486] [DEBUG] debug-file - hvigorfile, resolving D:\HW\testproject\complete\8\ImmersiveLightDemo\entry\hvigorfile.ts
[2026-09-11T09:13:03.492] [DEBUG] debug-file - hvigorfile, require result:  { default: { plugins: [] } }
[2026-09-11T09:13:03.492] [DEBUG] debug-file - hvigorfile, binding system plugins null
[2026-09-11T09:13:03.492] [DEBUG] debug-file - Starting plugin build process
[2026-09-11T09:13:03.493] [DEBUG] debug-file - Hap plugin creating...
[2026-09-11T09:13:03.494] [DEBUG] debug-file - failed to load cangjie to dynamically generate schemas: Error: Cannot find module '@ohos/cangjie-build-support/index'
Require stack:
- E:\DevEco Studio\tools\hvigor\hvigor-ohos-plugin\src\plugin\hooks\cangjie-register.js
- E:\DevEco Studio\tools\hvigor\hvigor-ohos-plugin\src\plugin\strategy\stage-init-strategy.js
- E:\DevEco Studio\tools\hvigor\hvigor-ohos-plugin\src\plugin\builder\abstract-plugin-builder.js
- E:\DevEco Studio\tools\hvigor\hvigor-ohos-plugin\src\plugin\builder\app-plugin-builder.js
- E:\DevEco Studio\tools\hvigor\hvigor-ohos-plugin\src\plugin\factory\plugin-factory.js
- E:\DevEco Studio\tools\hvigor\hvigor-ohos-plugin\index.js
- D:\HW\testproject\complete\8\ImmersiveLightDemo\hvigorfile.ts
- E:\DevEco Studio\tools\hvigor\hvigor\src\base\internal\lifecycle\configuration.js
- E:\DevEco Studio\tools\hvigor\hvigor\src\base\boot\index.js
- E:\DevEco Studio\tools\hvigor\hvigor\src\base\daemon\cluster\worker-process-lifecycle.js
- E:\DevEco Studio\tools\hvigor\hvigor\src\base\daemon\process\daemon-process-boot-script.js
[2026-09-11T09:13:03.497] [DEBUG] debug-file - Start initialize module-target build option map, moduleName=entry, buildMode=debug
[2026-09-11T09:13:03.497] [DEBUG] debug-file - Target 'default' config initialized
[2026-09-11T09:13:03.497] [DEBUG] debug-file - Target 'ohosTest' config initialized
[2026-09-11T09:13:03.498] [DEBUG] debug-file - Module 'entry' target 'default' build option initialized
[2026-09-11T09:13:03.498] [DEBUG] debug-file - Module 'entry' target 'ohosTest' build option initialized
[2026-09-11T09:13:03.498] [DEBUG] debug-file - End initialize module-target build option map, moduleName=entry
[2026-09-11T09:13:03.498] [DEBUG] debug-file - Start initialize module-target build option map, moduleName=entry, buildMode=release
[2026-09-11T09:13:03.498] [DEBUG] debug-file - Target 'default' config initialized
[2026-09-11T09:13:03.499] [DEBUG] debug-file - Target 'ohosTest' config initialized
[2026-09-11T09:13:03.500] [DEBUG] debug-file - Module 'entry' target 'default' build option initialized
[2026-09-11T09:13:03.500] [DEBUG] debug-file - Module 'entry' target 'ohosTest' build option initialized
[2026-09-11T09:13:03.500] [DEBUG] debug-file - End initialize module-target build option map, moduleName=entry
[2026-09-11T09:13:03.500] [DEBUG] debug-file - Start initialize module-target build option map, moduleName=entry, buildMode=debug
[2026-09-11T09:13:03.500] [DEBUG] debug-file - Target 'default' config initialized
[2026-09-11T09:13:03.501] [DEBUG] debug-file - Target 'ohosTest' config initialized
[2026-09-11T09:13:03.501] [DEBUG] debug-file - Module 'entry' target 'default' build option initialized
[2026-09-11T09:13:03.501] [DEBUG] debug-file - Module 'entry' target 'ohosTest' build option initialized
[2026-09-11T09:13:03.501] [DEBUG] debug-file - End initialize module-target build option map, moduleName=entry
[2026-09-11T09:13:03.501] [DEBUG] debug-file - Obtain build option for module 'entry' target 'default'in this build.
[2026-09-11T09:13:03.504] [DEBUG] debug-file - Module entry task initialization takes 2 ms 
[2026-09-11T09:13:03.504] [DEBUG] debug-file - Hap plugin register hook start...
[2026-09-11T09:13:03.504] [DEBUG] debug-file - Hap plugin register hook end...
[2026-09-11T09:13:03.504] [DEBUG] debug-file - Plugin build process completed
[2026-09-11T09:13:03.504] [DEBUG] debug-file - hvigorfile, begin to bind custom plugins...
[2026-09-11T09:13:03.504] [DEBUG] debug-file - hvigorfile, no custom plugins were found in D:\HW\testproject\complete\8\ImmersiveLightDemo\entry\hvigorfile.ts
[2026-09-11T09:13:03.505] [DEBUG] debug-file - hvigorfile, resolve finished D:\HW\testproject\complete\8\ImmersiveLightDemo\entry\hvigorfile.ts
[2026-09-11T09:13:03.539] [DEBUG] debug-file - hvigorfile, resolve hvigorfile dependencies in 35 ms 
[2026-09-11T09:13:03.539] [DEBUG] debug-file - project has submodules:entry
[2026-09-11T09:13:03.541] [DEBUG] debug-file - start to load updatedOhPackageInfo to the disk
[2026-09-11T09:13:03.542] [DEBUG] debug-file - load to the disk finished
[2026-09-11T09:13:03.543] [DEBUG] debug-file - Start to initialize dependency information.
[2026-09-11T09:13:03.548] [DEBUG] debug-file - Module ImmersiveLightDemo Collected Dependency: 
[2026-09-11T09:13:03.548] [DEBUG] debug-file - Module ImmersiveLightDemo's total dependency: 0
[2026-09-11T09:13:03.549] [DEBUG] debug-file - Start to initialize dependency information.
[2026-09-11T09:13:03.550] [DEBUG] debug-file - Module entry Collected Dependency: 
[2026-09-11T09:13:03.550] [DEBUG] debug-file - Module entry's total dependency: 0
[2026-09-11T09:13:03.552] [DEBUG] debug-file - Configuration phase cost:204 ms 
[2026-09-11T09:13:03.553] [DEBUG] debug-file - Configuration task cost before running: 221 ms 
[2026-09-11T09:13:03.553] [DEBUG] debug-file - Executing task ::PreBuildApp
[2026-09-11T09:13:03.554] [DEBUG] debug-file - ImmersiveLightDemo : PreBuildApp cost memory 0.01593017578125
[2026-09-11T09:13:03.554] [DEBUG] debug-file - runTaskFromQueue task cost before running: 221 ms 
[2026-09-11T09:13:03.554] [INFO] debug-file - Finished ::PreBuildApp... after 1 ms 
[2026-09-11T09:13:03.557] [DEBUG] debug-file - Executing task :entry:default@PreBuild
[2026-09-11T09:13:03.561] [DEBUG] debug-file - Task 'entry:default@PreBuild' cost while wrapping incremental declarations: 1 ms 
[2026-09-11T09:13:03.569] [DEBUG] debug-file - Incremental task entry:default@PreBuild pre-execution cost: 5 ms .
[2026-09-11T09:13:03.569] [DEBUG] debug-file - entry : default@PreBuild cost memory -3.0605087280273438
[2026-09-11T09:13:03.571] [INFO] debug-file - UP-TO-DATE :entry:default@PreBuild...  
[2026-09-11T09:13:03.572] [DEBUG] debug-file - Executing task ::DuplicateDependencyCheck
[2026-09-11T09:13:03.572] [DEBUG] debug-file - ImmersiveLightDemo : DuplicateDependencyCheck cost memory 0.01395416259765625
[2026-09-11T09:13:03.572] [DEBUG] debug-file - runTaskFromQueue task cost before running: 239 ms 
[2026-09-11T09:13:03.572] [INFO] debug-file - Finished ::DuplicateDependencyCheck... after 1 ms 
[2026-09-11T09:13:03.573] [DEBUG] debug-file - Executing task :entry:default@CreateModuleInfo
[2026-09-11T09:13:03.573] [DEBUG] debug-file - Task 'entry:default@CreateModuleInfo' cost while wrapping incremental declarations: 1 ms 
[2026-09-11T09:13:03.573] [DEBUG] debug-file - entry : default@CreateModuleInfo cost memory 0.04061126708984375
[2026-09-11T09:13:03.574] [DEBUG] debug-file - runTaskFromQueue task cost before running: 241 ms 
[2026-09-11T09:13:03.574] [INFO] debug-file - Finished :entry:default@CreateModuleInfo... after 1 ms 
[2026-09-11T09:13:03.575] [DEBUG] debug-file - Executing task :entry:default@GenerateMetadata
[2026-09-11T09:13:03.575] [DEBUG] debug-file - Task 'entry:default@GenerateMetadata' cost while wrapping incremental declarations: 1 ms 
[2026-09-11T09:13:03.576] [DEBUG] debug-file - Incremental task entry:default@GenerateMetadata pre-execution cost: 1 ms .
[2026-09-11T09:13:03.576] [DEBUG] debug-file - entry : default@GenerateMetadata cost memory 0.0793304443359375
[2026-09-11T09:13:03.576] [INFO] debug-file - UP-TO-DATE :entry:default@GenerateMetadata...  
[2026-09-11T09:13:03.578] [DEBUG] debug-file - Executing task :entry:default@ConfigureCmake
[2026-09-11T09:13:03.578] [DEBUG] debug-file - entry : default@ConfigureCmake cost memory 0.01863861083984375
[2026-09-11T09:13:03.579] [DEBUG] debug-file - runTaskFromQueue task cost before running: 246 ms 
[2026-09-11T09:13:03.579] [INFO] debug-file - Finished :entry:default@ConfigureCmake... after 1 ms 
[2026-09-11T09:13:03.580] [DEBUG] debug-file - Executing task :entry:default@MergeProfile
[2026-09-11T09:13:03.581] [DEBUG] debug-file - Task 'entry:default@MergeProfile' cost while wrapping incremental declarations: 1 ms 
[2026-09-11T09:13:03.582] [DEBUG] debug-file - Incremental task entry:default@MergeProfile pre-execution cost: 2 ms .
[2026-09-11T09:13:03.583] [DEBUG] debug-file - entry : default@MergeProfile cost memory 0.13950347900390625
[2026-09-11T09:13:03.583] [INFO] debug-file - UP-TO-DATE :entry:default@MergeProfile...  
[2026-09-11T09:13:03.584] [DEBUG] debug-file - Executing task :entry:default@CreateBuildProfile
[2026-09-11T09:13:03.585] [DEBUG] debug-file - Task 'entry:default@CreateBuildProfile' cost while wrapping incremental declarations: 1 ms 
[2026-09-11T09:13:03.585] [DEBUG] debug-file - Incremental task entry:default@CreateBuildProfile pre-execution cost: 1 ms .
[2026-09-11T09:13:03.585] [DEBUG] debug-file - entry : default@CreateBuildProfile cost memory 0.09819793701171875
[2026-09-11T09:13:03.586] [INFO] debug-file - UP-TO-DATE :entry:default@CreateBuildProfile...  
[2026-09-11T09:13:03.586] [DEBUG] debug-file - Executing task :entry:default@PreCheckSyscap
[2026-09-11T09:13:03.587] [DEBUG] debug-file - entry : default@PreCheckSyscap cost memory 0.01540374755859375
[2026-09-11T09:13:03.587] [DEBUG] debug-file - runTaskFromQueue task cost before running: 254 ms 
[2026-09-11T09:13:03.587] [INFO] debug-file - Finished :entry:default@PreCheckSyscap... after 1 ms 
[2026-09-11T09:13:03.588] [DEBUG] debug-file - Executing task :entry:default@GeneratePkgContextInfo
[2026-09-11T09:13:03.591] [DEBUG] debug-file - Task 'entry:default@GeneratePkgContextInfo' cost while wrapping incremental declarations: 1 ms 
[2026-09-11T09:13:03.592] [DEBUG] debug-file - Incremental task entry:default@GeneratePkgContextInfo pre-execution cost: 1 ms .
[2026-09-11T09:13:03.592] [DEBUG] debug-file - entry : default@GeneratePkgContextInfo cost memory 0.28054046630859375
[2026-09-11T09:13:03.593] [INFO] debug-file - UP-TO-DATE :entry:default@GeneratePkgContextInfo...  
[2026-09-11T09:13:03.595] [DEBUG] debug-file - Executing task :entry:default@GeneratePkgSdkInfo
[2026-09-11T09:13:03.598] [DEBUG] debug-file - Task 'entry:default@GeneratePkgSdkInfo' cost while wrapping incremental declarations: 1 ms 
[2026-09-11T09:13:03.598] [DEBUG] debug-file - entry : default@GeneratePkgSdkInfo cost memory 0.10543060302734375
[2026-09-11T09:13:03.599] [DEBUG] debug-file - runTaskFromQueue task cost before running: 266 ms 
[2026-09-11T09:13:03.599] [INFO] debug-file - Finished :entry:default@GeneratePkgSdkInfo... after 5 ms 
[2026-09-11T09:13:03.603] [DEBUG] debug-file - Executing task :entry:default@ProcessIntegratedHsp
[2026-09-11T09:13:03.603] [DEBUG] debug-file - entry:default@ProcessIntegratedHsp is not up-to-date, since the output file 'D:\HW\testproject\complete\8\ImmersiveLightDemo\build\cache\default\integrated_hsp\integratedHspCache.json' does not exist.
[2026-09-11T09:13:03.603] [DEBUG] debug-file - Incremental task entry:default@ProcessIntegratedHsp pre-execution cost: 1 ms .
[2026-09-11T09:13:03.603] [DEBUG] debug-file - entry : default@ProcessIntegratedHsp cost memory 0.052032470703125
[2026-09-11T09:13:03.604] [DEBUG] debug-file - runTaskFromQueue task cost before running: 271 ms 
[2026-09-11T09:13:03.604] [INFO] debug-file - Finished :entry:default@ProcessIntegratedHsp... after 1 ms 
[2026-09-11T09:13:03.605] [DEBUG] debug-file - Executing task :entry:default@BuildNativeWithCmake
[2026-09-11T09:13:03.605] [DEBUG] debug-file - entry : default@BuildNativeWithCmake cost memory 0.0146636962890625
[2026-09-11T09:13:03.605] [DEBUG] debug-file - runTaskFromQueue task cost before running: 272 ms 
[2026-09-11T09:13:03.605] [INFO] debug-file - Finished :entry:default@BuildNativeWithCmake... after 1 ms 
[2026-09-11T09:13:03.606] [DEBUG] debug-file - Executing task :entry:default@MakePackInfo
[2026-09-11T09:13:03.610] [DEBUG] debug-file - Incremental task entry:default@MakePackInfo pre-execution cost: 3 ms .
[2026-09-11T09:13:03.610] [DEBUG] debug-file - entry : default@MakePackInfo cost memory 0.12343597412109375
[2026-09-11T09:13:03.611] [INFO] debug-file - UP-TO-DATE :entry:default@MakePackInfo...  
[2026-09-11T09:13:03.612] [DEBUG] debug-file - Executing task :entry:default@SyscapTransform
[2026-09-11T09:13:03.613] [DEBUG] debug-file - File: 'D:\HW\testproject\complete\8\ImmersiveLightDemo\entry\src\main\syscap.json' from 'sysCapJsonPath' is not exists, just ignore.
[2026-09-11T09:13:03.613] [DEBUG] debug-file - Task 'entry:default@SyscapTransform' cost while wrapping incremental declarations: 1 ms 
[2026-09-11T09:13:03.615] [DEBUG] debug-file - entry:default@SyscapTransform is not up-to-date, since the output file 'D:\HW\testproject\complete\8\ImmersiveLightDemo\entry\build\default\intermediates\syscap\default\rpcid.sc' does not exist.
[2026-09-11T09:13:03.615] [DEBUG] debug-file - Incremental task entry:default@SyscapTransform pre-execution cost: 2 ms .
[2026-09-11T09:13:03.615] [DEBUG] debug-file - entry : default@SyscapTransform cost memory 0.128387451171875
[2026-09-11T09:13:03.616] [DEBUG] debug-file - runTaskFromQueue task cost before running: 283 ms 
[2026-09-11T09:13:03.616] [INFO] debug-file - Finished :entry:default@SyscapTransform... after 4 ms 
[2026-09-11T09:13:03.618] [DEBUG] debug-file - Executing task :entry:default@ProcessProfile
[2026-09-11T09:13:03.620] [DEBUG] debug-file - Task 'entry:default@ProcessProfile' cost while wrapping incremental declarations: 1 ms 
[2026-09-11T09:13:03.621] [DEBUG] debug-file - Incremental task entry:default@ProcessProfile pre-execution cost: 1 ms .
[2026-09-11T09:13:03.621] [DEBUG] debug-file - entry : default@ProcessProfile cost memory 0.13442230224609375
[2026-09-11T09:13:03.621] [INFO] debug-file - UP-TO-DATE :entry:default@ProcessProfile...  
[2026-09-11T09:13:03.622] [DEBUG] debug-file - Executing task :entry:default@ProcessRouterMap
[2026-09-11T09:13:03.624] [DEBUG] debug-file - Incremental task entry:default@ProcessRouterMap pre-execution cost: 2 ms .
[2026-09-11T09:13:03.624] [DEBUG] debug-file - entry : default@ProcessRouterMap cost memory 0.14356231689453125
[2026-09-11T09:13:03.625] [INFO] debug-file - UP-TO-DATE :entry:default@ProcessRouterMap...  
[2026-09-11T09:13:03.626] [DEBUG] debug-file - Executing task :entry:default@ProcessShareConfig
[2026-09-11T09:13:03.628] [DEBUG] debug-file - Incremental task entry:default@ProcessShareConfig pre-execution cost: 1 ms .
[2026-09-11T09:13:03.628] [DEBUG] debug-file - entry : default@ProcessShareConfig cost memory 0.12215423583984375
[2026-09-11T09:13:03.628] [INFO] debug-file - UP-TO-DATE :entry:default@ProcessShareConfig...  
[2026-09-11T09:13:03.630] [DEBUG] debug-file - Executing task :entry:default@ProcessStartupConfig
[2026-09-11T09:13:03.630] [DEBUG] debug-file - Task 'entry:default@ProcessStartupConfig' cost while wrapping incremental declarations: 1 ms 
[2026-09-11T09:13:03.631] [DEBUG] debug-file - entry:default@ProcessStartupConfig is not up-to-date, since the output file 'D:\HW\testproject\complete\8\ImmersiveLightDemo\entry\build\default\intermediates\startup\default\startup_config.json' does not exist.
[2026-09-11T09:13:03.631] [DEBUG] debug-file - Incremental task entry:default@ProcessStartupConfig pre-execution cost: 1 ms .
[2026-09-11T09:13:03.631] [DEBUG] debug-file - entry : default@ProcessStartupConfig cost memory 0.12291717529296875
[2026-09-11T09:13:03.632] [DEBUG] debug-file - runTaskFromQueue task cost before running: 299 ms 
[2026-09-11T09:13:03.632] [INFO] debug-file - Finished :entry:default@ProcessStartupConfig... after 2 ms 
[2026-09-11T09:13:03.633] [DEBUG] debug-file - Executing task :entry:default@BuildNativeWithNinja
[2026-09-11T09:13:03.633] [DEBUG] debug-file - entry : default@BuildNativeWithNinja cost memory 0.0206298828125
[2026-09-11T09:13:03.633] [DEBUG] debug-file - runTaskFromQueue task cost before running: 301 ms 
[2026-09-11T09:13:03.633] [INFO] debug-file - Finished :entry:default@BuildNativeWithNinja... after 1 ms 
[2026-09-11T09:13:03.634] [DEBUG] debug-file - restool module names: entry; moduleName=entry, taskName=default@ProcessResource
[2026-09-11T09:13:03.636] [DEBUG] debug-file - Executing task :entry:default@ProcessResource
[2026-09-11T09:13:03.636] [DEBUG] debug-file - Task 'entry:default@ProcessResource' cost while wrapping incremental declarations: 1 ms 
[2026-09-11T09:13:03.637] [DEBUG] debug-file - Incremental task entry:default@ProcessResource pre-execution cost: 1 ms .
[2026-09-11T09:13:03.637] [DEBUG] debug-file - entry : default@ProcessResource cost memory 0.12152862548828125
[2026-09-11T09:13:03.638] [INFO] debug-file - UP-TO-DATE :entry:default@ProcessResource...  
[2026-09-11T09:13:03.639] [DEBUG] debug-file - Executing task :entry:default@GenerateLoaderJson
[2026-09-11T09:13:03.640] [DEBUG] debug-file - Task 'entry:default@GenerateLoaderJson' cost while wrapping incremental declarations: 1 ms 
[2026-09-11T09:13:03.647] [DEBUG] debug-file - Incremental task entry:default@GenerateLoaderJson pre-execution cost: 4 ms .
[2026-09-11T09:13:03.649] [DEBUG] debug-file - entry : default@GenerateLoaderJson cost memory 0.347869873046875
[2026-09-11T09:13:03.650] [INFO] debug-file - UP-TO-DATE :entry:default@GenerateLoaderJson...  
[2026-09-11T09:13:03.651] [DEBUG] debug-file - Executing task :entry:default@ProcessLibs
[2026-09-11T09:13:03.651] [DEBUG] debug-file - Task 'entry:default@ProcessLibs' cost while wrapping incremental declarations: 1 ms 
[2026-09-11T09:13:03.652] [DEBUG] debug-file - Incremental task entry:default@ProcessLibs pre-execution cost: 1 ms .
[2026-09-11T09:13:03.652] [DEBUG] debug-file - entry : default@ProcessLibs cost memory 0.09979248046875
[2026-09-11T09:13:03.653] [INFO] debug-file - UP-TO-DATE :entry:default@ProcessLibs...  
[2026-09-11T09:13:03.653] [DEBUG] debug-file - restool module names: entry; moduleName=entry, taskName=default@CompileResource
[2026-09-11T09:13:03.654] [DEBUG] debug-file - Executing task :entry:default@CompileResource
[2026-09-11T09:13:03.661] [DEBUG] debug-file - Incremental task entry:default@CompileResource pre-execution cost: 7 ms .
[2026-09-11T09:13:03.661] [DEBUG] debug-file - entry : default@CompileResource cost memory 0.0732421875
[2026-09-11T09:13:03.662] [INFO] debug-file - UP-TO-DATE :entry:default@CompileResource...  
[2026-09-11T09:13:03.663] [DEBUG] debug-file - Executing task :entry:default@DoNativeStrip
[2026-09-11T09:13:03.663] [DEBUG] debug-file - File: 'D:\HW\testproject\complete\8\ImmersiveLightDemo\entry\build\default\intermediates\binxo\default' from 'doBinxoNativeLibs' is not exists, just ignore.
[2026-09-11T09:13:03.663] [DEBUG] debug-file - Task 'entry:default@DoNativeStrip' cost while wrapping incremental declarations: 1 ms 
[2026-09-11T09:13:03.664] [DEBUG] debug-file - Incremental task entry:default@DoNativeStrip pre-execution cost: 1 ms .
[2026-09-11T09:13:03.664] [DEBUG] debug-file - entry : default@DoNativeStrip cost memory 0.07648468017578125
[2026-09-11T09:13:03.664] [INFO] debug-file - UP-TO-DATE :entry:default@DoNativeStrip...  
[2026-09-11T09:13:03.665] [DEBUG] debug-file - Executing task :entry:default@CompileArkTS
[2026-09-11T09:13:03.666] [DEBUG] debug-file - obfuscationOptions: undefined
[2026-09-11T09:13:03.667] [DEBUG] debug-file - Task 'entry:default@CompileArkTS' cost while wrapping incremental declarations: 1 ms 
[2026-09-11T09:13:03.675] [DEBUG] debug-file - Incremental task entry:default@CompileArkTS pre-execution cost: 7 ms .
[2026-09-11T09:13:03.675] [DEBUG] debug-file - entry : default@CompileArkTS cost memory 0.5046005249023438
[2026-09-11T09:13:03.677] [INFO] debug-file - UP-TO-DATE :entry:default@CompileArkTS...  
[2026-09-11T09:13:03.679] [DEBUG] debug-file - Executing task :entry:default@BuildJS
[2026-09-11T09:13:03.679] [DEBUG] debug-file - Task 'entry:default@BuildJS' cost while wrapping incremental declarations: 1 ms 
[2026-09-11T09:13:03.682] [DEBUG] debug-file - entry : default@BuildJS cost memory 0.1429901123046875
[2026-09-11T09:13:03.682] [DEBUG] debug-file - runTaskFromQueue task cost before running: 349 ms 
[2026-09-11T09:13:03.682] [INFO] debug-file - Finished :entry:default@BuildJS... after 3 ms 
[2026-09-11T09:13:03.683] [DEBUG] debug-file - Executing task :entry:default@CacheNativeLibs
[2026-09-11T09:13:03.684] [DEBUG] debug-file - File: 'D:\HW\testproject\complete\8\ImmersiveLightDemo\entry\build\default\intermediates\binxo\default' from 'cacheBinxoNativeLibs' is not exists, just ignore.
[2026-09-11T09:13:03.684] [DEBUG] debug-file - Task 'entry:default@CacheNativeLibs' cost while wrapping incremental declarations: 1 ms 
[2026-09-11T09:13:03.685] [DEBUG] debug-file - Incremental task entry:default@CacheNativeLibs pre-execution cost: 1 ms .
[2026-09-11T09:13:03.685] [DEBUG] debug-file - entry : default@CacheNativeLibs cost memory 0.09125518798828125
[2026-09-11T09:13:03.685] [INFO] debug-file - UP-TO-DATE :entry:default@CacheNativeLibs...  
[2026-09-11T09:13:03.686] [DEBUG] debug-file - Executing task :entry:default@GeneratePkgModuleJson
[2026-09-11T09:13:03.687] [DEBUG] debug-file - File: 'D:\HW\testproject\complete\8\ImmersiveLightDemo\entry\build\default\intermediates\preload\default\preload.json' from 'preloadSoJsonPath' is not exists, just ignore.
[2026-09-11T09:13:03.687] [DEBUG] debug-file - Error occurs while handling @Input 'shouldDeduplicateHar': The "data" argument must be of type string or an instance of Buffer, TypedArray, or DataView. Received undefined
[2026-09-11T09:13:03.687] [DEBUG] debug-file - Task 'entry:default@GeneratePkgModuleJson' cost while wrapping incremental declarations: 1 ms 
[2026-09-11T09:13:03.688] [DEBUG] debug-file - Incremental task entry:default@GeneratePkgModuleJson pre-execution cost: 1 ms .
[2026-09-11T09:13:03.688] [DEBUG] debug-file - entry : default@GeneratePkgModuleJson cost memory 0.08675384521484375
[2026-09-11T09:13:03.688] [INFO] debug-file - UP-TO-DATE :entry:default@GeneratePkgModuleJson...  
[2026-09-11T09:13:03.689] [DEBUG] debug-file - Executing task :entry:default@ProcessCompiledResources
[2026-09-11T09:13:03.689] [DEBUG] debug-file - File: 'D:\HW\testproject\complete\8\ImmersiveLightDemo\entry\build\default\intermediates\preload\default\preload.json' from 'preloadSoJsonPath' is not exists, just ignore.
[2026-09-11T09:13:03.689] [DEBUG] debug-file - Task 'entry:default@ProcessCompiledResources' cost while wrapping incremental declarations: 1 ms 
[2026-09-11T09:13:03.689] [DEBUG] debug-file - entry : default@ProcessCompiledResources cost memory 0.05548095703125
[2026-09-11T09:13:03.689] [DEBUG] debug-file - runTaskFromQueue task cost before running: 357 ms 
[2026-09-11T09:13:03.690] [INFO] debug-file - Finished :entry:default@ProcessCompiledResources... after 1 ms 
[2026-09-11T09:13:03.691] [DEBUG] debug-file - Executing task :entry:default@PackageHap
[2026-09-11T09:13:03.695] [DEBUG] debug-file - Incremental task entry:default@PackageHap pre-execution cost: 4 ms .
[2026-09-11T09:13:03.695] [DEBUG] debug-file - entry : default@PackageHap cost memory 0.32648468017578125
[2026-09-11T09:13:03.696] [INFO] debug-file - UP-TO-DATE :entry:default@PackageHap...  
[2026-09-11T09:13:03.696] [DEBUG] debug-file - Executing task :entry:default@PackingCheck
[2026-09-11T09:13:03.700] [DEBUG] debug-file - entry : default@PackingCheck cost memory 0.3313140869140625
[2026-09-11T09:13:03.701] [DEBUG] debug-file - runTaskFromQueue task cost before running: 368 ms 
[2026-09-11T09:13:03.701] [INFO] debug-file - Finished :entry:default@PackingCheck... after 5 ms 
[2026-09-11T09:13:03.702] [DEBUG] debug-file - Executing task :entry:default@SignHap
[2026-09-11T09:13:03.703] [WARN] debug-file - Will skip sign 'hos_hap'. No signingConfigs profile is configured in current project.
             If needed, configure the signingConfigs in D:\HW\testproject\complete\8\ImmersiveLightDemo\build-profile.json5.
[2026-09-11T09:13:03.703] [DEBUG] debug-file - entry:default@SignHap is not up-to-date, since the output file 'D:\HW\testproject\complete\8\ImmersiveLightDemo\entry\build\default\outputs\default\entry-default-signed.hap' does not exist.
[2026-09-11T09:13:03.704] [DEBUG] debug-file - Incremental task entry:default@SignHap pre-execution cost: 1 ms .
[2026-09-11T09:13:03.704] [DEBUG] debug-file - entry : default@SignHap cost memory 0.08203125
[2026-09-11T09:13:03.704] [DEBUG] debug-file - runTaskFromQueue task cost before running: 371 ms 
[2026-09-11T09:13:03.704] [INFO] debug-file - Finished :entry:default@SignHap... after 2 ms 
[2026-09-11T09:13:03.705] [DEBUG] debug-file - Executing task :entry:default@CollectDebugSymbol
[2026-09-11T09:13:03.707] [DEBUG] debug-file - entry : default@CollectDebugSymbol cost memory -3.2079238891601562
[2026-09-11T09:13:03.708] [DEBUG] debug-file - runTaskFromQueue task cost before running: 375 ms 
[2026-09-11T09:13:03.708] [INFO] debug-file - Finished :entry:default@CollectDebugSymbol... after 3 ms 
[2026-09-11T09:13:03.708] [DEBUG] debug-file - Executing task :entry:assembleHap
[2026-09-11T09:13:03.708] [DEBUG] debug-file - entry : assembleHap cost memory 0.0124969482421875
[2026-09-11T09:13:03.709] [DEBUG] debug-file - runTaskFromQueue task cost before running: 376 ms 
[2026-09-11T09:13:03.709] [INFO] debug-file - Finished :entry:assembleHap... after 1 ms 
[2026-09-11T09:13:03.709] [DEBUG] debug-file - Executing task ::MakeProjectPackInfo
[2026-09-11T09:13:03.711] [DEBUG] debug-file - Task ':MakeProjectPackInfo' cost while wrapping incremental declarations: 1 ms 
[2026-09-11T09:13:03.711] [DEBUG] debug-file - Incremental task :MakeProjectPackInfo pre-execution cost: 1 ms .
[2026-09-11T09:13:03.711] [DEBUG] debug-file - ImmersiveLightDemo : MakeProjectPackInfo cost memory 0.15064239501953125
[2026-09-11T09:13:03.712] [INFO] debug-file - UP-TO-DATE ::MakeProjectPackInfo...  
[2026-09-11T09:13:03.712] [DEBUG] debug-file - Executing task ::ProcessProjectPrivacyProfile
[2026-09-11T09:13:03.714] [DEBUG] debug-file - Incremental task :ProcessProjectPrivacyProfile pre-execution cost: 2 ms .
[2026-09-11T09:13:03.714] [DEBUG] debug-file - ImmersiveLightDemo : ProcessProjectPrivacyProfile cost memory 0.082244873046875
[2026-09-11T09:13:03.715] [INFO] debug-file - UP-TO-DATE ::ProcessProjectPrivacyProfile...  
[2026-09-11T09:13:03.715] [DEBUG] debug-file - Executing task ::GeneratePackRes
[2026-09-11T09:13:03.716] [DEBUG] debug-file - Incremental task :GeneratePackRes pre-execution cost: 1 ms .
[2026-09-11T09:13:03.716] [DEBUG] debug-file - ImmersiveLightDemo : GeneratePackRes cost memory 0.04166412353515625
[2026-09-11T09:13:03.716] [INFO] debug-file - UP-TO-DATE ::GeneratePackRes...  
[2026-09-11T09:13:03.716] [DEBUG] debug-file - Executing task ::PackageApp
[2026-09-11T09:13:03.719] [DEBUG] debug-file - Task ':PackageApp' cost while wrapping incremental declarations: 1 ms 
[2026-09-11T09:13:03.723] [DEBUG] debug-file - :PackageApp is not up-to-date, since the output file 'D:\HW\testproject\complete\8\ImmersiveLightDemo\build\outputs\default\symbol\debug' does not exist.
[2026-09-11T09:13:03.723] [DEBUG] debug-file - Incremental task :PackageApp pre-execution cost: 4 ms .
[2026-09-11T09:13:03.732] [DEBUG] debug-file - Use tool [PackageApp]
 [
  'java',
  '-Dfile.encoding=GBK',
  '-jar',
  'E:\\DevEco Studio\\sdk\\default\\openharmony\\toolchains\\lib\\app_packing_tool.jar',
  '--mode',
  'app',
  '--pack-info-path',
  'D:\\HW\\testproject\\complete\\8\\ImmersiveLightDemo\\build\\outputs\\default\\pack.info',
  '--hap-path',
  'D:\\HW\\testproject\\complete\\8\\ImmersiveLightDemo\\entry\\build\\default\\outputs\\default\\app\\entry-default.hap',
  '--hsp-path',
  '',
  '--force',
  'true',
  '--out-path',
  'D:\\HW\\testproject\\complete\\8\\ImmersiveLightDemo\\build\\outputs\\default\\ImmersiveLightDemo-default-unsigned.app',
  '--main-module-limit',
  '2',
  '--normal-module-limit',
  '2',
  '--pac-json-path',
  'D:\\HW\\testproject\\complete\\8\\ImmersiveLightDemo\\build\\outputs\\default\\pac.json'
]
[2026-09-11T09:13:03.733] [DEBUG] debug-file - current process  memoryUsage: {
  rss: 202518528,
  heapTotal: 129138688,
  heapUsed: 119875696,
  external: 3969784,
  arrayBuffers: 29628
} os memoryUsage :13.915283203125
[2026-09-11T09:13:04.611] [DEBUG] debug-file - ImmersiveLightDemo : PackageApp cost memory 0.4792938232421875
[2026-09-11T09:13:04.611] [DEBUG] debug-file - runTaskFromQueue task cost before running: 1 s 279 ms 
[2026-09-11T09:13:04.612] [INFO] debug-file - Finished ::PackageApp... after 895 ms 
[2026-09-11T09:13:04.612] [DEBUG] debug-file - Executing task ::SignPackagesFromApp
[2026-09-11T09:13:04.613] [DEBUG] debug-file - :SignPackagesFromApp is not up-to-date, since the input file 'D:\HW\testproject\complete\8\ImmersiveLightDemo\build\outputs\default\ImmersiveLightDemo-default-unsigned.app' has been changed.
[2026-09-11T09:13:04.613] [DEBUG] debug-file - Incremental task :SignPackagesFromApp pre-execution cost: 1 ms .
[2026-09-11T09:13:04.613] [DEBUG] debug-file - ImmersiveLightDemo : SignPackagesFromApp cost memory 0.05132293701171875
[2026-09-11T09:13:04.613] [DEBUG] debug-file - runTaskFromQueue task cost before running: 1 s 281 ms 
[2026-09-11T09:13:04.614] [INFO] debug-file - Finished ::SignPackagesFromApp... after 2 ms 
[2026-09-11T09:13:04.614] [DEBUG] debug-file - Executing task ::SignApp
[2026-09-11T09:13:04.614] [DEBUG] debug-file - signingConfigName of signApp is :  undefined
[2026-09-11T09:13:04.614] [WARN] debug-file - Will skip sign 'app'. No signingConfigs profile is configured in current project.
             If needed, configure the signingConfigs in D:\HW\testproject\complete\8\ImmersiveLightDemo\build-profile.json5.
[2026-09-11T09:13:04.615] [DEBUG] debug-file - :SignApp is not up-to-date, since the input file 'D:\HW\testproject\complete\8\ImmersiveLightDemo\build\outputs\default\ImmersiveLightDemo-default-unsigned.app' has been changed.
[2026-09-11T09:13:04.615] [DEBUG] debug-file - Incremental task :SignApp pre-execution cost: 1 ms .
[2026-09-11T09:13:04.616] [DEBUG] debug-file - ImmersiveLightDemo : SignApp cost memory 0.11898040771484375
[2026-09-11T09:13:04.616] [DEBUG] debug-file - runTaskFromQueue task cost before running: 1 s 283 ms 
[2026-09-11T09:13:04.616] [INFO] debug-file - Finished ::SignApp... after 2 ms 
[2026-09-11T09:13:04.617] [DEBUG] debug-file - Executing task ::assembleApp
[2026-09-11T09:13:04.617] [DEBUG] debug-file - ImmersiveLightDemo : assembleApp cost memory 0.01245880126953125
[2026-09-11T09:13:04.617] [DEBUG] debug-file - runTaskFromQueue task cost before running: 1 s 284 ms 
[2026-09-11T09:13:04.617] [INFO] debug-file - Finished ::assembleApp... after 1 ms 
[2026-09-11T09:13:04.618] [INFO] debug-file - BUILD SUCCESSFUL in 1 s 285 ms 
[2026-09-11T09:13:04.618] [DEBUG] debug-file - There is no need to refresh cache, since the incremental task entry:default@PreBuild is up-to-date.
[2026-09-11T09:13:04.619] [DEBUG] debug-file - Update task entry:default@CreateModuleInfo output file:D:\HW\testproject\complete\8\ImmersiveLightDemo\entry\build\default\generated\profile\default\ModuleInfo.ts cache.
[2026-09-11T09:13:04.619] [DEBUG] debug-file - Incremental task entry:default@CreateModuleInfo post-execution cost:1 ms .
[2026-09-11T09:13:04.619] [DEBUG] debug-file - There is no need to refresh cache, since the incremental task entry:default@GenerateMetadata is up-to-date.
[2026-09-11T09:13:04.619] [DEBUG] debug-file - There is no need to refresh cache, since the incremental task entry:default@MergeProfile is up-to-date.
[2026-09-11T09:13:04.619] [DEBUG] debug-file - There is no need to refresh cache, since the incremental task entry:default@CreateBuildProfile is up-to-date.
[2026-09-11T09:13:04.619] [DEBUG] debug-file - There is no need to refresh cache, since the incremental task entry:default@GeneratePkgContextInfo is up-to-date.
[2026-09-11T09:13:04.619] [DEBUG] debug-file - Update task entry:default@GeneratePkgSdkInfo output file:D:\HW\testproject\complete\8\ImmersiveLightDemo\entry\build\default\intermediates\loader\default\pkgSdkInfo.json cache.
[2026-09-11T09:13:04.619] [DEBUG] debug-file - Incremental task entry:default@GeneratePkgSdkInfo post-execution cost:1 ms .
[2026-09-11T09:13:04.619] [DEBUG] debug-file - Update task entry:default@ProcessIntegratedHsp output file:D:\HW\testproject\complete\8\ImmersiveLightDemo\build\cache\default\integrated_hsp\integratedHspCache.json cache.
[2026-09-11T09:13:04.620] [DEBUG] debug-file - Incremental task entry:default@ProcessIntegratedHsp post-execution cost:1 ms .
[2026-09-11T09:13:04.620] [DEBUG] debug-file - There is no need to refresh cache, since the incremental task entry:default@MakePackInfo is up-to-date.
[2026-09-11T09:13:04.620] [DEBUG] debug-file - Update task entry:default@SyscapTransform input file:E:\DevEco Studio\sdk\default\openharmony\toolchains\syscap_tool.exe cache by regenerate.
[2026-09-11T09:13:04.620] [DEBUG] debug-file - Update task entry:default@SyscapTransform input file:E:\DevEco Studio\sdk\default\openharmony\ets\api\device-define cache by regenerate.
[2026-09-11T09:13:04.621] [DEBUG] debug-file - Update task entry:default@SyscapTransform output file:D:\HW\testproject\complete\8\ImmersiveLightDemo\entry\build\default\intermediates\syscap\default\rpcid.sc cache.
[2026-09-11T09:13:04.621] [DEBUG] debug-file - Incremental task entry:default@SyscapTransform post-execution cost:2 ms .
[2026-09-11T09:13:04.621] [DEBUG] debug-file - There is no need to refresh cache, since the incremental task entry:default@ProcessProfile is up-to-date.
[2026-09-11T09:13:04.621] [DEBUG] debug-file - There is no need to refresh cache, since the incremental task entry:default@ProcessRouterMap is up-to-date.
[2026-09-11T09:13:04.621] [DEBUG] debug-file - There is no need to refresh cache, since the incremental task entry:default@ProcessShareConfig is up-to-date.
[2026-09-11T09:13:04.622] [DEBUG] debug-file - Update task entry:default@ProcessStartupConfig input file:D:\HW\testproject\complete\8\ImmersiveLightDemo\entry\build\default\intermediates\loader\default\pkgContextInfo.json cache by regenerate.
[2026-09-11T09:13:04.622] [DEBUG] debug-file - Update task entry:default@ProcessStartupConfig output file:D:\HW\testproject\complete\8\ImmersiveLightDemo\entry\build\default\intermediates\startup\default\startup_config.json cache.
[2026-09-11T09:13:04.622] [DEBUG] debug-file - Incremental task entry:default@ProcessStartupConfig post-execution cost:1 ms .
[2026-09-11T09:13:04.622] [DEBUG] debug-file - There is no need to refresh cache, since the incremental task entry:default@ProcessResource is up-to-date.
[2026-09-11T09:13:04.622] [DEBUG] debug-file - There is no need to refresh cache, since the incremental task entry:default@GenerateLoaderJson is up-to-date.
[2026-09-11T09:13:04.622] [DEBUG] debug-file - There is no need to refresh cache, since the incremental task entry:default@ProcessLibs is up-to-date.
[2026-09-11T09:13:04.622] [DEBUG] debug-file - There is no need to refresh cache, since the incremental task entry:default@CompileResource is up-to-date.
[2026-09-11T09:13:04.622] [DEBUG] debug-file - There is no need to refresh cache, since the incremental task entry:default@DoNativeStrip is up-to-date.
[2026-09-11T09:13:04.622] [DEBUG] debug-file - There is no need to refresh cache, since the incremental task entry:default@CompileArkTS is up-to-date.
[2026-09-11T09:13:04.623] [DEBUG] debug-file - Update task entry:default@BuildJS input file:D:\HW\testproject\complete\8\ImmersiveLightDemo\entry\build\default\intermediates\loader\default cache by regenerate.
[2026-09-11T09:13:04.624] [DEBUG] debug-file - Update task entry:default@BuildJS input file:D:\HW\testproject\complete\8\ImmersiveLightDemo\entry\build\default\intermediates\res\default\resources\rawfile cache by regenerate.
[2026-09-11T09:13:04.624] [DEBUG] debug-file - Update task entry:default@BuildJS input file:D:\HW\testproject\complete\8\ImmersiveLightDemo\entry\build\default\intermediates\res\default\ResourceTable.txt cache by regenerate.
[2026-09-11T09:13:04.624] [DEBUG] debug-file - Update task entry:default@BuildJS input file:D:\HW\testproject\complete\8\ImmersiveLightDemo\entry\build\default\intermediates\res\default\ark_module.json cache by regenerate.
[2026-09-11T09:13:04.625] [DEBUG] debug-file - Update task entry:default@BuildJS input file:D:\HW\testproject\complete\8\ImmersiveLightDemo\entry\build\default\intermediates\res\default\resources\base\profile cache by regenerate.
[2026-09-11T09:13:04.625] [DEBUG] debug-file - Update task entry:default@BuildJS input file:D:\HW\testproject\complete\8\ImmersiveLightDemo\entry\build\default\intermediates\loader\default\pkgContextInfo.json cache by regenerate.
[2026-09-11T09:13:04.625] [DEBUG] debug-file - Update task entry:default@BuildJS output file:D:\HW\testproject\complete\8\ImmersiveLightDemo\entry\build\default\intermediates\loader_out\default\js cache.
[2026-09-11T09:13:04.625] [DEBUG] debug-file - Incremental task entry:default@BuildJS post-execution cost:4 ms .
[2026-09-11T09:13:04.625] [DEBUG] debug-file - There is no need to refresh cache, since the incremental task entry:default@CacheNativeLibs is up-to-date.
[2026-09-11T09:13:04.626] [DEBUG] debug-file - There is no need to refresh cache, since the incremental task entry:default@GeneratePkgModuleJson is up-to-date.
[2026-09-11T09:13:04.626] [DEBUG] debug-file - Incremental task entry:default@ProcessCompiledResources post-execution cost:1 ms .
[2026-09-11T09:13:04.626] [DEBUG] debug-file - There is no need to refresh cache, since the incremental task entry:default@PackageHap is up-to-date.
[2026-09-11T09:13:04.626] [DEBUG] debug-file - Update task entry:default@SignHap input file:D:\HW\testproject\complete\8\ImmersiveLightDemo\entry\build\default\outputs\default\entry-default-unsigned.hap cache by regenerate.
[2026-09-11T09:13:04.626] [DEBUG] debug-file - Update task entry:default@SignHap output file:D:\HW\testproject\complete\8\ImmersiveLightDemo\entry\build\default\outputs\default\entry-default-signed.hap cache.
[2026-09-11T09:13:04.626] [DEBUG] debug-file - Incremental task entry:default@SignHap post-execution cost:1 ms .
[2026-09-11T09:13:04.627] [DEBUG] debug-file - Update task entry:default@CollectDebugSymbol input file:D:\HW\testproject\complete\8\ImmersiveLightDemo\entry\build\default\intermediates\loader_out\default\ets\sourceMaps.map cache by regenerate.
[2026-09-11T09:13:04.627] [DEBUG] debug-file - Update task entry:default@CollectDebugSymbol input file:D:\HW\testproject\complete\8\ImmersiveLightDemo\entry\build\default\intermediates\libs\default cache by regenerate.
[2026-09-11T09:13:04.627] [DEBUG] debug-file - Update task entry:default@CollectDebugSymbol output file:D:\HW\testproject\complete\8\ImmersiveLightDemo\entry\build\default\outputs\default\symbol cache.
[2026-09-11T09:13:04.627] [DEBUG] debug-file - Incremental task entry:default@CollectDebugSymbol post-execution cost:1 ms .
[2026-09-11T09:13:04.627] [DEBUG] debug-file - There is no need to refresh cache, since the incremental task :MakeProjectPackInfo is up-to-date.
[2026-09-11T09:13:04.627] [DEBUG] debug-file - There is no need to refresh cache, since the incremental task :ProcessProjectPrivacyProfile is up-to-date.
[2026-09-11T09:13:04.627] [DEBUG] debug-file - There is no need to refresh cache, since the incremental task :GeneratePackRes is up-to-date.
[2026-09-11T09:13:04.627] [DEBUG] debug-file - Update task :PackageApp input file:D:\HW\testproject\complete\8\ImmersiveLightDemo\build\outputs\default\pack.info cache by regenerate.
[2026-09-11T09:13:04.628] [DEBUG] debug-file - Update task :PackageApp input file:D:\HW\testproject\complete\8\ImmersiveLightDemo\entry\build\default\outputs\default\entry-default-unsigned.hap cache by regenerate.
[2026-09-11T09:13:04.628] [DEBUG] debug-file - Update task :PackageApp input file:D:\HW\testproject\complete\8\ImmersiveLightDemo\build\outputs\default\pac.json cache by regenerate.
[2026-09-11T09:13:04.628] [DEBUG] debug-file - Update task :PackageApp output file:D:\HW\testproject\complete\8\ImmersiveLightDemo\build\outputs\default\ImmersiveLightDemo-default-unsigned.app cache.
[2026-09-11T09:13:04.628] [DEBUG] debug-file - Update task :PackageApp output file:D:\HW\testproject\complete\8\ImmersiveLightDemo\entry\build\default\outputs\default\app\entry-default.hap cache.
[2026-09-11T09:13:04.628] [DEBUG] debug-file - Update task :PackageApp output file:D:\HW\testproject\complete\8\ImmersiveLightDemo\build\outputs\default\symbol\debug cache.
[2026-09-11T09:13:04.628] [DEBUG] debug-file - Incremental task :PackageApp post-execution cost:1 ms .
[2026-09-11T09:13:04.628] [DEBUG] debug-file - Update task :SignPackagesFromApp input file:D:\HW\testproject\complete\8\ImmersiveLightDemo\build\outputs\default\ImmersiveLightDemo-default-unsigned.app cache from map.
[2026-09-11T09:13:04.628] [DEBUG] debug-file - Incremental task :SignPackagesFromApp post-execution cost:1 ms .
[2026-09-11T09:13:04.629] [DEBUG] debug-file - Update task :SignApp input file:D:\HW\testproject\complete\8\ImmersiveLightDemo\build\outputs\default\ImmersiveLightDemo-default-unsigned.app cache from map.
[2026-09-11T09:13:04.629] [DEBUG] debug-file - Update task :SignApp output file:D:\HW\testproject\complete\8\ImmersiveLightDemo\build\outputs\default\ImmersiveLightDemo-default-signed.app cache.
[2026-09-11T09:13:04.629] [DEBUG] debug-file - Incremental task :SignApp post-execution cost:1 ms .
[2026-09-11T09:13:04.642] [DEBUG] debug-file - There's no busy workers and idle workers need cleanup.
[2026-09-11T09:13:04.653] [DEBUG] debug-file - session manager: send message to worker process. WorkerThreadId: 0, data: {"type":"hvigor_failed","reason":"Server has disconnected."}
[2026-09-11T09:13:04.654] [DEBUG] debug-file - session manager: send message to worker process. WorkerThreadId: 0, data: {"type":"CloseWatch","reason":"Server has disconnected."}
[2026-09-11T09:13:04.642] [DEBUG] debug-file - hvigor build process will be closed.
[2026-09-11T09:13:04.654] [DEBUG] debug-file - watch worker: worker id should be larger than 0. Nothing will be sent to any worker thread.
[2026-09-11T09:13:04.654] [DEBUG] debug-file - ABORT_WORK sent to workers.
[2026-09-11T09:13:04.655] [DEBUG] debug-file - watch worker: worker id should be larger than 0. Nothing will be sent to any worker thread.
[2026-09-11T09:14:54.221] [DEBUG] debug-file - env: nodejsVersion=v24.14.1
[2026-09-11T09:14:54.301] [DEBUG] debug-file - env: daemon=true
[2026-09-11T09:14:54.222] [DEBUG] debug-file - env: hvigor-config.json5 content = {
  modelVersion: '6.0.1',
  dependencies: {},
  execution: {},
  logging: {},
  debugging: {},
  nodeOptions: {}
}
[2026-09-11T09:14:54.963] [DEBUG] debug-file - session manager: set active socket. socketId=itUHKP1YShlvaEQSAAAF
[2026-09-11T09:14:54.979] [DEBUG] debug-file - watch worker: worker id should be larger than 0. Nothing will be sent to any worker thread.
[2026-09-11T09:14:54.984] [DEBUG] debug-file - Workers' log level updated to INFO
[2026-09-11T09:14:54.986] [DEBUG] debug-file - Hvigor init with startParameters:{
  hvigorfileTypeCheck: false,
  parallelExecution: true,
  incrementalExecution: true,
  printStackTrace: false,
  daemon: true,
  analyze: 0,
  logLevel: Level { level: 20000, levelStr: 'INFO', colour: 'green' },
  optimizationStrategy: 'memory',
  hotCompile: undefined,
  hotReloadBuild: undefined,
  customizedParam: undefined
}
[2026-09-11T09:14:54.991] [DEBUG] debug-file - Cache service initialization finished in 5 ms 
[2026-09-11T09:14:54.991] [DEBUG] debug-file - hvigorfile, resolving D:\HW\testproject\complete\8\ImmersiveLightDemo\hvigorfile.ts
[2026-09-11T09:14:54.999] [DEBUG] debug-file - hvigorfile, require result:  { default: { plugins: [] } }
[2026-09-11T09:14:54.999] [DEBUG] debug-file - hvigorfile, binding system plugins null
[2026-09-11T09:14:54.999] [DEBUG] debug-file - Starting plugin build process
[2026-09-11T09:14:54.999] [DEBUG] debug-file - App plugin prepare start...
[2026-09-11T09:14:54.999] [DEBUG] debug-file - App plugin prepare end...
[2026-09-11T09:14:54.999] [DEBUG] debug-file - App plugin creating...
[2026-09-11T09:14:55.005] [DEBUG] debug-file - App plugin register hook start...
[2026-09-11T09:14:55.005] [DEBUG] debug-file - App plugin register hook end...
[2026-09-11T09:14:55.005] [DEBUG] debug-file - Plugin build process completed
[2026-09-11T09:14:55.005] [DEBUG] debug-file - Start initialize project's product build option map with build mode debug.
[2026-09-11T09:14:55.005] [DEBUG] debug-file - Picking option from product 'default' with build mode 'debug'.
[2026-09-11T09:14:55.005] [DEBUG] debug-file - Product 'default' build option initialized
[2026-09-11T09:14:55.005] [DEBUG] debug-file - End initialize project's product build option map with build mode 'debug'.
[2026-09-11T09:14:55.006] [DEBUG] debug-file - Obtain build option for product 'default'in this build.
[2026-09-11T09:14:55.008] [DEBUG] debug-file - No signingConfig found, initRemoteHspCache failed.
[2026-09-11T09:14:55.009] [DEBUG] debug-file - Start recording SDK configuration permission data.
[2026-09-11T09:14:55.084] [DEBUG] debug-file - Sdk init in 76 ms 
[2026-09-11T09:14:55.089] [DEBUG] debug-file - Project task initialization takes 6 ms 
[2026-09-11T09:14:55.090] [DEBUG] debug-file - hvigorfile, begin to bind custom plugins...
[2026-09-11T09:14:55.090] [DEBUG] debug-file - hvigorfile, no custom plugins were found in D:\HW\testproject\complete\8\ImmersiveLightDemo\hvigorfile.ts
[2026-09-11T09:14:55.090] [DEBUG] debug-file - hvigorfile, resolve finished D:\HW\testproject\complete\8\ImmersiveLightDemo\hvigorfile.ts
[2026-09-11T09:14:55.091] [DEBUG] debug-file - hvigorfile, resolving D:\HW\testproject\complete\8\ImmersiveLightDemo\entry\hvigorfile.ts
[2026-09-11T09:14:55.106] [DEBUG] debug-file - hvigorfile, require result:  { default: { plugins: [] } }
[2026-09-11T09:14:55.107] [DEBUG] debug-file - hvigorfile, binding system plugins null
[2026-09-11T09:14:55.107] [DEBUG] debug-file - Starting plugin build process
[2026-09-11T09:14:55.107] [DEBUG] debug-file - Hap plugin creating...
[2026-09-11T09:14:55.109] [DEBUG] debug-file - failed to load cangjie to dynamically generate schemas: Error: Cannot find module '@ohos/cangjie-build-support/index'
Require stack:
- E:\DevEco Studio\tools\hvigor\hvigor-ohos-plugin\src\plugin\hooks\cangjie-register.js
- E:\DevEco Studio\tools\hvigor\hvigor-ohos-plugin\src\plugin\strategy\stage-init-strategy.js
- E:\DevEco Studio\tools\hvigor\hvigor-ohos-plugin\src\plugin\builder\abstract-plugin-builder.js
- E:\DevEco Studio\tools\hvigor\hvigor-ohos-plugin\src\plugin\builder\app-plugin-builder.js
- E:\DevEco Studio\tools\hvigor\hvigor-ohos-plugin\src\plugin\factory\plugin-factory.js
- E:\DevEco Studio\tools\hvigor\hvigor-ohos-plugin\index.js
- D:\HW\testproject\complete\8\ImmersiveLightDemo\hvigorfile.ts
- E:\DevEco Studio\tools\hvigor\hvigor\src\base\internal\lifecycle\configuration.js
- E:\DevEco Studio\tools\hvigor\hvigor\src\base\boot\index.js
- E:\DevEco Studio\tools\hvigor\hvigor\src\base\daemon\cluster\worker-process-lifecycle.js
- E:\DevEco Studio\tools\hvigor\hvigor\src\base\daemon\process\daemon-process-boot-script.js
[2026-09-11T09:14:55.112] [DEBUG] debug-file - Start initialize module-target build option map, moduleName=entry, buildMode=debug
[2026-09-11T09:14:55.113] [DEBUG] debug-file - Target 'default' config initialized
[2026-09-11T09:14:55.113] [DEBUG] debug-file - Target 'ohosTest' config initialized
[2026-09-11T09:14:55.114] [DEBUG] debug-file - Module 'entry' target 'default' build option initialized
[2026-09-11T09:14:55.114] [DEBUG] debug-file - Module 'entry' target 'ohosTest' build option initialized
[2026-09-11T09:14:55.114] [DEBUG] debug-file - End initialize module-target build option map, moduleName=entry
[2026-09-11T09:14:55.114] [DEBUG] debug-file - Start initialize module-target build option map, moduleName=entry, buildMode=release
[2026-09-11T09:14:55.114] [DEBUG] debug-file - Target 'default' config initialized
[2026-09-11T09:14:55.115] [DEBUG] debug-file - Target 'ohosTest' config initialized
[2026-09-11T09:14:55.115] [DEBUG] debug-file - Module 'entry' target 'default' build option initialized
[2026-09-11T09:14:55.115] [DEBUG] debug-file - Module 'entry' target 'ohosTest' build option initialized
[2026-09-11T09:14:55.115] [DEBUG] debug-file - End initialize module-target build option map, moduleName=entry
[2026-09-11T09:14:55.115] [DEBUG] debug-file - Start initialize module-target build option map, moduleName=entry, buildMode=debug
[2026-09-11T09:14:55.115] [DEBUG] debug-file - Target 'default' config initialized
[2026-09-11T09:14:55.116] [DEBUG] debug-file - Target 'ohosTest' config initialized
[2026-09-11T09:14:55.116] [DEBUG] debug-file - Module 'entry' target 'default' build option initialized
[2026-09-11T09:14:55.116] [DEBUG] debug-file - Module 'entry' target 'ohosTest' build option initialized
[2026-09-11T09:14:55.117] [DEBUG] debug-file - End initialize module-target build option map, moduleName=entry
[2026-09-11T09:14:55.117] [DEBUG] debug-file - Obtain build option for module 'entry' target 'default'in this build.
[2026-09-11T09:14:55.120] [DEBUG] debug-file - Module entry task initialization takes 3 ms 
[2026-09-11T09:14:55.121] [DEBUG] debug-file - Hap plugin register hook start...
[2026-09-11T09:14:55.121] [DEBUG] debug-file - Hap plugin register hook end...
[2026-09-11T09:14:55.121] [DEBUG] debug-file - Plugin build process completed
[2026-09-11T09:14:55.121] [DEBUG] debug-file - hvigorfile, begin to bind custom plugins...
[2026-09-11T09:14:55.121] [DEBUG] debug-file - hvigorfile, no custom plugins were found in D:\HW\testproject\complete\8\ImmersiveLightDemo\entry\hvigorfile.ts
[2026-09-11T09:14:55.121] [DEBUG] debug-file - hvigorfile, resolve finished D:\HW\testproject\complete\8\ImmersiveLightDemo\entry\hvigorfile.ts
[2026-09-11T09:14:55.205] [DEBUG] debug-file - hvigorfile, resolve hvigorfile dependencies in 84 ms 
[2026-09-11T09:14:55.206] [DEBUG] debug-file - project has submodules:entry
[2026-09-11T09:14:55.210] [DEBUG] debug-file - start to load updatedOhPackageInfo to the disk
[2026-09-11T09:14:55.215] [DEBUG] debug-file - load to the disk finished
[2026-09-11T09:14:55.217] [DEBUG] debug-file - Start to initialize dependency information.
[2026-09-11T09:14:55.229] [DEBUG] debug-file - Module ImmersiveLightDemo Collected Dependency: 
[2026-09-11T09:14:55.229] [DEBUG] debug-file - Module ImmersiveLightDemo's total dependency: 0
[2026-09-11T09:14:55.229] [DEBUG] debug-file - Start to initialize dependency information.
[2026-09-11T09:14:55.233] [DEBUG] debug-file - Module entry Collected Dependency: 
[2026-09-11T09:14:55.233] [DEBUG] debug-file - Module entry's total dependency: 0
[2026-09-11T09:14:55.236] [DEBUG] debug-file - Configuration phase cost:245 ms 
[2026-09-11T09:14:55.240] [DEBUG] debug-file - Configuration task cost before running: 257 ms 
[2026-09-11T09:14:55.243] [DEBUG] debug-file - Executing task ::PreBuildApp
[2026-09-11T09:14:55.244] [DEBUG] debug-file - ImmersiveLightDemo : PreBuildApp cost memory 0.01482391357421875
[2026-09-11T09:14:55.244] [DEBUG] debug-file - runTaskFromQueue task cost before running: 260 ms 
[2026-09-11T09:14:55.245] [INFO] debug-file - Finished ::PreBuildApp... after 2 ms 
[2026-09-11T09:14:55.251] [DEBUG] debug-file - Executing task :entry:default@PreBuild
[2026-09-11T09:14:55.261] [DEBUG] debug-file - Task 'entry:default@PreBuild' cost while wrapping incremental declarations: 1 ms 
[2026-09-11T09:14:55.292] [DEBUG] debug-file - Incremental task entry:default@PreBuild pre-execution cost: 22 ms .
[2026-09-11T09:14:55.292] [DEBUG] debug-file - entry : default@PreBuild cost memory 0.5542449951171875
[2026-09-11T09:14:55.300] [INFO] debug-file - UP-TO-DATE :entry:default@PreBuild...  
[2026-09-11T09:14:55.300] [DEBUG] debug-file - Executing task ::DuplicateDependencyCheck
[2026-09-11T09:14:55.302] [DEBUG] debug-file - ImmersiveLightDemo : DuplicateDependencyCheck cost memory 0.35672760009765625
[2026-09-11T09:14:55.302] [DEBUG] debug-file - runTaskFromQueue task cost before running: 318 ms 
[2026-09-11T09:14:55.303] [INFO] debug-file - Finished ::DuplicateDependencyCheck... after 2 ms 
[2026-09-11T09:14:55.306] [DEBUG] debug-file - Executing task :entry:default@CreateModuleInfo
[2026-09-11T09:14:55.307] [DEBUG] debug-file - Task 'entry:default@CreateModuleInfo' cost while wrapping incremental declarations: 1 ms 
[2026-09-11T09:14:55.308] [DEBUG] debug-file - entry : default@CreateModuleInfo cost memory 0.0397491455078125
[2026-09-11T09:14:55.309] [DEBUG] debug-file - runTaskFromQueue task cost before running: 325 ms 
[2026-09-11T09:14:55.310] [INFO] debug-file - Finished :entry:default@CreateModuleInfo... after 3 ms 
[2026-09-11T09:14:55.312] [DEBUG] debug-file - Executing task :entry:default@GenerateMetadata
[2026-09-11T09:14:55.313] [DEBUG] debug-file - Task 'entry:default@GenerateMetadata' cost while wrapping incremental declarations: 1 ms 
[2026-09-11T09:14:55.314] [DEBUG] debug-file - Incremental task entry:default@GenerateMetadata pre-execution cost: 1 ms .
[2026-09-11T09:14:55.315] [DEBUG] debug-file - entry : default@GenerateMetadata cost memory 0.076141357421875
[2026-09-11T09:14:55.315] [INFO] debug-file - UP-TO-DATE :entry:default@GenerateMetadata...  
[2026-09-11T09:14:55.317] [DEBUG] debug-file - Executing task :entry:default@ConfigureCmake
[2026-09-11T09:14:55.317] [DEBUG] debug-file - entry : default@ConfigureCmake cost memory 0.01447296142578125
[2026-09-11T09:14:55.317] [DEBUG] debug-file - runTaskFromQueue task cost before running: 334 ms 
[2026-09-11T09:14:55.318] [INFO] debug-file - Finished :entry:default@ConfigureCmake... after 1 ms 
[2026-09-11T09:14:55.321] [DEBUG] debug-file - Executing task :entry:default@MergeProfile
[2026-09-11T09:14:55.321] [DEBUG] debug-file - Task 'entry:default@MergeProfile' cost while wrapping incremental declarations: 1 ms 
[2026-09-11T09:14:55.324] [DEBUG] debug-file - Incremental task entry:default@MergeProfile pre-execution cost: 3 ms .
[2026-09-11T09:14:55.324] [DEBUG] debug-file - entry : default@MergeProfile cost memory 0.125640869140625
[2026-09-11T09:14:55.325] [INFO] debug-file - UP-TO-DATE :entry:default@MergeProfile...  
[2026-09-11T09:14:55.327] [DEBUG] debug-file - Executing task :entry:default@CreateBuildProfile
[2026-09-11T09:14:55.328] [DEBUG] debug-file - Task 'entry:default@CreateBuildProfile' cost while wrapping incremental declarations: 1 ms 
[2026-09-11T09:14:55.330] [DEBUG] debug-file - Incremental task entry:default@CreateBuildProfile pre-execution cost: 2 ms .
[2026-09-11T09:14:55.330] [DEBUG] debug-file - entry : default@CreateBuildProfile cost memory 0.0960845947265625
[2026-09-11T09:14:55.331] [INFO] debug-file - UP-TO-DATE :entry:default@CreateBuildProfile...  
[2026-09-11T09:14:55.333] [DEBUG] debug-file - Executing task :entry:default@PreCheckSyscap
[2026-09-11T09:14:55.333] [DEBUG] debug-file - entry : default@PreCheckSyscap cost memory 0.01514434814453125
[2026-09-11T09:14:55.334] [DEBUG] debug-file - runTaskFromQueue task cost before running: 350 ms 
[2026-09-11T09:14:55.334] [INFO] debug-file - Finished :entry:default@PreCheckSyscap... after 1 ms 
[2026-09-11T09:14:55.338] [DEBUG] debug-file - Executing task :entry:default@GeneratePkgContextInfo
[2026-09-11T09:14:55.346] [DEBUG] debug-file - Task 'entry:default@GeneratePkgContextInfo' cost while wrapping incremental declarations: 1 ms 
[2026-09-11T09:14:55.348] [DEBUG] debug-file - Incremental task entry:default@GeneratePkgContextInfo pre-execution cost: 2 ms .
[2026-09-11T09:14:55.349] [DEBUG] debug-file - entry : default@GeneratePkgContextInfo cost memory 0.214813232421875
[2026-09-11T09:14:55.350] [INFO] debug-file - UP-TO-DATE :entry:default@GeneratePkgContextInfo...  
[2026-09-11T09:14:55.354] [DEBUG] debug-file - Executing task :entry:default@GeneratePkgSdkInfo
[2026-09-11T09:14:55.359] [DEBUG] debug-file - Task 'entry:default@GeneratePkgSdkInfo' cost while wrapping incremental declarations: 1 ms 
[2026-09-11T09:14:55.360] [DEBUG] debug-file - entry : default@GeneratePkgSdkInfo cost memory 0.1029205322265625
[2026-09-11T09:14:55.361] [DEBUG] debug-file - runTaskFromQueue task cost before running: 377 ms 
[2026-09-11T09:14:55.361] [INFO] debug-file - Finished :entry:default@GeneratePkgSdkInfo... after 7 ms 
[2026-09-11T09:14:55.371] [DEBUG] debug-file - Executing task :entry:default@ProcessIntegratedHsp
[2026-09-11T09:14:55.373] [DEBUG] debug-file - entry:default@ProcessIntegratedHsp is not up-to-date, since the output file 'D:\HW\testproject\complete\8\ImmersiveLightDemo\build\cache\default\integrated_hsp\integratedHspCache.json' does not exist.
[2026-09-11T09:14:55.373] [DEBUG] debug-file - Incremental task entry:default@ProcessIntegratedHsp pre-execution cost: 2 ms .
[2026-09-11T09:14:55.374] [DEBUG] debug-file - entry : default@ProcessIntegratedHsp cost memory 0.05913543701171875
[2026-09-11T09:14:55.374] [DEBUG] debug-file - runTaskFromQueue task cost before running: 390 ms 
[2026-09-11T09:14:55.375] [INFO] debug-file - Finished :entry:default@ProcessIntegratedHsp... after 4 ms 
[2026-09-11T09:14:55.379] [DEBUG] debug-file - Executing task :entry:default@BuildNativeWithCmake
[2026-09-11T09:14:55.380] [DEBUG] debug-file - entry : default@BuildNativeWithCmake cost memory 0.01444244384765625
[2026-09-11T09:14:55.380] [DEBUG] debug-file - runTaskFromQueue task cost before running: 396 ms 
[2026-09-11T09:14:55.380] [INFO] debug-file - Finished :entry:default@BuildNativeWithCmake... after 1 ms 
[2026-09-11T09:14:55.384] [DEBUG] debug-file - Executing task :entry:default@MakePackInfo
[2026-09-11T09:14:55.393] [DEBUG] debug-file - Incremental task entry:default@MakePackInfo pre-execution cost: 7 ms .
[2026-09-11T09:14:55.394] [DEBUG] debug-file - entry : default@MakePackInfo cost memory 0.12049102783203125
[2026-09-11T09:14:55.397] [INFO] debug-file - UP-TO-DATE :entry:default@MakePackInfo...  
[2026-09-11T09:14:55.400] [DEBUG] debug-file - Executing task :entry:default@SyscapTransform
[2026-09-11T09:14:55.401] [DEBUG] debug-file - File: 'D:\HW\testproject\complete\8\ImmersiveLightDemo\entry\src\main\syscap.json' from 'sysCapJsonPath' is not exists, just ignore.
[2026-09-11T09:14:55.402] [DEBUG] debug-file - Task 'entry:default@SyscapTransform' cost while wrapping incremental declarations: 1 ms 
[2026-09-11T09:14:55.404] [DEBUG] debug-file - entry:default@SyscapTransform is not up-to-date, since the output file 'D:\HW\testproject\complete\8\ImmersiveLightDemo\entry\build\default\intermediates\syscap\default\rpcid.sc' does not exist.
[2026-09-11T09:14:55.404] [DEBUG] debug-file - Incremental task entry:default@SyscapTransform pre-execution cost: 3 ms .
[2026-09-11T09:14:55.405] [DEBUG] debug-file - entry : default@SyscapTransform cost memory 0.12162017822265625
[2026-09-11T09:14:55.405] [DEBUG] debug-file - runTaskFromQueue task cost before running: 421 ms 
[2026-09-11T09:14:55.405] [INFO] debug-file - Finished :entry:default@SyscapTransform... after 5 ms 
[2026-09-11T09:14:55.408] [DEBUG] debug-file - Executing task :entry:default@ProcessProfile
[2026-09-11T09:14:55.412] [DEBUG] debug-file - Task 'entry:default@ProcessProfile' cost while wrapping incremental declarations: 1 ms 
[2026-09-11T09:14:55.415] [DEBUG] debug-file - Incremental task entry:default@ProcessProfile pre-execution cost: 3 ms .
[2026-09-11T09:14:55.415] [DEBUG] debug-file - entry : default@ProcessProfile cost memory 0.133453369140625
[2026-09-11T09:14:55.416] [INFO] debug-file - UP-TO-DATE :entry:default@ProcessProfile...  
[2026-09-11T09:14:55.418] [DEBUG] debug-file - Executing task :entry:default@ProcessRouterMap
[2026-09-11T09:14:55.425] [DEBUG] debug-file - Incremental task entry:default@ProcessRouterMap pre-execution cost: 6 ms .
[2026-09-11T09:14:55.425] [DEBUG] debug-file - entry : default@ProcessRouterMap cost memory -2.9125213623046875
[2026-09-11T09:14:55.426] [INFO] debug-file - UP-TO-DATE :entry:default@ProcessRouterMap...  
[2026-09-11T09:14:55.428] [DEBUG] debug-file - Executing task :entry:default@ProcessShareConfig
[2026-09-11T09:14:55.431] [DEBUG] debug-file - Incremental task entry:default@ProcessShareConfig pre-execution cost: 3 ms .
[2026-09-11T09:14:55.431] [DEBUG] debug-file - entry : default@ProcessShareConfig cost memory 0.12517547607421875
[2026-09-11T09:14:55.432] [INFO] debug-file - UP-TO-DATE :entry:default@ProcessShareConfig...  
[2026-09-11T09:14:55.434] [DEBUG] debug-file - Executing task :entry:default@ProcessStartupConfig
[2026-09-11T09:14:55.435] [DEBUG] debug-file - Task 'entry:default@ProcessStartupConfig' cost while wrapping incremental declarations: 1 ms 
[2026-09-11T09:14:55.437] [DEBUG] debug-file - entry:default@ProcessStartupConfig is not up-to-date, since the output file 'D:\HW\testproject\complete\8\ImmersiveLightDemo\entry\build\default\intermediates\startup\default\startup_config.json' does not exist.
[2026-09-11T09:14:55.437] [DEBUG] debug-file - Incremental task entry:default@ProcessStartupConfig pre-execution cost: 2 ms .
[2026-09-11T09:14:55.439] [DEBUG] debug-file - entry : default@ProcessStartupConfig cost memory 0.12067413330078125
[2026-09-11T09:14:55.439] [DEBUG] debug-file - runTaskFromQueue task cost before running: 455 ms 
[2026-09-11T09:14:55.440] [INFO] debug-file - Finished :entry:default@ProcessStartupConfig... after 5 ms 
[2026-09-11T09:14:55.442] [DEBUG] debug-file - Executing task :entry:default@BuildNativeWithNinja
[2026-09-11T09:14:55.443] [DEBUG] debug-file - entry : default@BuildNativeWithNinja cost memory 0.02033233642578125
[2026-09-11T09:14:55.443] [DEBUG] debug-file - runTaskFromQueue task cost before running: 459 ms 
[2026-09-11T09:14:55.445] [INFO] debug-file - Finished :entry:default@BuildNativeWithNinja... after 2 ms 
[2026-09-11T09:14:55.447] [DEBUG] debug-file - restool module names: entry; moduleName=entry, taskName=default@ProcessResource
[2026-09-11T09:14:55.449] [DEBUG] debug-file - Executing task :entry:default@ProcessResource
[2026-09-11T09:14:55.449] [DEBUG] debug-file - Task 'entry:default@ProcessResource' cost while wrapping incremental declarations: 1 ms 
[2026-09-11T09:14:55.452] [DEBUG] debug-file - Incremental task entry:default@ProcessResource pre-execution cost: 2 ms .
[2026-09-11T09:14:55.453] [DEBUG] debug-file - entry : default@ProcessResource cost memory 0.12505340576171875
[2026-09-11T09:14:55.458] [INFO] debug-file - UP-TO-DATE :entry:default@ProcessResource...  
[2026-09-11T09:14:55.462] [DEBUG] debug-file - Executing task :entry:default@GenerateLoaderJson
[2026-09-11T09:14:55.464] [DEBUG] debug-file - Task 'entry:default@GenerateLoaderJson' cost while wrapping incremental declarations: 1 ms 
[2026-09-11T09:14:55.485] [DEBUG] debug-file - Incremental task entry:default@GenerateLoaderJson pre-execution cost: 12 ms .
[2026-09-11T09:14:55.486] [DEBUG] debug-file - entry : default@GenerateLoaderJson cost memory 0.36591339111328125
[2026-09-11T09:14:55.495] [INFO] debug-file - UP-TO-DATE :entry:default@GenerateLoaderJson...  
[2026-09-11T09:14:55.499] [DEBUG] debug-file - Executing task :entry:default@ProcessLibs
[2026-09-11T09:14:55.501] [DEBUG] debug-file - Task 'entry:default@ProcessLibs' cost while wrapping incremental declarations: 1 ms 
[2026-09-11T09:14:55.508] [DEBUG] debug-file - Incremental task entry:default@ProcessLibs pre-execution cost: 6 ms .
[2026-09-11T09:14:55.509] [DEBUG] debug-file - entry : default@ProcessLibs cost memory 0.1244354248046875
[2026-09-11T09:14:55.510] [INFO] debug-file - UP-TO-DATE :entry:default@ProcessLibs...  
[2026-09-11T09:14:55.513] [DEBUG] debug-file - restool module names: entry; moduleName=entry, taskName=default@CompileResource
[2026-09-11T09:14:55.514] [DEBUG] debug-file - Executing task :entry:default@CompileResource
[2026-09-11T09:14:55.550] [DEBUG] debug-file - Incremental task entry:default@CompileResource pre-execution cost: 33 ms .
[2026-09-11T09:14:55.550] [DEBUG] debug-file - entry : default@CompileResource cost memory 0.5644683837890625
[2026-09-11T09:14:55.552] [INFO] debug-file - UP-TO-DATE :entry:default@CompileResource...  
[2026-09-11T09:14:55.554] [DEBUG] debug-file - Executing task :entry:default@DoNativeStrip
[2026-09-11T09:14:55.555] [DEBUG] debug-file - File: 'D:\HW\testproject\complete\8\ImmersiveLightDemo\entry\build\default\intermediates\binxo\default' from 'doBinxoNativeLibs' is not exists, just ignore.
[2026-09-11T09:14:55.555] [DEBUG] debug-file - Task 'entry:default@DoNativeStrip' cost while wrapping incremental declarations: 1 ms 
[2026-09-11T09:14:55.558] [DEBUG] debug-file - Incremental task entry:default@DoNativeStrip pre-execution cost: 3 ms .
[2026-09-11T09:14:55.558] [DEBUG] debug-file - entry : default@DoNativeStrip cost memory 0.0740203857421875
[2026-09-11T09:14:55.559] [INFO] debug-file - UP-TO-DATE :entry:default@DoNativeStrip...  
[2026-09-11T09:14:55.563] [DEBUG] debug-file - Executing task :entry:default@CompileArkTS
[2026-09-11T09:14:55.564] [DEBUG] debug-file - obfuscationOptions: undefined
[2026-09-11T09:14:55.566] [DEBUG] debug-file - Task 'entry:default@CompileArkTS' cost while wrapping incremental declarations: 1 ms 
[2026-09-11T09:14:55.584] [DEBUG] debug-file - Incremental task entry:default@CompileArkTS pre-execution cost: 17 ms .
[2026-09-11T09:14:55.584] [DEBUG] debug-file - entry : default@CompileArkTS cost memory 0.483673095703125
[2026-09-11T09:14:55.589] [INFO] debug-file - UP-TO-DATE :entry:default@CompileArkTS...  
[2026-09-11T09:14:55.592] [DEBUG] debug-file - Executing task :entry:default@BuildJS
[2026-09-11T09:14:55.595] [DEBUG] debug-file - Task 'entry:default@BuildJS' cost while wrapping incremental declarations: 1 ms 
[2026-09-11T09:14:55.600] [DEBUG] debug-file - entry : default@BuildJS cost memory -2.7717208862304688
[2026-09-11T09:14:55.600] [DEBUG] debug-file - runTaskFromQueue task cost before running: 617 ms 
[2026-09-11T09:14:55.601] [INFO] debug-file - Finished :entry:default@BuildJS... after 9 ms 
[2026-09-11T09:14:55.603] [DEBUG] debug-file - Executing task :entry:default@CacheNativeLibs
[2026-09-11T09:14:55.603] [DEBUG] debug-file - File: 'D:\HW\testproject\complete\8\ImmersiveLightDemo\entry\build\default\intermediates\binxo\default' from 'cacheBinxoNativeLibs' is not exists, just ignore.
[2026-09-11T09:14:55.604] [DEBUG] debug-file - Task 'entry:default@CacheNativeLibs' cost while wrapping incremental declarations: 1 ms 
[2026-09-11T09:14:55.606] [DEBUG] debug-file - Incremental task entry:default@CacheNativeLibs pre-execution cost: 3 ms .
[2026-09-11T09:14:55.607] [DEBUG] debug-file - entry : default@CacheNativeLibs cost memory 0.08721160888671875
[2026-09-11T09:14:55.607] [INFO] debug-file - UP-TO-DATE :entry:default@CacheNativeLibs...  
[2026-09-11T09:14:55.611] [DEBUG] debug-file - Executing task :entry:default@GeneratePkgModuleJson
[2026-09-11T09:14:55.611] [DEBUG] debug-file - File: 'D:\HW\testproject\complete\8\ImmersiveLightDemo\entry\build\default\intermediates\preload\default\preload.json' from 'preloadSoJsonPath' is not exists, just ignore.
[2026-09-11T09:14:55.612] [DEBUG] debug-file - Error occurs while handling @Input 'shouldDeduplicateHar': The "data" argument must be of type string or an instance of Buffer, TypedArray, or DataView. Received undefined
[2026-09-11T09:14:55.612] [DEBUG] debug-file - Task 'entry:default@GeneratePkgModuleJson' cost while wrapping incremental declarations: 1 ms 
[2026-09-11T09:14:55.613] [DEBUG] debug-file - Incremental task entry:default@GeneratePkgModuleJson pre-execution cost: 1 ms .
[2026-09-11T09:14:55.613] [DEBUG] debug-file - entry : default@GeneratePkgModuleJson cost memory 0.0902862548828125
[2026-09-11T09:14:55.614] [INFO] debug-file - UP-TO-DATE :entry:default@GeneratePkgModuleJson...  
[2026-09-11T09:14:55.616] [DEBUG] debug-file - Executing task :entry:default@ProcessCompiledResources
[2026-09-11T09:14:55.616] [DEBUG] debug-file - File: 'D:\HW\testproject\complete\8\ImmersiveLightDemo\entry\build\default\intermediates\preload\default\preload.json' from 'preloadSoJsonPath' is not exists, just ignore.
[2026-09-11T09:14:55.617] [DEBUG] debug-file - Task 'entry:default@ProcessCompiledResources' cost while wrapping incremental declarations: 1 ms 
[2026-09-11T09:14:55.617] [DEBUG] debug-file - entry : default@ProcessCompiledResources cost memory 0.0533447265625
[2026-09-11T09:14:55.617] [DEBUG] debug-file - runTaskFromQueue task cost before running: 634 ms 
[2026-09-11T09:14:55.618] [INFO] debug-file - Finished :entry:default@ProcessCompiledResources... after 2 ms 
[2026-09-11T09:14:55.621] [DEBUG] debug-file - Executing task :entry:default@PackageHap
[2026-09-11T09:14:55.631] [DEBUG] debug-file - Incremental task entry:default@PackageHap pre-execution cost: 8 ms .
[2026-09-11T09:14:55.632] [DEBUG] debug-file - entry : default@PackageHap cost memory 0.32038116455078125
[2026-09-11T09:14:55.634] [INFO] debug-file - UP-TO-DATE :entry:default@PackageHap...  
[2026-09-11T09:14:55.636] [DEBUG] debug-file - Executing task :entry:default@PackingCheck
[2026-09-11T09:14:55.646] [DEBUG] debug-file - entry : default@PackingCheck cost memory 0.30850982666015625
[2026-09-11T09:14:55.646] [DEBUG] debug-file - runTaskFromQueue task cost before running: 663 ms 
[2026-09-11T09:14:55.647] [INFO] debug-file - Finished :entry:default@PackingCheck... after 11 ms 
[2026-09-11T09:14:55.649] [DEBUG] debug-file - Executing task :entry:default@SignHap
[2026-09-11T09:14:55.649] [WARN] debug-file - Will skip sign 'hos_hap'. No signingConfigs profile is configured in current project.
             If needed, configure the signingConfigs in D:\HW\testproject\complete\8\ImmersiveLightDemo\build-profile.json5.
[2026-09-11T09:14:55.650] [DEBUG] debug-file - entry:default@SignHap is not up-to-date, since the output file 'D:\HW\testproject\complete\8\ImmersiveLightDemo\entry\build\default\outputs\default\entry-default-signed.hap' does not exist.
[2026-09-11T09:14:55.651] [DEBUG] debug-file - Incremental task entry:default@SignHap pre-execution cost: 2 ms .
[2026-09-11T09:14:55.651] [DEBUG] debug-file - entry : default@SignHap cost memory 0.08167266845703125
[2026-09-11T09:14:55.651] [DEBUG] debug-file - runTaskFromQueue task cost before running: 668 ms 
[2026-09-11T09:14:55.652] [INFO] debug-file - Finished :entry:default@SignHap... after 3 ms 
[2026-09-11T09:14:55.654] [DEBUG] debug-file - Executing task :entry:default@CollectDebugSymbol
[2026-09-11T09:14:55.656] [DEBUG] debug-file - entry : default@CollectDebugSymbol cost memory 0.0904388427734375
[2026-09-11T09:14:55.656] [DEBUG] debug-file - runTaskFromQueue task cost before running: 673 ms 
[2026-09-11T09:14:55.657] [INFO] debug-file - Finished :entry:default@CollectDebugSymbol... after 3 ms 
[2026-09-11T09:14:55.657] [DEBUG] debug-file - Executing task :entry:assembleHap
[2026-09-11T09:14:55.657] [DEBUG] debug-file - entry : assembleHap cost memory 0.012298583984375
[2026-09-11T09:14:55.657] [DEBUG] debug-file - runTaskFromQueue task cost before running: 674 ms 
[2026-09-11T09:14:55.658] [INFO] debug-file - Finished :entry:assembleHap... after 1 ms 
[2026-09-11T09:14:55.658] [DEBUG] debug-file - Executing task ::MakeProjectPackInfo
[2026-09-11T09:14:55.661] [DEBUG] debug-file - Task ':MakeProjectPackInfo' cost while wrapping incremental declarations: 1 ms 
[2026-09-11T09:14:55.663] [DEBUG] debug-file - Incremental task :MakeProjectPackInfo pre-execution cost: 1 ms .
[2026-09-11T09:14:55.663] [DEBUG] debug-file - ImmersiveLightDemo : MakeProjectPackInfo cost memory 0.14551544189453125
[2026-09-11T09:14:55.664] [INFO] debug-file - UP-TO-DATE ::MakeProjectPackInfo...  
[2026-09-11T09:14:55.664] [DEBUG] debug-file - Executing task ::ProcessProjectPrivacyProfile
[2026-09-11T09:14:55.666] [DEBUG] debug-file - Incremental task :ProcessProjectPrivacyProfile pre-execution cost: 2 ms .
[2026-09-11T09:14:55.667] [DEBUG] debug-file - ImmersiveLightDemo : ProcessProjectPrivacyProfile cost memory 0.08164215087890625
[2026-09-11T09:14:55.669] [INFO] debug-file - UP-TO-DATE ::ProcessProjectPrivacyProfile...  
[2026-09-11T09:14:55.670] [DEBUG] debug-file - Executing task ::GeneratePackRes
[2026-09-11T09:14:55.671] [DEBUG] debug-file - Incremental task :GeneratePackRes pre-execution cost: 1 ms .
[2026-09-11T09:14:55.672] [DEBUG] debug-file - ImmersiveLightDemo : GeneratePackRes cost memory 0.0409698486328125
[2026-09-11T09:14:55.672] [INFO] debug-file - UP-TO-DATE ::GeneratePackRes...  
[2026-09-11T09:14:55.672] [DEBUG] debug-file - Executing task ::PackageApp
[2026-09-11T09:14:55.678] [DEBUG] debug-file - Task ':PackageApp' cost while wrapping incremental declarations: 1 ms 
[2026-09-11T09:14:55.680] [DEBUG] debug-file - :PackageApp is not up-to-date, since the output file 'D:\HW\testproject\complete\8\ImmersiveLightDemo\build\outputs\default\symbol\debug' does not exist.
[2026-09-11T09:14:55.680] [DEBUG] debug-file - Incremental task :PackageApp pre-execution cost: 2 ms .
[2026-09-11T09:14:55.691] [DEBUG] debug-file - Use tool [PackageApp]
 [
  'java',
  '-Dfile.encoding=GBK',
  '-jar',
  'E:\\DevEco Studio\\sdk\\default\\openharmony\\toolchains\\lib\\app_packing_tool.jar',
  '--mode',
  'app',
  '--pack-info-path',
  'D:\\HW\\testproject\\complete\\8\\ImmersiveLightDemo\\build\\outputs\\default\\pack.info',
  '--hap-path',
  'D:\\HW\\testproject\\complete\\8\\ImmersiveLightDemo\\entry\\build\\default\\outputs\\default\\app\\entry-default.hap',
  '--hsp-path',
  '',
  '--force',
  'true',
  '--out-path',
  'D:\\HW\\testproject\\complete\\8\\ImmersiveLightDemo\\build\\outputs\\default\\ImmersiveLightDemo-default-unsigned.app',
  '--main-module-limit',
  '2',
  '--normal-module-limit',
  '2',
  '--pac-json-path',
  'D:\\HW\\testproject\\complete\\8\\ImmersiveLightDemo\\build\\outputs\\default\\pac.json'
]
[2026-09-11T09:14:55.692] [DEBUG] debug-file - current process  memoryUsage: {
  rss: 206077952,
  heapTotal: 132399104,
  heapUsed: 126031312,
  external: 3974801,
  arrayBuffers: 39253
} os memoryUsage :13.96756362915039
[2026-09-11T09:14:56.618] [DEBUG] debug-file - ImmersiveLightDemo : PackageApp cost memory -9.194183349609375
[2026-09-11T09:14:56.619] [DEBUG] debug-file - runTaskFromQueue task cost before running: 1 s 635 ms 
[2026-09-11T09:14:56.620] [INFO] debug-file - Finished ::PackageApp... after 947 ms 
[2026-09-11T09:14:56.620] [DEBUG] debug-file - Executing task ::SignPackagesFromApp
[2026-09-11T09:14:56.624] [DEBUG] debug-file - :SignPackagesFromApp is not up-to-date, since the input file 'D:\HW\testproject\complete\8\ImmersiveLightDemo\build\outputs\default\ImmersiveLightDemo-default-unsigned.app' has been changed.
[2026-09-11T09:14:56.624] [DEBUG] debug-file - Incremental task :SignPackagesFromApp pre-execution cost: 3 ms .
[2026-09-11T09:14:56.625] [DEBUG] debug-file - ImmersiveLightDemo : SignPackagesFromApp cost memory 0.061798095703125
[2026-09-11T09:14:56.626] [DEBUG] debug-file - runTaskFromQueue task cost before running: 1 s 642 ms 
[2026-09-11T09:14:56.628] [INFO] debug-file - Finished ::SignPackagesFromApp... after 6 ms 
[2026-09-11T09:14:56.628] [DEBUG] debug-file - Executing task ::SignApp
[2026-09-11T09:14:56.629] [DEBUG] debug-file - signingConfigName of signApp is :  undefined
[2026-09-11T09:14:56.629] [WARN] debug-file - Will skip sign 'app'. No signingConfigs profile is configured in current project.
             If needed, configure the signingConfigs in D:\HW\testproject\complete\8\ImmersiveLightDemo\build-profile.json5.
[2026-09-11T09:14:56.632] [DEBUG] debug-file - :SignApp is not up-to-date, since the input file 'D:\HW\testproject\complete\8\ImmersiveLightDemo\build\outputs\default\ImmersiveLightDemo-default-unsigned.app' has been changed.
[2026-09-11T09:14:56.633] [DEBUG] debug-file - Incremental task :SignApp pre-execution cost: 2 ms .
[2026-09-11T09:14:56.634] [DEBUG] debug-file - ImmersiveLightDemo : SignApp cost memory 0.123748779296875
[2026-09-11T09:14:56.634] [DEBUG] debug-file - runTaskFromQueue task cost before running: 1 s 651 ms 
[2026-09-11T09:14:56.636] [INFO] debug-file - Finished ::SignApp... after 7 ms 
[2026-09-11T09:14:56.637] [DEBUG] debug-file - Executing task ::assembleApp
[2026-09-11T09:14:56.637] [DEBUG] debug-file - ImmersiveLightDemo : assembleApp cost memory 0.01233673095703125
[2026-09-11T09:14:56.637] [DEBUG] debug-file - runTaskFromQueue task cost before running: 1 s 653 ms 
[2026-09-11T09:14:56.638] [INFO] debug-file - Finished ::assembleApp... after 1 ms 
[2026-09-11T09:14:56.641] [INFO] debug-file - BUILD SUCCESSFUL in 1 s 656 ms 
[2026-09-11T09:14:56.642] [DEBUG] debug-file - There is no need to refresh cache, since the incremental task entry:default@PreBuild is up-to-date.
[2026-09-11T09:14:56.642] [DEBUG] debug-file - Update task entry:default@CreateModuleInfo output file:D:\HW\testproject\complete\8\ImmersiveLightDemo\entry\build\default\generated\profile\default\ModuleInfo.ts cache.
[2026-09-11T09:14:56.643] [DEBUG] debug-file - Incremental task entry:default@CreateModuleInfo post-execution cost:1 ms .
[2026-09-11T09:14:56.643] [DEBUG] debug-file - There is no need to refresh cache, since the incremental task entry:default@GenerateMetadata is up-to-date.
[2026-09-11T09:14:56.643] [DEBUG] debug-file - There is no need to refresh cache, since the incremental task entry:default@MergeProfile is up-to-date.
[2026-09-11T09:14:56.643] [DEBUG] debug-file - There is no need to refresh cache, since the incremental task entry:default@CreateBuildProfile is up-to-date.
[2026-09-11T09:14:56.643] [DEBUG] debug-file - There is no need to refresh cache, since the incremental task entry:default@GeneratePkgContextInfo is up-to-date.
[2026-09-11T09:14:56.643] [DEBUG] debug-file - Update task entry:default@GeneratePkgSdkInfo output file:D:\HW\testproject\complete\8\ImmersiveLightDemo\entry\build\default\intermediates\loader\default\pkgSdkInfo.json cache.
[2026-09-11T09:14:56.644] [DEBUG] debug-file - Incremental task entry:default@GeneratePkgSdkInfo post-execution cost:1 ms .
[2026-09-11T09:14:56.644] [DEBUG] debug-file - Update task entry:default@ProcessIntegratedHsp output file:D:\HW\testproject\complete\8\ImmersiveLightDemo\build\cache\default\integrated_hsp\integratedHspCache.json cache.
[2026-09-11T09:14:56.645] [DEBUG] debug-file - Incremental task entry:default@ProcessIntegratedHsp post-execution cost:1 ms .
[2026-09-11T09:14:56.645] [DEBUG] debug-file - There is no need to refresh cache, since the incremental task entry:default@MakePackInfo is up-to-date.
[2026-09-11T09:14:56.645] [DEBUG] debug-file - Update task entry:default@SyscapTransform input file:E:\DevEco Studio\sdk\default\openharmony\toolchains\syscap_tool.exe cache by regenerate.
[2026-09-11T09:14:56.645] [DEBUG] debug-file - Update task entry:default@SyscapTransform input file:E:\DevEco Studio\sdk\default\openharmony\ets\api\device-define cache by regenerate.
[2026-09-11T09:14:56.647] [DEBUG] debug-file - Update task entry:default@SyscapTransform output file:D:\HW\testproject\complete\8\ImmersiveLightDemo\entry\build\default\intermediates\syscap\default\rpcid.sc cache.
[2026-09-11T09:14:56.647] [DEBUG] debug-file - Incremental task entry:default@SyscapTransform post-execution cost:3 ms .
[2026-09-11T09:14:56.648] [DEBUG] debug-file - There is no need to refresh cache, since the incremental task entry:default@ProcessProfile is up-to-date.
[2026-09-11T09:14:56.648] [DEBUG] debug-file - There is no need to refresh cache, since the incremental task entry:default@ProcessRouterMap is up-to-date.
[2026-09-11T09:14:56.648] [DEBUG] debug-file - There is no need to refresh cache, since the incremental task entry:default@ProcessShareConfig is up-to-date.
[2026-09-11T09:14:56.648] [DEBUG] debug-file - Update task entry:default@ProcessStartupConfig input file:D:\HW\testproject\complete\8\ImmersiveLightDemo\entry\build\default\intermediates\loader\default\pkgContextInfo.json cache by regenerate.
[2026-09-11T09:14:56.649] [DEBUG] debug-file - Update task entry:default@ProcessStartupConfig output file:D:\HW\testproject\complete\8\ImmersiveLightDemo\entry\build\default\intermediates\startup\default\startup_config.json cache.
[2026-09-11T09:14:56.650] [DEBUG] debug-file - Incremental task entry:default@ProcessStartupConfig post-execution cost:2 ms .
[2026-09-11T09:14:56.650] [DEBUG] debug-file - There is no need to refresh cache, since the incremental task entry:default@ProcessResource is up-to-date.
[2026-09-11T09:14:56.650] [DEBUG] debug-file - There is no need to refresh cache, since the incremental task entry:default@GenerateLoaderJson is up-to-date.
[2026-09-11T09:14:56.650] [DEBUG] debug-file - There is no need to refresh cache, since the incremental task entry:default@ProcessLibs is up-to-date.
[2026-09-11T09:14:56.651] [DEBUG] debug-file - There is no need to refresh cache, since the incremental task entry:default@CompileResource is up-to-date.
[2026-09-11T09:14:56.651] [DEBUG] debug-file - There is no need to refresh cache, since the incremental task entry:default@DoNativeStrip is up-to-date.
[2026-09-11T09:14:56.651] [DEBUG] debug-file - There is no need to refresh cache, since the incremental task entry:default@CompileArkTS is up-to-date.
[2026-09-11T09:14:56.654] [DEBUG] debug-file - Update task entry:default@BuildJS input file:D:\HW\testproject\complete\8\ImmersiveLightDemo\entry\build\default\intermediates\loader\default cache by regenerate.
[2026-09-11T09:14:56.655] [DEBUG] debug-file - Update task entry:default@BuildJS input file:D:\HW\testproject\complete\8\ImmersiveLightDemo\entry\build\default\intermediates\res\default\resources\rawfile cache by regenerate.
[2026-09-11T09:14:56.656] [DEBUG] debug-file - Update task entry:default@BuildJS input file:D:\HW\testproject\complete\8\ImmersiveLightDemo\entry\build\default\intermediates\res\default\ResourceTable.txt cache by regenerate.
[2026-09-11T09:14:56.657] [DEBUG] debug-file - Update task entry:default@BuildJS input file:D:\HW\testproject\complete\8\ImmersiveLightDemo\entry\build\default\intermediates\res\default\ark_module.json cache by regenerate.
[2026-09-11T09:14:56.657] [DEBUG] debug-file - Update task entry:default@BuildJS input file:D:\HW\testproject\complete\8\ImmersiveLightDemo\entry\build\default\intermediates\res\default\resources\base\profile cache by regenerate.
[2026-09-11T09:14:56.659] [DEBUG] debug-file - Update task entry:default@BuildJS input file:D:\HW\testproject\complete\8\ImmersiveLightDemo\entry\build\default\intermediates\loader\default\pkgContextInfo.json cache by regenerate.
[2026-09-11T09:14:56.659] [DEBUG] debug-file - Update task entry:default@BuildJS output file:D:\HW\testproject\complete\8\ImmersiveLightDemo\entry\build\default\intermediates\loader_out\default\js cache.
[2026-09-11T09:14:56.660] [DEBUG] debug-file - Incremental task entry:default@BuildJS post-execution cost:9 ms .
[2026-09-11T09:14:56.660] [DEBUG] debug-file - There is no need to refresh cache, since the incremental task entry:default@CacheNativeLibs is up-to-date.
[2026-09-11T09:14:56.660] [DEBUG] debug-file - There is no need to refresh cache, since the incremental task entry:default@GeneratePkgModuleJson is up-to-date.
[2026-09-11T09:14:56.661] [DEBUG] debug-file - Incremental task entry:default@ProcessCompiledResources post-execution cost:1 ms .
[2026-09-11T09:14:56.661] [DEBUG] debug-file - There is no need to refresh cache, since the incremental task entry:default@PackageHap is up-to-date.
[2026-09-11T09:14:56.661] [DEBUG] debug-file - Update task entry:default@SignHap input file:D:\HW\testproject\complete\8\ImmersiveLightDemo\entry\build\default\outputs\default\entry-default-unsigned.hap cache by regenerate.
[2026-09-11T09:14:56.662] [DEBUG] debug-file - Update task entry:default@SignHap output file:D:\HW\testproject\complete\8\ImmersiveLightDemo\entry\build\default\outputs\default\entry-default-signed.hap cache.
[2026-09-11T09:14:56.663] [DEBUG] debug-file - Incremental task entry:default@SignHap post-execution cost:2 ms .
[2026-09-11T09:14:56.664] [DEBUG] debug-file - Update task entry:default@CollectDebugSymbol input file:D:\HW\testproject\complete\8\ImmersiveLightDemo\entry\build\default\intermediates\loader_out\default\ets\sourceMaps.map cache by regenerate.
[2026-09-11T09:14:56.664] [DEBUG] debug-file - Update task entry:default@CollectDebugSymbol input file:D:\HW\testproject\complete\8\ImmersiveLightDemo\entry\build\default\intermediates\libs\default cache by regenerate.
[2026-09-11T09:14:56.665] [DEBUG] debug-file - Update task entry:default@CollectDebugSymbol output file:D:\HW\testproject\complete\8\ImmersiveLightDemo\entry\build\default\outputs\default\symbol cache.
[2026-09-11T09:14:56.665] [DEBUG] debug-file - Incremental task entry:default@CollectDebugSymbol post-execution cost:3 ms .
[2026-09-11T09:14:56.665] [DEBUG] debug-file - There is no need to refresh cache, since the incremental task :MakeProjectPackInfo is up-to-date.
[2026-09-11T09:14:56.665] [DEBUG] debug-file - There is no need to refresh cache, since the incremental task :ProcessProjectPrivacyProfile is up-to-date.
[2026-09-11T09:14:56.665] [DEBUG] debug-file - There is no need to refresh cache, since the incremental task :GeneratePackRes is up-to-date.
[2026-09-11T09:14:56.665] [DEBUG] debug-file - Update task :PackageApp input file:D:\HW\testproject\complete\8\ImmersiveLightDemo\build\outputs\default\pack.info cache by regenerate.
[2026-09-11T09:14:56.665] [DEBUG] debug-file - Update task :PackageApp input file:D:\HW\testproject\complete\8\ImmersiveLightDemo\entry\build\default\outputs\default\entry-default-unsigned.hap cache by regenerate.
[2026-09-11T09:14:56.666] [DEBUG] debug-file - Update task :PackageApp input file:D:\HW\testproject\complete\8\ImmersiveLightDemo\build\outputs\default\pac.json cache by regenerate.
[2026-09-11T09:14:56.666] [DEBUG] debug-file - Update task :PackageApp output file:D:\HW\testproject\complete\8\ImmersiveLightDemo\build\outputs\default\ImmersiveLightDemo-default-unsigned.app cache.
[2026-09-11T09:14:56.667] [DEBUG] debug-file - Update task :PackageApp output file:D:\HW\testproject\complete\8\ImmersiveLightDemo\entry\build\default\outputs\default\app\entry-default.hap cache.
[2026-09-11T09:14:56.667] [DEBUG] debug-file - Update task :PackageApp output file:D:\HW\testproject\complete\8\ImmersiveLightDemo\build\outputs\default\symbol\debug cache.
[2026-09-11T09:14:56.667] [DEBUG] debug-file - Incremental task :PackageApp post-execution cost:3 ms .
[2026-09-11T09:14:56.668] [DEBUG] debug-file - Update task :SignPackagesFromApp input file:D:\HW\testproject\complete\8\ImmersiveLightDemo\build\outputs\default\ImmersiveLightDemo-default-unsigned.app cache from map.
[2026-09-11T09:14:56.668] [DEBUG] debug-file - Incremental task :SignPackagesFromApp post-execution cost:1 ms .
[2026-09-11T09:14:56.669] [DEBUG] debug-file - Update task :SignApp input file:D:\HW\testproject\complete\8\ImmersiveLightDemo\build\outputs\default\ImmersiveLightDemo-default-unsigned.app cache from map.
[2026-09-11T09:14:56.669] [DEBUG] debug-file - Update task :SignApp output file:D:\HW\testproject\complete\8\ImmersiveLightDemo\build\outputs\default\ImmersiveLightDemo-default-signed.app cache.
[2026-09-11T09:14:56.669] [DEBUG] debug-file - Incremental task :SignApp post-execution cost:2 ms .
[2026-09-11T09:14:56.690] [DEBUG] debug-file - There's no busy workers and idle workers need cleanup.
[2026-09-11T09:14:56.691] [DEBUG] debug-file - hvigor build process will be closed.
[2026-09-11T09:14:56.706] [DEBUG] debug-file - session manager: send message to worker process. WorkerThreadId: 0, data: {"type":"hvigor_failed","reason":"Server has disconnected."}
[2026-09-11T09:14:56.707] [DEBUG] debug-file - session manager: send message to worker process. WorkerThreadId: 0, data: {"type":"CloseWatch","reason":"Server has disconnected."}
[2026-09-11T09:14:56.706] [DEBUG] debug-file - watch worker: worker id should be larger than 0. Nothing will be sent to any worker thread.
[2026-09-11T09:14:56.706] [DEBUG] debug-file - ABORT_WORK sent to workers.
[2026-09-11T09:14:56.707] [DEBUG] debug-file - watch worker: worker id should be larger than 0. Nothing will be sent to any worker thread.
[2026-09-11T09:15:49.577] [DEBUG] debug-file - env: nodejsVersion=v24.14.1
[2026-09-11T09:15:49.626] [DEBUG] debug-file - env: daemon=true
[2026-09-11T09:15:49.578] [DEBUG] debug-file - env: hvigor-config.json5 content = {
  modelVersion: '6.0.1',
  dependencies: {},
  execution: {},
  logging: {},
  debugging: {},
  nodeOptions: {}
}
[2026-09-11T09:15:50.284] [DEBUG] debug-file - session manager: set active socket. socketId=86pyXy_wXvPIiWtlAAAH
[2026-09-11T09:15:50.308] [DEBUG] debug-file - watch worker: worker id should be larger than 0. Nothing will be sent to any worker thread.
[2026-09-11T09:15:50.319] [DEBUG] debug-file - Workers' log level updated to INFO
[2026-09-11T09:15:50.325] [DEBUG] debug-file - Hvigor init with startParameters:{
  hvigorfileTypeCheck: false,
  parallelExecution: true,
  incrementalExecution: true,
  printStackTrace: false,
  daemon: true,
  analyze: 0,
  logLevel: Level { level: 20000, levelStr: 'INFO', colour: 'green' },
  optimizationStrategy: 'memory',
  hotCompile: undefined,
  hotReloadBuild: undefined,
  customizedParam: undefined
}
[2026-09-11T09:15:50.341] [DEBUG] debug-file - Cache service initialization finished in 16 ms 
[2026-09-11T09:15:50.343] [DEBUG] debug-file - hvigorfile, resolving D:\HW\testproject\complete\8\ImmersiveLightDemo\hvigorfile.ts
[2026-09-11T09:15:50.362] [DEBUG] debug-file - hvigorfile, require result:  { default: { plugins: [] } }
[2026-09-11T09:15:50.362] [DEBUG] debug-file - hvigorfile, binding system plugins null
[2026-09-11T09:15:50.363] [DEBUG] debug-file - Starting plugin build process
[2026-09-11T09:15:50.363] [DEBUG] debug-file - App plugin prepare start...
[2026-09-11T09:15:50.363] [DEBUG] debug-file - App plugin prepare end...
[2026-09-11T09:15:50.363] [DEBUG] debug-file - App plugin creating...
[2026-09-11T09:15:50.375] [DEBUG] debug-file - App plugin register hook start...
[2026-09-11T09:15:50.375] [DEBUG] debug-file - App plugin register hook end...
[2026-09-11T09:15:50.375] [DEBUG] debug-file - Plugin build process completed
[2026-09-11T09:15:50.376] [DEBUG] debug-file - Start initialize project's product build option map with build mode debug.
[2026-09-11T09:15:50.376] [DEBUG] debug-file - Picking option from product 'default' with build mode 'debug'.
[2026-09-11T09:15:50.377] [DEBUG] debug-file - Product 'default' build option initialized
[2026-09-11T09:15:50.377] [DEBUG] debug-file - End initialize project's product build option map with build mode 'debug'.
[2026-09-11T09:15:50.378] [DEBUG] debug-file - Obtain build option for product 'default'in this build.
[2026-09-11T09:15:50.386] [DEBUG] debug-file - No signingConfig found, initRemoteHspCache failed.
[2026-09-11T09:15:50.390] [DEBUG] debug-file - Start recording SDK configuration permission data.
[2026-09-11T09:15:50.449] [DEBUG] debug-file - Sdk init in 61 ms 
[2026-09-11T09:15:50.451] [DEBUG] debug-file - Project task initialization takes 3 ms 
[2026-09-11T09:15:50.451] [DEBUG] debug-file - hvigorfile, begin to bind custom plugins...
[2026-09-11T09:15:50.451] [DEBUG] debug-file - hvigorfile, no custom plugins were found in D:\HW\testproject\complete\8\ImmersiveLightDemo\hvigorfile.ts
[2026-09-11T09:15:50.451] [DEBUG] debug-file - hvigorfile, resolve finished D:\HW\testproject\complete\8\ImmersiveLightDemo\hvigorfile.ts
[2026-09-11T09:15:50.452] [DEBUG] debug-file - hvigorfile, resolving D:\HW\testproject\complete\8\ImmersiveLightDemo\entry\hvigorfile.ts
[2026-09-11T09:15:50.457] [DEBUG] debug-file - hvigorfile, require result:  { default: { plugins: [] } }
[2026-09-11T09:15:50.457] [DEBUG] debug-file - hvigorfile, binding system plugins null
[2026-09-11T09:15:50.457] [DEBUG] debug-file - Starting plugin build process
[2026-09-11T09:15:50.457] [DEBUG] debug-file - Hap plugin creating...
[2026-09-11T09:15:50.458] [DEBUG] debug-file - failed to load cangjie to dynamically generate schemas: Error: Cannot find module '@ohos/cangjie-build-support/index'
Require stack:
- E:\DevEco Studio\tools\hvigor\hvigor-ohos-plugin\src\plugin\hooks\cangjie-register.js
- E:\DevEco Studio\tools\hvigor\hvigor-ohos-plugin\src\plugin\strategy\stage-init-strategy.js
- E:\DevEco Studio\tools\hvigor\hvigor-ohos-plugin\src\plugin\builder\abstract-plugin-builder.js
- E:\DevEco Studio\tools\hvigor\hvigor-ohos-plugin\src\plugin\builder\app-plugin-builder.js
- E:\DevEco Studio\tools\hvigor\hvigor-ohos-plugin\src\plugin\factory\plugin-factory.js
- E:\DevEco Studio\tools\hvigor\hvigor-ohos-plugin\index.js
- D:\HW\testproject\complete\8\ImmersiveLightDemo\hvigorfile.ts
- E:\DevEco Studio\tools\hvigor\hvigor\src\base\internal\lifecycle\configuration.js
- E:\DevEco Studio\tools\hvigor\hvigor\src\base\boot\index.js
- E:\DevEco Studio\tools\hvigor\hvigor\src\base\daemon\cluster\worker-process-lifecycle.js
- E:\DevEco Studio\tools\hvigor\hvigor\src\base\daemon\process\daemon-process-boot-script.js
[2026-09-11T09:15:50.461] [DEBUG] debug-file - Start initialize module-target build option map, moduleName=entry, buildMode=debug
[2026-09-11T09:15:50.462] [DEBUG] debug-file - Target 'default' config initialized
[2026-09-11T09:15:50.462] [DEBUG] debug-file - Target 'ohosTest' config initialized
[2026-09-11T09:15:50.462] [DEBUG] debug-file - Module 'entry' target 'default' build option initialized
[2026-09-11T09:15:50.462] [DEBUG] debug-file - Module 'entry' target 'ohosTest' build option initialized
[2026-09-11T09:15:50.462] [DEBUG] debug-file - End initialize module-target build option map, moduleName=entry
[2026-09-11T09:15:50.463] [DEBUG] debug-file - Start initialize module-target build option map, moduleName=entry, buildMode=release
[2026-09-11T09:15:50.463] [DEBUG] debug-file - Target 'default' config initialized
[2026-09-11T09:15:50.463] [DEBUG] debug-file - Target 'ohosTest' config initialized
[2026-09-11T09:15:50.463] [DEBUG] debug-file - Module 'entry' target 'default' build option initialized
[2026-09-11T09:15:50.463] [DEBUG] debug-file - Module 'entry' target 'ohosTest' build option initialized
[2026-09-11T09:15:50.464] [DEBUG] debug-file - End initialize module-target build option map, moduleName=entry
[2026-09-11T09:15:50.464] [DEBUG] debug-file - Start initialize module-target build option map, moduleName=entry, buildMode=debug
[2026-09-11T09:15:50.464] [DEBUG] debug-file - Target 'default' config initialized
[2026-09-11T09:15:50.464] [DEBUG] debug-file - Target 'ohosTest' config initialized
[2026-09-11T09:15:50.464] [DEBUG] debug-file - Module 'entry' target 'default' build option initialized
[2026-09-11T09:15:50.464] [DEBUG] debug-file - Module 'entry' target 'ohosTest' build option initialized
[2026-09-11T09:15:50.464] [DEBUG] debug-file - End initialize module-target build option map, moduleName=entry
[2026-09-11T09:15:50.464] [DEBUG] debug-file - Obtain build option for module 'entry' target 'default'in this build.
[2026-09-11T09:15:50.467] [DEBUG] debug-file - Module entry task initialization takes 2 ms 
[2026-09-11T09:15:50.467] [DEBUG] debug-file - Hap plugin register hook start...
[2026-09-11T09:15:50.467] [DEBUG] debug-file - Hap plugin register hook end...
[2026-09-11T09:15:50.467] [DEBUG] debug-file - Plugin build process completed
[2026-09-11T09:15:50.467] [DEBUG] debug-file - hvigorfile, begin to bind custom plugins...
[2026-09-11T09:15:50.467] [DEBUG] debug-file - hvigorfile, no custom plugins were found in D:\HW\testproject\complete\8\ImmersiveLightDemo\entry\hvigorfile.ts
[2026-09-11T09:15:50.467] [DEBUG] debug-file - hvigorfile, resolve finished D:\HW\testproject\complete\8\ImmersiveLightDemo\entry\hvigorfile.ts
[2026-09-11T09:15:50.538] [DEBUG] debug-file - hvigorfile, resolve hvigorfile dependencies in 70 ms 
[2026-09-11T09:15:50.538] [DEBUG] debug-file - project has submodules:entry
[2026-09-11T09:15:50.540] [DEBUG] debug-file - start to load updatedOhPackageInfo to the disk
[2026-09-11T09:15:50.547] [DEBUG] debug-file - load to the disk finished
[2026-09-11T09:15:50.550] [DEBUG] debug-file - Start to initialize dependency information.
[2026-09-11T09:15:50.559] [DEBUG] debug-file - Module ImmersiveLightDemo Collected Dependency: 
[2026-09-11T09:15:50.560] [DEBUG] debug-file - Module ImmersiveLightDemo's total dependency: 0
[2026-09-11T09:15:50.560] [DEBUG] debug-file - Start to initialize dependency information.
[2026-09-11T09:15:50.564] [DEBUG] debug-file - Module entry Collected Dependency: 
[2026-09-11T09:15:50.565] [DEBUG] debug-file - Module entry's total dependency: 0
[2026-09-11T09:15:50.568] [DEBUG] debug-file - Configuration phase cost:227 ms 
[2026-09-11T09:15:50.570] [DEBUG] debug-file - Configuration task cost before running: 251 ms 
[2026-09-11T09:15:50.571] [DEBUG] debug-file - Executing task ::PreBuildApp
[2026-09-11T09:15:50.572] [DEBUG] debug-file - ImmersiveLightDemo : PreBuildApp cost memory 0.01493072509765625
[2026-09-11T09:15:50.572] [DEBUG] debug-file - runTaskFromQueue task cost before running: 252 ms 
[2026-09-11T09:15:50.573] [INFO] debug-file - Finished ::PreBuildApp... after 2 ms 
[2026-09-11T09:15:50.583] [DEBUG] debug-file - Executing task :entry:default@PreBuild
[2026-09-11T09:15:50.591] [DEBUG] debug-file - Task 'entry:default@PreBuild' cost while wrapping incremental declarations: 1 ms 
[2026-09-11T09:15:50.604] [DEBUG] debug-file - Incremental task entry:default@PreBuild pre-execution cost: 8 ms .
[2026-09-11T09:15:50.605] [DEBUG] debug-file - entry : default@PreBuild cost memory 0.5662918090820312
[2026-09-11T09:15:50.610] [INFO] debug-file - UP-TO-DATE :entry:default@PreBuild...  
[2026-09-11T09:15:50.610] [DEBUG] debug-file - Executing task ::DuplicateDependencyCheck
[2026-09-11T09:15:50.610] [DEBUG] debug-file - ImmersiveLightDemo : DuplicateDependencyCheck cost memory 0.01378631591796875
[2026-09-11T09:15:50.610] [DEBUG] debug-file - runTaskFromQueue task cost before running: 290 ms 
[2026-09-11T09:15:50.611] [INFO] debug-file - Finished ::DuplicateDependencyCheck... after 1 ms 
[2026-09-11T09:15:50.612] [DEBUG] debug-file - Executing task :entry:default@CreateModuleInfo
[2026-09-11T09:15:50.613] [DEBUG] debug-file - Task 'entry:default@CreateModuleInfo' cost while wrapping incremental declarations: 1 ms 
[2026-09-11T09:15:50.613] [DEBUG] debug-file - entry : default@CreateModuleInfo cost memory 0.0396575927734375
[2026-09-11T09:15:50.614] [DEBUG] debug-file - runTaskFromQueue task cost before running: 294 ms 
[2026-09-11T09:15:50.614] [INFO] debug-file - Finished :entry:default@CreateModuleInfo... after 2 ms 
[2026-09-11T09:15:50.616] [DEBUG] debug-file - Executing task :entry:default@GenerateMetadata
[2026-09-11T09:15:50.617] [DEBUG] debug-file - Task 'entry:default@GenerateMetadata' cost while wrapping incremental declarations: 1 ms 
[2026-09-11T09:15:50.618] [DEBUG] debug-file - Incremental task entry:default@GenerateMetadata pre-execution cost: 2 ms .
[2026-09-11T09:15:50.618] [DEBUG] debug-file - entry : default@GenerateMetadata cost memory 0.07596588134765625
[2026-09-11T09:15:50.619] [INFO] debug-file - UP-TO-DATE :entry:default@GenerateMetadata...  
[2026-09-11T09:15:50.620] [DEBUG] debug-file - Executing task :entry:default@ConfigureCmake
[2026-09-11T09:15:50.620] [DEBUG] debug-file - entry : default@ConfigureCmake cost memory 0.01439666748046875
[2026-09-11T09:15:50.620] [DEBUG] debug-file - runTaskFromQueue task cost before running: 300 ms 
[2026-09-11T09:15:50.620] [INFO] debug-file - Finished :entry:default@ConfigureCmake... after 1 ms 
[2026-09-11T09:15:50.622] [DEBUG] debug-file - Executing task :entry:default@MergeProfile
[2026-09-11T09:15:50.622] [DEBUG] debug-file - Task 'entry:default@MergeProfile' cost while wrapping incremental declarations: 1 ms 
[2026-09-11T09:15:50.623] [DEBUG] debug-file - Incremental task entry:default@MergeProfile pre-execution cost: 2 ms .
[2026-09-11T09:15:50.623] [DEBUG] debug-file - entry : default@MergeProfile cost memory 0.1187744140625
[2026-09-11T09:15:50.623] [INFO] debug-file - UP-TO-DATE :entry:default@MergeProfile...  
[2026-09-11T09:15:50.624] [DEBUG] debug-file - Executing task :entry:default@CreateBuildProfile
[2026-09-11T09:15:50.624] [DEBUG] debug-file - Task 'entry:default@CreateBuildProfile' cost while wrapping incremental declarations: 1 ms 
[2026-09-11T09:15:50.625] [DEBUG] debug-file - Incremental task entry:default@CreateBuildProfile pre-execution cost: 1 ms .
[2026-09-11T09:15:50.625] [DEBUG] debug-file - entry : default@CreateBuildProfile cost memory 0.0952606201171875
[2026-09-11T09:15:50.625] [INFO] debug-file - UP-TO-DATE :entry:default@CreateBuildProfile...  
[2026-09-11T09:15:50.626] [DEBUG] debug-file - Executing task :entry:default@PreCheckSyscap
[2026-09-11T09:15:50.627] [DEBUG] debug-file - entry : default@PreCheckSyscap cost memory 0.01512908935546875
[2026-09-11T09:15:50.627] [DEBUG] debug-file - runTaskFromQueue task cost before running: 307 ms 
[2026-09-11T09:15:50.627] [INFO] debug-file - Finished :entry:default@PreCheckSyscap... after 1 ms 
[2026-09-11T09:15:50.628] [DEBUG] debug-file - Executing task :entry:default@GeneratePkgContextInfo
[2026-09-11T09:15:50.633] [DEBUG] debug-file - Task 'entry:default@GeneratePkgContextInfo' cost while wrapping incremental declarations: 1 ms 
[2026-09-11T09:15:50.634] [DEBUG] debug-file - Incremental task entry:default@GeneratePkgContextInfo pre-execution cost: 1 ms .
[2026-09-11T09:15:50.635] [DEBUG] debug-file - entry : default@GeneratePkgContextInfo cost memory 0.20111846923828125
[2026-09-11T09:15:50.635] [INFO] debug-file - UP-TO-DATE :entry:default@GeneratePkgContextInfo...  
[2026-09-11T09:15:50.637] [DEBUG] debug-file - Executing task :entry:default@GeneratePkgSdkInfo
[2026-09-11T09:15:50.640] [DEBUG] debug-file - Task 'entry:default@GeneratePkgSdkInfo' cost while wrapping incremental declarations: 1 ms 
[2026-09-11T09:15:50.641] [DEBUG] debug-file - entry : default@GeneratePkgSdkInfo cost memory 0.10340118408203125
[2026-09-11T09:15:50.641] [DEBUG] debug-file - runTaskFromQueue task cost before running: 321 ms 
[2026-09-11T09:15:50.641] [INFO] debug-file - Finished :entry:default@GeneratePkgSdkInfo... after 5 ms 
[2026-09-11T09:15:50.647] [DEBUG] debug-file - Executing task :entry:default@ProcessIntegratedHsp
[2026-09-11T09:15:50.648] [DEBUG] debug-file - entry:default@ProcessIntegratedHsp is not up-to-date, since the output file 'D:\HW\testproject\complete\8\ImmersiveLightDemo\build\cache\default\integrated_hsp\integratedHspCache.json' does not exist.
[2026-09-11T09:15:50.648] [DEBUG] debug-file - Incremental task entry:default@ProcessIntegratedHsp pre-execution cost: 1 ms .
[2026-09-11T09:15:50.648] [DEBUG] debug-file - entry : default@ProcessIntegratedHsp cost memory 0.05091094970703125
[2026-09-11T09:15:50.649] [DEBUG] debug-file - runTaskFromQueue task cost before running: 329 ms 
[2026-09-11T09:15:50.649] [INFO] debug-file - Finished :entry:default@ProcessIntegratedHsp... after 2 ms 
[2026-09-11T09:15:50.651] [DEBUG] debug-file - Executing task :entry:default@BuildNativeWithCmake
[2026-09-11T09:15:50.651] [DEBUG] debug-file - entry : default@BuildNativeWithCmake cost memory 0.01442718505859375
[2026-09-11T09:15:50.652] [DEBUG] debug-file - runTaskFromQueue task cost before running: 332 ms 
[2026-09-11T09:15:50.653] [INFO] debug-file - Finished :entry:default@BuildNativeWithCmake... after 1 ms 
[2026-09-11T09:15:50.654] [DEBUG] debug-file - Executing task :entry:default@MakePackInfo
[2026-09-11T09:15:50.661] [DEBUG] debug-file - Incremental task entry:default@MakePackInfo pre-execution cost: 5 ms .
[2026-09-11T09:15:50.661] [DEBUG] debug-file - entry : default@MakePackInfo cost memory 0.11090087890625
[2026-09-11T09:15:50.662] [INFO] debug-file - UP-TO-DATE :entry:default@MakePackInfo...  
[2026-09-11T09:15:50.663] [DEBUG] debug-file - Executing task :entry:default@SyscapTransform
[2026-09-11T09:15:50.664] [DEBUG] debug-file - File: 'D:\HW\testproject\complete\8\ImmersiveLightDemo\entry\src\main\syscap.json' from 'sysCapJsonPath' is not exists, just ignore.
[2026-09-11T09:15:50.664] [DEBUG] debug-file - Task 'entry:default@SyscapTransform' cost while wrapping incremental declarations: 1 ms 
[2026-09-11T09:15:50.666] [DEBUG] debug-file - entry:default@SyscapTransform is not up-to-date, since the output file 'D:\HW\testproject\complete\8\ImmersiveLightDemo\entry\build\default\intermediates\syscap\default\rpcid.sc' does not exist.
[2026-09-11T09:15:50.666] [DEBUG] debug-file - Incremental task entry:default@SyscapTransform pre-execution cost: 2 ms .
[2026-09-11T09:15:50.666] [DEBUG] debug-file - entry : default@SyscapTransform cost memory 0.114227294921875
[2026-09-11T09:15:50.666] [DEBUG] debug-file - runTaskFromQueue task cost before running: 347 ms 
[2026-09-11T09:15:50.667] [INFO] debug-file - Finished :entry:default@SyscapTransform... after 4 ms 
[2026-09-11T09:15:50.669] [DEBUG] debug-file - Executing task :entry:default@ProcessProfile
[2026-09-11T09:15:50.671] [DEBUG] debug-file - Task 'entry:default@ProcessProfile' cost while wrapping incremental declarations: 1 ms 
[2026-09-11T09:15:50.672] [DEBUG] debug-file - Incremental task entry:default@ProcessProfile pre-execution cost: 1 ms .
[2026-09-11T09:15:50.672] [DEBUG] debug-file - entry : default@ProcessProfile cost memory 0.12964630126953125
[2026-09-11T09:15:50.673] [INFO] debug-file - UP-TO-DATE :entry:default@ProcessProfile...  
[2026-09-11T09:15:50.675] [DEBUG] debug-file - Executing task :entry:default@ProcessRouterMap
[2026-09-11T09:15:50.678] [DEBUG] debug-file - Incremental task entry:default@ProcessRouterMap pre-execution cost: 3 ms .
[2026-09-11T09:15:50.679] [DEBUG] debug-file - entry : default@ProcessRouterMap cost memory 0.13986968994140625
[2026-09-11T09:15:50.679] [INFO] debug-file - UP-TO-DATE :entry:default@ProcessRouterMap...  
[2026-09-11T09:15:50.681] [DEBUG] debug-file - Executing task :entry:default@ProcessShareConfig
[2026-09-11T09:15:50.684] [DEBUG] debug-file - Incremental task entry:default@ProcessShareConfig pre-execution cost: 2 ms .
[2026-09-11T09:15:50.684] [DEBUG] debug-file - entry : default@ProcessShareConfig cost memory 0.116607666015625
[2026-09-11T09:15:50.685] [INFO] debug-file - UP-TO-DATE :entry:default@ProcessShareConfig...  
[2026-09-11T09:15:50.686] [DEBUG] debug-file - Executing task :entry:default@ProcessStartupConfig
[2026-09-11T09:15:50.686] [DEBUG] debug-file - Task 'entry:default@ProcessStartupConfig' cost while wrapping incremental declarations: 1 ms 
[2026-09-11T09:15:50.686] [DEBUG] debug-file - entry:default@ProcessStartupConfig is not up-to-date, since the output file 'D:\HW\testproject\complete\8\ImmersiveLightDemo\entry\build\default\intermediates\startup\default\startup_config.json' does not exist.
[2026-09-11T09:15:50.687] [DEBUG] debug-file - Incremental task entry:default@ProcessStartupConfig pre-execution cost: 1 ms .
[2026-09-11T09:15:50.687] [DEBUG] debug-file - entry : default@ProcessStartupConfig cost memory 0.12064361572265625
[2026-09-11T09:15:50.687] [DEBUG] debug-file - runTaskFromQueue task cost before running: 368 ms 
[2026-09-11T09:15:50.688] [INFO] debug-file - Finished :entry:default@ProcessStartupConfig... after 2 ms 
[2026-09-11T09:15:50.690] [DEBUG] debug-file - Executing task :entry:default@BuildNativeWithNinja
[2026-09-11T09:15:50.691] [DEBUG] debug-file - entry : default@BuildNativeWithNinja cost memory 0.02045440673828125
[2026-09-11T09:15:50.691] [DEBUG] debug-file - runTaskFromQueue task cost before running: 371 ms 
[2026-09-11T09:15:50.691] [INFO] debug-file - Finished :entry:default@BuildNativeWithNinja... after 1 ms 
[2026-09-11T09:15:50.693] [DEBUG] debug-file - restool module names: entry; moduleName=entry, taskName=default@ProcessResource
[2026-09-11T09:15:50.694] [DEBUG] debug-file - Executing task :entry:default@ProcessResource
[2026-09-11T09:15:50.695] [DEBUG] debug-file - Task 'entry:default@ProcessResource' cost while wrapping incremental declarations: 1 ms 
[2026-09-11T09:15:50.697] [DEBUG] debug-file - Incremental task entry:default@ProcessResource pre-execution cost: 1 ms .
[2026-09-11T09:15:50.697] [DEBUG] debug-file - entry : default@ProcessResource cost memory -4.3037567138671875
[2026-09-11T09:15:50.699] [INFO] debug-file - UP-TO-DATE :entry:default@ProcessResource...  
[2026-09-11T09:15:50.700] [DEBUG] debug-file - Executing task :entry:default@GenerateLoaderJson
[2026-09-11T09:15:50.701] [DEBUG] debug-file - Task 'entry:default@GenerateLoaderJson' cost while wrapping incremental declarations: 1 ms 
[2026-09-11T09:15:50.706] [DEBUG] debug-file - Incremental task entry:default@GenerateLoaderJson pre-execution cost: 4 ms .
[2026-09-11T09:15:50.707] [DEBUG] debug-file - entry : default@GenerateLoaderJson cost memory 0.34833526611328125
[2026-09-11T09:15:50.709] [INFO] debug-file - UP-TO-DATE :entry:default@GenerateLoaderJson...  
[2026-09-11T09:15:50.710] [DEBUG] debug-file - Executing task :entry:default@ProcessLibs
[2026-09-11T09:15:50.711] [DEBUG] debug-file - Task 'entry:default@ProcessLibs' cost while wrapping incremental declarations: 1 ms 
[2026-09-11T09:15:50.712] [DEBUG] debug-file - Incremental task entry:default@ProcessLibs pre-execution cost: 1 ms .
[2026-09-11T09:15:50.712] [DEBUG] debug-file - entry : default@ProcessLibs cost memory 0.09844207763671875
[2026-09-11T09:15:50.713] [INFO] debug-file - UP-TO-DATE :entry:default@ProcessLibs...  
[2026-09-11T09:15:50.714] [DEBUG] debug-file - restool module names: entry; moduleName=entry, taskName=default@CompileResource
[2026-09-11T09:15:50.714] [DEBUG] debug-file - Executing task :entry:default@CompileResource
[2026-09-11T09:15:50.734] [DEBUG] debug-file - Incremental task entry:default@CompileResource pre-execution cost: 19 ms .
[2026-09-11T09:15:50.735] [DEBUG] debug-file - entry : default@CompileResource cost memory 0.551055908203125
[2026-09-11T09:15:50.738] [INFO] debug-file - UP-TO-DATE :entry:default@CompileResource...  
[2026-09-11T09:15:50.741] [DEBUG] debug-file - Executing task :entry:default@DoNativeStrip
[2026-09-11T09:15:50.742] [DEBUG] debug-file - File: 'D:\HW\testproject\complete\8\ImmersiveLightDemo\entry\build\default\intermediates\binxo\default' from 'doBinxoNativeLibs' is not exists, just ignore.
[2026-09-11T09:15:50.743] [DEBUG] debug-file - Task 'entry:default@DoNativeStrip' cost while wrapping incremental declarations: 2 ms 
[2026-09-11T09:15:50.746] [DEBUG] debug-file - Incremental task entry:default@DoNativeStrip pre-execution cost: 3 ms .
[2026-09-11T09:15:50.746] [DEBUG] debug-file - entry : default@DoNativeStrip cost memory 0.0960693359375
[2026-09-11T09:15:50.747] [INFO] debug-file - UP-TO-DATE :entry:default@DoNativeStrip...  
[2026-09-11T09:15:50.750] [DEBUG] debug-file - Executing task :entry:default@CompileArkTS
[2026-09-11T09:15:50.751] [DEBUG] debug-file - obfuscationOptions: undefined
[2026-09-11T09:15:50.754] [DEBUG] debug-file - Task 'entry:default@CompileArkTS' cost while wrapping incremental declarations: 1 ms 
[2026-09-11T09:15:50.769] [DEBUG] debug-file - Incremental task entry:default@CompileArkTS pre-execution cost: 12 ms .
[2026-09-11T09:15:50.769] [DEBUG] debug-file - entry : default@CompileArkTS cost memory 0.46115875244140625
[2026-09-11T09:15:50.773] [INFO] debug-file - UP-TO-DATE :entry:default@CompileArkTS...  
[2026-09-11T09:15:50.779] [DEBUG] debug-file - Executing task :entry:default@BuildJS
[2026-09-11T09:15:50.780] [DEBUG] debug-file - Task 'entry:default@BuildJS' cost while wrapping incremental declarations: 1 ms 
[2026-09-11T09:15:50.788] [DEBUG] debug-file - entry : default@BuildJS cost memory 0.1252288818359375
[2026-09-11T09:15:50.789] [DEBUG] debug-file - runTaskFromQueue task cost before running: 469 ms 
[2026-09-11T09:15:50.789] [INFO] debug-file - Finished :entry:default@BuildJS... after 10 ms 
[2026-09-11T09:15:50.795] [DEBUG] debug-file - Executing task :entry:default@CacheNativeLibs
[2026-09-11T09:15:50.796] [DEBUG] debug-file - File: 'D:\HW\testproject\complete\8\ImmersiveLightDemo\entry\build\default\intermediates\binxo\default' from 'cacheBinxoNativeLibs' is not exists, just ignore.
[2026-09-11T09:15:50.797] [DEBUG] debug-file - Task 'entry:default@CacheNativeLibs' cost while wrapping incremental declarations: 2 ms 
[2026-09-11T09:15:50.801] [DEBUG] debug-file - Incremental task entry:default@CacheNativeLibs pre-execution cost: 3 ms .
[2026-09-11T09:15:50.801] [DEBUG] debug-file - entry : default@CacheNativeLibs cost memory 0.08684539794921875
[2026-09-11T09:15:50.803] [INFO] debug-file - UP-TO-DATE :entry:default@CacheNativeLibs...  
[2026-09-11T09:15:50.806] [DEBUG] debug-file - Executing task :entry:default@GeneratePkgModuleJson
[2026-09-11T09:15:50.807] [DEBUG] debug-file - File: 'D:\HW\testproject\complete\8\ImmersiveLightDemo\entry\build\default\intermediates\preload\default\preload.json' from 'preloadSoJsonPath' is not exists, just ignore.
[2026-09-11T09:15:50.808] [DEBUG] debug-file - Error occurs while handling @Input 'shouldDeduplicateHar': The "data" argument must be of type string or an instance of Buffer, TypedArray, or DataView. Received undefined
[2026-09-11T09:15:50.808] [DEBUG] debug-file - Task 'entry:default@GeneratePkgModuleJson' cost while wrapping incremental declarations: 2 ms 
[2026-09-11T09:15:50.810] [DEBUG] debug-file - Incremental task entry:default@GeneratePkgModuleJson pre-execution cost: 2 ms .
[2026-09-11T09:15:50.810] [DEBUG] debug-file - entry : default@GeneratePkgModuleJson cost memory 0.0846710205078125
[2026-09-11T09:15:50.811] [INFO] debug-file - UP-TO-DATE :entry:default@GeneratePkgModuleJson...  
[2026-09-11T09:15:50.814] [DEBUG] debug-file - Executing task :entry:default@ProcessCompiledResources
[2026-09-11T09:15:50.814] [DEBUG] debug-file - File: 'D:\HW\testproject\complete\8\ImmersiveLightDemo\entry\build\default\intermediates\preload\default\preload.json' from 'preloadSoJsonPath' is not exists, just ignore.
[2026-09-11T09:15:50.815] [DEBUG] debug-file - Task 'entry:default@ProcessCompiledResources' cost while wrapping incremental declarations: 1 ms 
[2026-09-11T09:15:50.816] [DEBUG] debug-file - entry : default@ProcessCompiledResources cost memory 0.052978515625
[2026-09-11T09:15:50.817] [DEBUG] debug-file - runTaskFromQueue task cost before running: 497 ms 
[2026-09-11T09:15:50.817] [INFO] debug-file - Finished :entry:default@ProcessCompiledResources... after 4 ms 
[2026-09-11T09:15:50.823] [DEBUG] debug-file - Executing task :entry:default@PackageHap
[2026-09-11T09:15:50.842] [DEBUG] debug-file - Incremental task entry:default@PackageHap pre-execution cost: 16 ms .
[2026-09-11T09:15:50.842] [DEBUG] debug-file - entry : default@PackageHap cost memory 0.30382537841796875
[2026-09-11T09:15:50.846] [INFO] debug-file - UP-TO-DATE :entry:default@PackageHap...  
[2026-09-11T09:15:50.849] [DEBUG] debug-file - Executing task :entry:default@PackingCheck
[2026-09-11T09:15:50.858] [DEBUG] debug-file - entry : default@PackingCheck cost memory 0.32135009765625
[2026-09-11T09:15:50.859] [DEBUG] debug-file - runTaskFromQueue task cost before running: 539 ms 
[2026-09-11T09:15:50.860] [INFO] debug-file - Finished :entry:default@PackingCheck... after 10 ms 
[2026-09-11T09:15:50.862] [DEBUG] debug-file - Executing task :entry:default@SignHap
[2026-09-11T09:15:50.862] [WARN] debug-file - Will skip sign 'hos_hap'. No signingConfigs profile is configured in current project.
             If needed, configure the signingConfigs in D:\HW\testproject\complete\8\ImmersiveLightDemo\build-profile.json5.
[2026-09-11T09:15:50.863] [DEBUG] debug-file - entry:default@SignHap is not up-to-date, since the output file 'D:\HW\testproject\complete\8\ImmersiveLightDemo\entry\build\default\outputs\default\entry-default-signed.hap' does not exist.
[2026-09-11T09:15:50.864] [DEBUG] debug-file - Incremental task entry:default@SignHap pre-execution cost: 1 ms .
[2026-09-11T09:15:50.864] [DEBUG] debug-file - entry : default@SignHap cost memory 0.07244110107421875
[2026-09-11T09:15:50.864] [DEBUG] debug-file - runTaskFromQueue task cost before running: 544 ms 
[2026-09-11T09:15:50.865] [INFO] debug-file - Finished :entry:default@SignHap... after 3 ms 
[2026-09-11T09:15:50.867] [DEBUG] debug-file - Executing task :entry:default@CollectDebugSymbol
[2026-09-11T09:15:50.870] [DEBUG] debug-file - entry : default@CollectDebugSymbol cost memory 0.0897064208984375
[2026-09-11T09:15:50.870] [DEBUG] debug-file - runTaskFromQueue task cost before running: 550 ms 
[2026-09-11T09:15:50.871] [INFO] debug-file - Finished :entry:default@CollectDebugSymbol... after 4 ms 
[2026-09-11T09:15:50.872] [DEBUG] debug-file - Executing task :entry:assembleHap
[2026-09-11T09:15:50.872] [DEBUG] debug-file - entry : assembleHap cost memory 0.01232147216796875
[2026-09-11T09:15:50.872] [DEBUG] debug-file - runTaskFromQueue task cost before running: 553 ms 
[2026-09-11T09:15:50.872] [INFO] debug-file - Finished :entry:assembleHap... after 1 ms 
[2026-09-11T09:15:50.873] [DEBUG] debug-file - Executing task ::MakeProjectPackInfo
[2026-09-11T09:15:50.876] [DEBUG] debug-file - Task ':MakeProjectPackInfo' cost while wrapping incremental declarations: 1 ms 
[2026-09-11T09:15:50.876] [DEBUG] debug-file - Incremental task :MakeProjectPackInfo pre-execution cost: 1 ms .
[2026-09-11T09:15:50.877] [DEBUG] debug-file - ImmersiveLightDemo : MakeProjectPackInfo cost memory 0.1446380615234375
[2026-09-11T09:15:50.877] [INFO] debug-file - UP-TO-DATE ::MakeProjectPackInfo...  
[2026-09-11T09:15:50.878] [DEBUG] debug-file - Executing task ::ProcessProjectPrivacyProfile
[2026-09-11T09:15:50.880] [DEBUG] debug-file - Incremental task :ProcessProjectPrivacyProfile pre-execution cost: 2 ms .
[2026-09-11T09:15:50.881] [DEBUG] debug-file - ImmersiveLightDemo : ProcessProjectPrivacyProfile cost memory 0.08095550537109375
[2026-09-11T09:15:50.882] [INFO] debug-file - UP-TO-DATE ::ProcessProjectPrivacyProfile...  
[2026-09-11T09:15:50.882] [DEBUG] debug-file - Executing task ::GeneratePackRes
[2026-09-11T09:15:50.885] [DEBUG] debug-file - Incremental task :GeneratePackRes pre-execution cost: 1 ms .
[2026-09-11T09:15:50.885] [DEBUG] debug-file - ImmersiveLightDemo : GeneratePackRes cost memory -4.095726013183594
[2026-09-11T09:15:50.885] [INFO] debug-file - UP-TO-DATE ::GeneratePackRes...  
[2026-09-11T09:15:50.885] [DEBUG] debug-file - Executing task ::PackageApp
[2026-09-11T09:15:50.887] [DEBUG] debug-file - Task ':PackageApp' cost while wrapping incremental declarations: 1 ms 
[2026-09-11T09:15:50.889] [DEBUG] debug-file - :PackageApp is not up-to-date, since the output file 'D:\HW\testproject\complete\8\ImmersiveLightDemo\build\outputs\default\symbol\debug' does not exist.
[2026-09-11T09:15:50.889] [DEBUG] debug-file - Incremental task :PackageApp pre-execution cost: 2 ms .
[2026-09-11T09:15:50.894] [DEBUG] debug-file - Use tool [PackageApp]
 [
  'java',
  '-Dfile.encoding=GBK',
  '-jar',
  'E:\\DevEco Studio\\sdk\\default\\openharmony\\toolchains\\lib\\app_packing_tool.jar',
  '--mode',
  'app',
  '--pack-info-path',
  'D:\\HW\\testproject\\complete\\8\\ImmersiveLightDemo\\build\\outputs\\default\\pack.info',
  '--hap-path',
  'D:\\HW\\testproject\\complete\\8\\ImmersiveLightDemo\\entry\\build\\default\\outputs\\default\\app\\entry-default.hap',
  '--hsp-path',
  '',
  '--force',
  'true',
  '--out-path',
  'D:\\HW\\testproject\\complete\\8\\ImmersiveLightDemo\\build\\outputs\\default\\ImmersiveLightDemo-default-unsigned.app',
  '--main-module-limit',
  '2',
  '--normal-module-limit',
  '2',
  '--pac-json-path',
  'D:\\HW\\testproject\\complete\\8\\ImmersiveLightDemo\\build\\outputs\\default\\pac.json'
]
[2026-09-11T09:15:50.894] [DEBUG] debug-file - current process  memoryUsage: {
  rss: 210915328,
  heapTotal: 136146944,
  heapUsed: 120577168,
  external: 3970184,
  arrayBuffers: 30028
} os memoryUsage :14.108928680419922
[2026-09-11T09:15:51.757] [DEBUG] debug-file - ImmersiveLightDemo : PackageApp cost memory 0.39478302001953125
[2026-09-11T09:15:51.757] [DEBUG] debug-file - runTaskFromQueue task cost before running: 1 s 437 ms 
[2026-09-11T09:15:51.757] [INFO] debug-file - Finished ::PackageApp... after 872 ms 
[2026-09-11T09:15:51.757] [DEBUG] debug-file - Executing task ::SignPackagesFromApp
[2026-09-11T09:15:51.758] [DEBUG] debug-file - :SignPackagesFromApp is not up-to-date, since the input file 'D:\HW\testproject\complete\8\ImmersiveLightDemo\build\outputs\default\ImmersiveLightDemo-default-unsigned.app' has been changed.
[2026-09-11T09:15:51.758] [DEBUG] debug-file - Incremental task :SignPackagesFromApp pre-execution cost: 1 ms .
[2026-09-11T09:15:51.758] [DEBUG] debug-file - ImmersiveLightDemo : SignPackagesFromApp cost memory 0.049652099609375
[2026-09-11T09:15:51.758] [DEBUG] debug-file - runTaskFromQueue task cost before running: 1 s 439 ms 
[2026-09-11T09:15:51.759] [INFO] debug-file - Finished ::SignPackagesFromApp... after 1 ms 
[2026-09-11T09:15:51.759] [DEBUG] debug-file - Executing task ::SignApp
[2026-09-11T09:15:51.760] [DEBUG] debug-file - signingConfigName of signApp is :  undefined
[2026-09-11T09:15:51.760] [WARN] debug-file - Will skip sign 'app'. No signingConfigs profile is configured in current project.
             If needed, configure the signingConfigs in D:\HW\testproject\complete\8\ImmersiveLightDemo\build-profile.json5.
[2026-09-11T09:15:51.762] [DEBUG] debug-file - :SignApp is not up-to-date, since the input file 'D:\HW\testproject\complete\8\ImmersiveLightDemo\build\outputs\default\ImmersiveLightDemo-default-unsigned.app' has been changed.
[2026-09-11T09:15:51.762] [DEBUG] debug-file - Incremental task :SignApp pre-execution cost: 2 ms .
[2026-09-11T09:15:51.763] [DEBUG] debug-file - ImmersiveLightDemo : SignApp cost memory 0.11501312255859375
[2026-09-11T09:15:51.763] [DEBUG] debug-file - runTaskFromQueue task cost before running: 1 s 443 ms 
[2026-09-11T09:15:51.764] [INFO] debug-file - Finished ::SignApp... after 4 ms 
[2026-09-11T09:15:51.764] [DEBUG] debug-file - Executing task ::assembleApp
[2026-09-11T09:15:51.765] [DEBUG] debug-file - ImmersiveLightDemo : assembleApp cost memory 0.01226043701171875
[2026-09-11T09:15:51.765] [DEBUG] debug-file - runTaskFromQueue task cost before running: 1 s 445 ms 
[2026-09-11T09:15:51.765] [INFO] debug-file - Finished ::assembleApp... after 1 ms 
[2026-09-11T09:15:51.766] [INFO] debug-file - BUILD SUCCESSFUL in 1 s 446 ms 
[2026-09-11T09:15:51.767] [DEBUG] debug-file - There is no need to refresh cache, since the incremental task entry:default@PreBuild is up-to-date.
[2026-09-11T09:15:51.767] [DEBUG] debug-file - Update task entry:default@CreateModuleInfo output file:D:\HW\testproject\complete\8\ImmersiveLightDemo\entry\build\default\generated\profile\default\ModuleInfo.ts cache.
[2026-09-11T09:15:51.767] [DEBUG] debug-file - Incremental task entry:default@CreateModuleInfo post-execution cost:1 ms .
[2026-09-11T09:15:51.767] [DEBUG] debug-file - There is no need to refresh cache, since the incremental task entry:default@GenerateMetadata is up-to-date.
[2026-09-11T09:15:51.768] [DEBUG] debug-file - There is no need to refresh cache, since the incremental task entry:default@MergeProfile is up-to-date.
[2026-09-11T09:15:51.768] [DEBUG] debug-file - There is no need to refresh cache, since the incremental task entry:default@CreateBuildProfile is up-to-date.
[2026-09-11T09:15:51.768] [DEBUG] debug-file - There is no need to refresh cache, since the incremental task entry:default@GeneratePkgContextInfo is up-to-date.
[2026-09-11T09:15:51.768] [DEBUG] debug-file - Update task entry:default@GeneratePkgSdkInfo output file:D:\HW\testproject\complete\8\ImmersiveLightDemo\entry\build\default\intermediates\loader\default\pkgSdkInfo.json cache.
[2026-09-11T09:15:51.769] [DEBUG] debug-file - Incremental task entry:default@GeneratePkgSdkInfo post-execution cost:1 ms .
[2026-09-11T09:15:51.769] [DEBUG] debug-file - Update task entry:default@ProcessIntegratedHsp output file:D:\HW\testproject\complete\8\ImmersiveLightDemo\build\cache\default\integrated_hsp\integratedHspCache.json cache.
[2026-09-11T09:15:51.769] [DEBUG] debug-file - Incremental task entry:default@ProcessIntegratedHsp post-execution cost:1 ms .
[2026-09-11T09:15:51.769] [DEBUG] debug-file - There is no need to refresh cache, since the incremental task entry:default@MakePackInfo is up-to-date.
[2026-09-11T09:15:51.770] [DEBUG] debug-file - Update task entry:default@SyscapTransform input file:E:\DevEco Studio\sdk\default\openharmony\toolchains\syscap_tool.exe cache by regenerate.
[2026-09-11T09:15:51.770] [DEBUG] debug-file - Update task entry:default@SyscapTransform input file:E:\DevEco Studio\sdk\default\openharmony\ets\api\device-define cache by regenerate.
[2026-09-11T09:15:51.772] [DEBUG] debug-file - Update task entry:default@SyscapTransform output file:D:\HW\testproject\complete\8\ImmersiveLightDemo\entry\build\default\intermediates\syscap\default\rpcid.sc cache.
[2026-09-11T09:15:51.773] [DEBUG] debug-file - Incremental task entry:default@SyscapTransform post-execution cost:4 ms .
[2026-09-11T09:15:51.773] [DEBUG] debug-file - There is no need to refresh cache, since the incremental task entry:default@ProcessProfile is up-to-date.
[2026-09-11T09:15:51.773] [DEBUG] debug-file - There is no need to refresh cache, since the incremental task entry:default@ProcessRouterMap is up-to-date.
[2026-09-11T09:15:51.774] [DEBUG] debug-file - There is no need to refresh cache, since the incremental task entry:default@ProcessShareConfig is up-to-date.
[2026-09-11T09:15:51.774] [DEBUG] debug-file - Update task entry:default@ProcessStartupConfig input file:D:\HW\testproject\complete\8\ImmersiveLightDemo\entry\build\default\intermediates\loader\default\pkgContextInfo.json cache by regenerate.
[2026-09-11T09:15:51.774] [DEBUG] debug-file - Update task entry:default@ProcessStartupConfig output file:D:\HW\testproject\complete\8\ImmersiveLightDemo\entry\build\default\intermediates\startup\default\startup_config.json cache.
[2026-09-11T09:15:51.775] [DEBUG] debug-file - Incremental task entry:default@ProcessStartupConfig post-execution cost:1 ms .
[2026-09-11T09:15:51.775] [DEBUG] debug-file - There is no need to refresh cache, since the incremental task entry:default@ProcessResource is up-to-date.
[2026-09-11T09:15:51.775] [DEBUG] debug-file - There is no need to refresh cache, since the incremental task entry:default@GenerateLoaderJson is up-to-date.
[2026-09-11T09:15:51.775] [DEBUG] debug-file - There is no need to refresh cache, since the incremental task entry:default@ProcessLibs is up-to-date.
[2026-09-11T09:15:51.775] [DEBUG] debug-file - There is no need to refresh cache, since the incremental task entry:default@CompileResource is up-to-date.
[2026-09-11T09:15:51.775] [DEBUG] debug-file - There is no need to refresh cache, since the incremental task entry:default@DoNativeStrip is up-to-date.
[2026-09-11T09:15:51.775] [DEBUG] debug-file - There is no need to refresh cache, since the incremental task entry:default@CompileArkTS is up-to-date.
[2026-09-11T09:15:51.777] [DEBUG] debug-file - Update task entry:default@BuildJS input file:D:\HW\testproject\complete\8\ImmersiveLightDemo\entry\build\default\intermediates\loader\default cache by regenerate.
[2026-09-11T09:15:51.778] [DEBUG] debug-file - Update task entry:default@BuildJS input file:D:\HW\testproject\complete\8\ImmersiveLightDemo\entry\build\default\intermediates\res\default\resources\rawfile cache by regenerate.
[2026-09-11T09:15:51.778] [DEBUG] debug-file - Update task entry:default@BuildJS input file:D:\HW\testproject\complete\8\ImmersiveLightDemo\entry\build\default\intermediates\res\default\ResourceTable.txt cache by regenerate.
[2026-09-11T09:15:51.778] [DEBUG] debug-file - Update task entry:default@BuildJS input file:D:\HW\testproject\complete\8\ImmersiveLightDemo\entry\build\default\intermediates\res\default\ark_module.json cache by regenerate.
[2026-09-11T09:15:51.779] [DEBUG] debug-file - Update task entry:default@BuildJS input file:D:\HW\testproject\complete\8\ImmersiveLightDemo\entry\build\default\intermediates\res\default\resources\base\profile cache by regenerate.
[2026-09-11T09:15:51.779] [DEBUG] debug-file - Update task entry:default@BuildJS input file:D:\HW\testproject\complete\8\ImmersiveLightDemo\entry\build\default\intermediates\loader\default\pkgContextInfo.json cache by regenerate.
[2026-09-11T09:15:51.780] [DEBUG] debug-file - Update task entry:default@BuildJS output file:D:\HW\testproject\complete\8\ImmersiveLightDemo\entry\build\default\intermediates\loader_out\default\js cache.
[2026-09-11T09:15:51.780] [DEBUG] debug-file - Incremental task entry:default@BuildJS post-execution cost:6 ms .
[2026-09-11T09:15:51.780] [DEBUG] debug-file - There is no need to refresh cache, since the incremental task entry:default@CacheNativeLibs is up-to-date.
[2026-09-11T09:15:51.781] [DEBUG] debug-file - There is no need to refresh cache, since the incremental task entry:default@GeneratePkgModuleJson is up-to-date.
[2026-09-11T09:15:51.781] [DEBUG] debug-file - Incremental task entry:default@ProcessCompiledResources post-execution cost:1 ms .
[2026-09-11T09:15:51.781] [DEBUG] debug-file - There is no need to refresh cache, since the incremental task entry:default@PackageHap is up-to-date.
[2026-09-11T09:15:51.781] [DEBUG] debug-file - Update task entry:default@SignHap input file:D:\HW\testproject\complete\8\ImmersiveLightDemo\entry\build\default\outputs\default\entry-default-unsigned.hap cache by regenerate.
[2026-09-11T09:15:51.781] [DEBUG] debug-file - Update task entry:default@SignHap output file:D:\HW\testproject\complete\8\ImmersiveLightDemo\entry\build\default\outputs\default\entry-default-signed.hap cache.
[2026-09-11T09:15:51.782] [DEBUG] debug-file - Incremental task entry:default@SignHap post-execution cost:1 ms .
[2026-09-11T09:15:51.783] [DEBUG] debug-file - Update task entry:default@CollectDebugSymbol input file:D:\HW\testproject\complete\8\ImmersiveLightDemo\entry\build\default\intermediates\loader_out\default\ets\sourceMaps.map cache by regenerate.
[2026-09-11T09:15:51.783] [DEBUG] debug-file - Update task entry:default@CollectDebugSymbol input file:D:\HW\testproject\complete\8\ImmersiveLightDemo\entry\build\default\intermediates\libs\default cache by regenerate.
[2026-09-11T09:15:51.783] [DEBUG] debug-file - Update task entry:default@CollectDebugSymbol output file:D:\HW\testproject\complete\8\ImmersiveLightDemo\entry\build\default\outputs\default\symbol cache.
[2026-09-11T09:15:51.784] [DEBUG] debug-file - Incremental task entry:default@CollectDebugSymbol post-execution cost:2 ms .
[2026-09-11T09:15:51.784] [DEBUG] debug-file - There is no need to refresh cache, since the incremental task :MakeProjectPackInfo is up-to-date.
[2026-09-11T09:15:51.784] [DEBUG] debug-file - There is no need to refresh cache, since the incremental task :ProcessProjectPrivacyProfile is up-to-date.
[2026-09-11T09:15:51.784] [DEBUG] debug-file - There is no need to refresh cache, since the incremental task :GeneratePackRes is up-to-date.
[2026-09-11T09:15:51.784] [DEBUG] debug-file - Update task :PackageApp input file:D:\HW\testproject\complete\8\ImmersiveLightDemo\build\outputs\default\pack.info cache by regenerate.
[2026-09-11T09:15:51.784] [DEBUG] debug-file - Update task :PackageApp input file:D:\HW\testproject\complete\8\ImmersiveLightDemo\entry\build\default\outputs\default\entry-default-unsigned.hap cache by regenerate.
[2026-09-11T09:15:51.784] [DEBUG] debug-file - Update task :PackageApp input file:D:\HW\testproject\complete\8\ImmersiveLightDemo\build\outputs\default\pac.json cache by regenerate.
[2026-09-11T09:15:51.784] [DEBUG] debug-file - Update task :PackageApp output file:D:\HW\testproject\complete\8\ImmersiveLightDemo\build\outputs\default\ImmersiveLightDemo-default-unsigned.app cache.
[2026-09-11T09:15:51.784] [DEBUG] debug-file - Update task :PackageApp output file:D:\HW\testproject\complete\8\ImmersiveLightDemo\entry\build\default\outputs\default\app\entry-default.hap cache.
[2026-09-11T09:15:51.785] [DEBUG] debug-file - Update task :PackageApp output file:D:\HW\testproject\complete\8\ImmersiveLightDemo\build\outputs\default\symbol\debug cache.
[2026-09-11T09:15:51.785] [DEBUG] debug-file - Incremental task :PackageApp post-execution cost:1 ms .
[2026-09-11T09:15:51.785] [DEBUG] debug-file - Update task :SignPackagesFromApp input file:D:\HW\testproject\complete\8\ImmersiveLightDemo\build\outputs\default\ImmersiveLightDemo-default-unsigned.app cache from map.
[2026-09-11T09:15:51.785] [DEBUG] debug-file - Incremental task :SignPackagesFromApp post-execution cost:1 ms .
[2026-09-11T09:15:51.785] [DEBUG] debug-file - Update task :SignApp input file:D:\HW\testproject\complete\8\ImmersiveLightDemo\build\outputs\default\ImmersiveLightDemo-default-unsigned.app cache from map.
[2026-09-11T09:15:51.785] [DEBUG] debug-file - Update task :SignApp output file:D:\HW\testproject\complete\8\ImmersiveLightDemo\build\outputs\default\ImmersiveLightDemo-default-signed.app cache.
[2026-09-11T09:15:51.785] [DEBUG] debug-file - Incremental task :SignApp post-execution cost:1 ms .
[2026-09-11T09:15:51.813] [DEBUG] debug-file - There's no busy workers and idle workers need cleanup.
[2026-09-11T09:15:51.835] [DEBUG] debug-file - session manager: send message to worker process. WorkerThreadId: 0, data: {"type":"hvigor_failed","reason":"Server has disconnected."}
[2026-09-11T09:15:51.836] [DEBUG] debug-file - session manager: send message to worker process. WorkerThreadId: 0, data: {"type":"CloseWatch","reason":"Server has disconnected."}
[2026-09-11T09:15:51.814] [DEBUG] debug-file - hvigor build process will be closed.
[2026-09-11T09:15:51.835] [DEBUG] debug-file - watch worker: worker id should be larger than 0. Nothing will be sent to any worker thread.
[2026-09-11T09:15:51.835] [DEBUG] debug-file - ABORT_WORK sent to workers.
[2026-09-11T09:15:51.836] [DEBUG] debug-file - watch worker: worker id should be larger than 0. Nothing will be sent to any worker thread.
[2026-09-11T10:30:22.804] [DEBUG] debug-file - session manager: set active socket. socketId=ZLUTVsQLthO0JdtNAAAJ
[2026-09-11T10:30:22.835] [DEBUG] debug-file - watch worker: worker id should be larger than 0. Nothing will be sent to any worker thread.
[2026-09-11T10:30:22.867] [DEBUG] debug-file - Workers' log level updated to INFO
[2026-09-11T10:30:22.885] [DEBUG] debug-file - Hvigor init with startParameters:{
  hvigorfileTypeCheck: false,
  parallelExecution: true,
  incrementalExecution: true,
  printStackTrace: false,
  daemon: true,
  analyze: 0,
  logLevel: Level { level: 20000, levelStr: 'INFO', colour: 'green' },
  optimizationStrategy: 'memory',
  hotCompile: undefined,
  hotReloadBuild: undefined,
  customizedParam: undefined
}
[2026-09-11T10:30:22.909] [DEBUG] debug-file - Cache service initialization finished in 24 ms 
[2026-09-11T10:30:22.915] [DEBUG] debug-file - hvigorfile, resolving D:\HW\testproject\complete\8\ImmersiveLightDemo\hvigorfile.ts
[2026-09-11T10:30:22.957] [DEBUG] debug-file - hvigorfile, require result:  { default: { plugins: [] } }
[2026-09-11T10:30:22.957] [DEBUG] debug-file - hvigorfile, binding system plugins null
[2026-09-11T10:30:22.959] [DEBUG] debug-file - Starting plugin build process
[2026-09-11T10:30:22.959] [DEBUG] debug-file - App plugin prepare start...
[2026-09-11T10:30:22.960] [DEBUG] debug-file - App plugin prepare end...
[2026-09-11T10:30:22.960] [DEBUG] debug-file - App plugin creating...
[2026-09-11T10:30:22.982] [DEBUG] debug-file - App plugin register hook start...
[2026-09-11T10:30:22.982] [DEBUG] debug-file - App plugin register hook end...
[2026-09-11T10:30:22.982] [DEBUG] debug-file - Plugin build process completed
[2026-09-11T10:30:22.984] [DEBUG] debug-file - Start initialize project's product build option map with build mode debug.
[2026-09-11T10:30:22.984] [DEBUG] debug-file - Picking option from product 'default' with build mode 'debug'.
[2026-09-11T10:30:22.985] [DEBUG] debug-file - Product 'default' build option initialized
[2026-09-11T10:30:22.985] [DEBUG] debug-file - End initialize project's product build option map with build mode 'debug'.
[2026-09-11T10:30:22.987] [DEBUG] debug-file - Obtain build option for product 'default'in this build.
[2026-09-11T10:30:23.001] [DEBUG] debug-file - No signingConfig found, initRemoteHspCache failed.
[2026-09-11T10:30:23.005] [DEBUG] debug-file - Start recording SDK configuration permission data.
[2026-09-11T10:30:23.078] [DEBUG] debug-file - Sdk init in 75 ms 
[2026-09-11T10:30:23.086] [DEBUG] debug-file - Project task initialization takes 8 ms 
[2026-09-11T10:30:23.086] [DEBUG] debug-file - hvigorfile, begin to bind custom plugins...
[2026-09-11T10:30:23.087] [DEBUG] debug-file - hvigorfile, no custom plugins were found in D:\HW\testproject\complete\8\ImmersiveLightDemo\hvigorfile.ts
[2026-09-11T10:30:23.087] [DEBUG] debug-file - hvigorfile, resolve finished D:\HW\testproject\complete\8\ImmersiveLightDemo\hvigorfile.ts
[2026-09-11T10:30:23.088] [DEBUG] debug-file - hvigorfile, resolving D:\HW\testproject\complete\8\ImmersiveLightDemo\entry\hvigorfile.ts
[2026-09-11T10:30:23.097] [DEBUG] debug-file - hvigorfile, require result:  { default: { plugins: [] } }
[2026-09-11T10:30:23.098] [DEBUG] debug-file - hvigorfile, binding system plugins null
[2026-09-11T10:30:23.098] [DEBUG] debug-file - Starting plugin build process
[2026-09-11T10:30:23.098] [DEBUG] debug-file - Hap plugin creating...
[2026-09-11T10:30:23.101] [DEBUG] debug-file - failed to load cangjie to dynamically generate schemas: Error: Cannot find module '@ohos/cangjie-build-support/index'
Require stack:
- E:\DevEco Studio\tools\hvigor\hvigor-ohos-plugin\src\plugin\hooks\cangjie-register.js
- E:\DevEco Studio\tools\hvigor\hvigor-ohos-plugin\src\plugin\strategy\stage-init-strategy.js
- E:\DevEco Studio\tools\hvigor\hvigor-ohos-plugin\src\plugin\builder\abstract-plugin-builder.js
- E:\DevEco Studio\tools\hvigor\hvigor-ohos-plugin\src\plugin\builder\app-plugin-builder.js
- E:\DevEco Studio\tools\hvigor\hvigor-ohos-plugin\src\plugin\factory\plugin-factory.js
- E:\DevEco Studio\tools\hvigor\hvigor-ohos-plugin\index.js
- D:\HW\testproject\complete\8\ImmersiveLightDemo\hvigorfile.ts
- E:\DevEco Studio\tools\hvigor\hvigor\src\base\internal\lifecycle\configuration.js
- E:\DevEco Studio\tools\hvigor\hvigor\src\base\boot\index.js
- E:\DevEco Studio\tools\hvigor\hvigor\src\base\daemon\cluster\worker-process-lifecycle.js
- E:\DevEco Studio\tools\hvigor\hvigor\src\base\daemon\process\daemon-process-boot-script.js
[2026-09-11T10:30:23.109] [DEBUG] debug-file - Start initialize module-target build option map, moduleName=entry, buildMode=debug
[2026-09-11T10:30:23.109] [DEBUG] debug-file - Target 'default' config initialized
[2026-09-11T10:30:23.110] [DEBUG] debug-file - Target 'ohosTest' config initialized
[2026-09-11T10:30:23.111] [DEBUG] debug-file - Module 'entry' target 'default' build option initialized
[2026-09-11T10:30:23.111] [DEBUG] debug-file - Module 'entry' target 'ohosTest' build option initialized
[2026-09-11T10:30:23.111] [DEBUG] debug-file - End initialize module-target build option map, moduleName=entry
[2026-09-11T10:30:23.111] [DEBUG] debug-file - Start initialize module-target build option map, moduleName=entry, buildMode=release
[2026-09-11T10:30:23.111] [DEBUG] debug-file - Target 'default' config initialized
[2026-09-11T10:30:23.113] [DEBUG] debug-file - Target 'ohosTest' config initialized
[2026-09-11T10:30:23.114] [DEBUG] debug-file - Module 'entry' target 'default' build option initialized
[2026-09-11T10:30:23.114] [DEBUG] debug-file - Module 'entry' target 'ohosTest' build option initialized
[2026-09-11T10:30:23.114] [DEBUG] debug-file - End initialize module-target build option map, moduleName=entry
[2026-09-11T10:30:23.114] [DEBUG] debug-file - Start initialize module-target build option map, moduleName=entry, buildMode=debug
[2026-09-11T10:30:23.114] [DEBUG] debug-file - Target 'default' config initialized
[2026-09-11T10:30:23.115] [DEBUG] debug-file - Target 'ohosTest' config initialized
[2026-09-11T10:30:23.116] [DEBUG] debug-file - Module 'entry' target 'default' build option initialized
[2026-09-11T10:30:23.116] [DEBUG] debug-file - Module 'entry' target 'ohosTest' build option initialized
[2026-09-11T10:30:23.116] [DEBUG] debug-file - End initialize module-target build option map, moduleName=entry
[2026-09-11T10:30:23.116] [DEBUG] debug-file - Obtain build option for module 'entry' target 'default'in this build.
[2026-09-11T10:30:23.130] [DEBUG] debug-file - Module entry task initialization takes 13 ms 
[2026-09-11T10:30:23.130] [DEBUG] debug-file - Hap plugin register hook start...
[2026-09-11T10:30:23.130] [DEBUG] debug-file - Hap plugin register hook end...
[2026-09-11T10:30:23.131] [DEBUG] debug-file - Plugin build process completed
[2026-09-11T10:30:23.131] [DEBUG] debug-file - hvigorfile, begin to bind custom plugins...
[2026-09-11T10:30:23.131] [DEBUG] debug-file - hvigorfile, no custom plugins were found in D:\HW\testproject\complete\8\ImmersiveLightDemo\entry\hvigorfile.ts
[2026-09-11T10:30:23.131] [DEBUG] debug-file - hvigorfile, resolve finished D:\HW\testproject\complete\8\ImmersiveLightDemo\entry\hvigorfile.ts
[2026-09-11T10:30:23.268] [DEBUG] debug-file - hvigorfile, resolve hvigorfile dependencies in 137 ms 
[2026-09-11T10:30:23.269] [DEBUG] debug-file - project has submodules:entry
[2026-09-11T10:30:23.271] [DEBUG] debug-file - start to load updatedOhPackageInfo to the disk
[2026-09-11T10:30:23.274] [DEBUG] debug-file - load to the disk finished
[2026-09-11T10:30:23.275] [DEBUG] debug-file - Start to initialize dependency information.
[2026-09-11T10:30:23.288] [DEBUG] debug-file - Module ImmersiveLightDemo Collected Dependency: 
[2026-09-11T10:30:23.289] [DEBUG] debug-file - Module ImmersiveLightDemo's total dependency: 0
[2026-09-11T10:30:23.291] [DEBUG] debug-file - Start to initialize dependency information.
[2026-09-11T10:30:23.296] [DEBUG] debug-file - Module entry Collected Dependency: 
[2026-09-11T10:30:23.296] [DEBUG] debug-file - Module entry's total dependency: 0
[2026-09-11T10:30:23.303] [DEBUG] debug-file - Configuration phase cost:394 ms 
[2026-09-11T10:30:23.308] [DEBUG] debug-file - Configuration task cost before running: 438 ms 
[2026-09-11T10:30:23.309] [DEBUG] debug-file - Executing task :entry:init
[2026-09-11T10:30:23.312] [DEBUG] debug-file - entry : init cost memory 0.0173492431640625
[2026-09-11T10:30:23.312] [DEBUG] debug-file - runTaskFromQueue task cost before running: 442 ms 
[2026-09-11T10:30:23.316] [INFO] debug-file - Finished :entry:init... after 3 ms 
[2026-09-11T10:30:23.318] [DEBUG] debug-file - Executing task ::init
[2026-09-11T10:30:23.322] [DEBUG] debug-file - ImmersiveLightDemo : init cost memory 0.0147705078125
[2026-09-11T10:30:23.322] [DEBUG] debug-file - runTaskFromQueue task cost before running: 452 ms 
[2026-09-11T10:30:23.323] [INFO] debug-file - Finished ::init... after 5 ms 
[2026-09-11T10:30:23.328] [DEBUG] debug-file - Obtain build option for module 'entry' target 'default'in this build.
[2026-09-11T10:30:23.329] [DEBUG] debug-file - Obtain build option for module 'entry' target 'ohosTest'in this build.
[2026-09-11T10:30:23.339] [DEBUG] debug-file - There's no busy workers and idle workers need cleanup.
[2026-09-11T10:30:23.340] [DEBUG] debug-file - hvigor build process will be closed.
[2026-09-11T10:30:23.356] [DEBUG] debug-file - session manager: send message to worker process. WorkerThreadId: 0, data: {"type":"hvigor_failed","reason":"Server has disconnected."}
[2026-09-11T10:30:23.358] [DEBUG] debug-file - session manager: send message to worker process. WorkerThreadId: 0, data: {"type":"CloseWatch","reason":"Server has disconnected."}
[2026-09-11T10:30:23.357] [DEBUG] debug-file - watch worker: worker id should be larger than 0. Nothing will be sent to any worker thread.
[2026-09-11T10:30:23.358] [DEBUG] debug-file - ABORT_WORK sent to workers.
[2026-09-11T10:30:23.359] [DEBUG] debug-file - watch worker: worker id should be larger than 0. Nothing will be sent to any worker thread.
