[2026-09-10T15:52:34.328] [DEBUG] debug-file - env: nodejsVersion=v24.14.1
[2026-09-10T15:52:35.055] [DEBUG] debug-file - Hvigor init with startParameters:{
  hvigorfileTypeCheck: false,
  parallelExecution: true,
  incrementalExecution: true,
  printStackTrace: false,
  daemon: false,
  analyze: 0,
  logLevel: Level { level: 20000, levelStr: 'INFO', colour: 'green' },
  optimizationStrategy: 'memory',
  hotCompile: undefined,
  hotReloadBuild: undefined,
  customizedParam: undefined
}
[2026-09-10T15:52:39.565] [DEBUG] debug-file - hvigorfile, require result:  { default: { system: [Function: appTasks], plugins: [] } }
[2026-09-10T15:52:39.965] [DEBUG] debug-file - App plugin register hook start...
[2026-09-10T15:52:39.567] [DEBUG] debug-file - Starting plugin build process
[2026-09-10T15:52:40.052] [DEBUG] debug-file - Project task initialization takes 9 ms 
[2026-09-10T15:52:39.971] [DEBUG] debug-file - Obtain build option for product 'default'in this build.
[2026-09-10T15:52:40.063] [DEBUG] debug-file - failed to load cangjie to dynamically generate schemas: Error: Cannot find module '@ohos/cangjie-build-support/index'
Require stack:
- E:\DevEco Studio\tools\hvigor\hvigor-ohos-plugin\src\plugin\hooks\cangjie-register.js
- E:\DevEco Studio\tools\hvigor\hvigor-ohos-plugin\src\plugin\strategy\stage-init-strategy.js
- E:\DevEco Studio\tools\hvigor\hvigor-ohos-plugin\src\plugin\builder\abstract-plugin-builder.js
- E:\DevEco Studio\tools\hvigor\hvigor-ohos-plugin\src\plugin\builder\app-plugin-builder.js
- E:\DevEco Studio\tools\hvigor\hvigor-ohos-plugin\src\plugin\factory\plugin-factory.js
- E:\DevEco Studio\tools\hvigor\hvigor-ohos-plugin\index.js
- D:\HW\testproject\complete\3\hvigorfile.ts
- E:\DevEco Studio\tools\hvigor\hvigor\src\base\internal\lifecycle\configuration.js
- E:\DevEco Studio\tools\hvigor\hvigor\src\base\boot\index.js
- E:\DevEco Studio\tools\hvigor\hvigor\src\cli\main\cli.js
- E:\DevEco Studio\tools\hvigor\hvigor\bin\hvigor.js
[2026-09-10T15:52:39.996] [DEBUG] debug-file - Start recording SDK configuration permission data.
[2026-09-10T15:52:40.119] [DEBUG] debug-file - Start to initialize dependency information.
[2026-09-10T15:52:40.082] [DEBUG] debug-file - Start initialize module-target build option map, moduleName=entry, buildMode=debug
[2026-09-10T15:52:40.095] [DEBUG] debug-file - start to load updatedOhPackageInfo to the disk
[2026-09-10T15:52:40.093] [DEBUG] debug-file - project has submodules:entry
[2026-09-10T15:52:34.330] [DEBUG] debug-file - env: hvigor-config.json5 content = {
  modelVersion: '6.0.1',
  dependencies: {},
  execution: {},
  logging: {},
  debugging: {},
  nodeOptions: {}
}
[2026-09-10T15:52:40.131] [DEBUG] debug-file - entry : clean cost memory 0.16009521484375
[2026-09-10T15:52:40.156] [DEBUG] debug-file - Create  resident worker with id: 0.
[2026-09-10T15:52:35.056] [DEBUG] debug-file - Since current hvigor version 6.26.4 differs from last hvigor version 
      undefined, delete file-cache.json and task-cache.json.
[2026-09-10T15:52:39.565] [DEBUG] debug-file - hvigorfile, binding system plugins [Function: appTasks]
[2026-09-10T15:52:39.966] [DEBUG] debug-file - App plugin register hook end...
[2026-09-10T15:52:39.567] [DEBUG] debug-file - App plugin prepare start...
[2026-09-10T15:52:40.052] [DEBUG] debug-file - hvigorfile, begin to bind custom plugins...
[2026-09-10T15:52:39.981] [DEBUG] debug-file - No signingConfig found, initRemoteHspCache failed.
[2026-09-10T15:52:40.041] [DEBUG] debug-file - Sdk init in 59 ms 
[2026-09-10T15:52:40.121] [DEBUG] debug-file - Module entry Collected Dependency: 
[2026-09-10T15:52:40.083] [DEBUG] debug-file - Target 'default' config initialized
[2026-09-10T15:52:40.104] [DEBUG] debug-file - load to the disk finished
[2026-09-10T15:52:34.332] [DEBUG] debug-file - env: daemon=false
[2026-09-10T15:52:40.132] [DEBUG] debug-file - runTaskFromQueue task cost before running: 5 s 99 ms 
[2026-09-10T15:52:40.161] [DEBUG] debug-file - Create  resident worker with id: 1.
[2026-09-10T15:52:35.058] [DEBUG] debug-file - Cache service initialization finished in 2 ms 
[2026-09-10T15:52:39.966] [DEBUG] debug-file - Plugin build process completed
[2026-09-10T15:52:40.052] [DEBUG] debug-file - hvigorfile, no custom plugins were found in D:\HW\testproject\complete\3\hvigorfile.ts
[2026-09-10T15:52:39.567] [DEBUG] debug-file - App plugin prepare end...
[2026-09-10T15:52:39.983] [DEBUG] debug-file - Local scan or download HarmonyOS sdk components toolchains,ets,js,native,previewer
[2026-09-10T15:52:40.121] [DEBUG] debug-file - Module entry's total dependency: 0
[2026-09-10T15:52:40.084] [DEBUG] debug-file - Target 'ohosTest' config initialized
[2026-09-10T15:52:40.105] [DEBUG] debug-file - Start to initialize dependency information.
[2026-09-10T15:52:34.332] [DEBUG] debug-file - no-daemon, use the parent process.execArgv --max-old-space-size=8192,--max-semi-space-size=16,--expose-gc
[2026-09-10T15:52:40.133] [INFO] debug-file - Finished :entry:clean... after 4 ms 
[2026-09-10T15:52:40.165] [DEBUG] debug-file - Current worker pool is stopped or closed.
[2026-09-10T15:52:35.062] [DEBUG] debug-file - hvigorfile, resolving D:\HW\testproject\complete\3\hvigorfile.ts
[2026-09-10T15:52:39.967] [DEBUG] debug-file - Start initialize project's product build option map with build mode debug.
[2026-09-10T15:52:40.053] [DEBUG] debug-file - hvigorfile, resolve finished D:\HW\testproject\complete\3\hvigorfile.ts
[2026-09-10T15:52:39.567] [DEBUG] debug-file - App plugin creating...
[2026-09-10T15:52:40.124] [DEBUG] debug-file - Configuration phase cost:5 s 66 ms 
[2026-09-10T15:52:39.986] [DEBUG] debug-file - Local scan or download hmscore sdk components toolchains,ets,native
[2026-09-10T15:52:40.084] [DEBUG] debug-file - Module 'entry' target 'default' build option initialized
[2026-09-10T15:52:40.117] [DEBUG] debug-file - Module 3 Collected Dependency: 
[2026-09-10T15:52:40.133] [DEBUG] debug-file - Executing task ::clean
[2026-09-10T15:52:40.165] [DEBUG] debug-file - Clear worker 0.
[2026-09-10T15:52:39.967] [DEBUG] debug-file - Picking option from product 'default' with build mode 'debug'.
[2026-09-10T15:52:40.054] [DEBUG] debug-file - hvigorfile, resolving D:\HW\testproject\complete\3\entry\hvigorfile.ts
[2026-09-10T15:52:40.127] [DEBUG] debug-file - Configuration task cost before running: 5 s 94 ms 
[2026-09-10T15:52:40.084] [DEBUG] debug-file - Module 'entry' target 'ohosTest' build option initialized
[2026-09-10T15:52:40.117] [DEBUG] debug-file - Module 3's total dependency: 0
[2026-09-10T15:52:40.133] [DEBUG] debug-file - clean: Worker pool is inactive.
[2026-09-10T15:52:40.166] [DEBUG] debug-file - Clear worker 1.
[2026-09-10T15:52:39.967] [DEBUG] debug-file - Product 'default' build option initialized
[2026-09-10T15:52:40.060] [DEBUG] debug-file - hvigorfile, require result:  { default: { system: [Function: hapTasks], plugins: [] } }
[2026-09-10T15:52:40.128] [DEBUG] debug-file - Executing task :entry:clean
[2026-09-10T15:52:40.084] [DEBUG] debug-file - End initialize module-target build option map, moduleName=entry
[2026-09-10T15:52:40.133] [DEBUG] debug-file - 3 : clean cost memory 0.0244140625
[2026-09-10T15:52:40.168] [DEBUG] debug-file - hvigor build process will be closed.
[2026-09-10T15:52:39.967] [DEBUG] debug-file - End initialize project's product build option map with build mode 'debug'.
[2026-09-10T15:52:40.129] [DEBUG] debug-file - clean: Worker pool is inactive.
[2026-09-10T15:52:40.060] [DEBUG] debug-file - hvigorfile, binding system plugins [Function: hapTasks]
[2026-09-10T15:52:40.185] [DEBUG] debug-file - worker[0] exits with exit code 0.
[2026-09-10T15:52:40.133] [DEBUG] debug-file - runTaskFromQueue task cost before running: 5 s 100 ms 
[2026-09-10T15:52:40.084] [DEBUG] debug-file - Start initialize module-target build option map, moduleName=entry, buildMode=release
[2026-09-10T15:52:40.060] [DEBUG] debug-file - Starting plugin build process
[2026-09-10T15:52:40.134] [INFO] debug-file - Finished ::clean... after 1 ms 
[2026-09-10T15:52:40.186] [DEBUG] debug-file - Worker 0 has been cleared.
[2026-09-10T15:52:40.084] [DEBUG] debug-file - Target 'default' config initialized
[2026-09-10T15:52:40.060] [DEBUG] debug-file - Hap plugin creating...
[2026-09-10T15:52:40.134] [DEBUG] debug-file - Executing task :entry:init
[2026-09-10T15:52:40.186] [DEBUG] debug-file - Current idle worker size: 0.
[2026-09-10T15:52:40.085] [DEBUG] debug-file - Target 'ohosTest' config initialized
[2026-09-10T15:52:40.134] [DEBUG] debug-file - entry : init cost memory 0.019287109375
[2026-09-10T15:52:40.186] [DEBUG] debug-file - Current busy worker size: 0.
[2026-09-10T15:52:40.085] [DEBUG] debug-file - Module 'entry' target 'default' build option initialized
[2026-09-10T15:52:40.134] [DEBUG] debug-file - runTaskFromQueue task cost before running: 5 s 101 ms 
[2026-09-10T15:52:40.186] [DEBUG] debug-file - worker[1] exits with exit code 0.
[2026-09-10T15:52:40.085] [DEBUG] debug-file - Module 'entry' target 'ohosTest' build option initialized
[2026-09-10T15:52:40.134] [INFO] debug-file - Finished :entry:init... after 1 ms 
[2026-09-10T15:52:40.187] [DEBUG] debug-file - Worker 1 has been cleared.
[2026-09-10T15:52:40.085] [DEBUG] debug-file - End initialize module-target build option map, moduleName=entry
[2026-09-10T15:52:40.134] [DEBUG] debug-file - Executing task ::init
[2026-09-10T15:52:40.187] [DEBUG] debug-file - Current idle worker size: 0.
[2026-09-10T15:52:40.085] [DEBUG] debug-file - Start initialize module-target build option map, moduleName=entry, buildMode=debug
[2026-09-10T15:52:40.187] [DEBUG] debug-file - Current busy worker size: 0.
[2026-09-10T15:52:40.085] [DEBUG] debug-file - Target 'default' config initialized
[2026-09-10T15:52:40.134] [DEBUG] debug-file - 3 : init cost memory 0.0159912109375
[2026-09-10T15:52:40.193] [DEBUG] debug-file - Current worker pool is terminated.
[2026-09-10T15:52:40.086] [DEBUG] debug-file - Target 'ohosTest' config initialized
[2026-09-10T15:52:40.134] [DEBUG] debug-file - runTaskFromQueue task cost before running: 5 s 101 ms 
[2026-09-10T15:52:40.193] [DEBUG] debug-file - Current worker pool is terminated.
[2026-09-10T15:52:40.086] [DEBUG] debug-file - Module 'entry' target 'default' build option initialized
[2026-09-10T15:52:40.135] [INFO] debug-file - Finished ::init... after 1 ms 
[2026-09-10T15:52:40.136] [DEBUG] debug-file - Obtain build option for module 'entry' target 'default'in this build.
[2026-09-10T15:52:40.086] [DEBUG] debug-file - Module 'entry' target 'ohosTest' build option initialized
[2026-09-10T15:52:40.137] [DEBUG] debug-file - Obtain build option for module 'entry' target 'ohosTest'in this build.
[2026-09-10T15:52:40.086] [DEBUG] debug-file - End initialize module-target build option map, moduleName=entry
[2026-09-10T15:52:40.153] [DEBUG] debug-file - Since there is no instance or instance is terminated, create a new worker pool.
[2026-09-10T15:52:40.086] [DEBUG] debug-file - Obtain build option for module 'entry' target 'default'in this build.
[2026-09-10T15:52:40.153] [DEBUG] debug-file - Worker pool is initialized with config:  {
  minPoolNum: 2,
  maxPoolNum: undefined,
  maxCoreSize: undefined,
  cacheCapacity: undefined,
  cacheTtl: undefined
}
[2026-09-10T15:52:40.091] [DEBUG] debug-file - Module entry task initialization takes 4 ms 
[2026-09-10T15:52:40.091] [DEBUG] debug-file - Hap plugin register hook start...
[2026-09-10T15:52:40.091] [DEBUG] debug-file - Hap plugin register hook end...
[2026-09-10T15:52:40.091] [DEBUG] debug-file - Plugin build process completed
[2026-09-10T15:52:40.091] [DEBUG] debug-file - hvigorfile, begin to bind custom plugins...
[2026-09-10T15:52:40.091] [DEBUG] debug-file - hvigorfile, no custom plugins were found in D:\HW\testproject\complete\3\entry\hvigorfile.ts
[2026-09-10T15:52:40.091] [DEBUG] debug-file - hvigorfile, resolve finished D:\HW\testproject\complete\3\entry\hvigorfile.ts
[2026-09-10T16:01:48.244] [DEBUG] debug-file - env: nodejsVersion=v24.14.1
[2026-09-10T16:01:48.373] [DEBUG] debug-file - env: daemon=true
[2026-09-10T16:01:48.250] [DEBUG] debug-file - env: hvigor-config.json5 content = {
  modelVersion: '6.0.1',
  dependencies: {},
  execution: {},
  logging: {},
  debugging: {},
  nodeOptions: {}
}
[2026-09-10T16:01:49.440] [DEBUG] debug-file - hvigor java daemon: Starting java daemon. jvmXmxValue=512m, jarPath=E:\DevEco Studio\tools\hvigor\hvigor\lib\hvigor-java-daemon.jar
[2026-09-10T16:01:49.442] [DEBUG] debug-file - hvigor java daemon: Read cache file, 
    port=45050, pid=13908, sessionId exists=true
[2026-09-10T16:01:49.538] [DEBUG] debug-file - session manager: set active socket. socketId=E2FWM2zUvlXtjZVhAAAB
[2026-09-10T16:01:49.583] [DEBUG] debug-file - hvigor java daemon: tryConnect success
[2026-09-10T16:01:50.453] [DEBUG] debug-file - watch worker: worker id should be larger than 0. Nothing will be sent to any worker thread.
[2026-09-10T16:01:50.463] [DEBUG] debug-file - Since there is no instance or instance is terminated, create a new worker pool.
[2026-09-10T16:01:50.463] [DEBUG] debug-file - Worker pool is initialized with config:  {
  minPoolNum: 2,
  maxPoolNum: undefined,
  maxCoreSize: undefined,
  cacheCapacity: undefined,
  cacheTtl: undefined
}
[2026-09-10T16:01:50.464] [DEBUG] debug-file - Create  resident worker with id: 0.
[2026-09-10T16:01:50.467] [DEBUG] debug-file - Create  resident worker with id: 1.
[2026-09-10T16:01:50.471] [DEBUG] debug-file - Workers' log level updated to INFO
[2026-09-10T16:01:50.484] [DEBUG] debug-file - Hvigor init with startParameters:{
  hvigorfileTypeCheck: false,
  parallelExecution: true,
  incrementalExecution: true,
  printStackTrace: false,
  daemon: true,
  analyze: 0,
  logLevel: Level { level: 20000, levelStr: 'INFO', colour: 'green' },
  optimizationStrategy: 'memory',
  hotCompile: undefined,
  hotReloadBuild: undefined,
  customizedParam: undefined
}
[2026-09-10T16:01:50.486] [DEBUG] debug-file - Cache service initialization finished in 2 ms 
[2026-09-10T16:01:50.489] [DEBUG] debug-file - hvigorfile, resolving D:\HW\testproject\complete\3\hvigorfile.ts
[2026-09-10T16:01:58.248] [DEBUG] debug-file - hvigorfile, require result:  { default: { plugins: [] } }
[2026-09-10T16:01:58.249] [DEBUG] debug-file - hvigorfile, binding system plugins null
[2026-09-10T16:01:58.250] [DEBUG] debug-file - Starting plugin build process
[2026-09-10T16:01:58.250] [DEBUG] debug-file - App plugin prepare start...
[2026-09-10T16:01:58.251] [DEBUG] debug-file - App plugin prepare end...
[2026-09-10T16:01:58.251] [DEBUG] debug-file - App plugin creating...
[2026-09-10T16:01:58.588] [DEBUG] debug-file - App plugin register hook start...
[2026-09-10T16:01:58.589] [DEBUG] debug-file - App plugin register hook end...
[2026-09-10T16:01:58.589] [DEBUG] debug-file - Plugin build process completed
[2026-09-10T16:01:58.591] [DEBUG] debug-file - Start initialize project's product build option map with build mode debug.
[2026-09-10T16:01:58.591] [DEBUG] debug-file - Picking option from product 'default' with build mode 'debug'.
[2026-09-10T16:01:58.592] [DEBUG] debug-file - Product 'default' build option initialized
[2026-09-10T16:01:58.593] [DEBUG] debug-file - End initialize project's product build option map with build mode 'debug'.
[2026-09-10T16:01:58.596] [DEBUG] debug-file - Obtain build option for product 'default'in this build.
[2026-09-10T16:01:58.613] [DEBUG] debug-file - No signingConfig found, initRemoteHspCache failed.
[2026-09-10T16:01:58.618] [DEBUG] debug-file - Local scan or download HarmonyOS sdk components toolchains,ets,js,native,previewer
[2026-09-10T16:01:58.624] [DEBUG] debug-file - Local scan or download hmscore sdk components toolchains,ets,native
[2026-09-10T16:01:58.629] [DEBUG] debug-file - Start recording SDK configuration permission data.
[2026-09-10T16:01:58.692] [DEBUG] debug-file - Sdk init in 77 ms 
[2026-09-10T16:01:58.704] [DEBUG] debug-file - Project task initialization takes 11 ms 
[2026-09-10T16:01:58.705] [DEBUG] debug-file - hvigorfile, begin to bind custom plugins...
[2026-09-10T16:01:58.705] [DEBUG] debug-file - hvigorfile, no custom plugins were found in D:\HW\testproject\complete\3\hvigorfile.ts
[2026-09-10T16:01:58.705] [DEBUG] debug-file - hvigorfile, resolve finished D:\HW\testproject\complete\3\hvigorfile.ts
[2026-09-10T16:01:58.707] [DEBUG] debug-file - hvigorfile, resolving D:\HW\testproject\complete\3\entry\hvigorfile.ts
[2026-09-10T16:01:58.718] [DEBUG] debug-file - hvigorfile, require result:  { default: { plugins: [] } }
[2026-09-10T16:01:58.719] [DEBUG] debug-file - hvigorfile, binding system plugins null
[2026-09-10T16:01:58.719] [DEBUG] debug-file - Starting plugin build process
[2026-09-10T16:01:58.719] [DEBUG] debug-file - Hap plugin creating...
[2026-09-10T16:01:58.721] [DEBUG] debug-file - failed to load cangjie to dynamically generate schemas: Error: Cannot find module '@ohos/cangjie-build-support/index'
Require stack:
- E:\DevEco Studio\tools\hvigor\hvigor-ohos-plugin\src\plugin\hooks\cangjie-register.js
- E:\DevEco Studio\tools\hvigor\hvigor-ohos-plugin\src\plugin\strategy\stage-init-strategy.js
- E:\DevEco Studio\tools\hvigor\hvigor-ohos-plugin\src\plugin\builder\abstract-plugin-builder.js
- E:\DevEco Studio\tools\hvigor\hvigor-ohos-plugin\src\plugin\builder\app-plugin-builder.js
- E:\DevEco Studio\tools\hvigor\hvigor-ohos-plugin\src\plugin\factory\plugin-factory.js
- E:\DevEco Studio\tools\hvigor\hvigor-ohos-plugin\index.js
- D:\HW\testproject\complete\3\hvigorfile.ts
- E:\DevEco Studio\tools\hvigor\hvigor\src\base\internal\lifecycle\configuration.js
- E:\DevEco Studio\tools\hvigor\hvigor\src\base\boot\index.js
- E:\DevEco Studio\tools\hvigor\hvigor\src\base\daemon\cluster\worker-process-lifecycle.js
- E:\DevEco Studio\tools\hvigor\hvigor\src\base\daemon\process\daemon-process-boot-script.js
[2026-09-10T16:01:58.744] [DEBUG] debug-file - Start initialize module-target build option map, moduleName=entry, buildMode=debug
[2026-09-10T16:01:58.745] [DEBUG] debug-file - Target 'default' config initialized
[2026-09-10T16:01:58.746] [DEBUG] debug-file - Target 'ohosTest' config initialized
[2026-09-10T16:01:58.747] [DEBUG] debug-file - Module 'entry' target 'default' build option initialized
[2026-09-10T16:01:58.747] [DEBUG] debug-file - Module 'entry' target 'ohosTest' build option initialized
[2026-09-10T16:01:58.747] [DEBUG] debug-file - End initialize module-target build option map, moduleName=entry
[2026-09-10T16:01:58.748] [DEBUG] debug-file - Start initialize module-target build option map, moduleName=entry, buildMode=release
[2026-09-10T16:01:58.748] [DEBUG] debug-file - Target 'default' config initialized
[2026-09-10T16:01:58.749] [DEBUG] debug-file - Target 'ohosTest' config initialized
[2026-09-10T16:01:58.750] [DEBUG] debug-file - Module 'entry' target 'default' build option initialized
[2026-09-10T16:01:58.750] [DEBUG] debug-file - Module 'entry' target 'ohosTest' build option initialized
[2026-09-10T16:01:58.750] [DEBUG] debug-file - End initialize module-target build option map, moduleName=entry
[2026-09-10T16:01:58.750] [DEBUG] debug-file - Start initialize module-target build option map, moduleName=entry, buildMode=debug
[2026-09-10T16:01:58.750] [DEBUG] debug-file - Target 'default' config initialized
[2026-09-10T16:01:58.751] [DEBUG] debug-file - Target 'ohosTest' config initialized
[2026-09-10T16:01:58.751] [DEBUG] debug-file - Module 'entry' target 'default' build option initialized
[2026-09-10T16:01:58.751] [DEBUG] debug-file - Module 'entry' target 'ohosTest' build option initialized
[2026-09-10T16:01:58.751] [DEBUG] debug-file - End initialize module-target build option map, moduleName=entry
[2026-09-10T16:01:58.752] [DEBUG] debug-file - Obtain build option for module 'entry' target 'default'in this build.
[2026-09-10T16:01:58.762] [DEBUG] debug-file - Module entry task initialization takes 9 ms 
[2026-09-10T16:01:58.763] [DEBUG] debug-file - Hap plugin register hook start...
[2026-09-10T16:01:58.763] [DEBUG] debug-file - Hap plugin register hook end...
[2026-09-10T16:01:58.763] [DEBUG] debug-file - Plugin build process completed
[2026-09-10T16:01:58.763] [DEBUG] debug-file - hvigorfile, begin to bind custom plugins...
[2026-09-10T16:01:58.763] [DEBUG] debug-file - hvigorfile, no custom plugins were found in D:\HW\testproject\complete\3\entry\hvigorfile.ts
[2026-09-10T16:01:58.763] [DEBUG] debug-file - hvigorfile, resolve finished D:\HW\testproject\complete\3\entry\hvigorfile.ts
[2026-09-10T16:01:58.813] [DEBUG] debug-file - hvigorfile, resolve hvigorfile dependencies in 49 ms 
[2026-09-10T16:01:58.814] [DEBUG] debug-file - project has submodules:entry
[2026-09-10T16:01:58.817] [DEBUG] debug-file - start to load updatedOhPackageInfo to the disk
[2026-09-10T16:01:58.820] [DEBUG] debug-file - load to the disk finished
[2026-09-10T16:01:58.823] [DEBUG] debug-file - Start to initialize dependency information.
[2026-09-10T16:01:58.844] [DEBUG] debug-file - Module 3 Collected Dependency: 
[2026-09-10T16:01:58.845] [DEBUG] debug-file - Module 3's total dependency: 0
[2026-09-10T16:01:58.848] [DEBUG] debug-file - Start to initialize dependency information.
[2026-09-10T16:01:58.853] [DEBUG] debug-file - Module entry Collected Dependency: 
[2026-09-10T16:01:58.853] [DEBUG] debug-file - Module entry's total dependency: 0
[2026-09-10T16:01:58.860] [DEBUG] debug-file - Configuration phase cost:8 s 374 ms 
[2026-09-10T16:01:58.863] [DEBUG] debug-file - Configuration task cost before running: 8 s 391 ms 
[2026-09-10T16:01:58.864] [DEBUG] debug-file - Executing task ::PreBuildApp
[2026-09-10T16:01:58.865] [DEBUG] debug-file - 3 : PreBuildApp cost memory 0.0341796875
[2026-09-10T16:01:58.866] [DEBUG] debug-file - runTaskFromQueue task cost before running: 8 s 393 ms 
[2026-09-10T16:01:58.866] [INFO] debug-file - Finished ::PreBuildApp... after 2 ms 
[2026-09-10T16:01:58.875] [DEBUG] debug-file - Executing task :entry:default@PreBuild
[2026-09-10T16:01:58.881] [DEBUG] debug-file - Task 'entry:default@PreBuild' cost while wrapping incremental declarations: 1 ms 
[2026-09-10T16:01:59.072] [DEBUG] debug-file - current product is not Atomic service.
[2026-09-10T16:01:59.073] [DEBUG] debug-file - Use tool [win32: JAVA_HOME, CLASSPATH]
 [ { JAVA_HOME: 'E:\\Java\\jdk-21.0.11' }, { CLASSPATH: undefined } ]
[2026-09-10T16:01:59.073] [DEBUG] debug-file - Use tool [win32: NODE_HOME]
 [ { NODE_HOME: undefined } ]
[2026-09-10T16:01:59.074] [DEBUG] debug-file - entry : default@PreBuild cost memory 15.405586242675781
[2026-09-10T16:01:59.074] [DEBUG] debug-file - runTaskFromQueue task cost before running: 8 s 602 ms 
[2026-09-10T16:01:59.078] [INFO] debug-file - Finished :entry:default@PreBuild... after 200 ms 
[2026-09-10T16:01:59.078] [DEBUG] debug-file - Executing task ::DuplicateDependencyCheck
[2026-09-10T16:01:59.079] [DEBUG] debug-file - 3 : DuplicateDependencyCheck cost memory 0.0189208984375
[2026-09-10T16:01:59.079] [DEBUG] debug-file - runTaskFromQueue task cost before running: 8 s 607 ms 
[2026-09-10T16:01:59.080] [INFO] debug-file - Finished ::DuplicateDependencyCheck... after 1 ms 
[2026-09-10T16:01:59.082] [DEBUG] debug-file - Executing task :entry:default@CreateModuleInfo
[2026-09-10T16:01:59.083] [DEBUG] debug-file - Task 'entry:default@CreateModuleInfo' cost while wrapping incremental declarations: 1 ms 
[2026-09-10T16:01:59.083] [DEBUG] debug-file - entry : default@CreateModuleInfo cost memory 0.06070709228515625
[2026-09-10T16:01:59.084] [DEBUG] debug-file - runTaskFromQueue task cost before running: 8 s 611 ms 
[2026-09-10T16:01:59.084] [INFO] debug-file - Finished :entry:default@CreateModuleInfo... after 3 ms 
[2026-09-10T16:01:59.086] [DEBUG] debug-file - Executing task :entry:default@GenerateMetadata
[2026-09-10T16:01:59.088] [DEBUG] debug-file - Task 'entry:default@GenerateMetadata' cost while wrapping incremental declarations: 2 ms 
[2026-09-10T16:01:59.093] [DEBUG] debug-file - entry : default@GenerateMetadata cost memory 0.12171173095703125
[2026-09-10T16:01:59.094] [DEBUG] debug-file - runTaskFromQueue task cost before running: 8 s 621 ms 
[2026-09-10T16:01:59.094] [INFO] debug-file - Finished :entry:default@GenerateMetadata... after 8 ms 
[2026-09-10T16:01:59.097] [DEBUG] debug-file - Executing task :entry:default@ConfigureCmake
[2026-09-10T16:01:59.097] [DEBUG] debug-file - entry : default@ConfigureCmake cost memory 0.01865386962890625
[2026-09-10T16:01:59.098] [DEBUG] debug-file - runTaskFromQueue task cost before running: 8 s 625 ms 
[2026-09-10T16:01:59.098] [INFO] debug-file - Finished :entry:default@ConfigureCmake... after 1 ms 
[2026-09-10T16:01:59.100] [DEBUG] debug-file - Executing task :entry:default@MergeProfile
[2026-09-10T16:01:59.101] [DEBUG] debug-file - Task 'entry:default@MergeProfile' cost while wrapping incremental declarations: 1 ms 
[2026-09-10T16:01:59.102] [DEBUG] debug-file - Change app api release type with 'Release'
[2026-09-10T16:01:59.103] [DEBUG] debug-file - Change app compile API version with '26.0.0.105'
[2026-09-10T16:01:59.103] [DEBUG] debug-file - Change app target API version with '260000026'
[2026-09-10T16:01:59.103] [DEBUG] debug-file - Change app minimum API version with '260000026'
[2026-09-10T16:01:59.104] [DEBUG] debug-file - Use cli appEnvironment
[2026-09-10T16:01:59.110] [DEBUG] debug-file - The permissions of moduleJson5 is null.
[2026-09-10T16:01:59.110] [DEBUG] debug-file - entry : default@MergeProfile cost memory 0.2011566162109375
[2026-09-10T16:01:59.110] [DEBUG] debug-file - runTaskFromQueue task cost before running: 8 s 638 ms 
[2026-09-10T16:01:59.111] [INFO] debug-file - Finished :entry:default@MergeProfile... after 11 ms 
[2026-09-10T16:01:59.115] [DEBUG] debug-file - Executing task :entry:default@CreateBuildProfile
[2026-09-10T16:01:59.116] [DEBUG] debug-file - Task 'entry:default@CreateBuildProfile' cost while wrapping incremental declarations: 2 ms 
[2026-09-10T16:01:59.120] [DEBUG] debug-file - entry : default@CreateBuildProfile cost memory 0.084991455078125
[2026-09-10T16:01:59.121] [DEBUG] debug-file - runTaskFromQueue task cost before running: 8 s 648 ms 
[2026-09-10T16:01:59.121] [INFO] debug-file - Finished :entry:default@CreateBuildProfile... after 7 ms 
[2026-09-10T16:01:59.124] [DEBUG] debug-file - Executing task :entry:default@PreCheckSyscap
[2026-09-10T16:01:59.125] [DEBUG] debug-file - entry : default@PreCheckSyscap cost memory 0.03238677978515625
[2026-09-10T16:01:59.125] [DEBUG] debug-file - runTaskFromQueue task cost before running: 8 s 653 ms 
[2026-09-10T16:01:59.126] [INFO] debug-file - Finished :entry:default@PreCheckSyscap... after 2 ms 
[2026-09-10T16:01:59.130] [DEBUG] debug-file - Executing task :entry:default@GeneratePkgContextInfo
[2026-09-10T16:01:59.138] [DEBUG] debug-file - Task 'entry:default@GeneratePkgContextInfo' cost while wrapping incremental declarations: 1 ms 
[2026-09-10T16:01:59.140] [DEBUG] debug-file - entry : default@GeneratePkgContextInfo cost memory 0.29961395263671875
[2026-09-10T16:01:59.140] [DEBUG] debug-file - runTaskFromQueue task cost before running: 8 s 668 ms 
[2026-09-10T16:01:59.140] [INFO] debug-file - Finished :entry:default@GeneratePkgContextInfo... after 10 ms 
[2026-09-10T16:01:59.143] [DEBUG] debug-file - Executing task :entry:default@GeneratePkgSdkInfo
[2026-09-10T16:01:59.146] [DEBUG] debug-file - Task 'entry:default@GeneratePkgSdkInfo' cost while wrapping incremental declarations: 1 ms 
[2026-09-10T16:01:59.147] [DEBUG] debug-file - entry : default@GeneratePkgSdkInfo cost memory 0.17447662353515625
[2026-09-10T16:01:59.147] [DEBUG] debug-file - runTaskFromQueue task cost before running: 8 s 675 ms 
[2026-09-10T16:01:59.147] [INFO] debug-file - Finished :entry:default@GeneratePkgSdkInfo... after 5 ms 
[2026-09-10T16:01:59.152] [DEBUG] debug-file - Executing task :entry:default@ProcessIntegratedHsp
[2026-09-10T16:01:59.153] [DEBUG] debug-file - entry : default@ProcessIntegratedHsp cost memory 0.04131317138671875
[2026-09-10T16:01:59.154] [DEBUG] debug-file - runTaskFromQueue task cost before running: 8 s 681 ms 
[2026-09-10T16:01:59.154] [INFO] debug-file - Finished :entry:default@ProcessIntegratedHsp... after 2 ms 
[2026-09-10T16:01:59.156] [DEBUG] debug-file - Executing task :entry:default@BuildNativeWithCmake
[2026-09-10T16:01:59.156] [DEBUG] debug-file - entry : default@BuildNativeWithCmake cost memory 0.01972198486328125
[2026-09-10T16:01:59.157] [DEBUG] debug-file - runTaskFromQueue task cost before running: 8 s 684 ms 
[2026-09-10T16:01:59.158] [INFO] debug-file - Finished :entry:default@BuildNativeWithCmake... after 1 ms 
[2026-09-10T16:01:59.161] [DEBUG] debug-file - Executing task :entry:default@MakePackInfo
[2026-09-10T16:01:59.167] [DEBUG] debug-file - Module Pack Info:  {
  summary: {
    app: { bundleName: 'c***p', bundleType: 'app', version: [Object] },
    modules: [ [Object] ]
  },
  packages: [
    {
      deviceType: [Array],
      moduleType: 'entry',
      deliveryWithInstall: true,
      name: 'entry-default'
    }
  ]
}
[2026-09-10T16:01:59.171] [DEBUG] debug-file - entry : default@MakePackInfo cost memory 0.15847015380859375
[2026-09-10T16:01:59.172] [DEBUG] debug-file - runTaskFromQueue task cost before running: 8 s 699 ms 
[2026-09-10T16:01:59.173] [INFO] debug-file - Finished :entry:default@MakePackInfo... after 11 ms 
[2026-09-10T16:01:59.176] [DEBUG] debug-file - Executing task :entry:default@SyscapTransform
[2026-09-10T16:01:59.176] [DEBUG] debug-file - File: 'D:\HW\testproject\complete\3\entry\src\main\syscap.json' from 'sysCapJsonPath' is not exists, just ignore.
[2026-09-10T16:01:59.178] [DEBUG] debug-file - Task 'entry:default@SyscapTransform' cost while wrapping incremental declarations: 2 ms 
[2026-09-10T16:01:59.178] [DEBUG] debug-file - entry : default@SyscapTransform cost memory 0.07239532470703125
[2026-09-10T16:01:59.179] [DEBUG] debug-file - runTaskFromQueue task cost before running: 8 s 706 ms 
[2026-09-10T16:01:59.179] [INFO] debug-file - Finished :entry:default@SyscapTransform... after 3 ms 
[2026-09-10T16:01:59.182] [DEBUG] debug-file - Executing task :entry:default@ProcessProfile
[2026-09-10T16:01:59.197] [DEBUG] debug-file - Task 'entry:default@ProcessProfile' cost while wrapping incremental declarations: 1 ms 
[2026-09-10T16:01:59.199] [DEBUG] debug-file - [
  'E:\\DevEco Studio\\tools\\node\\node.exe',
  'E:\\DevEco Studio\\sdk\\default\\openharmony\\ets\\build-tools\\ets-loader\\bin\\ark\\ts2abc.js',
  '--target-api-version',
  '26'
]
[2026-09-10T16:02:08.839] [DEBUG] debug-file - 24.0.0.0
[2026-09-10T16:02:08.844] [DEBUG] debug-file - No need to add fake ui ability because of not in preview process.
[2026-09-10T16:02:08.847] [DEBUG] debug-file - entry : default@ProcessProfile cost memory -7.669441223144531
[2026-09-10T16:02:08.848] [DEBUG] debug-file - runTaskFromQueue task cost before running: 18 s 375 ms 
[2026-09-10T16:02:08.848] [INFO] debug-file - Finished :entry:default@ProcessProfile... after 9 s 666 ms 
[2026-09-10T16:02:08.852] [DEBUG] debug-file - Executing task :entry:default@ProcessRouterMap
[2026-09-10T16:02:08.863] [DEBUG] debug-file - entry : default@ProcessRouterMap cost memory 0.1002197265625
[2026-09-10T16:02:08.863] [DEBUG] debug-file - runTaskFromQueue task cost before running: 18 s 391 ms 
[2026-09-10T16:02:08.866] [INFO] debug-file - Finished :entry:default@ProcessRouterMap... after 12 ms 
[2026-09-10T16:02:08.871] [DEBUG] debug-file - Executing task :entry:default@ProcessShareConfig
[2026-09-10T16:02:08.881] [DEBUG] debug-file - entry : default@ProcessShareConfig cost memory 0.08251953125
[2026-09-10T16:02:08.882] [DEBUG] debug-file - runTaskFromQueue task cost before running: 18 s 409 ms 
[2026-09-10T16:02:08.884] [INFO] debug-file - Finished :entry:default@ProcessShareConfig... after 11 ms 
[2026-09-10T16:02:08.885] [DEBUG] debug-file - Executing task :entry:default@ProcessStartupConfig
[2026-09-10T16:02:08.886] [DEBUG] debug-file - Task 'entry:default@ProcessStartupConfig' cost while wrapping incremental declarations: 1 ms 
[2026-09-10T16:02:08.891] [DEBUG] debug-file - entry : default@ProcessStartupConfig cost memory 0.106597900390625
[2026-09-10T16:02:08.891] [DEBUG] debug-file - runTaskFromQueue task cost before running: 18 s 419 ms 
[2026-09-10T16:02:08.892] [INFO] debug-file - Finished :entry:default@ProcessStartupConfig... after 6 ms 
[2026-09-10T16:02:08.894] [DEBUG] debug-file - Executing task :entry:default@BuildNativeWithNinja
[2026-09-10T16:02:08.899] [DEBUG] debug-file - entry : default@BuildNativeWithNinja cost memory 0.0344085693359375
[2026-09-10T16:02:08.900] [DEBUG] debug-file - runTaskFromQueue task cost before running: 18 s 428 ms 
[2026-09-10T16:02:08.901] [INFO] debug-file - Finished :entry:default@BuildNativeWithNinja... after 7 ms 
[2026-09-10T16:02:08.907] [DEBUG] debug-file - restool module names: entry; moduleName=entry, taskName=default@ProcessResource
[2026-09-10T16:02:08.912] [DEBUG] debug-file - Executing task :entry:default@ProcessResource
[2026-09-10T16:02:08.914] [DEBUG] debug-file - Task 'entry:default@ProcessResource' cost while wrapping incremental declarations: 1 ms 
[2026-09-10T16:02:08.923] [DEBUG] debug-file - entry : default@ProcessResource cost memory 0.12377166748046875
[2026-09-10T16:02:08.924] [DEBUG] debug-file - runTaskFromQueue task cost before running: 18 s 452 ms 
[2026-09-10T16:02:08.926] [INFO] debug-file - Finished :entry:default@ProcessResource... after 15 ms 
[2026-09-10T16:02:08.934] [DEBUG] debug-file - Executing task :entry:default@GenerateLoaderJson
[2026-09-10T16:02:08.939] [DEBUG] debug-file - Task 'entry:default@GenerateLoaderJson' cost while wrapping incremental declarations: 1 ms 
[2026-09-10T16:02:08.960] [DEBUG] debug-file - entry : default@GenerateLoaderJson cost memory 0.41477203369140625
[2026-09-10T16:02:08.961] [DEBUG] debug-file - runTaskFromQueue task cost before running: 18 s 488 ms 
[2026-09-10T16:02:08.968] [INFO] debug-file - Finished :entry:default@GenerateLoaderJson... after 27 ms 
[2026-09-10T16:02:08.971] [DEBUG] debug-file - Executing task :entry:default@ProcessLibs
[2026-09-10T16:02:08.972] [DEBUG] debug-file - Task 'entry:default@ProcessLibs' cost while wrapping incremental declarations: 1 ms 
[2026-09-10T16:02:08.985] [DEBUG] debug-file - Worker dispatch failed, running processLibs on main thread.
[2026-09-10T16:02:08.988] [DEBUG] debug-file - entry : default@ProcessLibs cost memory 0.40198516845703125
[2026-09-10T16:02:08.989] [DEBUG] debug-file - runTaskFromQueue task cost before running: 18 s 516 ms 
[2026-09-10T16:02:08.991] [INFO] debug-file - Finished :entry:default@ProcessLibs... after 19 ms 
[2026-09-10T16:02:08.997] [DEBUG] debug-file - restool module names: entry; moduleName=entry, taskName=default@CompileResource
[2026-09-10T16:02:09.000] [DEBUG] debug-file - Executing task :entry:default@CompileResource
[2026-09-10T16:02:09.020] [DEBUG] debug-file - Use tool [E:\DevEco Studio\sdk\default\openharmony\toolchains\restool.exe]
 [
  'E:\\DevEco Studio\\sdk\\default\\openharmony\\toolchains\\restool.exe',
  '-l',
  'D:\\HW\\testproject\\complete\\3\\entry\\build\\default\\intermediates\\res\\default\\resConfig.json'
]
[2026-09-10T16:02:09.024] [DEBUG] debug-file - current process  memoryUsage: {
  rss: 279539712,
  heapTotal: 169615360,
  heapUsed: 140649976,
  external: 3978121,
  arrayBuffers: 41894
} os memoryUsage :14.960346221923828
[2026-09-10T16:02:30.870] [DEBUG] debug-file - Info: Pack: normal pack mode

[2026-09-10T16:02:31.005] [DEBUG] debug-file - Info: hardware concurrency count is : 16
Info: thread count is : 16

[2026-09-10T16:02:31.006] [DEBUG] debug-file - Info: thread pool is started

[2026-09-10T16:02:31.011] [DEBUG] debug-file - Info: GenericCompiler::CompileFiles

[2026-09-10T16:02:31.518] [DEBUG] debug-file - Info: GenericCompiler::CompileFiles

[2026-09-10T16:02:31.519] [DEBUG] debug-file - Warning: 'D:\HW\testproject\complete\3\entry\src\main\resources\base\media\background.png' is defined repeatedly.
Warning: 'D:\HW\testproject\complete\3\entry\src\main\resources\base\media\layered_image.json' is defined repeatedly.
Warning: 'D:\HW\testproject\complete\3\entry\src\main\resources\base\media\foreground.png' is defined repeatedly.

[2026-09-10T16:02:31.522] [DEBUG] debug-file - Info: GenericCompiler::CompileFiles

[2026-09-10T16:02:31.540] [DEBUG] debug-file - 09-10 16:02:31.540 167044 167164 I C01400/SvgDecodeUtils: SvgDecodeUtils::IsSvgFormat probe svg format, path:D:\HW\testproject\complete\3\AppScope\resources\base\media\background.png.

[2026-09-10T16:02:31.541] [DEBUG] debug-file - 09-10 16:02:31.541 167044 167164 E C01400/ImageTranscoderUtils: DecodeToRGBA IN
09-10 16:02:31.541 167044 167164 I C01400/SvgDecodeUtils: SvgDecodeUtils::IsSvgFormat probe svg format, path:D:\HW\testproject\complete\3\AppScope\resources\base\media\background.png.
09-10 16:02:31.541 167044 167164 E C01400/ImageTranscoderUtils: ImageFilter IN D:\HW\testproject\complete\3\AppScope\resources\base\media\background.png

[2026-09-10T16:02:31.651] [DEBUG] debug-file - 09-10 16:02:31.651 167044 167164 I C01400/SvgDecodeUtils: SvgDecodeUtils::IsSvgFormat probe svg format, path:D:\HW\testproject\complete\3\AppScope\resources\base\media\foreground.png.
09-10 16:02:31.651 167044 167164 E C01400/ImageTranscoderUtils: DecodeToRGBA IN

[2026-09-10T16:02:31.652] [DEBUG] debug-file - 09-10 16:02:31.651 167044 167164 I C01400/SvgDecodeUtils: SvgDecodeUtils::IsSvgFormat probe svg format, path:D:\HW\testproject\complete\3\AppScope\resources\base\media\foreground.png.
09-10 16:02:31.651 167044 167164 E C01400/ImageTranscoderUtils: ImageFilter IN D:\HW\testproject\complete\3\AppScope\resources\base\media\foreground.png

[2026-09-10T16:02:31.741] [DEBUG] debug-file - Info: can't scale media json file.

[2026-09-10T16:02:31.742] [DEBUG] debug-file - Warning: The width or height of the png file referenced by the icon exceeds the limit (41 pixels)
at D:\HW\testproject\complete\3\AppScope\resources\base\media\background.png
Warning: The width or height of the png file referenced by the icon exceeds the limit (41 pixels)
at D:\HW\testproject\complete\3\AppScope\resources\base\media\foreground.png
Warning: D:\HW\testproject\complete\3\AppScope\resources\base\media\layered_image.json is not png format

[2026-09-10T16:02:31.744] [DEBUG] debug-file - Info: restool resources compile success.

[2026-09-10T16:02:31.745] [DEBUG] debug-file - Info: thread pool is stopped

[2026-09-10T16:02:31.936] [DEBUG] debug-file - entry : default@CompileResource cost memory -23.101348876953125
[2026-09-10T16:02:31.937] [DEBUG] debug-file - runTaskFromQueue task cost before running: 41 s 465 ms 
[2026-09-10T16:02:31.941] [INFO] debug-file - Finished :entry:default@CompileResource... after 22 s 938 ms 
[2026-09-10T16:02:31.944] [DEBUG] debug-file - Executing task :entry:default@DoNativeStrip
[2026-09-10T16:02:31.944] [DEBUG] debug-file - File: 'D:\HW\testproject\complete\3\entry\build\default\intermediates\binxo\default' from 'doBinxoNativeLibs' is not exists, just ignore.
[2026-09-10T16:02:31.944] [DEBUG] debug-file - Task 'entry:default@DoNativeStrip' cost while wrapping incremental declarations: 1 ms 
[2026-09-10T16:02:31.950] [DEBUG] debug-file - entry : default@DoNativeStrip cost memory 0.0704498291015625
[2026-09-10T16:02:31.950] [DEBUG] debug-file - runTaskFromQueue task cost before running: 41 s 478 ms 
[2026-09-10T16:02:31.951] [INFO] debug-file - Finished :entry:default@DoNativeStrip... after 7 ms 
[2026-09-10T16:02:31.958] [DEBUG] debug-file - Executing task :entry:default@CompileArkTS
[2026-09-10T16:02:31.960] [DEBUG] debug-file - obfuscationOptions: undefined
[2026-09-10T16:02:31.962] [DEBUG] debug-file - Task 'entry:default@CompileArkTS' cost while wrapping incremental declarations: 1 ms 
[2026-09-10T16:02:32.832] [DEBUG] debug-file - build config:
[2026-09-10T16:02:32.833] [DEBUG] debug-file - {
  moduleType: 'entry',
  perf: 0,
  targetName: '.default',
  packageManagerType: 'ohpm',
  localPropertiesPath: 'D:\\HW\\testproject\\complete\\3\\local.properties',
  isPreview: false,
  isOhosTest: false,
  isLocalTest: false,
  buildMode: 'Debug',
  hotReloadBuild: undefined,
  watchMode: 'false',
  aceProfilePath: 'D:\\HW\\testproject\\complete\\3\\entry\\build\\default\\intermediates\\res\\default\\resources\\base\\profile',
  etsLoaderPath: 'E:\\DevEco Studio\\sdk\\default\\openharmony\\ets\\build-tools\\ets-loader',
  modulePath: 'D:\\HW\\testproject\\complete\\3\\entry',
  testFrameworkPar: {
    testMode: undefined,
    coveragePathFilter: undefined,
    coverageMode: undefined
  },
  needCoverageInsert: false,
  debugLine: false,
  projectTopDir: 'D:\\HW\\testproject\\complete\\3',
  compileSdkVersion: 26,
  compatibleSdkVersion: 26,
  originCompatibleSdkVersion: '26.0.0',
  compatibleSdkVersionStage: undefined,
  bundleName: 'c***p',
  etsLoaderVersion: '26.0.0.105',
  etsLoaderReleaseType: 'Release',
  aotCompileMode: 'type',
  apPath: 'D:\\HW\\testproject\\complete\\3\\entry\\modules.ap',
  entryModuleName: 'entry',
  entryModuleVersion: '1.0.0',
  entryPackageName: 'entry',
  allModuleNameHash: '731e80ebeec61830609461f76195b895d0bd4e42206df1f3535155de40a3e312',
  externalApiPaths: [ 'E:\\DevEco Studio\\sdk\\default\\hms\\ets' ],
  compilerTypes: [],
  isCrossplatform: false,
  hvigorPluginFile: undefined,
  compilePluginPath: undefined,
  buildGeneratedProfilePath: 'D:\\HW\\testproject\\complete\\3\\entry\\build\\default\\generated\\profile\\default',
  bundleType: 'app',
  arkTSVersion: undefined,
  apiVersion: 26,
  needCompleteSourcesMap: false,
  isFaMode: false,
  buildDir: 'D:\\HW\\testproject\\complete\\3\\entry\\build',
  buildCacheProjectDir: 'D:\\HW\\testproject\\complete\\3',
  deviceTypes: [ 'phone' ],
  pkgContextInfo: {
    '@ohos/hypium': {
      packageName: '@ohos/hypium',
      bundleName: '*****',
      moduleName: '',
      version: '1.0.24',
      entryPath: 'index.js',
      isSO: false,
      dependencyAlias: ''
    },
    '@ohos/hamock': {
      packageName: '@ohos/hamock',
      bundleName: '*****',
      moduleName: '',
      version: '1.0.0',
      entryPath: 'index.ets',
      isSO: false,
      dependencyAlias: ''
    },
    entry: {
      packageName: 'entry',
      bundleName: '*****',
      moduleName: '',
      version: '',
      entryPath: 'src/main/',
      isSO: false,
      dependencyAlias: ''
    }
  },
  ohPackagePathMap: {},
  dependencyAliasMap: {},
  permission: { requestPermissions: undefined, definePermissions: undefined },
  useGetCurrentBundleName: false,
  projectArkOption: undefined,
  sourceMapDir: undefined,
  branchElimination: false,
  transformLib: undefined,
  tsImportSendable: false,
  resolveConflictMode: true,
  depName2RootPath: {},
  depName2DepInfo: {},
  depName2OhExports: {},
  rootPathSet: [ 'D:\\HW\\testproject\\complete\\3' ],
  useNativeResolver: true,
  shouldEmitJs: true,
  useUnifiedAst: false,
  useTscResolve: false,
  singleFileEmit: false,
  userProjectConfig: {
    autoLazyImport: false,
    allowEmptyBundleName: false,
    reExportCheckMode: 'noCheck',
    executionMode: 'memory',
    usePathPlaceholder: false,
    writeRollupCache: true,
    isExpandImportEnabled: false,
    expandImportExclude: '',
    lazyImportExclude: '',
    lazyImportInclude: '',
    ignoreCrossplatformCheck: false,
    isHarDeduplicateEnabled: false,
    skipOhModulesLint: false,
    enableStrictCheckOHModule: false,
    disableSendableCheckRules: [],
    useDeclarationFileSignature: false,
    customizedOptions: undefined,
    integratedHsp: false,
    tsImportSoCheck: false,
    isPreloadSoEnabled: false
  },
  executionMode: 'memory',
  arkCompileCachePath: 'D:\\HW\\testproject\\complete\\3\\entry\\build\\default\\cache\\default\\default@CompileArkTS\\esmodule',
  autoLazyFilter: undefined,
  isHarDeduplicateEnabled: false,
  intermediateHarDuplicateDirPath: 'D:\\HW\\testproject\\complete\\3\\entry\\build\\default\\intermediates\\har_duplicate\\default',
  autoLazyImport: false,
  allowEmptyBundleName: false,
  reExportCheckMode: 'noCheck',
  usePathPlaceholder: false,
  writeRollupCache: true,
  isExpandImportEnabled: false,
  expandImportExclude: '',
  lazyImportExclude: '',
  lazyImportInclude: '',
  ignoreCrossplatformCheck: false,
  skipOhModulesLint: false,
  enableStrictCheckOHModule: false,
  disableSendableCheckRules: [],
  useDeclarationFileSignature: false,
  customizedOptions: undefined,
  integratedHsp: false,
  tsImportSoCheck: false,
  isPreloadSoEnabled: false,
  strictMode: {
    caseSensitiveCheck: true,
    useNormalizedOHMUrl: true,
    noExternalImportByPath: true
  },
  useNormalizedOHMUrl: true,
  caseSensitiveCheck: true,
  strictCheckerOnly: false,
  aceModuleJsonPath: 'D:\\HW\\testproject\\complete\\3\\entry\\build\\default\\intermediates\\res\\default\\ark_module.json',
  appResource: 'D:\\HW\\testproject\\complete\\3\\entry\\build\\default\\intermediates\\res\\default\\ResourceTable.txt',
  rawFileResource: 'D:\\HW\\testproject\\complete\\3\\entry\\build\\default\\intermediates\\res\\default\\resources\\rawfile',
  resourceTableHash: 'd81a83941c07883d4327563ba2cfe0ac7f68042912820a1577b99d29cbd144cc',
  runtimeOS: 'HarmonyOS',
  sdkInfo: 'false:26:26.0.0.105:Release',
  aceModuleRoot: 'D:\\HW\\testproject\\complete\\3\\entry\\src\\main\\ets',
  compileMode: 'esmodule',
  aceSuperVisualPath: 'D:\\HW\\testproject\\complete\\3\\entry\\src\\main\\supervisual',
  aceBuildJson: 'D:\\HW\\testproject\\complete\\3\\entry\\build\\default\\intermediates\\loader\\default\\loader.json',
  cachePath: 'D:\\HW\\testproject\\complete\\3\\entry\\build\\default\\cache\\default\\default@CompileArkTS\\esmodule\\debug',
  aceModuleBuild: 'D:\\HW\\testproject\\complete\\3\\entry\\build\\default\\intermediates\\loader_out\\default\\ets',
  supportChunks: true,
  declaredFilesPath: undefined,
  shouldCollectDirectImportees: false,
  isByteCodeHarOptimize: false,
  expandImportPath: undefined,
  resourceTableTs: 'D:\\HW\\testproject\\complete\\3\\entry\\build\\default\\generated\\r\\default\\ResourceTable.ts',
  moduleMetaInfoFiles: [
    {
      filePath: 'D:\\HW\\testproject\\complete\\3\\entry\\build\\default\\generated\\r\\default\\ResourceTable.ts',
      ohmurl: '&entry/build/generated/r/ResourceTable&'
    }
  ],
  pkgNameToPkgBriefInfo: {
    entry: {
      pkgRoot: 'D:\\HW\\testproject\\complete\\3\\entry',
      originalSourceRoots: undefined,
      sourceRoots: [Array],
      pkgName: 'entry'
    }
  },
  projectModel: {
    'D:\\HW\\testproject\\complete\\3\\entry\\src\\main': {
      moduleName: 'entry',
      modulePkgPath: 'D:\\HW\\testproject\\complete\\3\\entry',
      belongProjectPath: 'D:\\HW\\testproject\\complete\\3'
    },
    'D:\\HW\\testproject\\complete\\3\\entry\\.test\\default\\intermediates\\src\\ohosTest\\ets': {
      moduleName: 'entry_test',
      modulePkgPath: 'D:\\HW\\testproject\\complete\\3\\entry',
      belongProjectPath: 'D:\\HW\\testproject\\complete\\3'
    },
    'D:\\HW\\testproject\\complete\\3\\entry\\src\\ohosTest': {
      moduleName: 'entry_test',
      modulePkgPath: 'D:\\HW\\testproject\\complete\\3\\entry',
      belongProjectPath: 'D:\\HW\\testproject\\complete\\3'
    },
    'D:\\HW\\testproject\\complete\\3\\entry': {
      moduleName: 'entry',
      modulePkgPath: 'D:\\HW\\testproject\\complete\\3\\entry',
      belongProjectPath: 'D:\\HW\\testproject\\complete\\3'
    },
    'D:\\HW\\testproject\\complete\\3': {
      moduleName: '3',
      modulePkgPath: 'D:\\HW\\testproject\\complete\\3',
      belongProjectPath: 'D:\\HW\\testproject\\complete\\3'
    }
  },
  pkgJsonFileHash: '7ab10e622b876a852aaa87f883a5ca46773dc428b9273d7582651c0540669143',
  allModulePaths: [ 'D:\\HW\\testproject\\complete\\3\\entry' ],
  routerMap: {},
  obfuscationOptions: undefined,
  byteCodeHarToDependencyKeys: undefined,
  compileBlockPkg: [],
  mockParams: {
    decorator: '@MockSetup',
    packageName: '@ohos/hamock',
    etsSourceRootPath: 'src/main/ets',
    mockConfigPath: 'D:\\HW\\testproject\\complete\\3\\entry\\src\\mock\\mock-config.json5',
    mockConfigKey2ModuleInfo: {},
    source2ModuleIdMap: {}
  },
  copyCodeResourceEnable: false,
  copyCodeResourceExcludes: [],
  copyCodeResourceIncludes: undefined,
  uiTransformOptimization: false,
  sdkPath: 'E:/DevEco Studio/sdk',
  needPreloadSoFileSet: {},
  preloadSoFilePath: 'D:\\HW\\testproject\\complete\\3\\entry\\build\\default\\intermediates\\preload\\default\\preload.json',
  useSourceHash: false,
  localModuleParamMap: {},
  otherPaths: {
    'entry/*': [
      '..\\*',
      '..\\..\\..\\build\\default\\generated\\profile\\default\\*'
    ]
  },
  collectImportersConfig: undefined
}
[2026-09-10T16:02:32.833] [DEBUG] debug-file - Compile arkts with external api path: E:\DevEco Studio\sdk\default\hms\ets
[2026-09-10T16:02:32.837] [DEBUG] debug-file - before submitting ArkTS compile task to worker pool, config.buildDir: D:\HW\testproject\complete\3\entry\build
[2026-09-10T16:02:32.838] [DEBUG] debug-file - default@CompileArkTS work[0] is submitted.
[2026-09-10T16:02:32.838] [DEBUG] debug-file - default@CompileArkTS work[0] is pushed to ready queue.
[2026-09-10T16:02:32.839] [DEBUG] debug-file - A work dispatched to worker[15] failed because unable to get work from ready queue.
[2026-09-10T16:02:32.839] [DEBUG] debug-file - A work dispatched to worker[14] failed because unable to get work from ready queue.
[2026-09-10T16:02:32.839] [DEBUG] debug-file - A work dispatched to worker[13] failed because unable to get work from ready queue.
[2026-09-10T16:02:32.839] [DEBUG] debug-file - A work dispatched to worker[12] failed because unable to get work from ready queue.
[2026-09-10T16:02:32.839] [DEBUG] debug-file - A work dispatched to worker[11] failed because unable to get work from ready queue.
[2026-09-10T16:02:32.839] [DEBUG] debug-file - A work dispatched to worker[10] failed because unable to get work from ready queue.
[2026-09-10T16:02:32.839] [DEBUG] debug-file - A work dispatched to worker[9] failed because unable to get work from ready queue.
[2026-09-10T16:02:32.839] [DEBUG] debug-file - A work dispatched to worker[8] failed because unable to get work from ready queue.
[2026-09-10T16:02:32.839] [DEBUG] debug-file - A work dispatched to worker[7] failed because unable to get work from ready queue.
[2026-09-10T16:02:32.839] [DEBUG] debug-file - A work dispatched to worker[6] failed because unable to get work from ready queue.
[2026-09-10T16:02:32.840] [DEBUG] debug-file - A work dispatched to worker[5] failed because unable to get work from ready queue.
[2026-09-10T16:02:32.840] [DEBUG] debug-file - Create  resident worker with id: 4.
[2026-09-10T16:02:32.842] [DEBUG] debug-file - default@CompileArkTS work[0] has been dispatched to worker[4].
[2026-09-10T16:02:32.842] [DEBUG] debug-file - default@CompileArkTS work[0] is dispatched.
[2026-09-10T16:02:32.843] [DEBUG] debug-file - entry : default@CompileArkTS cost memory 0.4134979248046875
[2026-09-10T16:02:32.846] [DEBUG] debug-file - Executing task :entry:default@BuildJS
[2026-09-10T16:02:32.846] [DEBUG] debug-file - Task 'entry:default@BuildJS' cost while wrapping incremental declarations: 1 ms 
[2026-09-10T16:02:32.848] [DEBUG] debug-file - entry : default@BuildJS cost memory 0.13623809814453125
[2026-09-10T16:02:32.849] [DEBUG] debug-file - runTaskFromQueue task cost before running: 42 s 376 ms 
[2026-09-10T16:02:32.849] [INFO] debug-file - Finished :entry:default@BuildJS... after 3 ms 
[2026-09-10T16:02:32.851] [DEBUG] debug-file - Executing task :entry:default@CacheNativeLibs
[2026-09-10T16:02:32.851] [DEBUG] debug-file - File: 'D:\HW\testproject\complete\3\entry\build\default\intermediates\binxo\default' from 'cacheBinxoNativeLibs' is not exists, just ignore.
[2026-09-10T16:02:32.852] [DEBUG] debug-file - Task 'entry:default@CacheNativeLibs' cost while wrapping incremental declarations: 1 ms 
[2026-09-10T16:02:32.852] [DEBUG] debug-file - default@CacheNativeLibs work[1] is submitted.
[2026-09-10T16:02:32.852] [DEBUG] debug-file - default@CacheNativeLibs work[1] is pushed to ready queue.
[2026-09-10T16:02:32.853] [DEBUG] debug-file - A work dispatched to worker[15] failed because unable to get work from ready queue.
[2026-09-10T16:02:32.853] [DEBUG] debug-file - Create  resident worker with id: 14.
[2026-09-10T16:02:32.854] [DEBUG] debug-file - default@CacheNativeLibs work[1] has been dispatched to worker[14].
[2026-09-10T16:02:32.854] [DEBUG] debug-file - default@CacheNativeLibs work[1] is dispatched.
[2026-09-10T16:02:32.854] [DEBUG] debug-file - entry : default@CacheNativeLibs cost memory 0.17803955078125
[2026-09-10T16:02:34.655] [DEBUG] debug-file - worker[14] has one work done.
[2026-09-10T16:02:34.656] [DEBUG] debug-file - default@CacheNativeLibs work[1] done.
[2026-09-10T16:02:34.657] [INFO] debug-file - Finished :entry:default@CacheNativeLibs... after 20 ms 
[2026-09-10T16:02:34.758] [DEBUG] debug-file - A work dispatched to worker[14] failed because unable to get work from ready queue.
[2026-09-10T16:03:03.360] [DEBUG] debug-file - worker[4] has one work done.
[2026-09-10T16:03:03.366] [DEBUG] debug-file - default@CompileArkTS work[0] done.
[2026-09-10T16:03:03.367] [DEBUG] debug-file - A work dispatched to worker[4] failed because unable to get work from ready queue.
[2026-09-10T16:03:03.366] [DEBUG] debug-file - Ark compile task finished.finished time is 188205099833100
[2026-09-10T16:03:03.369] [INFO] debug-file - Finished :entry:default@CompileArkTS... after 15 s 365 ms 
[2026-09-10T16:03:03.371] [DEBUG] debug-file - Executing task :entry:default@GeneratePkgModuleJson
[2026-09-10T16:03:03.372] [DEBUG] debug-file - File: 'D:\HW\testproject\complete\3\entry\build\default\intermediates\preload\default\preload.json' from 'preloadSoJsonPath' is not exists, just ignore.
[2026-09-10T16:03:03.372] [DEBUG] debug-file - Error occurs while handling @Input 'shouldDeduplicateHar': The "data" argument must be of type string or an instance of Buffer, TypedArray, or DataView. Received undefined
[2026-09-10T16:03:03.374] [DEBUG] debug-file - Task 'entry:default@GeneratePkgModuleJson' cost while wrapping incremental declarations: 3 ms 
[2026-09-10T16:03:03.381] [DEBUG] debug-file - entry : default@GeneratePkgModuleJson cost memory -0.6783981323242188
[2026-09-10T16:03:03.382] [DEBUG] debug-file - runTaskFromQueue task cost before running: 1 min 12 s 909 ms 
[2026-09-10T16:03:03.383] [INFO] debug-file - Finished :entry:default@GeneratePkgModuleJson... after 11 ms 
[2026-09-10T16:03:03.386] [DEBUG] debug-file - Executing task :entry:default@ProcessCompiledResources
[2026-09-10T16:03:03.387] [DEBUG] debug-file - File: 'D:\HW\testproject\complete\3\entry\build\default\intermediates\preload\default\preload.json' from 'preloadSoJsonPath' is not exists, just ignore.
[2026-09-10T16:03:03.387] [DEBUG] debug-file - Task 'entry:default@ProcessCompiledResources' cost while wrapping incremental declarations: 1 ms 
[2026-09-10T16:03:03.388] [DEBUG] debug-file - entry : default@ProcessCompiledResources cost memory 0.062042236328125
[2026-09-10T16:03:03.388] [DEBUG] debug-file - runTaskFromQueue task cost before running: 1 min 12 s 915 ms 
[2026-09-10T16:03:03.388] [INFO] debug-file - Finished :entry:default@ProcessCompiledResources... after 2 ms 
[2026-09-10T16:03:03.393] [DEBUG] debug-file - Executing task :entry:default@PackageHap
[2026-09-10T16:03:03.407] [DEBUG] debug-file - Use tool [E:\DevEco Studio\sdk\default\openharmony\toolchains\lib\app_packing_tool.jar]
 [
  'java',
  '-Dfile.encoding=GBK',
  '-jar',
  'E:\\DevEco Studio\\sdk\\default\\openharmony\\toolchains\\lib\\app_packing_tool.jar',
  '--mode',
  'hap',
  '--force',
  'true',
  '--lib-path',
  'D:\\HW\\testproject\\complete\\3\\entry\\build\\default\\intermediates\\stripped_native_libs\\default',
  '--json-path',
  'D:\\HW\\testproject\\complete\\3\\entry\\build\\default\\intermediates\\package\\default\\module.json',
  '--resources-path',
  'D:\\HW\\testproject\\complete\\3\\entry\\build\\default\\intermediates\\res\\default\\resources',
  '--index-path',
  'D:\\HW\\testproject\\complete\\3\\entry\\build\\default\\intermediates\\res\\default\\resources.index',
  '--pack-info-path',
  'D:\\HW\\testproject\\complete\\3\\entry\\build\\default\\outputs\\default\\pack.info',
  '--out-path',
  'D:\\HW\\testproject\\complete\\3\\entry\\build\\default\\outputs\\default\\entry-default-unsigned.hap',
  '--ets-path',
  'D:\\HW\\testproject\\complete\\3\\entry\\build\\default\\intermediates\\loader_out\\default\\ets',
  '--pkg-context-path',
  'D:\\HW\\testproject\\complete\\3\\entry\\build\\default\\intermediates\\loader\\default\\pkgContextInfo.json'
]
[2026-09-10T16:03:03.410] [DEBUG] debug-file - default@PackageHap work[2] is submitted.
[2026-09-10T16:03:03.411] [DEBUG] debug-file - default@PackageHap work[2] is pushed to ready queue.
[2026-09-10T16:03:03.411] [DEBUG] debug-file - A work dispatched to worker[15] failed because unable to get work from ready queue.
[2026-09-10T16:03:03.412] [DEBUG] debug-file - default@PackageHap work[2] has been dispatched to worker[14].
[2026-09-10T16:03:03.412] [DEBUG] debug-file - default@PackageHap work[2] is dispatched.
[2026-09-10T16:03:03.419] [DEBUG] debug-file - entry : default@PackageHap cost memory 0.35569000244140625
[2026-09-10T16:03:03.694] [DEBUG] debug-file - current process  memoryUsage: {
  rss: 660303872,
  heapTotal: 52379648,
  heapUsed: 47691280,
  external: 3958577,
  arrayBuffers: 18671
} os memoryUsage :15.071285247802734
[2026-09-10T16:03:09.427] [DEBUG] debug-file - worker[14] has one work done.
[2026-09-10T16:03:09.427] [DEBUG] debug-file - default@PackageHap work[2] done.
[2026-09-10T16:03:09.429] [INFO] debug-file - Finished :entry:default@PackageHap... after 5 s 771 ms 
[2026-09-10T16:03:09.432] [DEBUG] debug-file - Executing task :entry:default@PackingCheck
[2026-09-10T16:03:09.443] [DEBUG] debug-file - entry : default@PackingCheck cost memory 0.5334091186523438
[2026-09-10T16:03:09.443] [DEBUG] debug-file - runTaskFromQueue task cost before running: 1 min 18 s 971 ms 
[2026-09-10T16:03:09.444] [INFO] debug-file - Finished :entry:default@PackingCheck... after 12 ms 
[2026-09-10T16:03:09.447] [DEBUG] debug-file - Executing task :entry:default@SignHap
[2026-09-10T16:03:09.448] [WARN] debug-file - Will skip sign 'hos_hap'. No signingConfigs profile is configured in current project.
             If needed, configure the signingConfigs in D:\HW\testproject\complete\3\build-profile.json5.
[2026-09-10T16:03:09.452] [DEBUG] debug-file - entry : default@SignHap cost memory 0.08908843994140625
[2026-09-10T16:03:09.452] [DEBUG] debug-file - runTaskFromQueue task cost before running: 1 min 18 s 980 ms 
[2026-09-10T16:03:09.453] [INFO] debug-file - Finished :entry:default@SignHap... after 6 ms 
[2026-09-10T16:03:09.457] [DEBUG] debug-file - Executing task :entry:default@CollectDebugSymbol
[2026-09-10T16:03:09.461] [DEBUG] debug-file - entry : default@CollectDebugSymbol cost memory -0.6802291870117188
[2026-09-10T16:03:09.461] [DEBUG] debug-file - runTaskFromQueue task cost before running: 1 min 18 s 988 ms 
[2026-09-10T16:03:09.462] [INFO] debug-file - Finished :entry:default@CollectDebugSymbol... after 5 ms 
[2026-09-10T16:03:09.463] [DEBUG] debug-file - Executing task :entry:assembleHap
[2026-09-10T16:03:09.464] [DEBUG] debug-file - entry : assembleHap cost memory 0.277008056640625
[2026-09-10T16:03:09.464] [DEBUG] debug-file - runTaskFromQueue task cost before running: 1 min 18 s 991 ms 
[2026-09-10T16:03:09.464] [INFO] debug-file - Finished :entry:assembleHap... after 1 ms 
[2026-09-10T16:03:09.465] [DEBUG] debug-file - Executing task ::MakeProjectPackInfo
[2026-09-10T16:03:09.468] [DEBUG] debug-file - Task ':MakeProjectPackInfo' cost while wrapping incremental declarations: 1 ms 
[2026-09-10T16:03:09.471] [DEBUG] debug-file - Project Pack Info: {
  summary: {
    app: { bundleName: 'c***p', bundleType: 'app', version: [Object] },
    modules: [ [Object] ]
  },
  packages: [
    {
      deviceType: [Array],
      moduleType: 'entry',
      deliveryWithInstall: true,
      name: 'entry-default'
    }
  ]
}
[2026-09-10T16:03:09.475] [DEBUG] debug-file - 3 : MakeProjectPackInfo cost memory 0.24002838134765625
[2026-09-10T16:03:09.475] [DEBUG] debug-file - runTaskFromQueue task cost before running: 1 min 19 s 3 ms 
[2026-09-10T16:03:09.476] [INFO] debug-file - Finished ::MakeProjectPackInfo... after 11 ms 
[2026-09-10T16:03:09.476] [DEBUG] debug-file - Executing task ::ProcessProjectPrivacyProfile
[2026-09-10T16:03:09.485] [DEBUG] debug-file - 3 : ProcessProjectPrivacyProfile cost memory 0.1964874267578125
[2026-09-10T16:03:09.486] [DEBUG] debug-file - runTaskFromQueue task cost before running: 1 min 19 s 13 ms 
[2026-09-10T16:03:09.487] [INFO] debug-file - Finished ::ProcessProjectPrivacyProfile... after 10 ms 
[2026-09-10T16:03:09.487] [DEBUG] debug-file - Executing task ::GeneratePackRes
[2026-09-10T16:03:09.488] [DEBUG] debug-file - 3 : GeneratePackRes cost memory 0.02362060546875
[2026-09-10T16:03:09.488] [DEBUG] debug-file - runTaskFromQueue task cost before running: 1 min 19 s 16 ms 
[2026-09-10T16:03:09.489] [INFO] debug-file - Finished ::GeneratePackRes... after 1 ms 
[2026-09-10T16:03:09.489] [DEBUG] debug-file - Executing task ::PackageApp
[2026-09-10T16:03:09.492] [DEBUG] debug-file - Task ':PackageApp' cost while wrapping incremental declarations: 1 ms 
[2026-09-10T16:03:09.503] [DEBUG] debug-file - Use tool [PackageApp]
 [
  'java',
  '-Dfile.encoding=GBK',
  '-jar',
  'E:\\DevEco Studio\\sdk\\default\\openharmony\\toolchains\\lib\\app_packing_tool.jar',
  '--mode',
  'app',
  '--pack-info-path',
  'D:\\HW\\testproject\\complete\\3\\build\\outputs\\default\\pack.info',
  '--hap-path',
  'D:\\HW\\testproject\\complete\\3\\entry\\build\\default\\outputs\\default\\app\\entry-default.hap',
  '--hsp-path',
  '',
  '--force',
  'true',
  '--out-path',
  'D:\\HW\\testproject\\complete\\3\\build\\outputs\\default\\3-default-unsigned.app',
  '--main-module-limit',
  '2',
  '--normal-module-limit',
  '2',
  '--pac-json-path',
  'D:\\HW\\testproject\\complete\\3\\build\\outputs\\default\\pac.json'
]
[2026-09-10T16:03:09.504] [DEBUG] debug-file - current process  memoryUsage: {
  rss: 581513216,
  heapTotal: 121720832,
  heapUsed: 117436976,
  external: 3968351,
  arrayBuffers: 32700
} os memoryUsage :15.08005142211914
[2026-09-10T16:03:09.749] [DEBUG] debug-file - A work dispatched to worker[14] failed because unable to get work from ready queue.
[2026-09-10T16:03:14.021] [DEBUG] debug-file - 3 : PackageApp cost memory -0.36669158935546875
[2026-09-10T16:03:14.022] [DEBUG] debug-file - runTaskFromQueue task cost before running: 1 min 23 s 549 ms 
[2026-09-10T16:03:14.022] [INFO] debug-file - Finished ::PackageApp... after 4 s 533 ms 
[2026-09-10T16:03:14.023] [DEBUG] debug-file - Executing task ::SignPackagesFromApp
[2026-09-10T16:03:14.026] [DEBUG] debug-file - 3 : SignPackagesFromApp cost memory 0.03310394287109375
[2026-09-10T16:03:14.026] [DEBUG] debug-file - runTaskFromQueue task cost before running: 1 min 23 s 553 ms 
[2026-09-10T16:03:14.027] [INFO] debug-file - Finished ::SignPackagesFromApp... after 4 ms 
[2026-09-10T16:03:14.027] [DEBUG] debug-file - Executing task ::SignApp
[2026-09-10T16:03:14.027] [DEBUG] debug-file - signingConfigName of signApp is :  undefined
[2026-09-10T16:03:14.028] [WARN] debug-file - Will skip sign 'app'. No signingConfigs profile is configured in current project.
             If needed, configure the signingConfigs in D:\HW\testproject\complete\3\build-profile.json5.
[2026-09-10T16:03:14.029] [DEBUG] debug-file - 3 : SignApp cost memory 0.0980987548828125
[2026-09-10T16:03:14.029] [DEBUG] debug-file - runTaskFromQueue task cost before running: 1 min 23 s 556 ms 
[2026-09-10T16:03:14.029] [INFO] debug-file - Finished ::SignApp... after 2 ms 
[2026-09-10T16:03:14.029] [DEBUG] debug-file - Executing task ::assembleApp
[2026-09-10T16:03:14.030] [DEBUG] debug-file - 3 : assembleApp cost memory 0.01305389404296875
[2026-09-10T16:03:14.030] [DEBUG] debug-file - runTaskFromQueue task cost before running: 1 min 23 s 557 ms 
[2026-09-10T16:03:14.030] [INFO] debug-file - Finished ::assembleApp... after 1 ms 
[2026-09-10T16:03:14.033] [INFO] debug-file - BUILD SUCCESSFUL in 1 min 23 s 560 ms 
[2026-09-10T16:03:14.036] [DEBUG] debug-file - Update task entry:default@PreBuild input file:D:\HW\testproject\complete\3\AppScope\app.json5 cache by regenerate.
[2026-09-10T16:03:14.037] [DEBUG] debug-file - Update task entry:default@PreBuild input file:D:\HW\testproject\complete\3\entry\src\main\module.json5 cache by regenerate.
[2026-09-10T16:03:14.038] [DEBUG] debug-file - Update task entry:default@PreBuild input file:D:\HW\testproject\complete\3\build-profile.json5 cache by regenerate.
[2026-09-10T16:03:14.038] [DEBUG] debug-file - Update task entry:default@PreBuild input file:D:\HW\testproject\complete\3\entry\build-profile.json5 cache by regenerate.
[2026-09-10T16:03:14.038] [DEBUG] debug-file - Update task entry:default@PreBuild input file:D:\HW\testproject\complete\3\entry\src\main\resources\base\profile\main_pages.json cache by regenerate.
[2026-09-10T16:03:14.038] [DEBUG] debug-file - Update task entry:default@PreBuild input file:D:\HW\testproject\complete\3\hvigor\hvigor-config.json5 cache by regenerate.
[2026-09-10T16:03:14.039] [DEBUG] debug-file - Update task entry:default@PreBuild input file:D:\HW\testproject\complete\3\entry\src\mock\mock-config.json5 cache by regenerate.
[2026-09-10T16:03:14.039] [DEBUG] debug-file - Update task entry:default@PreBuild input file:D:\HW\testproject\complete\3\entry\oh-package.json5 cache by regenerate.
[2026-09-10T16:03:14.039] [DEBUG] debug-file - Update task entry:default@PreBuild input file:D:\HW\testproject\complete\3\oh-package.json5 cache by regenerate.
[2026-09-10T16:03:14.040] [DEBUG] debug-file - Incremental task entry:default@PreBuild post-execution cost:6 ms .
[2026-09-10T16:03:14.040] [DEBUG] debug-file - Update task entry:default@CreateModuleInfo output file:D:\HW\testproject\complete\3\entry\build\default\generated\profile\default\ModuleInfo.ts cache.
[2026-09-10T16:03:14.041] [DEBUG] debug-file - Incremental task entry:default@CreateModuleInfo post-execution cost:1 ms .
[2026-09-10T16:03:14.041] [DEBUG] debug-file - Update task entry:default@GenerateMetadata input file:D:\HW\testproject\complete\3\entry\src\main\module.json5 cache by regenerate.
[2026-09-10T16:03:14.041] [DEBUG] debug-file - Update task entry:default@GenerateMetadata output file:D:\HW\testproject\complete\3\entry\build\default\intermediates\hap_metadata\default\output_metadata.json cache.
[2026-09-10T16:03:14.042] [DEBUG] debug-file - Incremental task entry:default@GenerateMetadata post-execution cost:1 ms .
[2026-09-10T16:03:14.042] [DEBUG] debug-file - Update task entry:default@MergeProfile input file:D:\HW\testproject\complete\3\AppScope\app.json5 cache by regenerate.
[2026-09-10T16:03:14.042] [DEBUG] debug-file - Update task entry:default@MergeProfile input file:D:\HW\testproject\complete\3\build-profile.json5 cache by regenerate.
[2026-09-10T16:03:14.042] [DEBUG] debug-file - Update task entry:default@MergeProfile input file:D:\HW\testproject\complete\3\entry\src\main\module.json5 cache by regenerate.
[2026-09-10T16:03:14.043] [DEBUG] debug-file - Update task entry:default@MergeProfile output file:D:\HW\testproject\complete\3\entry\build\default\intermediates\merge_profile\default\module.json cache.
[2026-09-10T16:03:14.044] [DEBUG] debug-file - Incremental task entry:default@MergeProfile post-execution cost:2 ms .
[2026-09-10T16:03:14.044] [DEBUG] debug-file - Update task entry:default@CreateBuildProfile input file:D:\HW\testproject\complete\3\AppScope\app.json5 cache by regenerate.
[2026-09-10T16:03:14.045] [DEBUG] debug-file - Update task entry:default@CreateBuildProfile input file:D:\HW\testproject\complete\3\build-profile.json5 cache by regenerate.
[2026-09-10T16:03:14.048] [DEBUG] debug-file - Update task entry:default@CreateBuildProfile output file:D:\HW\testproject\complete\3\entry\build\default\generated\profile\default\BuildProfile.ets cache.
[2026-09-10T16:03:14.049] [DEBUG] debug-file - Incremental task entry:default@CreateBuildProfile post-execution cost:5 ms .
[2026-09-10T16:03:14.049] [DEBUG] debug-file - Update task entry:default@GeneratePkgContextInfo output file:D:\HW\testproject\complete\3\entry\build\default\intermediates\loader\default\pkgContextInfo.json cache.
[2026-09-10T16:03:14.050] [DEBUG] debug-file - Incremental task entry:default@GeneratePkgContextInfo post-execution cost:1 ms .
[2026-09-10T16:03:14.050] [DEBUG] debug-file - Update task entry:default@GeneratePkgSdkInfo output file:D:\HW\testproject\complete\3\entry\build\default\intermediates\loader\default\pkgSdkInfo.json cache.
[2026-09-10T16:03:14.051] [DEBUG] debug-file - Incremental task entry:default@GeneratePkgSdkInfo post-execution cost:1 ms .
[2026-09-10T16:03:14.052] [DEBUG] debug-file - Update task entry:default@ProcessIntegratedHsp output file:D:\HW\testproject\complete\3\build\cache\default\integrated_hsp\integratedHspCache.json cache.
[2026-09-10T16:03:14.052] [DEBUG] debug-file - Incremental task entry:default@ProcessIntegratedHsp post-execution cost:1 ms .
[2026-09-10T16:03:14.053] [DEBUG] debug-file - Update task entry:default@MakePackInfo input file:D:\HW\testproject\complete\3\AppScope\app.json5 cache by regenerate.
[2026-09-10T16:03:14.053] [DEBUG] debug-file - Update task entry:default@MakePackInfo input file:D:\HW\testproject\complete\3\entry\src\main\module.json5 cache by regenerate.
[2026-09-10T16:03:14.054] [DEBUG] debug-file - Update task entry:default@MakePackInfo input file:D:\HW\testproject\complete\3\build-profile.json5 cache by regenerate.
[2026-09-10T16:03:14.054] [DEBUG] debug-file - Update task entry:default@MakePackInfo input file:D:\HW\testproject\complete\3\entry\src\main\resources\base\profile\backup_config.json cache by regenerate.
[2026-09-10T16:03:14.054] [DEBUG] debug-file - Update task entry:default@MakePackInfo output file:D:\HW\testproject\complete\3\entry\build\default\outputs\default\pack.info cache.
[2026-09-10T16:03:14.055] [DEBUG] debug-file - Incremental task entry:default@MakePackInfo post-execution cost:3 ms .
[2026-09-10T16:03:14.055] [DEBUG] debug-file - Update task entry:default@SyscapTransform input file:E:\DevEco Studio\sdk\default\openharmony\toolchains\syscap_tool.exe cache by regenerate.
[2026-09-10T16:03:14.055] [DEBUG] debug-file - Update task entry:default@SyscapTransform input file:E:\DevEco Studio\sdk\default\openharmony\ets\api\device-define cache by regenerate.
[2026-09-10T16:03:14.058] [DEBUG] debug-file - Update task entry:default@SyscapTransform output file:D:\HW\testproject\complete\3\entry\build\default\intermediates\syscap\default\rpcid.sc cache.
[2026-09-10T16:03:14.059] [DEBUG] debug-file - Incremental task entry:default@SyscapTransform post-execution cost:4 ms .
[2026-09-10T16:03:14.059] [DEBUG] debug-file - Update task entry:default@ProcessProfile input file:D:\HW\testproject\complete\3\entry\build\default\intermediates\merge_profile\default\module.json cache by regenerate.
[2026-09-10T16:03:14.060] [DEBUG] debug-file - Update task entry:default@ProcessProfile output file:D:\HW\testproject\complete\3\entry\build\default\intermediates\process_profile\default\module.json cache.
[2026-09-10T16:03:14.060] [DEBUG] debug-file - Incremental task entry:default@ProcessProfile post-execution cost:2 ms .
[2026-09-10T16:03:14.062] [DEBUG] debug-file - Update task entry:default@ProcessRouterMap input file:D:\HW\testproject\complete\3\entry\oh-package.json5 cache by regenerate.
[2026-09-10T16:03:14.062] [DEBUG] debug-file - Update task entry:default@ProcessRouterMap input file:D:\HW\testproject\complete\3\oh-package.json5 cache by regenerate.
[2026-09-10T16:03:14.063] [DEBUG] debug-file - Update task entry:default@ProcessRouterMap input file:D:\HW\testproject\complete\3\entry\src\main\module.json5 cache by regenerate.
[2026-09-10T16:03:14.063] [DEBUG] debug-file - Update task entry:default@ProcessRouterMap input file:D:\HW\testproject\complete\3\entry\build\default\intermediates\loader\default\pkgContextInfo.json cache by regenerate.
[2026-09-10T16:03:14.064] [DEBUG] debug-file - Update task entry:default@ProcessRouterMap output file:D:\HW\testproject\complete\3\entry\build\default\intermediates\router_map\default\temp-router-map.json cache.
[2026-09-10T16:03:14.065] [DEBUG] debug-file - Update task entry:default@ProcessRouterMap output file:D:\HW\testproject\complete\3\entry\build\default\intermediates\router_map\default\loader-router-map.json cache.
[2026-09-10T16:03:14.066] [DEBUG] debug-file - Incremental task entry:default@ProcessRouterMap post-execution cost:6 ms .
[2026-09-10T16:03:14.067] [DEBUG] debug-file - Update task entry:default@ProcessShareConfig input file:D:\HW\testproject\complete\3\entry\oh-package.json5 cache by regenerate.
[2026-09-10T16:03:14.067] [DEBUG] debug-file - Update task entry:default@ProcessShareConfig input file:D:\HW\testproject\complete\3\oh-package.json5 cache by regenerate.
[2026-09-10T16:03:14.068] [DEBUG] debug-file - Update task entry:default@ProcessShareConfig input file:D:\HW\testproject\complete\3\entry\src\main\module.json5 cache by regenerate.
[2026-09-10T16:03:14.068] [DEBUG] debug-file - Update task entry:default@ProcessShareConfig input file:D:\HW\testproject\complete\3\entry\build\default\intermediates\loader\default\pkgContextInfo.json cache by regenerate.
[2026-09-10T16:03:14.068] [DEBUG] debug-file - Update task entry:default@ProcessShareConfig output file:D:\HW\testproject\complete\3\entry\build\default\intermediates\share_config\default\temp-share-config.json cache.
[2026-09-10T16:03:14.069] [DEBUG] debug-file - Incremental task entry:default@ProcessShareConfig post-execution cost:3 ms .
[2026-09-10T16:03:14.069] [DEBUG] debug-file - Update task entry:default@ProcessStartupConfig input file:D:\HW\testproject\complete\3\entry\build\default\intermediates\loader\default\pkgContextInfo.json cache by regenerate.
[2026-09-10T16:03:14.070] [DEBUG] debug-file - Update task entry:default@ProcessStartupConfig output file:D:\HW\testproject\complete\3\entry\build\default\intermediates\startup\default\startup_config.json cache.
[2026-09-10T16:03:14.071] [DEBUG] debug-file - Incremental task entry:default@ProcessStartupConfig post-execution cost:3 ms .
[2026-09-10T16:03:14.071] [DEBUG] debug-file - Update task entry:default@ProcessResource output file:D:\HW\testproject\complete\3\entry\build\default\intermediates\res\default\resConfig.json cache.
[2026-09-10T16:03:14.073] [DEBUG] debug-file - Update task entry:default@ProcessResource output file:D:\HW\testproject\complete\3\entry\build\default\intermediates\res\default\opt-compression.json cache.
[2026-09-10T16:03:14.074] [DEBUG] debug-file - Incremental task entry:default@ProcessResource post-execution cost:3 ms .
[2026-09-10T16:03:14.078] [DEBUG] debug-file - Update task entry:default@GenerateLoaderJson input file:D:\HW\testproject\complete\3\entry\src\mock\mock-config.json5 cache by regenerate.
[2026-09-10T16:03:14.080] [DEBUG] debug-file - Update task entry:default@GenerateLoaderJson input file:D:\HW\testproject\complete\3\entry\build\default\intermediates\loader\default\pkgContextInfo.json cache by regenerate.
[2026-09-10T16:03:14.081] [DEBUG] debug-file - Update task entry:default@GenerateLoaderJson input file:D:\HW\testproject\complete\3\entry\build\default\intermediates\router_map\default\temp-router-map.json cache by regenerate.
[2026-09-10T16:03:14.081] [DEBUG] debug-file - Update task entry:default@GenerateLoaderJson output file:D:\HW\testproject\complete\3\entry\build\default\intermediates\loader\default\loader.json cache.
[2026-09-10T16:03:14.082] [DEBUG] debug-file - Incremental task entry:default@GenerateLoaderJson post-execution cost:8 ms .
[2026-09-10T16:03:14.082] [DEBUG] debug-file - Update task entry:default@ProcessLibs input file:D:\HW\testproject\complete\3\build-profile.json5 cache by regenerate.
[2026-09-10T16:03:14.083] [DEBUG] debug-file - Update task entry:default@ProcessLibs input file:D:\HW\testproject\complete\3\entry\build-profile.json5 cache by regenerate.
[2026-09-10T16:03:14.083] [DEBUG] debug-file - Update task entry:default@ProcessLibs output file:D:\HW\testproject\complete\3\entry\build\default\intermediates\libs\default cache.
[2026-09-10T16:03:14.083] [DEBUG] debug-file - Incremental task entry:default@ProcessLibs post-execution cost:2 ms .
[2026-09-10T16:03:14.084] [DEBUG] debug-file - Update task entry:default@CompileResource input file:D:\HW\testproject\complete\3\entry\src\main\resources cache by regenerate.
[2026-09-10T16:03:14.093] [DEBUG] debug-file - Update task entry:default@CompileResource input file:D:\HW\testproject\complete\3\AppScope\resources cache by regenerate.
[2026-09-10T16:03:14.096] [DEBUG] debug-file - Update task entry:default@CompileResource input file:D:\HW\testproject\complete\3\entry\build\default\intermediates\process_profile\default\module.json cache by regenerate.
[2026-09-10T16:03:14.097] [DEBUG] debug-file - Update task entry:default@CompileResource input file:D:\HW\testproject\complete\3\entry\build\default\intermediates\res\default\resConfig.json cache by regenerate.
[2026-09-10T16:03:14.097] [DEBUG] debug-file - Update task entry:default@CompileResource output file:D:\HW\testproject\complete\3\entry\build\default\intermediates\res\default cache.
[2026-09-10T16:03:14.108] [DEBUG] debug-file - Update task entry:default@CompileResource output file:D:\HW\testproject\complete\3\entry\build\default\generated\r\default\ResourceTable.h cache.
[2026-09-10T16:03:14.110] [DEBUG] debug-file - Update task entry:default@CompileResource output file:D:\HW\testproject\complete\3\entry\build\default\generated\r\default\ResourceTable.ts cache.
[2026-09-10T16:03:14.111] [DEBUG] debug-file - Update task entry:default@CompileResource output file:D:\HW\testproject\complete\3\entry\build\default\generated\r\default cache.
[2026-09-10T16:03:14.112] [DEBUG] debug-file - Incremental task entry:default@CompileResource post-execution cost:29 ms .
[2026-09-10T16:03:14.113] [DEBUG] debug-file - Update task entry:default@DoNativeStrip input file:D:\HW\testproject\complete\3\entry\build\default\intermediates\libs\default cache by regenerate.
[2026-09-10T16:03:14.113] [DEBUG] debug-file - Update task entry:default@DoNativeStrip output file:D:\HW\testproject\complete\3\entry\build\default\intermediates\stripped_native_libs\default cache.
[2026-09-10T16:03:14.113] [DEBUG] debug-file - Incremental task entry:default@DoNativeStrip post-execution cost:1 ms .
[2026-09-10T16:03:14.115] [DEBUG] debug-file - Update task entry:default@CompileArkTS input file:D:\HW\testproject\complete\3\entry\build\default\intermediates\loader\default cache by regenerate.
[2026-09-10T16:03:14.116] [DEBUG] debug-file - Update task entry:default@CompileArkTS input file:D:\HW\testproject\complete\3\entry\build\default\intermediates\res\default\resources\rawfile cache by regenerate.
[2026-09-10T16:03:14.116] [DEBUG] debug-file - Update task entry:default@CompileArkTS input file:D:\HW\testproject\complete\3\entry\build\default\intermediates\res\default\ResourceTable.txt cache by regenerate.
[2026-09-10T16:03:14.117] [DEBUG] debug-file - Update task entry:default@CompileArkTS input file:D:\HW\testproject\complete\3\entry\build\default\intermediates\res\default\ark_module.json cache by regenerate.
[2026-09-10T16:03:14.117] [DEBUG] debug-file - Update task entry:default@CompileArkTS input file:D:\HW\testproject\complete\3\entry\build\default\intermediates\res\default\resources\base\profile cache by regenerate.
[2026-09-10T16:03:14.118] [DEBUG] debug-file - Update task entry:default@CompileArkTS input file:D:\HW\testproject\complete\3\entry\src\main\ets cache by regenerate.
[2026-09-10T16:03:14.120] [DEBUG] debug-file - Update task entry:default@CompileArkTS input file:D:\HW\testproject\complete\3\entry\build\default\intermediates\loader\default\pkgContextInfo.json cache by regenerate.
[2026-09-10T16:03:14.121] [DEBUG] debug-file - Update task entry:default@CompileArkTS input file:D:\HW\testproject\complete\3\entry\build\default\generated\profile\default\BuildProfile.ets cache by regenerate.
[2026-09-10T16:03:14.121] [DEBUG] debug-file - Update task entry:default@CompileArkTS input file:D:\HW\testproject\complete\3\entry\src\mock\mock-config.json5 cache by regenerate.
[2026-09-10T16:03:14.123] [DEBUG] debug-file - Update task entry:default@CompileArkTS output file:D:\HW\testproject\complete\3\entry\build\default\intermediates\loader_out\default\ets cache.
[2026-09-10T16:03:14.124] [DEBUG] debug-file - Incremental task entry:default@CompileArkTS post-execution cost:11 ms .
[2026-09-10T16:03:14.126] [DEBUG] debug-file - Update task entry:default@BuildJS input file:D:\HW\testproject\complete\3\entry\build\default\intermediates\loader\default cache by regenerate.
[2026-09-10T16:03:14.128] [DEBUG] debug-file - Update task entry:default@BuildJS input file:D:\HW\testproject\complete\3\entry\build\default\intermediates\res\default\resources\rawfile cache by regenerate.
[2026-09-10T16:03:14.128] [DEBUG] debug-file - Update task entry:default@BuildJS input file:D:\HW\testproject\complete\3\entry\build\default\intermediates\res\default\ResourceTable.txt cache by regenerate.
[2026-09-10T16:03:14.128] [DEBUG] debug-file - Update task entry:default@BuildJS input file:D:\HW\testproject\complete\3\entry\build\default\intermediates\res\default\ark_module.json cache by regenerate.
[2026-09-10T16:03:14.128] [DEBUG] debug-file - Update task entry:default@BuildJS input file:D:\HW\testproject\complete\3\entry\build\default\intermediates\res\default\resources\base\profile cache by regenerate.
[2026-09-10T16:03:14.129] [DEBUG] debug-file - Update task entry:default@BuildJS input file:D:\HW\testproject\complete\3\entry\build\default\intermediates\loader\default\pkgContextInfo.json cache by regenerate.
[2026-09-10T16:03:14.129] [DEBUG] debug-file - Update task entry:default@BuildJS output file:D:\HW\testproject\complete\3\entry\build\default\intermediates\loader_out\default\js cache.
[2026-09-10T16:03:14.130] [DEBUG] debug-file - Incremental task entry:default@BuildJS post-execution cost:6 ms .
[2026-09-10T16:03:14.130] [DEBUG] debug-file - Update task entry:default@CacheNativeLibs input file:D:\HW\testproject\complete\3\entry\build\default\intermediates\stripped_native_libs\default cache by regenerate.
[2026-09-10T16:03:14.130] [DEBUG] debug-file - Update task entry:default@CacheNativeLibs input file:D:\HW\testproject\complete\3\entry\build\default\intermediates\libs\default cache by regenerate.
[2026-09-10T16:03:14.131] [DEBUG] debug-file - Update task entry:default@CacheNativeLibs output file:D:\HW\testproject\complete\3\entry\build\default\intermediates\patch\default\base_native_libs.json cache.
[2026-09-10T16:03:14.132] [DEBUG] debug-file - Update task entry:default@CacheNativeLibs output file:D:\HW\testproject\complete\3\entry\build\default\intermediates\patch\default\binxo_native_libs.json cache.
[2026-09-10T16:03:14.133] [DEBUG] debug-file - Incremental task entry:default@CacheNativeLibs post-execution cost:4 ms .
[2026-09-10T16:03:14.134] [DEBUG] debug-file - Update task entry:default@GeneratePkgModuleJson input file:D:\HW\testproject\complete\3\entry\build\default\intermediates\res\default\module.json cache by regenerate.
[2026-09-10T16:03:14.135] [DEBUG] debug-file - Update task entry:default@GeneratePkgModuleJson output file:D:\HW\testproject\complete\3\entry\build\default\intermediates\package\default\module.json cache.
[2026-09-10T16:03:14.137] [DEBUG] debug-file - Incremental task entry:default@GeneratePkgModuleJson post-execution cost:2 ms .
[2026-09-10T16:03:14.137] [DEBUG] debug-file - Incremental task entry:default@ProcessCompiledResources post-execution cost:1 ms .
[2026-09-10T16:03:14.142] [DEBUG] debug-file - Update task entry:default@PackageHap input file:D:\HW\testproject\complete\3\entry\build\default\outputs\default\pack.info cache by regenerate.
[2026-09-10T16:03:14.143] [DEBUG] debug-file - Update task entry:default@PackageHap input file:D:\HW\testproject\complete\3\entry\build\default\intermediates\stripped_native_libs\default cache by regenerate.
[2026-09-10T16:03:14.143] [DEBUG] debug-file - Update task entry:default@PackageHap input file:D:\HW\testproject\complete\3\entry\build\default\intermediates\res\default\module.json cache by regenerate.
[2026-09-10T16:03:14.144] [DEBUG] debug-file - Update task entry:default@PackageHap input file:D:\HW\testproject\complete\3\entry\build\default\intermediates\res\default\resources cache by regenerate.
[2026-09-10T16:03:14.146] [DEBUG] debug-file - Update task entry:default@PackageHap input file:D:\HW\testproject\complete\3\entry\build\default\intermediates\res\default\resources.index cache by regenerate.
[2026-09-10T16:03:14.146] [DEBUG] debug-file - Update task entry:default@PackageHap input file:D:\HW\testproject\complete\3\entry\build\default\intermediates\loader_out\default\ets cache by regenerate.
[2026-09-10T16:03:14.148] [DEBUG] debug-file - Update task entry:default@PackageHap input file:D:\HW\testproject\complete\3\entry\build\default\intermediates\loader\default\pkgContextInfo.json cache by regenerate.
[2026-09-10T16:03:14.148] [DEBUG] debug-file - Update task entry:default@PackageHap input file:D:\HW\testproject\complete\3\entry\build\default\intermediates\package\default\module.json cache by regenerate.
[2026-09-10T16:03:14.149] [DEBUG] debug-file - Update task entry:default@PackageHap input file:D:\HW\testproject\complete\3\entry\build\default\intermediates\loader_out\default\ets\sourceMaps.map cache by regenerate.
[2026-09-10T16:03:14.150] [DEBUG] debug-file - Update task entry:default@PackageHap input file:D:\HW\testproject\complete\3\entry\build\default\generated\profile\default\BuildProfile.ets cache by regenerate.
[2026-09-10T16:03:14.151] [DEBUG] debug-file - Update task entry:default@PackageHap output file:D:\HW\testproject\complete\3\entry\build\default\outputs\default\entry-default-unsigned.hap cache.
[2026-09-10T16:03:14.152] [DEBUG] debug-file - Update task entry:default@PackageHap output file:D:\HW\testproject\complete\3\entry\build\default\intermediates\source_map\default\sourceMaps.map cache.
[2026-09-10T16:03:14.152] [DEBUG] debug-file - Update task entry:default@PackageHap output file:D:\HW\testproject\complete\3\entry\build\default\outputs\default\mapping\sourceMaps.map cache.
[2026-09-10T16:03:14.154] [DEBUG] debug-file - Incremental task entry:default@PackageHap post-execution cost:17 ms .
[2026-09-10T16:03:14.155] [DEBUG] debug-file - Update task entry:default@SignHap input file:D:\HW\testproject\complete\3\entry\build\default\outputs\default\entry-default-unsigned.hap cache by regenerate.
[2026-09-10T16:03:14.156] [DEBUG] debug-file - Update task entry:default@SignHap output file:D:\HW\testproject\complete\3\entry\build\default\outputs\default\entry-default-signed.hap cache.
[2026-09-10T16:03:14.157] [DEBUG] debug-file - Incremental task entry:default@SignHap post-execution cost:3 ms .
[2026-09-10T16:03:14.158] [DEBUG] debug-file - Update task entry:default@CollectDebugSymbol input file:D:\HW\testproject\complete\3\entry\build\default\intermediates\loader_out\default\ets\sourceMaps.map cache by regenerate.
[2026-09-10T16:03:14.158] [DEBUG] debug-file - Update task entry:default@CollectDebugSymbol input file:D:\HW\testproject\complete\3\entry\build\default\intermediates\libs\default cache by regenerate.
[2026-09-10T16:03:14.159] [DEBUG] debug-file - Update task entry:default@CollectDebugSymbol output file:D:\HW\testproject\complete\3\entry\build\default\outputs\default\symbol cache.
[2026-09-10T16:03:14.159] [DEBUG] debug-file - Incremental task entry:default@CollectDebugSymbol post-execution cost:2 ms .
[2026-09-10T16:03:14.159] [DEBUG] debug-file - Update task :MakeProjectPackInfo input file:D:\HW\testproject\complete\3\entry\build\default\outputs\default\pack.info cache by regenerate.
[2026-09-10T16:03:14.160] [DEBUG] debug-file - Update task :MakeProjectPackInfo output file:D:\HW\testproject\complete\3\build\outputs\default\pack.info cache.
[2026-09-10T16:03:14.160] [DEBUG] debug-file - Incremental task :MakeProjectPackInfo post-execution cost:1 ms .
[2026-09-10T16:03:14.160] [DEBUG] debug-file - Update task :ProcessProjectPrivacyProfile output file:D:\HW\testproject\complete\3\build\outputs\default\pac.json cache.
[2026-09-10T16:03:14.160] [DEBUG] debug-file - Incremental task :ProcessProjectPrivacyProfile post-execution cost:1 ms .
[2026-09-10T16:03:14.161] [DEBUG] debug-file - Update task :GeneratePackRes input file:D:\HW\testproject\complete\3\build\outputs\default\pack.info cache by regenerate.
[2026-09-10T16:03:14.161] [DEBUG] debug-file - Incremental task :GeneratePackRes post-execution cost:1 ms .
[2026-09-10T16:03:14.161] [DEBUG] debug-file - Update task :PackageApp input file:D:\HW\testproject\complete\3\build\outputs\default\pack.info cache by regenerate.
[2026-09-10T16:03:14.162] [DEBUG] debug-file - Update task :PackageApp input file:D:\HW\testproject\complete\3\entry\build\default\outputs\default\entry-default-unsigned.hap cache by regenerate.
[2026-09-10T16:03:14.163] [DEBUG] debug-file - Update task :PackageApp input file:D:\HW\testproject\complete\3\build\outputs\default\pac.json cache by regenerate.
[2026-09-10T16:03:14.164] [DEBUG] debug-file - Update task :PackageApp output file:D:\HW\testproject\complete\3\build\outputs\default\3-default-unsigned.app cache.
[2026-09-10T16:03:14.165] [DEBUG] debug-file - Update task :PackageApp output file:D:\HW\testproject\complete\3\entry\build\default\outputs\default\app\entry-default.hap cache.
[2026-09-10T16:03:14.165] [DEBUG] debug-file - Update task :PackageApp output file:D:\HW\testproject\complete\3\build\outputs\default\symbol\debug cache.
[2026-09-10T16:03:14.166] [DEBUG] debug-file - Incremental task :PackageApp post-execution cost:5 ms .
[2026-09-10T16:03:14.167] [DEBUG] debug-file - Update task :SignPackagesFromApp input file:D:\HW\testproject\complete\3\build\outputs\default\3-default-unsigned.app cache by regenerate.
[2026-09-10T16:03:14.168] [DEBUG] debug-file - Incremental task :SignPackagesFromApp post-execution cost:2 ms .
[2026-09-10T16:03:14.168] [DEBUG] debug-file - Update task :SignApp input file:D:\HW\testproject\complete\3\build\outputs\default\3-default-unsigned.app cache by regenerate.
[2026-09-10T16:03:14.169] [DEBUG] debug-file - Update task :SignApp output file:D:\HW\testproject\complete\3\build\outputs\default\3-default-signed.app cache.
[2026-09-10T16:03:14.170] [DEBUG] debug-file - Incremental task :SignApp post-execution cost:3 ms .
[2026-09-10T16:03:14.206] [DEBUG] debug-file - Cleanup worker 0.
[2026-09-10T16:03:14.206] [DEBUG] debug-file - Cleanup worker 1.
[2026-09-10T16:03:14.207] [DEBUG] debug-file - Cleanup worker 14.
[2026-09-10T16:03:14.209] [DEBUG] debug-file - hvigor build process will be closed.
[2026-09-10T16:03:14.213] [DEBUG] debug-file - worker[1] exits with exit code 1.
[2026-09-10T16:03:14.221] [DEBUG] debug-file - session manager: send message to worker process. WorkerThreadId: 0, data: {"type":"hvigor_failed","reason":"Server has disconnected."}
[2026-09-10T16:03:14.222] [DEBUG] debug-file - session manager: send message to worker process. WorkerThreadId: 0, data: {"type":"CloseWatch","reason":"Server has disconnected."}
[2026-09-10T16:03:14.213] [DEBUG] debug-file - worker[0] exits with exit code 1.
[2026-09-10T16:03:14.214] [DEBUG] debug-file - Worker 1 has been cleaned up.
[2026-09-10T16:03:14.215] [DEBUG] debug-file - Current idle worker size: 1.
[2026-09-10T16:03:14.215] [DEBUG] debug-file - Current resident worker size: 2.
[2026-09-10T16:03:14.215] [DEBUG] debug-file - Worker 0 has been cleaned up.
[2026-09-10T16:03:14.215] [DEBUG] debug-file - Current idle worker size: 1.
[2026-09-10T16:03:14.215] [DEBUG] debug-file - Current resident worker size: 2.
[2026-09-10T16:03:14.221] [DEBUG] debug-file - watch worker: worker id should be larger than 0. Nothing will be sent to any worker thread.
[2026-09-10T16:03:14.222] [DEBUG] debug-file - ABORT_WORK sent to workers.
[2026-09-10T16:03:14.222] [DEBUG] debug-file - watch worker: worker id should be larger than 0. Nothing will be sent to any worker thread.
[2026-09-10T16:03:14.298] [DEBUG] debug-file - worker[14] exits with exit code 1.
[2026-09-10T16:03:14.298] [DEBUG] debug-file - Worker 14 has been cleaned up.
[2026-09-10T16:03:14.298] [DEBUG] debug-file - Current idle worker size: 1.
[2026-09-10T16:03:14.298] [DEBUG] debug-file - Current resident worker size: 1.
[2026-09-10T16:06:22.192] [DEBUG] debug-file - env: nodejsVersion=v24.14.1
[2026-09-10T16:06:22.227] [DEBUG] debug-file - env: daemon=true
[2026-09-10T16:06:22.193] [DEBUG] debug-file - env: hvigor-config.json5 content = {
  modelVersion: '6.0.1',
  dependencies: {},
  execution: {},
  logging: {},
  debugging: {},
  nodeOptions: {}
}
[2026-09-10T16:06:23.109] [DEBUG] debug-file - session manager: set active socket. socketId=7zH9iEsIV5HxUfjwAAAD
[2026-09-10T16:06:23.277] [DEBUG] debug-file - watch worker: worker id should be larger than 0. Nothing will be sent to any worker thread.
[2026-09-10T16:06:23.411] [DEBUG] debug-file - Workers' log level updated to INFO
[2026-09-10T16:06:23.915] [DEBUG] debug-file - Hvigor init with startParameters:{
  hvigorfileTypeCheck: false,
  parallelExecution: true,
  incrementalExecution: true,
  printStackTrace: false,
  daemon: true,
  analyze: 0,
  logLevel: Level { level: 20000, levelStr: 'INFO', colour: 'green' },
  optimizationStrategy: 'memory',
  hotCompile: undefined,
  hotReloadBuild: undefined,
  customizedParam: undefined
}
[2026-09-10T16:06:24.049] [DEBUG] debug-file - Cache service initialization finished in 134 ms 
[2026-09-10T16:06:24.057] [DEBUG] debug-file - hvigorfile, resolving D:\HW\testproject\complete\3\hvigorfile.ts
[2026-09-10T16:06:24.276] [DEBUG] debug-file - hvigorfile, require result:  { default: { plugins: [] } }
[2026-09-10T16:06:24.276] [DEBUG] debug-file - hvigorfile, binding system plugins null
[2026-09-10T16:06:24.276] [DEBUG] debug-file - Starting plugin build process
[2026-09-10T16:06:24.276] [DEBUG] debug-file - App plugin prepare start...
[2026-09-10T16:06:24.276] [DEBUG] debug-file - App plugin prepare end...
[2026-09-10T16:06:24.287] [DEBUG] debug-file - App plugin creating...
[2026-09-10T16:06:24.352] [DEBUG] debug-file - App plugin register hook start...
[2026-09-10T16:06:24.353] [DEBUG] debug-file - App plugin register hook end...
[2026-09-10T16:06:24.364] [DEBUG] debug-file - Plugin build process completed
[2026-09-10T16:06:24.364] [DEBUG] debug-file - Start initialize project's product build option map with build mode debug.
[2026-09-10T16:06:24.364] [DEBUG] debug-file - Picking option from product 'default' with build mode 'debug'.
[2026-09-10T16:06:24.365] [DEBUG] debug-file - Product 'default' build option initialized
[2026-09-10T16:06:24.365] [DEBUG] debug-file - End initialize project's product build option map with build mode 'debug'.
[2026-09-10T16:06:24.371] [DEBUG] debug-file - Obtain build option for product 'default'in this build.
[2026-09-10T16:06:24.444] [DEBUG] debug-file - No signingConfig found, initRemoteHspCache failed.
[2026-09-10T16:06:24.618] [DEBUG] debug-file - Start recording SDK configuration permission data.
[2026-09-10T16:06:30.204] [DEBUG] debug-file - Sdk init in 5 s 658 ms 
[2026-09-10T16:06:30.373] [DEBUG] debug-file - Project task initialization takes 167 ms 
[2026-09-10T16:06:30.412] [DEBUG] debug-file - hvigorfile, begin to bind custom plugins...
[2026-09-10T16:06:30.412] [DEBUG] debug-file - hvigorfile, no custom plugins were found in D:\HW\testproject\complete\3\hvigorfile.ts
[2026-09-10T16:06:30.413] [DEBUG] debug-file - hvigorfile, resolve finished D:\HW\testproject\complete\3\hvigorfile.ts
[2026-09-10T16:06:30.503] [DEBUG] debug-file - hvigorfile, resolving D:\HW\testproject\complete\3\entry\hvigorfile.ts
[2026-09-10T16:06:30.753] [DEBUG] debug-file - hvigorfile, require result:  { default: { plugins: [] } }
[2026-09-10T16:06:30.755] [DEBUG] debug-file - hvigorfile, binding system plugins null
[2026-09-10T16:06:30.767] [DEBUG] debug-file - Starting plugin build process
[2026-09-10T16:06:30.793] [DEBUG] debug-file - Hap plugin creating...
[2026-09-10T16:06:30.932] [DEBUG] debug-file - failed to load cangjie to dynamically generate schemas: Error: Cannot find module '@ohos/cangjie-build-support/index'
Require stack:
- E:\DevEco Studio\tools\hvigor\hvigor-ohos-plugin\src\plugin\hooks\cangjie-register.js
- E:\DevEco Studio\tools\hvigor\hvigor-ohos-plugin\src\plugin\strategy\stage-init-strategy.js
- E:\DevEco Studio\tools\hvigor\hvigor-ohos-plugin\src\plugin\builder\abstract-plugin-builder.js
- E:\DevEco Studio\tools\hvigor\hvigor-ohos-plugin\src\plugin\builder\app-plugin-builder.js
- E:\DevEco Studio\tools\hvigor\hvigor-ohos-plugin\src\plugin\factory\plugin-factory.js
- E:\DevEco Studio\tools\hvigor\hvigor-ohos-plugin\index.js
- D:\HW\testproject\complete\3\hvigorfile.ts
- E:\DevEco Studio\tools\hvigor\hvigor\src\base\internal\lifecycle\configuration.js
- E:\DevEco Studio\tools\hvigor\hvigor\src\base\boot\index.js
- E:\DevEco Studio\tools\hvigor\hvigor\src\base\daemon\cluster\worker-process-lifecycle.js
- E:\DevEco Studio\tools\hvigor\hvigor\src\base\daemon\process\daemon-process-boot-script.js
[2026-09-10T16:06:31.144] [DEBUG] debug-file - Start initialize module-target build option map, moduleName=entry, buildMode=debug
[2026-09-10T16:06:31.145] [DEBUG] debug-file - Target 'default' config initialized
[2026-09-10T16:06:31.192] [DEBUG] debug-file - Target 'ohosTest' config initialized
[2026-09-10T16:06:31.230] [DEBUG] debug-file - Module 'entry' target 'default' build option initialized
[2026-09-10T16:06:31.230] [DEBUG] debug-file - Module 'entry' target 'ohosTest' build option initialized
[2026-09-10T16:06:31.231] [DEBUG] debug-file - End initialize module-target build option map, moduleName=entry
[2026-09-10T16:06:31.231] [DEBUG] debug-file - Start initialize module-target build option map, moduleName=entry, buildMode=release
[2026-09-10T16:06:31.231] [DEBUG] debug-file - Target 'default' config initialized
[2026-09-10T16:06:31.325] [DEBUG] debug-file - Target 'ohosTest' config initialized
[2026-09-10T16:06:31.326] [DEBUG] debug-file - Module 'entry' target 'default' build option initialized
[2026-09-10T16:06:31.326] [DEBUG] debug-file - Module 'entry' target 'ohosTest' build option initialized
[2026-09-10T16:06:31.327] [DEBUG] debug-file - End initialize module-target build option map, moduleName=entry
[2026-09-10T16:06:31.327] [DEBUG] debug-file - Start initialize module-target build option map, moduleName=entry, buildMode=debug
[2026-09-10T16:06:31.414] [DEBUG] debug-file - Target 'default' config initialized
[2026-09-10T16:06:31.416] [DEBUG] debug-file - Target 'ohosTest' config initialized
[2026-09-10T16:06:31.560] [DEBUG] debug-file - Module 'entry' target 'default' build option initialized
[2026-09-10T16:06:31.560] [DEBUG] debug-file - Module 'entry' target 'ohosTest' build option initialized
[2026-09-10T16:06:31.560] [DEBUG] debug-file - End initialize module-target build option map, moduleName=entry
[2026-09-10T16:06:31.560] [DEBUG] debug-file - Obtain build option for module 'entry' target 'default'in this build.
[2026-09-10T16:06:31.729] [DEBUG] debug-file - Module entry task initialization takes 55 ms 
[2026-09-10T16:06:31.804] [DEBUG] debug-file - Hap plugin register hook start...
[2026-09-10T16:06:31.805] [DEBUG] debug-file - Hap plugin register hook end...
[2026-09-10T16:06:31.805] [DEBUG] debug-file - Plugin build process completed
[2026-09-10T16:06:31.805] [DEBUG] debug-file - hvigorfile, begin to bind custom plugins...
[2026-09-10T16:06:31.805] [DEBUG] debug-file - hvigorfile, no custom plugins were found in D:\HW\testproject\complete\3\entry\hvigorfile.ts
[2026-09-10T16:06:31.805] [DEBUG] debug-file - hvigorfile, resolve finished D:\HW\testproject\complete\3\entry\hvigorfile.ts
[2026-09-10T16:06:36.257] [DEBUG] debug-file - hvigorfile, resolve hvigorfile dependencies in 4 s 427 ms 
[2026-09-10T16:06:36.332] [DEBUG] debug-file - project has submodules:entry
[2026-09-10T16:06:36.802] [DEBUG] debug-file - start to load updatedOhPackageInfo to the disk
[2026-09-10T16:06:37.097] [DEBUG] debug-file - load to the disk finished
[2026-09-10T16:06:37.099] [DEBUG] debug-file - Start to initialize dependency information.
[2026-09-10T16:06:38.100] [DEBUG] debug-file - Module 3 Collected Dependency: 
[2026-09-10T16:06:38.100] [DEBUG] debug-file - Module 3's total dependency: 0
[2026-09-10T16:06:38.101] [DEBUG] debug-file - Start to initialize dependency information.
[2026-09-10T16:06:38.351] [DEBUG] debug-file - Module entry Collected Dependency: 
[2026-09-10T16:06:38.352] [DEBUG] debug-file - Module entry's total dependency: 0
[2026-09-10T16:06:38.438] [DEBUG] debug-file - Configuration phase cost:14 s 389 ms 
[2026-09-10T16:06:38.605] [DEBUG] debug-file - Configuration task cost before running: 15 s 148 ms 
[2026-09-10T16:06:38.606] [DEBUG] debug-file - Executing task ::PreBuildApp
[2026-09-10T16:06:38.670] [DEBUG] debug-file - 3 : PreBuildApp cost memory 0.0147705078125
[2026-09-10T16:06:38.673] [DEBUG] debug-file - runTaskFromQueue task cost before running: 15 s 216 ms 
[2026-09-10T16:06:38.675] [INFO] debug-file - Finished ::PreBuildApp... after 67 ms 
[2026-09-10T16:06:39.097] [DEBUG] debug-file - Executing task :entry:default@PreBuild
[2026-09-10T16:06:39.257] [DEBUG] debug-file - Task 'entry:default@PreBuild' cost while wrapping incremental declarations: 2 ms 
[2026-09-10T16:06:42.124] [DEBUG] debug-file - Incremental task entry:default@PreBuild pre-execution cost: 1 s 473 ms .
[2026-09-10T16:06:42.125] [DEBUG] debug-file - entry : default@PreBuild cost memory 0.660736083984375
[2026-09-10T16:06:42.369] [INFO] debug-file - UP-TO-DATE :entry:default@PreBuild...  
[2026-09-10T16:06:42.401] [DEBUG] debug-file - Executing task ::DuplicateDependencyCheck
[2026-09-10T16:06:42.405] [DEBUG] debug-file - 3 : DuplicateDependencyCheck cost memory 0.0139312744140625
[2026-09-10T16:06:42.570] [DEBUG] debug-file - runTaskFromQueue task cost before running: 18 s 950 ms 
[2026-09-10T16:06:42.578] [INFO] debug-file - Finished ::DuplicateDependencyCheck... after 37 ms 
[2026-09-10T16:06:42.634] [DEBUG] debug-file - Executing task :entry:default@CreateModuleInfo
[2026-09-10T16:06:42.635] [DEBUG] debug-file - Task 'entry:default@CreateModuleInfo' cost while wrapping incremental declarations: 1 ms 
[2026-09-10T16:06:42.700] [DEBUG] debug-file - entry : default@CreateModuleInfo cost memory 0.04319000244140625
[2026-09-10T16:06:42.703] [DEBUG] debug-file - runTaskFromQueue task cost before running: 19 s 246 ms 
[2026-09-10T16:06:42.757] [INFO] debug-file - Finished :entry:default@CreateModuleInfo... after 68 ms 
[2026-09-10T16:06:42.781] [DEBUG] debug-file - Executing task :entry:default@GenerateMetadata
[2026-09-10T16:06:42.812] [DEBUG] debug-file - Task 'entry:default@GenerateMetadata' cost while wrapping incremental declarations: 32 ms 
[2026-09-10T16:06:42.886] [DEBUG] debug-file - Incremental task entry:default@GenerateMetadata pre-execution cost: 72 ms .
[2026-09-10T16:06:42.886] [DEBUG] debug-file - entry : default@GenerateMetadata cost memory 0.0905914306640625
[2026-09-10T16:06:42.922] [INFO] debug-file - UP-TO-DATE :entry:default@GenerateMetadata...  
[2026-09-10T16:06:43.204] [DEBUG] debug-file - Executing task :entry:default@ConfigureCmake
[2026-09-10T16:06:43.262] [DEBUG] debug-file - entry : default@ConfigureCmake cost memory 0.02154541015625
[2026-09-10T16:06:43.267] [DEBUG] debug-file - runTaskFromQueue task cost before running: 19 s 807 ms 
[2026-09-10T16:06:43.340] [INFO] debug-file - Finished :entry:default@ConfigureCmake... after 216 ms 
[2026-09-10T16:06:43.370] [DEBUG] debug-file - Executing task :entry:default@MergeProfile
[2026-09-10T16:06:43.417] [DEBUG] debug-file - Task 'entry:default@MergeProfile' cost while wrapping incremental declarations: 2 ms 
[2026-09-10T16:06:43.603] [DEBUG] debug-file - Incremental task entry:default@MergeProfile pre-execution cost: 185 ms .
[2026-09-10T16:06:44.103] [DEBUG] debug-file - entry : default@MergeProfile cost memory 0.1231536865234375
[2026-09-10T16:06:44.104] [INFO] debug-file - UP-TO-DATE :entry:default@MergeProfile...  
[2026-09-10T16:06:44.106] [DEBUG] debug-file - Executing task :entry:default@CreateBuildProfile
[2026-09-10T16:06:44.107] [DEBUG] debug-file - Task 'entry:default@CreateBuildProfile' cost while wrapping incremental declarations: 1 ms 
[2026-09-10T16:06:45.129] [DEBUG] debug-file - Incremental task entry:default@CreateBuildProfile pre-execution cost: 790 ms .
[2026-09-10T16:06:45.129] [DEBUG] debug-file - entry : default@CreateBuildProfile cost memory 0.10517120361328125
[2026-09-10T16:06:45.129] [INFO] debug-file - UP-TO-DATE :entry:default@CreateBuildProfile...  
[2026-09-10T16:06:45.131] [DEBUG] debug-file - Executing task :entry:default@PreCheckSyscap
[2026-09-10T16:06:45.344] [DEBUG] debug-file - entry : default@PreCheckSyscap cost memory 0.01528167724609375
[2026-09-10T16:06:45.345] [DEBUG] debug-file - runTaskFromQueue task cost before running: 21 s 888 ms 
[2026-09-10T16:06:45.790] [INFO] debug-file - Finished :entry:default@PreCheckSyscap... after 214 ms 
[2026-09-10T16:06:45.792] [DEBUG] debug-file - Executing task :entry:default@GeneratePkgContextInfo
[2026-09-10T16:06:48.015] [DEBUG] debug-file - Task 'entry:default@GeneratePkgContextInfo' cost while wrapping incremental declarations: 1 ms 
[2026-09-10T16:06:48.947] [DEBUG] debug-file - Incremental task entry:default@GeneratePkgContextInfo pre-execution cost: 930 ms .
[2026-09-10T16:06:48.948] [DEBUG] debug-file - entry : default@GeneratePkgContextInfo cost memory -0.5152587890625
[2026-09-10T16:06:48.951] [INFO] debug-file - UP-TO-DATE :entry:default@GeneratePkgContextInfo...  
[2026-09-10T16:06:48.991] [DEBUG] debug-file - Executing task :entry:default@GeneratePkgSdkInfo
[2026-09-10T16:06:49.037] [DEBUG] debug-file - Task 'entry:default@GeneratePkgSdkInfo' cost while wrapping incremental declarations: 1 ms 
[2026-09-10T16:06:49.076] [DEBUG] debug-file - entry : default@GeneratePkgSdkInfo cost memory 0.10040283203125
[2026-09-10T16:06:49.077] [DEBUG] debug-file - runTaskFromQueue task cost before running: 25 s 620 ms 
[2026-09-10T16:06:49.078] [INFO] debug-file - Finished :entry:default@GeneratePkgSdkInfo... after 86 ms 
[2026-09-10T16:06:49.240] [DEBUG] debug-file - Executing task :entry:default@ProcessIntegratedHsp
[2026-09-10T16:06:49.268] [DEBUG] debug-file - entry:default@ProcessIntegratedHsp is not up-to-date, since the output file 'D:\HW\testproject\complete\3\build\cache\default\integrated_hsp\integratedHspCache.json' does not exist.
[2026-09-10T16:06:49.269] [DEBUG] debug-file - Incremental task entry:default@ProcessIntegratedHsp pre-execution cost: 28 ms .
[2026-09-10T16:06:49.270] [DEBUG] debug-file - entry : default@ProcessIntegratedHsp cost memory 0.05178070068359375
[2026-09-10T16:06:49.271] [DEBUG] debug-file - runTaskFromQueue task cost before running: 25 s 813 ms 
[2026-09-10T16:06:49.288] [INFO] debug-file - Finished :entry:default@ProcessIntegratedHsp... after 30 ms 
[2026-09-10T16:06:49.308] [DEBUG] debug-file - Executing task :entry:default@BuildNativeWithCmake
[2026-09-10T16:06:49.322] [DEBUG] debug-file - entry : default@BuildNativeWithCmake cost memory 0.01457977294921875
[2026-09-10T16:06:49.322] [DEBUG] debug-file - runTaskFromQueue task cost before running: 25 s 866 ms 
[2026-09-10T16:06:49.323] [INFO] debug-file - Finished :entry:default@BuildNativeWithCmake... after 15 ms 
[2026-09-10T16:06:49.342] [DEBUG] debug-file - Executing task :entry:default@MakePackInfo
[2026-09-10T16:06:49.476] [DEBUG] debug-file - Incremental task entry:default@MakePackInfo pre-execution cost: 75 ms .
[2026-09-10T16:06:49.501] [DEBUG] debug-file - entry : default@MakePackInfo cost memory 0.1203765869140625
[2026-09-10T16:06:49.540] [INFO] debug-file - UP-TO-DATE :entry:default@MakePackInfo...  
[2026-09-10T16:06:49.542] [DEBUG] debug-file - Executing task :entry:default@SyscapTransform
[2026-09-10T16:06:49.542] [DEBUG] debug-file - File: 'D:\HW\testproject\complete\3\entry\src\main\syscap.json' from 'sysCapJsonPath' is not exists, just ignore.
[2026-09-10T16:06:49.543] [DEBUG] debug-file - Task 'entry:default@SyscapTransform' cost while wrapping incremental declarations: 1 ms 
[2026-09-10T16:06:49.544] [DEBUG] debug-file - entry:default@SyscapTransform is not up-to-date, since the output file 'D:\HW\testproject\complete\3\entry\build\default\intermediates\syscap\default\rpcid.sc' does not exist.
[2026-09-10T16:06:49.545] [DEBUG] debug-file - Incremental task entry:default@SyscapTransform pre-execution cost: 2 ms .
[2026-09-10T16:06:49.545] [DEBUG] debug-file - entry : default@SyscapTransform cost memory 0.11998748779296875
[2026-09-10T16:06:49.546] [DEBUG] debug-file - runTaskFromQueue task cost before running: 26 s 89 ms 
[2026-09-10T16:06:49.546] [INFO] debug-file - Finished :entry:default@SyscapTransform... after 5 ms 
[2026-09-10T16:06:49.548] [DEBUG] debug-file - Executing task :entry:default@ProcessProfile
[2026-09-10T16:06:49.552] [DEBUG] debug-file - Task 'entry:default@ProcessProfile' cost while wrapping incremental declarations: 1 ms 
[2026-09-10T16:06:49.554] [DEBUG] debug-file - Incremental task entry:default@ProcessProfile pre-execution cost: 2 ms .
[2026-09-10T16:06:49.554] [DEBUG] debug-file - entry : default@ProcessProfile cost memory 0.132598876953125
[2026-09-10T16:06:49.554] [INFO] debug-file - UP-TO-DATE :entry:default@ProcessProfile...  
[2026-09-10T16:06:49.556] [DEBUG] debug-file - Executing task :entry:default@ProcessRouterMap
[2026-09-10T16:06:49.560] [DEBUG] debug-file - Incremental task entry:default@ProcessRouterMap pre-execution cost: 3 ms .
[2026-09-10T16:06:49.560] [DEBUG] debug-file - entry : default@ProcessRouterMap cost memory 0.1758880615234375
[2026-09-10T16:06:49.561] [INFO] debug-file - UP-TO-DATE :entry:default@ProcessRouterMap...  
[2026-09-10T16:06:49.562] [DEBUG] debug-file - Executing task :entry:default@ProcessShareConfig
[2026-09-10T16:06:49.565] [DEBUG] debug-file - Incremental task entry:default@ProcessShareConfig pre-execution cost: 3 ms .
[2026-09-10T16:06:49.566] [DEBUG] debug-file - entry : default@ProcessShareConfig cost memory 0.11920166015625
[2026-09-10T16:06:49.568] [INFO] debug-file - UP-TO-DATE :entry:default@ProcessShareConfig...  
[2026-09-10T16:06:49.570] [DEBUG] debug-file - Executing task :entry:default@ProcessStartupConfig
[2026-09-10T16:06:49.571] [DEBUG] debug-file - Task 'entry:default@ProcessStartupConfig' cost while wrapping incremental declarations: 1 ms 
[2026-09-10T16:06:49.572] [DEBUG] debug-file - entry:default@ProcessStartupConfig is not up-to-date, since the output file 'D:\HW\testproject\complete\3\entry\build\default\intermediates\startup\default\startup_config.json' does not exist.
[2026-09-10T16:06:49.572] [DEBUG] debug-file - Incremental task entry:default@ProcessStartupConfig pre-execution cost: 1 ms .
[2026-09-10T16:06:49.573] [DEBUG] debug-file - entry : default@ProcessStartupConfig cost memory 0.113250732421875
[2026-09-10T16:06:49.574] [DEBUG] debug-file - runTaskFromQueue task cost before running: 26 s 117 ms 
[2026-09-10T16:06:49.574] [INFO] debug-file - Finished :entry:default@ProcessStartupConfig... after 4 ms 
[2026-09-10T16:06:49.575] [DEBUG] debug-file - Executing task :entry:default@BuildNativeWithNinja
[2026-09-10T16:06:49.576] [DEBUG] debug-file - entry : default@BuildNativeWithNinja cost memory 0.01950836181640625
[2026-09-10T16:06:49.576] [DEBUG] debug-file - runTaskFromQueue task cost before running: 26 s 119 ms 
[2026-09-10T16:06:49.576] [INFO] debug-file - Finished :entry:default@BuildNativeWithNinja... after 1 ms 
[2026-09-10T16:06:49.579] [DEBUG] debug-file - restool module names: entry; moduleName=entry, taskName=default@ProcessResource
[2026-09-10T16:06:49.580] [DEBUG] debug-file - Executing task :entry:default@ProcessResource
[2026-09-10T16:06:49.581] [DEBUG] debug-file - Task 'entry:default@ProcessResource' cost while wrapping incremental declarations: 1 ms 
[2026-09-10T16:06:49.582] [DEBUG] debug-file - Incremental task entry:default@ProcessResource pre-execution cost: 1 ms .
[2026-09-10T16:06:49.582] [DEBUG] debug-file - entry : default@ProcessResource cost memory 0.11365509033203125
[2026-09-10T16:06:49.585] [INFO] debug-file - UP-TO-DATE :entry:default@ProcessResource...  
[2026-09-10T16:06:49.586] [DEBUG] debug-file - Executing task :entry:default@GenerateLoaderJson
[2026-09-10T16:06:49.589] [DEBUG] debug-file - Task 'entry:default@GenerateLoaderJson' cost while wrapping incremental declarations: 1 ms 
[2026-09-10T16:06:49.601] [DEBUG] debug-file - Incremental task entry:default@GenerateLoaderJson pre-execution cost: 9 ms .
[2026-09-10T16:06:49.602] [DEBUG] debug-file - entry : default@GenerateLoaderJson cost memory 0.3257598876953125
[2026-09-10T16:06:49.607] [INFO] debug-file - UP-TO-DATE :entry:default@GenerateLoaderJson...  
[2026-09-10T16:06:49.609] [DEBUG] debug-file - Executing task :entry:default@ProcessLibs
[2026-09-10T16:06:49.609] [DEBUG] debug-file - Task 'entry:default@ProcessLibs' cost while wrapping incremental declarations: 1 ms 
[2026-09-10T16:06:49.611] [DEBUG] debug-file - Incremental task entry:default@ProcessLibs pre-execution cost: 2 ms .
[2026-09-10T16:06:49.611] [DEBUG] debug-file - entry : default@ProcessLibs cost memory 0.093475341796875
[2026-09-10T16:06:49.612] [INFO] debug-file - UP-TO-DATE :entry:default@ProcessLibs...  
[2026-09-10T16:06:49.614] [DEBUG] debug-file - restool module names: entry; moduleName=entry, taskName=default@CompileResource
[2026-09-10T16:06:49.616] [DEBUG] debug-file - Executing task :entry:default@CompileResource
[2026-09-10T16:06:49.629] [DEBUG] debug-file - Incremental task entry:default@CompileResource pre-execution cost: 12 ms .
[2026-09-10T16:06:49.630] [DEBUG] debug-file - entry : default@CompileResource cost memory 0.5012283325195312
[2026-09-10T16:06:49.631] [INFO] debug-file - UP-TO-DATE :entry:default@CompileResource...  
[2026-09-10T16:06:49.632] [DEBUG] debug-file - Executing task :entry:default@DoNativeStrip
[2026-09-10T16:06:49.633] [DEBUG] debug-file - File: 'D:\HW\testproject\complete\3\entry\build\default\intermediates\binxo\default' from 'doBinxoNativeLibs' is not exists, just ignore.
[2026-09-10T16:06:49.633] [DEBUG] debug-file - Task 'entry:default@DoNativeStrip' cost while wrapping incremental declarations: 1 ms 
[2026-09-10T16:06:49.634] [DEBUG] debug-file - Incremental task entry:default@DoNativeStrip pre-execution cost: 1 ms .
[2026-09-10T16:06:49.634] [DEBUG] debug-file - entry : default@DoNativeStrip cost memory 0.07413482666015625
[2026-09-10T16:06:49.635] [INFO] debug-file - UP-TO-DATE :entry:default@DoNativeStrip...  
[2026-09-10T16:06:49.636] [DEBUG] debug-file - Executing task :entry:default@CompileArkTS
[2026-09-10T16:06:49.637] [DEBUG] debug-file - obfuscationOptions: undefined
[2026-09-10T16:06:49.638] [DEBUG] debug-file - Task 'entry:default@CompileArkTS' cost while wrapping incremental declarations: 1 ms 
[2026-09-10T16:06:49.653] [DEBUG] debug-file - Incremental task entry:default@CompileArkTS pre-execution cost: 12 ms .
[2026-09-10T16:06:49.654] [DEBUG] debug-file - entry : default@CompileArkTS cost memory -0.4140777587890625
[2026-09-10T16:06:49.660] [INFO] debug-file - UP-TO-DATE :entry:default@CompileArkTS...  
[2026-09-10T16:06:49.663] [DEBUG] debug-file - Executing task :entry:default@BuildJS
[2026-09-10T16:06:49.663] [DEBUG] debug-file - Task 'entry:default@BuildJS' cost while wrapping incremental declarations: 1 ms 
[2026-09-10T16:06:49.669] [DEBUG] debug-file - entry : default@BuildJS cost memory 0.1373748779296875
[2026-09-10T16:06:49.669] [DEBUG] debug-file - runTaskFromQueue task cost before running: 26 s 213 ms 
[2026-09-10T16:06:49.670] [INFO] debug-file - Finished :entry:default@BuildJS... after 7 ms 
[2026-09-10T16:06:49.672] [DEBUG] debug-file - Executing task :entry:default@CacheNativeLibs
[2026-09-10T16:06:49.673] [DEBUG] debug-file - File: 'D:\HW\testproject\complete\3\entry\build\default\intermediates\binxo\default' from 'cacheBinxoNativeLibs' is not exists, just ignore.
[2026-09-10T16:06:49.673] [DEBUG] debug-file - Task 'entry:default@CacheNativeLibs' cost while wrapping incremental declarations: 1 ms 
[2026-09-10T16:06:49.676] [DEBUG] debug-file - Incremental task entry:default@CacheNativeLibs pre-execution cost: 3 ms .
[2026-09-10T16:06:49.676] [DEBUG] debug-file - entry : default@CacheNativeLibs cost memory 0.0875091552734375
[2026-09-10T16:06:49.677] [INFO] debug-file - UP-TO-DATE :entry:default@CacheNativeLibs...  
[2026-09-10T16:06:49.678] [DEBUG] debug-file - Executing task :entry:default@GeneratePkgModuleJson
[2026-09-10T16:06:49.679] [DEBUG] debug-file - File: 'D:\HW\testproject\complete\3\entry\build\default\intermediates\preload\default\preload.json' from 'preloadSoJsonPath' is not exists, just ignore.
[2026-09-10T16:06:49.679] [DEBUG] debug-file - Error occurs while handling @Input 'shouldDeduplicateHar': The "data" argument must be of type string or an instance of Buffer, TypedArray, or DataView. Received undefined
[2026-09-10T16:06:49.680] [DEBUG] debug-file - Task 'entry:default@GeneratePkgModuleJson' cost while wrapping incremental declarations: 2 ms 
[2026-09-10T16:06:49.681] [DEBUG] debug-file - Incremental task entry:default@GeneratePkgModuleJson pre-execution cost: 1 ms .
[2026-09-10T16:06:49.681] [DEBUG] debug-file - entry : default@GeneratePkgModuleJson cost memory 0.0843353271484375
[2026-09-10T16:06:49.681] [INFO] debug-file - UP-TO-DATE :entry:default@GeneratePkgModuleJson...  
[2026-09-10T16:06:49.683] [DEBUG] debug-file - Executing task :entry:default@ProcessCompiledResources
[2026-09-10T16:06:49.683] [DEBUG] debug-file - File: 'D:\HW\testproject\complete\3\entry\build\default\intermediates\preload\default\preload.json' from 'preloadSoJsonPath' is not exists, just ignore.
[2026-09-10T16:06:49.684] [DEBUG] debug-file - Task 'entry:default@ProcessCompiledResources' cost while wrapping incremental declarations: 1 ms 
[2026-09-10T16:06:49.685] [DEBUG] debug-file - entry : default@ProcessCompiledResources cost memory 0.0506591796875
[2026-09-10T16:06:49.686] [DEBUG] debug-file - runTaskFromQueue task cost before running: 26 s 229 ms 
[2026-09-10T16:06:49.687] [INFO] debug-file - Finished :entry:default@ProcessCompiledResources... after 4 ms 
[2026-09-10T16:06:49.689] [DEBUG] debug-file - Executing task :entry:default@PackageHap
[2026-09-10T16:06:49.700] [DEBUG] debug-file - Incremental task entry:default@PackageHap pre-execution cost: 9 ms .
[2026-09-10T16:06:49.700] [DEBUG] debug-file - entry : default@PackageHap cost memory 0.5509567260742188
[2026-09-10T16:06:49.702] [INFO] debug-file - UP-TO-DATE :entry:default@PackageHap...  
[2026-09-10T16:06:49.703] [DEBUG] debug-file - Executing task :entry:default@PackingCheck
[2026-09-10T16:06:49.710] [DEBUG] debug-file - entry : default@PackingCheck cost memory 0.3192596435546875
[2026-09-10T16:06:49.710] [DEBUG] debug-file - runTaskFromQueue task cost before running: 26 s 253 ms 
[2026-09-10T16:06:49.710] [INFO] debug-file - Finished :entry:default@PackingCheck... after 8 ms 
[2026-09-10T16:06:49.712] [DEBUG] debug-file - Executing task :entry:default@SignHap
[2026-09-10T16:06:49.712] [WARN] debug-file - Will skip sign 'hos_hap'. No signingConfigs profile is configured in current project.
             If needed, configure the signingConfigs in D:\HW\testproject\complete\3\build-profile.json5.
[2026-09-10T16:06:49.713] [DEBUG] debug-file - entry:default@SignHap is not up-to-date, since the output file 'D:\HW\testproject\complete\3\entry\build\default\outputs\default\entry-default-signed.hap' does not exist.
[2026-09-10T16:06:49.714] [DEBUG] debug-file - Incremental task entry:default@SignHap pre-execution cost: 1 ms .
[2026-09-10T16:06:49.715] [DEBUG] debug-file - entry : default@SignHap cost memory -1.6600494384765625
[2026-09-10T16:06:49.715] [DEBUG] debug-file - runTaskFromQueue task cost before running: 26 s 258 ms 
[2026-09-10T16:06:49.716] [INFO] debug-file - Finished :entry:default@SignHap... after 4 ms 
[2026-09-10T16:06:49.717] [DEBUG] debug-file - Executing task :entry:default@CollectDebugSymbol
[2026-09-10T16:06:49.719] [DEBUG] debug-file - entry : default@CollectDebugSymbol cost memory 0.07930755615234375
[2026-09-10T16:06:49.719] [DEBUG] debug-file - runTaskFromQueue task cost before running: 26 s 262 ms 
[2026-09-10T16:06:49.719] [INFO] debug-file - Finished :entry:default@CollectDebugSymbol... after 2 ms 
[2026-09-10T16:06:49.719] [DEBUG] debug-file - Executing task :entry:assembleHap
[2026-09-10T16:06:49.720] [DEBUG] debug-file - entry : assembleHap cost memory 0.0124359130859375
[2026-09-10T16:06:49.720] [DEBUG] debug-file - runTaskFromQueue task cost before running: 26 s 263 ms 
[2026-09-10T16:06:49.720] [INFO] debug-file - Finished :entry:assembleHap... after 1 ms 
[2026-09-10T16:06:49.720] [DEBUG] debug-file - Executing task ::MakeProjectPackInfo
[2026-09-10T16:06:49.726] [DEBUG] debug-file - Task ':MakeProjectPackInfo' cost while wrapping incremental declarations: 1 ms 
[2026-09-10T16:06:49.729] [DEBUG] debug-file - Incremental task :MakeProjectPackInfo pre-execution cost: 3 ms .
[2026-09-10T16:06:49.729] [DEBUG] debug-file - 3 : MakeProjectPackInfo cost memory 0.14826202392578125
[2026-09-10T16:06:49.731] [INFO] debug-file - UP-TO-DATE ::MakeProjectPackInfo...  
[2026-09-10T16:06:49.731] [DEBUG] debug-file - Executing task ::ProcessProjectPrivacyProfile
[2026-09-10T16:06:49.736] [DEBUG] debug-file - Incremental task :ProcessProjectPrivacyProfile pre-execution cost: 2 ms .
[2026-09-10T16:06:49.736] [DEBUG] debug-file - 3 : ProcessProjectPrivacyProfile cost memory 0.08290863037109375
[2026-09-10T16:06:49.737] [INFO] debug-file - UP-TO-DATE ::ProcessProjectPrivacyProfile...  
[2026-09-10T16:06:49.738] [DEBUG] debug-file - Executing task ::GeneratePackRes
[2026-09-10T16:06:49.739] [DEBUG] debug-file - Incremental task :GeneratePackRes pre-execution cost: 1 ms .
[2026-09-10T16:06:49.739] [DEBUG] debug-file - 3 : GeneratePackRes cost memory 0.04076385498046875
[2026-09-10T16:06:49.739] [INFO] debug-file - UP-TO-DATE ::GeneratePackRes...  
[2026-09-10T16:06:49.739] [DEBUG] debug-file - Executing task ::PackageApp
[2026-09-10T16:06:49.742] [DEBUG] debug-file - Task ':PackageApp' cost while wrapping incremental declarations: 1 ms 
[2026-09-10T16:06:49.745] [DEBUG] debug-file - :PackageApp is not up-to-date, since the output file 'D:\HW\testproject\complete\3\build\outputs\default\symbol\debug' does not exist.
[2026-09-10T16:06:49.745] [DEBUG] debug-file - Incremental task :PackageApp pre-execution cost: 3 ms .
[2026-09-10T16:06:49.759] [DEBUG] debug-file - Use tool [PackageApp]
 [
  'java',
  '-Dfile.encoding=GBK',
  '-jar',
  'E:\\DevEco Studio\\sdk\\default\\openharmony\\toolchains\\lib\\app_packing_tool.jar',
  '--mode',
  'app',
  '--pack-info-path',
  'D:\\HW\\testproject\\complete\\3\\build\\outputs\\default\\pack.info',
  '--hap-path',
  'D:\\HW\\testproject\\complete\\3\\entry\\build\\default\\outputs\\default\\app\\entry-default.hap',
  '--hsp-path',
  '',
  '--force',
  'true',
  '--out-path',
  'D:\\HW\\testproject\\complete\\3\\build\\outputs\\default\\3-default-unsigned.app',
  '--main-module-limit',
  '2',
  '--normal-module-limit',
  '2',
  '--pac-json-path',
  'D:\\HW\\testproject\\complete\\3\\build\\outputs\\default\\pac.json'
]
[2026-09-10T16:06:49.760] [DEBUG] debug-file - current process  memoryUsage: {
  rss: 500621312,
  heapTotal: 128397312,
  heapUsed: 123821880,
  external: 3977897,
  arrayBuffers: 37638
} os memoryUsage :15.341522216796875
[2026-09-10T16:06:51.191] [DEBUG] debug-file - 3 : PackageApp cost memory 0.4248504638671875
[2026-09-10T16:06:51.192] [DEBUG] debug-file - runTaskFromQueue task cost before running: 27 s 735 ms 
[2026-09-10T16:06:51.192] [INFO] debug-file - Finished ::PackageApp... after 1 s 453 ms 
[2026-09-10T16:06:51.193] [DEBUG] debug-file - Executing task ::SignPackagesFromApp
[2026-09-10T16:06:51.194] [DEBUG] debug-file - :SignPackagesFromApp is not up-to-date, since the input file 'D:\HW\testproject\complete\3\build\outputs\default\3-default-unsigned.app' has been changed.
[2026-09-10T16:06:51.194] [DEBUG] debug-file - Incremental task :SignPackagesFromApp pre-execution cost: 1 ms .
[2026-09-10T16:06:51.194] [DEBUG] debug-file - 3 : SignPackagesFromApp cost memory 0.05513763427734375
[2026-09-10T16:06:51.194] [DEBUG] debug-file - runTaskFromQueue task cost before running: 27 s 738 ms 
[2026-09-10T16:06:51.195] [INFO] debug-file - Finished ::SignPackagesFromApp... after 2 ms 
[2026-09-10T16:06:51.195] [DEBUG] debug-file - Executing task ::SignApp
[2026-09-10T16:06:51.195] [DEBUG] debug-file - signingConfigName of signApp is :  undefined
[2026-09-10T16:06:51.195] [WARN] debug-file - Will skip sign 'app'. No signingConfigs profile is configured in current project.
             If needed, configure the signingConfigs in D:\HW\testproject\complete\3\build-profile.json5.
[2026-09-10T16:06:51.196] [DEBUG] debug-file - :SignApp is not up-to-date, since the input file 'D:\HW\testproject\complete\3\build\outputs\default\3-default-unsigned.app' has been changed.
[2026-09-10T16:06:51.197] [DEBUG] debug-file - Incremental task :SignApp pre-execution cost: 1 ms .
[2026-09-10T16:06:51.197] [DEBUG] debug-file - 3 : SignApp cost memory 0.1103363037109375
[2026-09-10T16:06:51.197] [DEBUG] debug-file - runTaskFromQueue task cost before running: 27 s 741 ms 
[2026-09-10T16:06:51.198] [INFO] debug-file - Finished ::SignApp... after 3 ms 
[2026-09-10T16:06:51.198] [DEBUG] debug-file - Executing task ::assembleApp
[2026-09-10T16:06:51.198] [DEBUG] debug-file - 3 : assembleApp cost memory 0.01238250732421875
[2026-09-10T16:06:51.199] [DEBUG] debug-file - runTaskFromQueue task cost before running: 27 s 742 ms 
[2026-09-10T16:06:51.199] [INFO] debug-file - Finished ::assembleApp... after 1 ms 
[2026-09-10T16:06:51.200] [INFO] debug-file - BUILD SUCCESSFUL in 27 s 743 ms 
[2026-09-10T16:06:51.200] [DEBUG] debug-file - There is no need to refresh cache, since the incremental task entry:default@PreBuild is up-to-date.
[2026-09-10T16:06:51.200] [DEBUG] debug-file - Update task entry:default@CreateModuleInfo output file:D:\HW\testproject\complete\3\entry\build\default\generated\profile\default\ModuleInfo.ts cache.
[2026-09-10T16:06:51.200] [DEBUG] debug-file - Incremental task entry:default@CreateModuleInfo post-execution cost:1 ms .
[2026-09-10T16:06:51.200] [DEBUG] debug-file - There is no need to refresh cache, since the incremental task entry:default@GenerateMetadata is up-to-date.
[2026-09-10T16:06:51.200] [DEBUG] debug-file - There is no need to refresh cache, since the incremental task entry:default@MergeProfile is up-to-date.
[2026-09-10T16:06:51.200] [DEBUG] debug-file - There is no need to refresh cache, since the incremental task entry:default@CreateBuildProfile is up-to-date.
[2026-09-10T16:06:51.201] [DEBUG] debug-file - There is no need to refresh cache, since the incremental task entry:default@GeneratePkgContextInfo is up-to-date.
[2026-09-10T16:06:51.201] [DEBUG] debug-file - Update task entry:default@GeneratePkgSdkInfo output file:D:\HW\testproject\complete\3\entry\build\default\intermediates\loader\default\pkgSdkInfo.json cache.
[2026-09-10T16:06:51.201] [DEBUG] debug-file - Incremental task entry:default@GeneratePkgSdkInfo post-execution cost:1 ms .
[2026-09-10T16:06:51.201] [DEBUG] debug-file - Update task entry:default@ProcessIntegratedHsp output file:D:\HW\testproject\complete\3\build\cache\default\integrated_hsp\integratedHspCache.json cache.
[2026-09-10T16:06:51.201] [DEBUG] debug-file - Incremental task entry:default@ProcessIntegratedHsp post-execution cost:1 ms .
[2026-09-10T16:06:51.201] [DEBUG] debug-file - There is no need to refresh cache, since the incremental task entry:default@MakePackInfo is up-to-date.
[2026-09-10T16:06:51.202] [DEBUG] debug-file - Update task entry:default@SyscapTransform input file:E:\DevEco Studio\sdk\default\openharmony\toolchains\syscap_tool.exe cache by regenerate.
[2026-09-10T16:06:51.202] [DEBUG] debug-file - Update task entry:default@SyscapTransform input file:E:\DevEco Studio\sdk\default\openharmony\ets\api\device-define cache by regenerate.
[2026-09-10T16:06:51.203] [DEBUG] debug-file - Update task entry:default@SyscapTransform output file:D:\HW\testproject\complete\3\entry\build\default\intermediates\syscap\default\rpcid.sc cache.
[2026-09-10T16:06:51.203] [DEBUG] debug-file - Incremental task entry:default@SyscapTransform post-execution cost:2 ms .
[2026-09-10T16:06:51.203] [DEBUG] debug-file - There is no need to refresh cache, since the incremental task entry:default@ProcessProfile is up-to-date.
[2026-09-10T16:06:51.204] [DEBUG] debug-file - There is no need to refresh cache, since the incremental task entry:default@ProcessRouterMap is up-to-date.
[2026-09-10T16:06:51.204] [DEBUG] debug-file - There is no need to refresh cache, since the incremental task entry:default@ProcessShareConfig is up-to-date.
[2026-09-10T16:06:51.204] [DEBUG] debug-file - Update task entry:default@ProcessStartupConfig input file:D:\HW\testproject\complete\3\entry\build\default\intermediates\loader\default\pkgContextInfo.json cache by regenerate.
[2026-09-10T16:06:51.204] [DEBUG] debug-file - Update task entry:default@ProcessStartupConfig output file:D:\HW\testproject\complete\3\entry\build\default\intermediates\startup\default\startup_config.json cache.
[2026-09-10T16:06:51.205] [DEBUG] debug-file - Incremental task entry:default@ProcessStartupConfig post-execution cost:1 ms .
[2026-09-10T16:06:51.205] [DEBUG] debug-file - There is no need to refresh cache, since the incremental task entry:default@ProcessResource is up-to-date.
[2026-09-10T16:06:51.205] [DEBUG] debug-file - There is no need to refresh cache, since the incremental task entry:default@GenerateLoaderJson is up-to-date.
[2026-09-10T16:06:51.205] [DEBUG] debug-file - There is no need to refresh cache, since the incremental task entry:default@ProcessLibs is up-to-date.
[2026-09-10T16:06:51.205] [DEBUG] debug-file - There is no need to refresh cache, since the incremental task entry:default@CompileResource is up-to-date.
[2026-09-10T16:06:51.205] [DEBUG] debug-file - There is no need to refresh cache, since the incremental task entry:default@DoNativeStrip is up-to-date.
[2026-09-10T16:06:51.205] [DEBUG] debug-file - There is no need to refresh cache, since the incremental task entry:default@CompileArkTS is up-to-date.
[2026-09-10T16:06:51.207] [DEBUG] debug-file - Update task entry:default@BuildJS input file:D:\HW\testproject\complete\3\entry\build\default\intermediates\loader\default cache by regenerate.
[2026-09-10T16:06:51.208] [DEBUG] debug-file - Update task entry:default@BuildJS input file:D:\HW\testproject\complete\3\entry\build\default\intermediates\res\default\resources\rawfile cache by regenerate.
[2026-09-10T16:06:51.208] [DEBUG] debug-file - Update task entry:default@BuildJS input file:D:\HW\testproject\complete\3\entry\build\default\intermediates\res\default\ResourceTable.txt cache by regenerate.
[2026-09-10T16:06:51.208] [DEBUG] debug-file - Update task entry:default@BuildJS input file:D:\HW\testproject\complete\3\entry\build\default\intermediates\res\default\ark_module.json cache by regenerate.
[2026-09-10T16:06:51.208] [DEBUG] debug-file - Update task entry:default@BuildJS input file:D:\HW\testproject\complete\3\entry\build\default\intermediates\res\default\resources\base\profile cache by regenerate.
[2026-09-10T16:06:51.209] [DEBUG] debug-file - Update task entry:default@BuildJS input file:D:\HW\testproject\complete\3\entry\build\default\intermediates\loader\default\pkgContextInfo.json cache by regenerate.
[2026-09-10T16:06:51.209] [DEBUG] debug-file - Update task entry:default@BuildJS output file:D:\HW\testproject\complete\3\entry\build\default\intermediates\loader_out\default\js cache.
[2026-09-10T16:06:51.209] [DEBUG] debug-file - Incremental task entry:default@BuildJS post-execution cost:5 ms .
[2026-09-10T16:06:51.209] [DEBUG] debug-file - There is no need to refresh cache, since the incremental task entry:default@CacheNativeLibs is up-to-date.
[2026-09-10T16:06:51.209] [DEBUG] debug-file - There is no need to refresh cache, since the incremental task entry:default@GeneratePkgModuleJson is up-to-date.
[2026-09-10T16:06:51.209] [DEBUG] debug-file - Incremental task entry:default@ProcessCompiledResources post-execution cost:1 ms .
[2026-09-10T16:06:51.209] [DEBUG] debug-file - There is no need to refresh cache, since the incremental task entry:default@PackageHap is up-to-date.
[2026-09-10T16:06:51.210] [DEBUG] debug-file - Update task entry:default@SignHap input file:D:\HW\testproject\complete\3\entry\build\default\outputs\default\entry-default-unsigned.hap cache by regenerate.
[2026-09-10T16:06:51.210] [DEBUG] debug-file - Update task entry:default@SignHap output file:D:\HW\testproject\complete\3\entry\build\default\outputs\default\entry-default-signed.hap cache.
[2026-09-10T16:06:51.210] [DEBUG] debug-file - Incremental task entry:default@SignHap post-execution cost:1 ms .
[2026-09-10T16:06:51.211] [DEBUG] debug-file - Update task entry:default@CollectDebugSymbol input file:D:\HW\testproject\complete\3\entry\build\default\intermediates\loader_out\default\ets\sourceMaps.map cache by regenerate.
[2026-09-10T16:06:51.211] [DEBUG] debug-file - Update task entry:default@CollectDebugSymbol input file:D:\HW\testproject\complete\3\entry\build\default\intermediates\libs\default cache by regenerate.
[2026-09-10T16:06:51.211] [DEBUG] debug-file - Update task entry:default@CollectDebugSymbol output file:D:\HW\testproject\complete\3\entry\build\default\outputs\default\symbol cache.
[2026-09-10T16:06:51.211] [DEBUG] debug-file - Incremental task entry:default@CollectDebugSymbol post-execution cost:2 ms .
[2026-09-10T16:06:51.211] [DEBUG] debug-file - There is no need to refresh cache, since the incremental task :MakeProjectPackInfo is up-to-date.
[2026-09-10T16:06:51.211] [DEBUG] debug-file - There is no need to refresh cache, since the incremental task :ProcessProjectPrivacyProfile is up-to-date.
[2026-09-10T16:06:51.212] [DEBUG] debug-file - There is no need to refresh cache, since the incremental task :GeneratePackRes is up-to-date.
[2026-09-10T16:06:51.212] [DEBUG] debug-file - Update task :PackageApp input file:D:\HW\testproject\complete\3\build\outputs\default\pack.info cache by regenerate.
[2026-09-10T16:06:51.213] [DEBUG] debug-file - Update task :PackageApp input file:D:\HW\testproject\complete\3\entry\build\default\outputs\default\entry-default-unsigned.hap cache by regenerate.
[2026-09-10T16:06:51.213] [DEBUG] debug-file - Update task :PackageApp input file:D:\HW\testproject\complete\3\build\outputs\default\pac.json cache by regenerate.
[2026-09-10T16:06:51.213] [DEBUG] debug-file - Update task :PackageApp output file:D:\HW\testproject\complete\3\build\outputs\default\3-default-unsigned.app cache.
[2026-09-10T16:06:51.213] [DEBUG] debug-file - Update task :PackageApp output file:D:\HW\testproject\complete\3\entry\build\default\outputs\default\app\entry-default.hap cache.
[2026-09-10T16:06:51.214] [DEBUG] debug-file - Update task :PackageApp output file:D:\HW\testproject\complete\3\build\outputs\default\symbol\debug cache.
[2026-09-10T16:06:51.214] [DEBUG] debug-file - Incremental task :PackageApp post-execution cost:3 ms .
[2026-09-10T16:06:51.215] [DEBUG] debug-file - Update task :SignPackagesFromApp input file:D:\HW\testproject\complete\3\build\outputs\default\3-default-unsigned.app cache from map.
[2026-09-10T16:06:51.215] [DEBUG] debug-file - Incremental task :SignPackagesFromApp post-execution cost:1 ms .
[2026-09-10T16:06:51.215] [DEBUG] debug-file - Update task :SignApp input file:D:\HW\testproject\complete\3\build\outputs\default\3-default-unsigned.app cache from map.
[2026-09-10T16:06:51.215] [DEBUG] debug-file - Update task :SignApp output file:D:\HW\testproject\complete\3\build\outputs\default\3-default-signed.app cache.
[2026-09-10T16:06:51.215] [DEBUG] debug-file - Incremental task :SignApp post-execution cost:1 ms .
[2026-09-10T16:06:51.227] [DEBUG] debug-file - hvigor build process will be closed.
[2026-09-10T16:06:51.237] [DEBUG] debug-file - session manager: send message to worker process. WorkerThreadId: 0, data: {"type":"hvigor_failed","reason":"Server has disconnected."}
[2026-09-10T16:06:51.238] [DEBUG] debug-file - session manager: send message to worker process. WorkerThreadId: 0, data: {"type":"CloseWatch","reason":"Server has disconnected."}
[2026-09-10T16:06:51.238] [DEBUG] debug-file - watch worker: worker id should be larger than 0. Nothing will be sent to any worker thread.
[2026-09-10T16:06:51.238] [DEBUG] debug-file - ABORT_WORK sent to workers.
[2026-09-10T16:06:51.239] [DEBUG] debug-file - watch worker: worker id should be larger than 0. Nothing will be sent to any worker thread.
[2026-09-10T16:07:31.257] [DEBUG] debug-file - env: nodejsVersion=v24.14.1
[2026-09-10T16:07:31.295] [DEBUG] debug-file - env: daemon=true
[2026-09-10T16:07:31.259] [DEBUG] debug-file - env: hvigor-config.json5 content = {
  modelVersion: '6.0.1',
  dependencies: {},
  execution: {},
  logging: {},
  debugging: {},
  nodeOptions: {}
}
[2026-09-10T16:07:32.067] [DEBUG] debug-file - session manager: set active socket. socketId=qWJCJRqf_ikbQyoKAAAF
[2026-09-10T16:07:32.111] [DEBUG] debug-file - watch worker: worker id should be larger than 0. Nothing will be sent to any worker thread.
[2026-09-10T16:07:32.134] [DEBUG] debug-file - Workers' log level updated to INFO
[2026-09-10T16:07:32.150] [DEBUG] debug-file - Hvigor init with startParameters:{
  hvigorfileTypeCheck: false,
  parallelExecution: true,
  incrementalExecution: true,
  printStackTrace: false,
  daemon: true,
  analyze: 0,
  logLevel: Level { level: 20000, levelStr: 'INFO', colour: 'green' },
  optimizationStrategy: 'memory',
  hotCompile: undefined,
  hotReloadBuild: undefined,
  customizedParam: undefined
}
[2026-09-10T16:07:32.164] [DEBUG] debug-file - Cache service initialization finished in 15 ms 
[2026-09-10T16:07:32.166] [DEBUG] debug-file - hvigorfile, resolving D:\HW\testproject\complete\3\hvigorfile.ts
[2026-09-10T16:07:32.181] [DEBUG] debug-file - hvigorfile, require result:  { default: { plugins: [] } }
[2026-09-10T16:07:32.181] [DEBUG] debug-file - hvigorfile, binding system plugins null
[2026-09-10T16:07:32.181] [DEBUG] debug-file - Starting plugin build process
[2026-09-10T16:07:32.181] [DEBUG] debug-file - App plugin prepare start...
[2026-09-10T16:07:32.182] [DEBUG] debug-file - App plugin prepare end...
[2026-09-10T16:07:32.182] [DEBUG] debug-file - App plugin creating...
[2026-09-10T16:07:32.202] [DEBUG] debug-file - App plugin register hook start...
[2026-09-10T16:07:32.202] [DEBUG] debug-file - App plugin register hook end...
[2026-09-10T16:07:32.203] [DEBUG] debug-file - Plugin build process completed
[2026-09-10T16:07:32.203] [DEBUG] debug-file - Start initialize project's product build option map with build mode debug.
[2026-09-10T16:07:32.203] [DEBUG] debug-file - Picking option from product 'default' with build mode 'debug'.
[2026-09-10T16:07:32.205] [DEBUG] debug-file - Product 'default' build option initialized
[2026-09-10T16:07:32.205] [DEBUG] debug-file - End initialize project's product build option map with build mode 'debug'.
[2026-09-10T16:07:32.207] [DEBUG] debug-file - Obtain build option for product 'default'in this build.
[2026-09-10T16:07:32.212] [DEBUG] debug-file - No signingConfig found, initRemoteHspCache failed.
[2026-09-10T16:07:32.235] [DEBUG] debug-file - Start recording SDK configuration permission data.
[2026-09-10T16:07:32.535] [DEBUG] debug-file - Sdk init in 321 ms 
[2026-09-10T16:07:32.542] [DEBUG] debug-file - Project task initialization takes 7 ms 
[2026-09-10T16:07:32.542] [DEBUG] debug-file - hvigorfile, begin to bind custom plugins...
[2026-09-10T16:07:32.542] [DEBUG] debug-file - hvigorfile, no custom plugins were found in D:\HW\testproject\complete\3\hvigorfile.ts
[2026-09-10T16:07:32.542] [DEBUG] debug-file - hvigorfile, resolve finished D:\HW\testproject\complete\3\hvigorfile.ts
[2026-09-10T16:07:32.549] [DEBUG] debug-file - hvigorfile, resolving D:\HW\testproject\complete\3\entry\hvigorfile.ts
[2026-09-10T16:07:32.586] [DEBUG] debug-file - hvigorfile, require result:  { default: { plugins: [] } }
[2026-09-10T16:07:32.588] [DEBUG] debug-file - hvigorfile, binding system plugins null
[2026-09-10T16:07:32.588] [DEBUG] debug-file - Starting plugin build process
[2026-09-10T16:07:32.588] [DEBUG] debug-file - Hap plugin creating...
[2026-09-10T16:07:32.598] [DEBUG] debug-file - failed to load cangjie to dynamically generate schemas: Error: Cannot find module '@ohos/cangjie-build-support/index'
Require stack:
- E:\DevEco Studio\tools\hvigor\hvigor-ohos-plugin\src\plugin\hooks\cangjie-register.js
- E:\DevEco Studio\tools\hvigor\hvigor-ohos-plugin\src\plugin\strategy\stage-init-strategy.js
- E:\DevEco Studio\tools\hvigor\hvigor-ohos-plugin\src\plugin\builder\abstract-plugin-builder.js
- E:\DevEco Studio\tools\hvigor\hvigor-ohos-plugin\src\plugin\builder\app-plugin-builder.js
- E:\DevEco Studio\tools\hvigor\hvigor-ohos-plugin\src\plugin\factory\plugin-factory.js
- E:\DevEco Studio\tools\hvigor\hvigor-ohos-plugin\index.js
- D:\HW\testproject\complete\3\hvigorfile.ts
- E:\DevEco Studio\tools\hvigor\hvigor\src\base\internal\lifecycle\configuration.js
- E:\DevEco Studio\tools\hvigor\hvigor\src\base\boot\index.js
- E:\DevEco Studio\tools\hvigor\hvigor\src\base\daemon\cluster\worker-process-lifecycle.js
- E:\DevEco Studio\tools\hvigor\hvigor\src\base\daemon\process\daemon-process-boot-script.js
[2026-09-10T16:07:32.612] [DEBUG] debug-file - Start initialize module-target build option map, moduleName=entry, buildMode=debug
[2026-09-10T16:07:32.616] [DEBUG] debug-file - Target 'default' config initialized
[2026-09-10T16:07:32.617] [DEBUG] debug-file - Target 'ohosTest' config initialized
[2026-09-10T16:07:32.626] [DEBUG] debug-file - Module 'entry' target 'default' build option initialized
[2026-09-10T16:07:32.626] [DEBUG] debug-file - Module 'entry' target 'ohosTest' build option initialized
[2026-09-10T16:07:32.627] [DEBUG] debug-file - End initialize module-target build option map, moduleName=entry
[2026-09-10T16:07:32.628] [DEBUG] debug-file - Start initialize module-target build option map, moduleName=entry, buildMode=release
[2026-09-10T16:07:32.628] [DEBUG] debug-file - Target 'default' config initialized
[2026-09-10T16:07:32.629] [DEBUG] debug-file - Target 'ohosTest' config initialized
[2026-09-10T16:07:32.630] [DEBUG] debug-file - Module 'entry' target 'default' build option initialized
[2026-09-10T16:07:32.630] [DEBUG] debug-file - Module 'entry' target 'ohosTest' build option initialized
[2026-09-10T16:07:32.634] [DEBUG] debug-file - End initialize module-target build option map, moduleName=entry
[2026-09-10T16:07:32.634] [DEBUG] debug-file - Start initialize module-target build option map, moduleName=entry, buildMode=debug
[2026-09-10T16:07:32.634] [DEBUG] debug-file - Target 'default' config initialized
[2026-09-10T16:07:32.635] [DEBUG] debug-file - Target 'ohosTest' config initialized
[2026-09-10T16:07:32.636] [DEBUG] debug-file - Module 'entry' target 'default' build option initialized
[2026-09-10T16:07:32.636] [DEBUG] debug-file - Module 'entry' target 'ohosTest' build option initialized
[2026-09-10T16:07:32.637] [DEBUG] debug-file - End initialize module-target build option map, moduleName=entry
[2026-09-10T16:07:32.638] [DEBUG] debug-file - Obtain build option for module 'entry' target 'default'in this build.
[2026-09-10T16:07:32.643] [DEBUG] debug-file - Module entry task initialization takes 3 ms 
[2026-09-10T16:07:32.648] [DEBUG] debug-file - Hap plugin register hook start...
[2026-09-10T16:07:32.648] [DEBUG] debug-file - Hap plugin register hook end...
[2026-09-10T16:07:32.648] [DEBUG] debug-file - Plugin build process completed
[2026-09-10T16:07:32.648] [DEBUG] debug-file - hvigorfile, begin to bind custom plugins...
[2026-09-10T16:07:32.649] [DEBUG] debug-file - hvigorfile, no custom plugins were found in D:\HW\testproject\complete\3\entry\hvigorfile.ts
[2026-09-10T16:07:32.649] [DEBUG] debug-file - hvigorfile, resolve finished D:\HW\testproject\complete\3\entry\hvigorfile.ts
[2026-09-10T16:07:32.860] [DEBUG] debug-file - hvigorfile, resolve hvigorfile dependencies in 211 ms 
[2026-09-10T16:07:32.861] [DEBUG] debug-file - project has submodules:entry
[2026-09-10T16:07:32.865] [DEBUG] debug-file - start to load updatedOhPackageInfo to the disk
[2026-09-10T16:07:32.877] [DEBUG] debug-file - load to the disk finished
[2026-09-10T16:07:32.886] [DEBUG] debug-file - Start to initialize dependency information.
[2026-09-10T16:07:32.919] [DEBUG] debug-file - Module 3 Collected Dependency: 
[2026-09-10T16:07:32.919] [DEBUG] debug-file - Module 3's total dependency: 0
[2026-09-10T16:07:32.920] [DEBUG] debug-file - Start to initialize dependency information.
[2026-09-10T16:07:32.939] [DEBUG] debug-file - Module entry Collected Dependency: 
[2026-09-10T16:07:32.939] [DEBUG] debug-file - Module entry's total dependency: 0
[2026-09-10T16:07:32.952] [DEBUG] debug-file - Configuration phase cost:788 ms 
[2026-09-10T16:07:32.961] [DEBUG] debug-file - Configuration task cost before running: 826 ms 
[2026-09-10T16:07:32.962] [DEBUG] debug-file - Executing task ::PreBuildApp
[2026-09-10T16:07:32.974] [DEBUG] debug-file - 3 : PreBuildApp cost memory 0.3394927978515625
[2026-09-10T16:07:32.983] [DEBUG] debug-file - runTaskFromQueue task cost before running: 839 ms 
[2026-09-10T16:07:32.983] [INFO] debug-file - Finished ::PreBuildApp... after 12 ms 
[2026-09-10T16:07:33.020] [DEBUG] debug-file - Executing task :entry:default@PreBuild
[2026-09-10T16:07:33.072] [DEBUG] debug-file - Task 'entry:default@PreBuild' cost while wrapping incremental declarations: 1 ms 
[2026-09-10T16:07:33.272] [DEBUG] debug-file - Incremental task entry:default@PreBuild pre-execution cost: 168 ms .
[2026-09-10T16:07:33.272] [DEBUG] debug-file - entry : default@PreBuild cost memory 0.5555267333984375
[2026-09-10T16:07:33.353] [INFO] debug-file - UP-TO-DATE :entry:default@PreBuild...  
[2026-09-10T16:07:33.353] [DEBUG] debug-file - Executing task ::DuplicateDependencyCheck
[2026-09-10T16:07:33.354] [DEBUG] debug-file - 3 : DuplicateDependencyCheck cost memory 0.013763427734375
[2026-09-10T16:07:33.369] [DEBUG] debug-file - runTaskFromQueue task cost before running: 1 s 234 ms 
[2026-09-10T16:07:33.371] [INFO] debug-file - Finished ::DuplicateDependencyCheck... after 1 ms 
[2026-09-10T16:07:33.390] [DEBUG] debug-file - Executing task :entry:default@CreateModuleInfo
[2026-09-10T16:07:33.401] [DEBUG] debug-file - Task 'entry:default@CreateModuleInfo' cost while wrapping incremental declarations: 1 ms 
[2026-09-10T16:07:33.401] [DEBUG] debug-file - entry : default@CreateModuleInfo cost memory 0.0400543212890625
[2026-09-10T16:07:33.402] [DEBUG] debug-file - runTaskFromQueue task cost before running: 1 s 267 ms 
[2026-09-10T16:07:33.414] [INFO] debug-file - Finished :entry:default@CreateModuleInfo... after 13 ms 
[2026-09-10T16:07:33.433] [DEBUG] debug-file - Executing task :entry:default@GenerateMetadata
[2026-09-10T16:07:33.444] [DEBUG] debug-file - Task 'entry:default@GenerateMetadata' cost while wrapping incremental declarations: 1 ms 
[2026-09-10T16:07:33.457] [DEBUG] debug-file - Incremental task entry:default@GenerateMetadata pre-execution cost: 2 ms .
[2026-09-10T16:07:33.457] [DEBUG] debug-file - entry : default@GenerateMetadata cost memory 0.07587432861328125
[2026-09-10T16:07:33.468] [INFO] debug-file - UP-TO-DATE :entry:default@GenerateMetadata...  
[2026-09-10T16:07:33.508] [DEBUG] debug-file - Executing task :entry:default@ConfigureCmake
[2026-09-10T16:07:33.527] [DEBUG] debug-file - entry : default@ConfigureCmake cost memory 0.01432037353515625
[2026-09-10T16:07:33.529] [DEBUG] debug-file - runTaskFromQueue task cost before running: 1 s 393 ms 
[2026-09-10T16:07:33.544] [INFO] debug-file - Finished :entry:default@ConfigureCmake... after 20 ms 
[2026-09-10T16:07:33.553] [DEBUG] debug-file - Executing task :entry:default@MergeProfile
[2026-09-10T16:07:33.554] [DEBUG] debug-file - Task 'entry:default@MergeProfile' cost while wrapping incremental declarations: 1 ms 
[2026-09-10T16:07:33.591] [DEBUG] debug-file - Incremental task entry:default@MergeProfile pre-execution cost: 36 ms .
[2026-09-10T16:07:33.592] [DEBUG] debug-file - entry : default@MergeProfile cost memory 0.12557220458984375
[2026-09-10T16:07:33.668] [INFO] debug-file - UP-TO-DATE :entry:default@MergeProfile...  
[2026-09-10T16:07:33.713] [DEBUG] debug-file - Executing task :entry:default@CreateBuildProfile
[2026-09-10T16:07:33.727] [DEBUG] debug-file - Task 'entry:default@CreateBuildProfile' cost while wrapping incremental declarations: 14 ms 
[2026-09-10T16:07:33.733] [DEBUG] debug-file - Incremental task entry:default@CreateBuildProfile pre-execution cost: 6 ms .
[2026-09-10T16:07:33.733] [DEBUG] debug-file - entry : default@CreateBuildProfile cost memory 0.0948028564453125
[2026-09-10T16:07:33.746] [INFO] debug-file - UP-TO-DATE :entry:default@CreateBuildProfile...  
[2026-09-10T16:07:33.765] [DEBUG] debug-file - Executing task :entry:default@PreCheckSyscap
[2026-09-10T16:07:33.768] [DEBUG] debug-file - entry : default@PreCheckSyscap cost memory 0.01514434814453125
[2026-09-10T16:07:33.781] [DEBUG] debug-file - runTaskFromQueue task cost before running: 1 s 646 ms 
[2026-09-10T16:07:33.782] [INFO] debug-file - Finished :entry:default@PreCheckSyscap... after 4 ms 
[2026-09-10T16:07:33.795] [DEBUG] debug-file - Executing task :entry:default@GeneratePkgContextInfo
[2026-09-10T16:07:33.848] [DEBUG] debug-file - Task 'entry:default@GeneratePkgContextInfo' cost while wrapping incremental declarations: 1 ms 
[2026-09-10T16:07:33.857] [DEBUG] debug-file - Incremental task entry:default@GeneratePkgContextInfo pre-execution cost: 9 ms .
[2026-09-10T16:07:33.858] [DEBUG] debug-file - entry : default@GeneratePkgContextInfo cost memory 0.00952911376953125
[2026-09-10T16:07:33.859] [INFO] debug-file - UP-TO-DATE :entry:default@GeneratePkgContextInfo...  
[2026-09-10T16:07:33.871] [DEBUG] debug-file - Executing task :entry:default@GeneratePkgSdkInfo
[2026-09-10T16:07:33.903] [DEBUG] debug-file - Task 'entry:default@GeneratePkgSdkInfo' cost while wrapping incremental declarations: 1 ms 
[2026-09-10T16:07:33.904] [DEBUG] debug-file - entry : default@GeneratePkgSdkInfo cost memory 0.10683441162109375
[2026-09-10T16:07:33.905] [DEBUG] debug-file - runTaskFromQueue task cost before running: 1 s 770 ms 
[2026-09-10T16:07:33.905] [INFO] debug-file - Finished :entry:default@GeneratePkgSdkInfo... after 34 ms 
[2026-09-10T16:07:33.942] [DEBUG] debug-file - Executing task :entry:default@ProcessIntegratedHsp
[2026-09-10T16:07:33.944] [DEBUG] debug-file - entry:default@ProcessIntegratedHsp is not up-to-date, since the output file 'D:\HW\testproject\complete\3\build\cache\default\integrated_hsp\integratedHspCache.json' does not exist.
[2026-09-10T16:07:33.944] [DEBUG] debug-file - Incremental task entry:default@ProcessIntegratedHsp pre-execution cost: 1 ms .
[2026-09-10T16:07:33.944] [DEBUG] debug-file - entry : default@ProcessIntegratedHsp cost memory 0.05796051025390625
[2026-09-10T16:07:33.945] [DEBUG] debug-file - runTaskFromQueue task cost before running: 1 s 810 ms 
[2026-09-10T16:07:33.957] [INFO] debug-file - Finished :entry:default@ProcessIntegratedHsp... after 3 ms 
[2026-09-10T16:07:33.970] [DEBUG] debug-file - Executing task :entry:default@BuildNativeWithCmake
[2026-09-10T16:07:33.970] [DEBUG] debug-file - entry : default@BuildNativeWithCmake cost memory 0.01439666748046875
[2026-09-10T16:07:33.970] [DEBUG] debug-file - runTaskFromQueue task cost before running: 1 s 835 ms 
[2026-09-10T16:07:33.981] [INFO] debug-file - Finished :entry:default@BuildNativeWithCmake... after 1 ms 
[2026-09-10T16:07:33.990] [DEBUG] debug-file - Executing task :entry:default@MakePackInfo
[2026-09-10T16:07:34.035] [DEBUG] debug-file - Incremental task entry:default@MakePackInfo pre-execution cost: 34 ms .
[2026-09-10T16:07:34.035] [DEBUG] debug-file - entry : default@MakePackInfo cost memory 0.1147918701171875
[2026-09-10T16:07:34.052] [INFO] debug-file - UP-TO-DATE :entry:default@MakePackInfo...  
[2026-09-10T16:07:34.102] [DEBUG] debug-file - Executing task :entry:default@SyscapTransform
[2026-09-10T16:07:34.103] [DEBUG] debug-file - File: 'D:\HW\testproject\complete\3\entry\src\main\syscap.json' from 'sysCapJsonPath' is not exists, just ignore.
[2026-09-10T16:07:34.119] [DEBUG] debug-file - Task 'entry:default@SyscapTransform' cost while wrapping incremental declarations: 17 ms 
[2026-09-10T16:07:34.355] [DEBUG] debug-file - entry:default@SyscapTransform is not up-to-date, since the output file 'D:\HW\testproject\complete\3\entry\build\default\intermediates\syscap\default\rpcid.sc' does not exist.
[2026-09-10T16:07:34.356] [DEBUG] debug-file - Incremental task entry:default@SyscapTransform pre-execution cost: 237 ms .
[2026-09-10T16:07:34.356] [DEBUG] debug-file - entry : default@SyscapTransform cost memory 0.1167449951171875
[2026-09-10T16:07:34.356] [DEBUG] debug-file - runTaskFromQueue task cost before running: 2 s 221 ms 
[2026-09-10T16:07:34.383] [INFO] debug-file - Finished :entry:default@SyscapTransform... after 254 ms 
[2026-09-10T16:07:34.397] [DEBUG] debug-file - Executing task :entry:default@ProcessProfile
[2026-09-10T16:07:34.439] [DEBUG] debug-file - Task 'entry:default@ProcessProfile' cost while wrapping incremental declarations: 1 ms 
[2026-09-10T16:07:34.457] [DEBUG] debug-file - Incremental task entry:default@ProcessProfile pre-execution cost: 2 ms .
[2026-09-10T16:07:34.457] [DEBUG] debug-file - entry : default@ProcessProfile cost memory 0.12860870361328125
[2026-09-10T16:07:34.461] [INFO] debug-file - UP-TO-DATE :entry:default@ProcessProfile...  
[2026-09-10T16:07:34.522] [DEBUG] debug-file - Executing task :entry:default@ProcessRouterMap
[2026-09-10T16:07:34.791] [DEBUG] debug-file - Incremental task entry:default@ProcessRouterMap pre-execution cost: 183 ms .
[2026-09-10T16:07:34.792] [DEBUG] debug-file - entry : default@ProcessRouterMap cost memory 0.1385498046875
[2026-09-10T16:07:34.874] [INFO] debug-file - UP-TO-DATE :entry:default@ProcessRouterMap...  
[2026-09-10T16:07:34.962] [DEBUG] debug-file - Executing task :entry:default@ProcessShareConfig
[2026-09-10T16:07:35.058] [DEBUG] debug-file - Incremental task entry:default@ProcessShareConfig pre-execution cost: 55 ms .
[2026-09-10T16:07:35.079] [DEBUG] debug-file - entry : default@ProcessShareConfig cost memory 0.1174774169921875
[2026-09-10T16:07:35.103] [INFO] debug-file - UP-TO-DATE :entry:default@ProcessShareConfig...  
[2026-09-10T16:07:35.123] [DEBUG] debug-file - Executing task :entry:default@ProcessStartupConfig
[2026-09-10T16:07:35.124] [DEBUG] debug-file - Task 'entry:default@ProcessStartupConfig' cost while wrapping incremental declarations: 1 ms 
[2026-09-10T16:07:35.163] [DEBUG] debug-file - entry:default@ProcessStartupConfig is not up-to-date, since the output file 'D:\HW\testproject\complete\3\entry\build\default\intermediates\startup\default\startup_config.json' does not exist.
[2026-09-10T16:07:35.163] [DEBUG] debug-file - Incremental task entry:default@ProcessStartupConfig pre-execution cost: 2 ms .
[2026-09-10T16:07:35.237] [DEBUG] debug-file - entry : default@ProcessStartupConfig cost memory 0.11185455322265625
[2026-09-10T16:07:35.239] [DEBUG] debug-file - runTaskFromQueue task cost before running: 3 s 104 ms 
[2026-09-10T16:07:35.326] [INFO] debug-file - Finished :entry:default@ProcessStartupConfig... after 117 ms 
[2026-09-10T16:07:35.367] [DEBUG] debug-file - Executing task :entry:default@BuildNativeWithNinja
[2026-09-10T16:07:35.387] [DEBUG] debug-file - entry : default@BuildNativeWithNinja cost memory 0.01930999755859375
[2026-09-10T16:07:35.389] [DEBUG] debug-file - runTaskFromQueue task cost before running: 3 s 254 ms 
[2026-09-10T16:07:35.390] [INFO] debug-file - Finished :entry:default@BuildNativeWithNinja... after 22 ms 
[2026-09-10T16:07:35.445] [DEBUG] debug-file - restool module names: entry; moduleName=entry, taskName=default@ProcessResource
[2026-09-10T16:07:35.535] [DEBUG] debug-file - Executing task :entry:default@ProcessResource
[2026-09-10T16:07:35.558] [DEBUG] debug-file - Task 'entry:default@ProcessResource' cost while wrapping incremental declarations: 1 ms 
[2026-09-10T16:07:35.585] [DEBUG] debug-file - Incremental task entry:default@ProcessResource pre-execution cost: 26 ms .
[2026-09-10T16:07:35.591] [DEBUG] debug-file - entry : default@ProcessResource cost memory 0.11313629150390625
[2026-09-10T16:07:36.467] [INFO] debug-file - UP-TO-DATE :entry:default@ProcessResource...  
[2026-09-10T16:07:36.506] [DEBUG] debug-file - Executing task :entry:default@GenerateLoaderJson
[2026-09-10T16:07:36.540] [DEBUG] debug-file - Task 'entry:default@GenerateLoaderJson' cost while wrapping incremental declarations: 1 ms 
[2026-09-10T16:07:38.790] [DEBUG] debug-file - Incremental task entry:default@GenerateLoaderJson pre-execution cost: 1 s 752 ms .
[2026-09-10T16:07:38.791] [DEBUG] debug-file - entry : default@GenerateLoaderJson cost memory 0.33571624755859375
[2026-09-10T16:07:39.006] [INFO] debug-file - UP-TO-DATE :entry:default@GenerateLoaderJson...  
[2026-09-10T16:07:39.010] [DEBUG] debug-file - Executing task :entry:default@ProcessLibs
[2026-09-10T16:07:39.079] [DEBUG] debug-file - Task 'entry:default@ProcessLibs' cost while wrapping incremental declarations: 1 ms 
[2026-09-10T16:07:39.300] [DEBUG] debug-file - Incremental task entry:default@ProcessLibs pre-execution cost: 116 ms .
[2026-09-10T16:07:39.301] [DEBUG] debug-file - entry : default@ProcessLibs cost memory 0.10666656494140625
[2026-09-10T16:07:39.318] [INFO] debug-file - UP-TO-DATE :entry:default@ProcessLibs...  
[2026-09-10T16:07:39.418] [DEBUG] debug-file - restool module names: entry; moduleName=entry, taskName=default@CompileResource
[2026-09-10T16:07:39.420] [DEBUG] debug-file - Executing task :entry:default@CompileResource
[2026-09-10T16:07:40.767] [DEBUG] debug-file - Incremental task entry:default@CompileResource pre-execution cost: 1 s 243 ms .
[2026-09-10T16:07:40.783] [DEBUG] debug-file - entry : default@CompileResource cost memory 0.51287841796875
[2026-09-10T16:07:40.828] [INFO] debug-file - UP-TO-DATE :entry:default@CompileResource...  
[2026-09-10T16:07:40.918] [DEBUG] debug-file - Executing task :entry:default@DoNativeStrip
[2026-09-10T16:07:40.943] [DEBUG] debug-file - File: 'D:\HW\testproject\complete\3\entry\build\default\intermediates\binxo\default' from 'doBinxoNativeLibs' is not exists, just ignore.
[2026-09-10T16:07:40.944] [DEBUG] debug-file - Task 'entry:default@DoNativeStrip' cost while wrapping incremental declarations: 25 ms 
[2026-09-10T16:07:40.967] [DEBUG] debug-file - Incremental task entry:default@DoNativeStrip pre-execution cost: 23 ms .
[2026-09-10T16:07:40.967] [DEBUG] debug-file - entry : default@DoNativeStrip cost memory 0.074066162109375
[2026-09-10T16:07:40.984] [INFO] debug-file - UP-TO-DATE :entry:default@DoNativeStrip...  
[2026-09-10T16:07:41.001] [DEBUG] debug-file - Executing task :entry:default@CompileArkTS
[2026-09-10T16:07:41.002] [DEBUG] debug-file - obfuscationOptions: undefined
[2026-09-10T16:07:41.096] [DEBUG] debug-file - Task 'entry:default@CompileArkTS' cost while wrapping incremental declarations: 1 ms 
[2026-09-10T16:07:42.471] [DEBUG] debug-file - Incremental task entry:default@CompileArkTS pre-execution cost: 1 s 298 ms .
[2026-09-10T16:07:42.516] [DEBUG] debug-file - entry : default@CompileArkTS cost memory 0.4698638916015625
[2026-09-10T16:07:42.803] [INFO] debug-file - UP-TO-DATE :entry:default@CompileArkTS...  
[2026-09-10T16:07:42.972] [DEBUG] debug-file - Executing task :entry:default@BuildJS
[2026-09-10T16:07:42.973] [DEBUG] debug-file - Task 'entry:default@BuildJS' cost while wrapping incremental declarations: 1 ms 
[2026-09-10T16:07:43.109] [DEBUG] debug-file - entry : default@BuildJS cost memory 0.119537353515625
[2026-09-10T16:07:43.110] [DEBUG] debug-file - runTaskFromQueue task cost before running: 10 s 975 ms 
[2026-09-10T16:07:43.312] [INFO] debug-file - Finished :entry:default@BuildJS... after 139 ms 
[2026-09-10T16:07:43.736] [DEBUG] debug-file - Executing task :entry:default@CacheNativeLibs
[2026-09-10T16:07:43.979] [DEBUG] debug-file - File: 'D:\HW\testproject\complete\3\entry\build\default\intermediates\binxo\default' from 'cacheBinxoNativeLibs' is not exists, just ignore.
[2026-09-10T16:07:43.981] [DEBUG] debug-file - Task 'entry:default@CacheNativeLibs' cost while wrapping incremental declarations: 3 ms 
[2026-09-10T16:07:44.227] [DEBUG] debug-file - Incremental task entry:default@CacheNativeLibs pre-execution cost: 202 ms .
[2026-09-10T16:07:44.227] [DEBUG] debug-file - entry : default@CacheNativeLibs cost memory 0.08721160888671875
[2026-09-10T16:07:44.228] [INFO] debug-file - UP-TO-DATE :entry:default@CacheNativeLibs...  
[2026-09-10T16:07:44.324] [DEBUG] debug-file - Executing task :entry:default@GeneratePkgModuleJson
[2026-09-10T16:07:44.351] [DEBUG] debug-file - File: 'D:\HW\testproject\complete\3\entry\build\default\intermediates\preload\default\preload.json' from 'preloadSoJsonPath' is not exists, just ignore.
[2026-09-10T16:07:44.352] [DEBUG] debug-file - Error occurs while handling @Input 'shouldDeduplicateHar': The "data" argument must be of type string or an instance of Buffer, TypedArray, or DataView. Received undefined
[2026-09-10T16:07:44.352] [DEBUG] debug-file - Task 'entry:default@GeneratePkgModuleJson' cost while wrapping incremental declarations: 28 ms 
[2026-09-10T16:07:44.395] [DEBUG] debug-file - Incremental task entry:default@GeneratePkgModuleJson pre-execution cost: 43 ms .
[2026-09-10T16:07:44.395] [DEBUG] debug-file - entry : default@GeneratePkgModuleJson cost memory 0.084136962890625
[2026-09-10T16:07:44.416] [INFO] debug-file - UP-TO-DATE :entry:default@GeneratePkgModuleJson...  
[2026-09-10T16:07:44.419] [DEBUG] debug-file - Executing task :entry:default@ProcessCompiledResources
[2026-09-10T16:07:44.419] [DEBUG] debug-file - File: 'D:\HW\testproject\complete\3\entry\build\default\intermediates\preload\default\preload.json' from 'preloadSoJsonPath' is not exists, just ignore.
[2026-09-10T16:07:44.419] [DEBUG] debug-file - Task 'entry:default@ProcessCompiledResources' cost while wrapping incremental declarations: 1 ms 
[2026-09-10T16:07:44.441] [DEBUG] debug-file - entry : default@ProcessCompiledResources cost memory 0.050628662109375
[2026-09-10T16:07:44.442] [DEBUG] debug-file - runTaskFromQueue task cost before running: 12 s 307 ms 
[2026-09-10T16:07:44.490] [INFO] debug-file - Finished :entry:default@ProcessCompiledResources... after 24 ms 
[2026-09-10T16:07:44.530] [DEBUG] debug-file - Executing task :entry:default@PackageHap
[2026-09-10T16:07:44.886] [DEBUG] debug-file - Incremental task entry:default@PackageHap pre-execution cost: 275 ms .
[2026-09-10T16:07:44.886] [DEBUG] debug-file - entry : default@PackageHap cost memory 0.29270172119140625
[2026-09-10T16:07:44.955] [INFO] debug-file - UP-TO-DATE :entry:default@PackageHap...  
[2026-09-10T16:07:44.979] [DEBUG] debug-file - Executing task :entry:default@PackingCheck
[2026-09-10T16:07:45.163] [DEBUG] debug-file - entry : default@PackingCheck cost memory 0.29473114013671875
[2026-09-10T16:07:45.164] [DEBUG] debug-file - runTaskFromQueue task cost before running: 13 s 29 ms 
[2026-09-10T16:07:46.428] [INFO] debug-file - Finished :entry:default@PackingCheck... after 186 ms 
[2026-09-10T16:07:46.508] [DEBUG] debug-file - Executing task :entry:default@SignHap
[2026-09-10T16:07:46.509] [WARN] debug-file - Will skip sign 'hos_hap'. No signingConfigs profile is configured in current project.
             If needed, configure the signingConfigs in D:\HW\testproject\complete\3\build-profile.json5.
[2026-09-10T16:07:46.559] [DEBUG] debug-file - entry:default@SignHap is not up-to-date, since the output file 'D:\HW\testproject\complete\3\entry\build\default\outputs\default\entry-default-signed.hap' does not exist.
[2026-09-10T16:07:46.559] [DEBUG] debug-file - Incremental task entry:default@SignHap pre-execution cost: 2 ms .
[2026-09-10T16:07:46.588] [DEBUG] debug-file - entry : default@SignHap cost memory 0.0724639892578125
[2026-09-10T16:07:46.589] [DEBUG] debug-file - runTaskFromQueue task cost before running: 14 s 454 ms 
[2026-09-10T16:07:46.589] [INFO] debug-file - Finished :entry:default@SignHap... after 81 ms 
[2026-09-10T16:07:46.629] [DEBUG] debug-file - Executing task :entry:default@CollectDebugSymbol
[2026-09-10T16:07:46.745] [DEBUG] debug-file - entry : default@CollectDebugSymbol cost memory 0.0784912109375
[2026-09-10T16:07:46.746] [DEBUG] debug-file - runTaskFromQueue task cost before running: 14 s 611 ms 
[2026-09-10T16:07:46.746] [INFO] debug-file - Finished :entry:default@CollectDebugSymbol... after 117 ms 
[2026-09-10T16:07:46.747] [DEBUG] debug-file - Executing task :entry:assembleHap
[2026-09-10T16:07:46.747] [DEBUG] debug-file - entry : assembleHap cost memory 0.012359619140625
[2026-09-10T16:07:46.750] [DEBUG] debug-file - runTaskFromQueue task cost before running: 14 s 612 ms 
[2026-09-10T16:07:46.752] [INFO] debug-file - Finished :entry:assembleHap... after 1 ms 
[2026-09-10T16:07:46.753] [DEBUG] debug-file - Executing task ::MakeProjectPackInfo
[2026-09-10T16:07:46.988] [DEBUG] debug-file - Task ':MakeProjectPackInfo' cost while wrapping incremental declarations: 1 ms 
[2026-09-10T16:07:47.206] [DEBUG] debug-file - Incremental task :MakeProjectPackInfo pre-execution cost: 90 ms .
[2026-09-10T16:07:47.207] [DEBUG] debug-file - 3 : MakeProjectPackInfo cost memory 0.13877105712890625
[2026-09-10T16:07:47.213] [INFO] debug-file - UP-TO-DATE ::MakeProjectPackInfo...  
[2026-09-10T16:07:47.214] [DEBUG] debug-file - Executing task ::ProcessProjectPrivacyProfile
[2026-09-10T16:07:47.594] [DEBUG] debug-file - Incremental task :ProcessProjectPrivacyProfile pre-execution cost: 99 ms .
[2026-09-10T16:07:47.664] [DEBUG] debug-file - 3 : ProcessProjectPrivacyProfile cost memory 0.08612823486328125
[2026-09-10T16:07:47.834] [INFO] debug-file - UP-TO-DATE ::ProcessProjectPrivacyProfile...  
[2026-09-10T16:07:47.835] [DEBUG] debug-file - Executing task ::GeneratePackRes
[2026-09-10T16:07:48.167] [DEBUG] debug-file - Incremental task :GeneratePackRes pre-execution cost: 331 ms .
[2026-09-10T16:07:48.168] [DEBUG] debug-file - 3 : GeneratePackRes cost memory 0.0413055419921875
[2026-09-10T16:07:48.170] [INFO] debug-file - UP-TO-DATE ::GeneratePackRes...  
[2026-09-10T16:07:48.170] [DEBUG] debug-file - Executing task ::PackageApp
[2026-09-10T16:07:48.433] [DEBUG] debug-file - Task ':PackageApp' cost while wrapping incremental declarations: 15 ms 
[2026-09-10T16:07:48.503] [DEBUG] debug-file - :PackageApp is not up-to-date, since the output file 'D:\HW\testproject\complete\3\build\outputs\default\symbol\debug' does not exist.
[2026-09-10T16:07:48.530] [DEBUG] debug-file - Incremental task :PackageApp pre-execution cost: 96 ms .
[2026-09-10T16:07:49.639] [DEBUG] debug-file - Use tool [PackageApp]
 [
  'java',
  '-Dfile.encoding=GBK',
  '-jar',
  'E:\\DevEco Studio\\sdk\\default\\openharmony\\toolchains\\lib\\app_packing_tool.jar',
  '--mode',
  'app',
  '--pack-info-path',
  'D:\\HW\\testproject\\complete\\3\\build\\outputs\\default\\pack.info',
  '--hap-path',
  'D:\\HW\\testproject\\complete\\3\\entry\\build\\default\\outputs\\default\\app\\entry-default.hap',
  '--hsp-path',
  '',
  '--force',
  'true',
  '--out-path',
  'D:\\HW\\testproject\\complete\\3\\build\\outputs\\default\\3-default-unsigned.app',
  '--main-module-limit',
  '2',
  '--normal-module-limit',
  '2',
  '--pac-json-path',
  'D:\\HW\\testproject\\complete\\3\\build\\outputs\\default\\pac.json'
]
[2026-09-10T16:07:49.853] [DEBUG] debug-file - current process  memoryUsage: {
  rss: 510066688,
  heapTotal: 130871296,
  heapUsed: 127797504,
  external: 3978227,
  arrayBuffers: 42576
} os memoryUsage :15.256404876708984
[2026-09-10T16:07:51.822] [DEBUG] debug-file - 3 : PackageApp cost memory -8.755699157714844
[2026-09-10T16:07:51.823] [DEBUG] debug-file - runTaskFromQueue task cost before running: 19 s 688 ms 
[2026-09-10T16:07:51.824] [INFO] debug-file - Finished ::PackageApp... after 3 s 653 ms 
[2026-09-10T16:07:51.824] [DEBUG] debug-file - Executing task ::SignPackagesFromApp
[2026-09-10T16:07:51.967] [DEBUG] debug-file - :SignPackagesFromApp is not up-to-date, since the input file 'D:\HW\testproject\complete\3\build\outputs\default\3-default-unsigned.app' has been changed.
[2026-09-10T16:07:52.025] [DEBUG] debug-file - Incremental task :SignPackagesFromApp pre-execution cost: 201 ms .
[2026-09-10T16:07:52.026] [DEBUG] debug-file - 3 : SignPackagesFromApp cost memory 0.05975341796875
[2026-09-10T16:07:52.027] [DEBUG] debug-file - runTaskFromQueue task cost before running: 19 s 892 ms 
[2026-09-10T16:07:52.061] [INFO] debug-file - Finished ::SignPackagesFromApp... after 203 ms 
[2026-09-10T16:07:52.061] [DEBUG] debug-file - Executing task ::SignApp
[2026-09-10T16:07:52.063] [DEBUG] debug-file - signingConfigName of signApp is :  undefined
[2026-09-10T16:07:52.126] [WARN] debug-file - Will skip sign 'app'. No signingConfigs profile is configured in current project.
             If needed, configure the signingConfigs in D:\HW\testproject\complete\3\build-profile.json5.
[2026-09-10T16:07:52.212] [DEBUG] debug-file - :SignApp is not up-to-date, since the input file 'D:\HW\testproject\complete\3\build\outputs\default\3-default-unsigned.app' has been changed.
[2026-09-10T16:07:52.232] [DEBUG] debug-file - Incremental task :SignApp pre-execution cost: 104 ms .
[2026-09-10T16:07:52.234] [DEBUG] debug-file - 3 : SignApp cost memory 0.12017059326171875
[2026-09-10T16:07:52.235] [DEBUG] debug-file - runTaskFromQueue task cost before running: 20 s 100 ms 
[2026-09-10T16:07:52.262] [INFO] debug-file - Finished ::SignApp... after 175 ms 
[2026-09-10T16:07:52.267] [DEBUG] debug-file - Executing task ::assembleApp
[2026-09-10T16:07:52.267] [DEBUG] debug-file - 3 : assembleApp cost memory 0.01235198974609375
[2026-09-10T16:07:52.329] [DEBUG] debug-file - runTaskFromQueue task cost before running: 20 s 194 ms 
[2026-09-10T16:07:52.329] [INFO] debug-file - Finished ::assembleApp... after 62 ms 
[2026-09-10T16:07:52.362] [INFO] debug-file - BUILD SUCCESSFUL in 20 s 225 ms 
[2026-09-10T16:07:52.390] [DEBUG] debug-file - There is no need to refresh cache, since the incremental task entry:default@PreBuild is up-to-date.
[2026-09-10T16:07:52.391] [DEBUG] debug-file - Update task entry:default@CreateModuleInfo output file:D:\HW\testproject\complete\3\entry\build\default\generated\profile\default\ModuleInfo.ts cache.
[2026-09-10T16:07:52.393] [DEBUG] debug-file - Incremental task entry:default@CreateModuleInfo post-execution cost:2 ms .
[2026-09-10T16:07:52.394] [DEBUG] debug-file - There is no need to refresh cache, since the incremental task entry:default@GenerateMetadata is up-to-date.
[2026-09-10T16:07:52.494] [DEBUG] debug-file - There is no need to refresh cache, since the incremental task entry:default@MergeProfile is up-to-date.
[2026-09-10T16:07:52.494] [DEBUG] debug-file - There is no need to refresh cache, since the incremental task entry:default@CreateBuildProfile is up-to-date.
[2026-09-10T16:07:52.497] [DEBUG] debug-file - There is no need to refresh cache, since the incremental task entry:default@GeneratePkgContextInfo is up-to-date.
[2026-09-10T16:07:52.529] [DEBUG] debug-file - Update task entry:default@GeneratePkgSdkInfo output file:D:\HW\testproject\complete\3\entry\build\default\intermediates\loader\default\pkgSdkInfo.json cache.
[2026-09-10T16:07:52.540] [DEBUG] debug-file - Incremental task entry:default@GeneratePkgSdkInfo post-execution cost:44 ms .
[2026-09-10T16:07:52.541] [DEBUG] debug-file - Update task entry:default@ProcessIntegratedHsp output file:D:\HW\testproject\complete\3\build\cache\default\integrated_hsp\integratedHspCache.json cache.
[2026-09-10T16:07:52.541] [DEBUG] debug-file - Incremental task entry:default@ProcessIntegratedHsp post-execution cost:1 ms .
[2026-09-10T16:07:52.541] [DEBUG] debug-file - There is no need to refresh cache, since the incremental task entry:default@MakePackInfo is up-to-date.
[2026-09-10T16:07:52.542] [DEBUG] debug-file - Update task entry:default@SyscapTransform input file:E:\DevEco Studio\sdk\default\openharmony\toolchains\syscap_tool.exe cache by regenerate.
[2026-09-10T16:07:52.619] [DEBUG] debug-file - Update task entry:default@SyscapTransform input file:E:\DevEco Studio\sdk\default\openharmony\ets\api\device-define cache by regenerate.
[2026-09-10T16:07:53.064] [DEBUG] debug-file - Update task entry:default@SyscapTransform output file:D:\HW\testproject\complete\3\entry\build\default\intermediates\syscap\default\rpcid.sc cache.
[2026-09-10T16:07:53.067] [DEBUG] debug-file - Incremental task entry:default@SyscapTransform post-execution cost:525 ms .
[2026-09-10T16:07:53.068] [DEBUG] debug-file - There is no need to refresh cache, since the incremental task entry:default@ProcessProfile is up-to-date.
[2026-09-10T16:07:53.201] [DEBUG] debug-file - There is no need to refresh cache, since the incremental task entry:default@ProcessRouterMap is up-to-date.
[2026-09-10T16:07:53.204] [DEBUG] debug-file - There is no need to refresh cache, since the incremental task entry:default@ProcessShareConfig is up-to-date.
[2026-09-10T16:07:53.423] [DEBUG] debug-file - Update task entry:default@ProcessStartupConfig input file:D:\HW\testproject\complete\3\entry\build\default\intermediates\loader\default\pkgContextInfo.json cache by regenerate.
[2026-09-10T16:07:53.424] [DEBUG] debug-file - Update task entry:default@ProcessStartupConfig output file:D:\HW\testproject\complete\3\entry\build\default\intermediates\startup\default\startup_config.json cache.
[2026-09-10T16:07:53.426] [DEBUG] debug-file - Incremental task entry:default@ProcessStartupConfig post-execution cost:208 ms .
[2026-09-10T16:07:53.492] [DEBUG] debug-file - There is no need to refresh cache, since the incremental task entry:default@ProcessResource is up-to-date.
[2026-09-10T16:07:53.492] [DEBUG] debug-file - There is no need to refresh cache, since the incremental task entry:default@GenerateLoaderJson is up-to-date.
[2026-09-10T16:07:53.492] [DEBUG] debug-file - There is no need to refresh cache, since the incremental task entry:default@ProcessLibs is up-to-date.
[2026-09-10T16:07:53.492] [DEBUG] debug-file - There is no need to refresh cache, since the incremental task entry:default@CompileResource is up-to-date.
[2026-09-10T16:07:53.492] [DEBUG] debug-file - There is no need to refresh cache, since the incremental task entry:default@DoNativeStrip is up-to-date.
[2026-09-10T16:07:53.493] [DEBUG] debug-file - There is no need to refresh cache, since the incremental task entry:default@CompileArkTS is up-to-date.
[2026-09-10T16:07:53.639] [DEBUG] debug-file - Update task entry:default@BuildJS input file:D:\HW\testproject\complete\3\entry\build\default\intermediates\loader\default cache by regenerate.
[2026-09-10T16:07:53.689] [DEBUG] debug-file - Update task entry:default@BuildJS input file:D:\HW\testproject\complete\3\entry\build\default\intermediates\res\default\resources\rawfile cache by regenerate.
[2026-09-10T16:07:53.733] [DEBUG] debug-file - Update task entry:default@BuildJS input file:D:\HW\testproject\complete\3\entry\build\default\intermediates\res\default\ResourceTable.txt cache by regenerate.
[2026-09-10T16:07:53.792] [DEBUG] debug-file - Update task entry:default@BuildJS input file:D:\HW\testproject\complete\3\entry\build\default\intermediates\res\default\ark_module.json cache by regenerate.
[2026-09-10T16:07:53.792] [DEBUG] debug-file - Update task entry:default@BuildJS input file:D:\HW\testproject\complete\3\entry\build\default\intermediates\res\default\resources\base\profile cache by regenerate.
[2026-09-10T16:07:53.803] [DEBUG] debug-file - Update task entry:default@BuildJS input file:D:\HW\testproject\complete\3\entry\build\default\intermediates\loader\default\pkgContextInfo.json cache by regenerate.
[2026-09-10T16:07:53.804] [DEBUG] debug-file - Update task entry:default@BuildJS output file:D:\HW\testproject\complete\3\entry\build\default\intermediates\loader_out\default\js cache.
[2026-09-10T16:07:53.840] [DEBUG] debug-file - Incremental task entry:default@BuildJS post-execution cost:314 ms .
[2026-09-10T16:07:53.841] [DEBUG] debug-file - There is no need to refresh cache, since the incremental task entry:default@CacheNativeLibs is up-to-date.
[2026-09-10T16:07:53.841] [DEBUG] debug-file - There is no need to refresh cache, since the incremental task entry:default@GeneratePkgModuleJson is up-to-date.
[2026-09-10T16:07:53.841] [DEBUG] debug-file - Incremental task entry:default@ProcessCompiledResources post-execution cost:1 ms .
[2026-09-10T16:07:53.842] [DEBUG] debug-file - There is no need to refresh cache, since the incremental task entry:default@PackageHap is up-to-date.
[2026-09-10T16:07:53.843] [DEBUG] debug-file - Update task entry:default@SignHap input file:D:\HW\testproject\complete\3\entry\build\default\outputs\default\entry-default-unsigned.hap cache by regenerate.
[2026-09-10T16:07:53.880] [DEBUG] debug-file - Update task entry:default@SignHap output file:D:\HW\testproject\complete\3\entry\build\default\outputs\default\entry-default-signed.hap cache.
[2026-09-10T16:07:53.909] [DEBUG] debug-file - Incremental task entry:default@SignHap post-execution cost:39 ms .
[2026-09-10T16:07:53.913] [DEBUG] debug-file - Update task entry:default@CollectDebugSymbol input file:D:\HW\testproject\complete\3\entry\build\default\intermediates\loader_out\default\ets\sourceMaps.map cache by regenerate.
[2026-09-10T16:07:53.956] [DEBUG] debug-file - Update task entry:default@CollectDebugSymbol input file:D:\HW\testproject\complete\3\entry\build\default\intermediates\libs\default cache by regenerate.
[2026-09-10T16:07:53.957] [DEBUG] debug-file - Update task entry:default@CollectDebugSymbol output file:D:\HW\testproject\complete\3\entry\build\default\outputs\default\symbol cache.
[2026-09-10T16:07:53.982] [DEBUG] debug-file - Incremental task entry:default@CollectDebugSymbol post-execution cost:73 ms .
[2026-09-10T16:07:53.983] [DEBUG] debug-file - There is no need to refresh cache, since the incremental task :MakeProjectPackInfo is up-to-date.
[2026-09-10T16:07:53.984] [DEBUG] debug-file - There is no need to refresh cache, since the incremental task :ProcessProjectPrivacyProfile is up-to-date.
[2026-09-10T16:07:53.984] [DEBUG] debug-file - There is no need to refresh cache, since the incremental task :GeneratePackRes is up-to-date.
[2026-09-10T16:07:53.987] [DEBUG] debug-file - Update task :PackageApp input file:D:\HW\testproject\complete\3\build\outputs\default\pack.info cache by regenerate.
[2026-09-10T16:07:54.007] [DEBUG] debug-file - Update task :PackageApp input file:D:\HW\testproject\complete\3\entry\build\default\outputs\default\entry-default-unsigned.hap cache by regenerate.
[2026-09-10T16:07:54.007] [DEBUG] debug-file - Update task :PackageApp input file:D:\HW\testproject\complete\3\build\outputs\default\pac.json cache by regenerate.
[2026-09-10T16:07:54.040] [DEBUG] debug-file - Update task :PackageApp output file:D:\HW\testproject\complete\3\build\outputs\default\3-default-unsigned.app cache.
[2026-09-10T16:07:54.041] [DEBUG] debug-file - Update task :PackageApp output file:D:\HW\testproject\complete\3\entry\build\default\outputs\default\app\entry-default.hap cache.
[2026-09-10T16:07:54.042] [DEBUG] debug-file - Update task :PackageApp output file:D:\HW\testproject\complete\3\build\outputs\default\symbol\debug cache.
[2026-09-10T16:07:54.043] [DEBUG] debug-file - Incremental task :PackageApp post-execution cost:57 ms .
[2026-09-10T16:07:54.061] [DEBUG] debug-file - Update task :SignPackagesFromApp input file:D:\HW\testproject\complete\3\build\outputs\default\3-default-unsigned.app cache from map.
[2026-09-10T16:07:54.062] [DEBUG] debug-file - Incremental task :SignPackagesFromApp post-execution cost:1 ms .
[2026-09-10T16:07:54.063] [DEBUG] debug-file - Update task :SignApp input file:D:\HW\testproject\complete\3\build\outputs\default\3-default-unsigned.app cache from map.
[2026-09-10T16:07:54.063] [DEBUG] debug-file - Update task :SignApp output file:D:\HW\testproject\complete\3\build\outputs\default\3-default-signed.app cache.
[2026-09-10T16:07:54.073] [DEBUG] debug-file - Incremental task :SignApp post-execution cost:11 ms .
[2026-09-10T16:07:56.775] [DEBUG] debug-file - session manager: send message to worker process. WorkerThreadId: 0, data: {"type":"hvigor_failed","reason":"Server has disconnected."}
[2026-09-10T16:07:56.987] [DEBUG] debug-file - session manager: send message to worker process. WorkerThreadId: 0, data: {"type":"CloseWatch","reason":"Server has disconnected."}
[2026-09-10T16:07:54.995] [DEBUG] debug-file - hvigor build process will be closed.
[2026-09-10T16:07:56.831] [DEBUG] debug-file - watch worker: worker id should be larger than 0. Nothing will be sent to any worker thread.
[2026-09-10T16:07:56.832] [DEBUG] debug-file - ABORT_WORK sent to workers.
[2026-09-10T16:07:56.987] [DEBUG] debug-file - watch worker: worker id should be larger than 0. Nothing will be sent to any worker thread.
[2026-09-10T16:10:27.602] [DEBUG] debug-file - env: nodejsVersion=v24.14.1
[2026-09-10T16:10:27.667] [DEBUG] debug-file - env: daemon=true
[2026-09-10T16:10:27.603] [DEBUG] debug-file - env: hvigor-config.json5 content = {
  modelVersion: '6.0.1',
  dependencies: {},
  execution: {},
  logging: {},
  debugging: {},
  nodeOptions: {}
}
[2026-09-10T16:10:28.791] [DEBUG] debug-file - session manager: set active socket. socketId=rQeJ0S4wa8rvtJo5AAAH
[2026-09-10T16:10:28.808] [DEBUG] debug-file - watch worker: worker id should be larger than 0. Nothing will be sent to any worker thread.
[2026-09-10T16:10:28.817] [DEBUG] debug-file - Workers' log level updated to INFO
[2026-09-10T16:10:28.822] [DEBUG] debug-file - Hvigor init with startParameters:{
  hvigorfileTypeCheck: false,
  parallelExecution: true,
  incrementalExecution: true,
  printStackTrace: false,
  daemon: true,
  analyze: 0,
  logLevel: Level { level: 20000, levelStr: 'INFO', colour: 'green' },
  optimizationStrategy: 'memory',
  hotCompile: undefined,
  hotReloadBuild: undefined,
  customizedParam: undefined
}
[2026-09-10T16:10:28.836] [DEBUG] debug-file - Cache service initialization finished in 14 ms 
[2026-09-10T16:10:28.837] [DEBUG] debug-file - hvigorfile, resolving D:\HW\testproject\complete\3\hvigorfile.ts
[2026-09-10T16:10:28.855] [DEBUG] debug-file - hvigorfile, require result:  { default: { plugins: [] } }
[2026-09-10T16:10:28.856] [DEBUG] debug-file - hvigorfile, binding system plugins null
[2026-09-10T16:10:28.856] [DEBUG] debug-file - Starting plugin build process
[2026-09-10T16:10:28.856] [DEBUG] debug-file - App plugin prepare start...
[2026-09-10T16:10:28.856] [DEBUG] debug-file - App plugin prepare end...
[2026-09-10T16:10:28.856] [DEBUG] debug-file - App plugin creating...
[2026-09-10T16:10:28.869] [DEBUG] debug-file - App plugin register hook start...
[2026-09-10T16:10:28.869] [DEBUG] debug-file - App plugin register hook end...
[2026-09-10T16:10:28.869] [DEBUG] debug-file - Plugin build process completed
[2026-09-10T16:10:28.870] [DEBUG] debug-file - Start initialize project's product build option map with build mode debug.
[2026-09-10T16:10:28.870] [DEBUG] debug-file - Picking option from product 'default' with build mode 'debug'.
[2026-09-10T16:10:28.871] [DEBUG] debug-file - Product 'default' build option initialized
[2026-09-10T16:10:28.871] [DEBUG] debug-file - End initialize project's product build option map with build mode 'debug'.
[2026-09-10T16:10:28.872] [DEBUG] debug-file - Obtain build option for product 'default'in this build.
[2026-09-10T16:10:28.884] [DEBUG] debug-file - No signingConfig found, initRemoteHspCache failed.
[2026-09-10T16:10:28.890] [DEBUG] debug-file - Start recording SDK configuration permission data.
[2026-09-10T16:10:28.947] [DEBUG] debug-file - Sdk init in 61 ms 
[2026-09-10T16:10:28.951] [DEBUG] debug-file - Project task initialization takes 4 ms 
[2026-09-10T16:10:28.951] [DEBUG] debug-file - hvigorfile, begin to bind custom plugins...
[2026-09-10T16:10:28.951] [DEBUG] debug-file - hvigorfile, no custom plugins were found in D:\HW\testproject\complete\3\hvigorfile.ts
[2026-09-10T16:10:28.951] [DEBUG] debug-file - hvigorfile, resolve finished D:\HW\testproject\complete\3\hvigorfile.ts
[2026-09-10T16:10:28.952] [DEBUG] debug-file - hvigorfile, resolving D:\HW\testproject\complete\3\entry\hvigorfile.ts
[2026-09-10T16:10:28.957] [DEBUG] debug-file - hvigorfile, require result:  { default: { plugins: [] } }
[2026-09-10T16:10:28.957] [DEBUG] debug-file - hvigorfile, binding system plugins null
[2026-09-10T16:10:28.957] [DEBUG] debug-file - Starting plugin build process
[2026-09-10T16:10:28.957] [DEBUG] debug-file - Hap plugin creating...
[2026-09-10T16:10:28.959] [DEBUG] debug-file - failed to load cangjie to dynamically generate schemas: Error: Cannot find module '@ohos/cangjie-build-support/index'
Require stack:
- E:\DevEco Studio\tools\hvigor\hvigor-ohos-plugin\src\plugin\hooks\cangjie-register.js
- E:\DevEco Studio\tools\hvigor\hvigor-ohos-plugin\src\plugin\strategy\stage-init-strategy.js
- E:\DevEco Studio\tools\hvigor\hvigor-ohos-plugin\src\plugin\builder\abstract-plugin-builder.js
- E:\DevEco Studio\tools\hvigor\hvigor-ohos-plugin\src\plugin\builder\app-plugin-builder.js
- E:\DevEco Studio\tools\hvigor\hvigor-ohos-plugin\src\plugin\factory\plugin-factory.js
- E:\DevEco Studio\tools\hvigor\hvigor-ohos-plugin\index.js
- D:\HW\testproject\complete\3\hvigorfile.ts
- E:\DevEco Studio\tools\hvigor\hvigor\src\base\internal\lifecycle\configuration.js
- E:\DevEco Studio\tools\hvigor\hvigor\src\base\boot\index.js
- E:\DevEco Studio\tools\hvigor\hvigor\src\base\daemon\cluster\worker-process-lifecycle.js
- E:\DevEco Studio\tools\hvigor\hvigor\src\base\daemon\process\daemon-process-boot-script.js
[2026-09-10T16:10:28.963] [DEBUG] debug-file - Start initialize module-target build option map, moduleName=entry, buildMode=debug
[2026-09-10T16:10:28.963] [DEBUG] debug-file - Target 'default' config initialized
[2026-09-10T16:10:28.964] [DEBUG] debug-file - Target 'ohosTest' config initialized
[2026-09-10T16:10:28.964] [DEBUG] debug-file - Module 'entry' target 'default' build option initialized
[2026-09-10T16:10:28.964] [DEBUG] debug-file - Module 'entry' target 'ohosTest' build option initialized
[2026-09-10T16:10:28.964] [DEBUG] debug-file - End initialize module-target build option map, moduleName=entry
[2026-09-10T16:10:28.964] [DEBUG] debug-file - Start initialize module-target build option map, moduleName=entry, buildMode=release
[2026-09-10T16:10:28.964] [DEBUG] debug-file - Target 'default' config initialized
[2026-09-10T16:10:28.965] [DEBUG] debug-file - Target 'ohosTest' config initialized
[2026-09-10T16:10:28.966] [DEBUG] debug-file - Module 'entry' target 'default' build option initialized
[2026-09-10T16:10:28.966] [DEBUG] debug-file - Module 'entry' target 'ohosTest' build option initialized
[2026-09-10T16:10:28.966] [DEBUG] debug-file - End initialize module-target build option map, moduleName=entry
[2026-09-10T16:10:28.966] [DEBUG] debug-file - Start initialize module-target build option map, moduleName=entry, buildMode=debug
[2026-09-10T16:10:28.966] [DEBUG] debug-file - Target 'default' config initialized
[2026-09-10T16:10:28.966] [DEBUG] debug-file - Target 'ohosTest' config initialized
[2026-09-10T16:10:28.966] [DEBUG] debug-file - Module 'entry' target 'default' build option initialized
[2026-09-10T16:10:28.966] [DEBUG] debug-file - Module 'entry' target 'ohosTest' build option initialized
[2026-09-10T16:10:28.966] [DEBUG] debug-file - End initialize module-target build option map, moduleName=entry
[2026-09-10T16:10:28.966] [DEBUG] debug-file - Obtain build option for module 'entry' target 'default'in this build.
[2026-09-10T16:10:28.969] [DEBUG] debug-file - Module entry task initialization takes 2 ms 
[2026-09-10T16:10:28.970] [DEBUG] debug-file - Hap plugin register hook start...
[2026-09-10T16:10:28.970] [DEBUG] debug-file - Hap plugin register hook end...
[2026-09-10T16:10:28.970] [DEBUG] debug-file - Plugin build process completed
[2026-09-10T16:10:28.970] [DEBUG] debug-file - hvigorfile, begin to bind custom plugins...
[2026-09-10T16:10:28.970] [DEBUG] debug-file - hvigorfile, no custom plugins were found in D:\HW\testproject\complete\3\entry\hvigorfile.ts
[2026-09-10T16:10:28.970] [DEBUG] debug-file - hvigorfile, resolve finished D:\HW\testproject\complete\3\entry\hvigorfile.ts
[2026-09-10T16:10:29.036] [DEBUG] debug-file - hvigorfile, resolve hvigorfile dependencies in 66 ms 
[2026-09-10T16:10:29.036] [DEBUG] debug-file - project has submodules:entry
[2026-09-10T16:10:29.039] [DEBUG] debug-file - start to load updatedOhPackageInfo to the disk
[2026-09-10T16:10:29.044] [DEBUG] debug-file - load to the disk finished
[2026-09-10T16:10:29.046] [DEBUG] debug-file - Start to initialize dependency information.
[2026-09-10T16:10:29.061] [DEBUG] debug-file - Module 3 Collected Dependency: 
[2026-09-10T16:10:29.062] [DEBUG] debug-file - Module 3's total dependency: 0
[2026-09-10T16:10:29.063] [DEBUG] debug-file - Start to initialize dependency information.
[2026-09-10T16:10:29.068] [DEBUG] debug-file - Module entry Collected Dependency: 
[2026-09-10T16:10:29.069] [DEBUG] debug-file - Module entry's total dependency: 0
[2026-09-10T16:10:29.075] [DEBUG] debug-file - Configuration phase cost:239 ms 
[2026-09-10T16:10:29.079] [DEBUG] debug-file - Configuration task cost before running: 262 ms 
[2026-09-10T16:10:29.080] [DEBUG] debug-file - Executing task ::PreBuildApp
[2026-09-10T16:10:29.080] [DEBUG] debug-file - 3 : PreBuildApp cost memory 0.0146484375
[2026-09-10T16:10:29.080] [DEBUG] debug-file - runTaskFromQueue task cost before running: 263 ms 
[2026-09-10T16:10:29.081] [INFO] debug-file - Finished ::PreBuildApp... after 1 ms 
[2026-09-10T16:10:29.090] [DEBUG] debug-file - Executing task :entry:default@PreBuild
[2026-09-10T16:10:29.099] [DEBUG] debug-file - Task 'entry:default@PreBuild' cost while wrapping incremental declarations: 1 ms 
[2026-09-10T16:10:29.119] [DEBUG] debug-file - Incremental task entry:default@PreBuild pre-execution cost: 15 ms .
[2026-09-10T16:10:29.120] [DEBUG] debug-file - entry : default@PreBuild cost memory -2.8239593505859375
[2026-09-10T16:10:29.134] [INFO] debug-file - UP-TO-DATE :entry:default@PreBuild...  
[2026-09-10T16:10:29.134] [DEBUG] debug-file - Executing task ::DuplicateDependencyCheck
[2026-09-10T16:10:29.135] [DEBUG] debug-file - 3 : DuplicateDependencyCheck cost memory 0.0137939453125
[2026-09-10T16:10:29.135] [DEBUG] debug-file - runTaskFromQueue task cost before running: 317 ms 
[2026-09-10T16:10:29.135] [INFO] debug-file - Finished ::DuplicateDependencyCheck... after 1 ms 
[2026-09-10T16:10:29.137] [DEBUG] debug-file - Executing task :entry:default@CreateModuleInfo
[2026-09-10T16:10:29.139] [DEBUG] debug-file - Task 'entry:default@CreateModuleInfo' cost while wrapping incremental declarations: 1 ms 
[2026-09-10T16:10:29.140] [DEBUG] debug-file - entry : default@CreateModuleInfo cost memory 0.039398193359375
[2026-09-10T16:10:29.140] [DEBUG] debug-file - runTaskFromQueue task cost before running: 323 ms 
[2026-09-10T16:10:29.141] [INFO] debug-file - Finished :entry:default@CreateModuleInfo... after 4 ms 
[2026-09-10T16:10:29.142] [DEBUG] debug-file - Executing task :entry:default@GenerateMetadata
[2026-09-10T16:10:29.143] [DEBUG] debug-file - Task 'entry:default@GenerateMetadata' cost while wrapping incremental declarations: 1 ms 
[2026-09-10T16:10:29.146] [DEBUG] debug-file - Incremental task entry:default@GenerateMetadata pre-execution cost: 3 ms .
[2026-09-10T16:10:29.148] [DEBUG] debug-file - entry : default@GenerateMetadata cost memory 0.07514190673828125
[2026-09-10T16:10:29.150] [INFO] debug-file - UP-TO-DATE :entry:default@GenerateMetadata...  
[2026-09-10T16:10:29.153] [DEBUG] debug-file - Executing task :entry:default@ConfigureCmake
[2026-09-10T16:10:29.153] [DEBUG] debug-file - entry : default@ConfigureCmake cost memory 0.01442718505859375
[2026-09-10T16:10:29.154] [DEBUG] debug-file - runTaskFromQueue task cost before running: 336 ms 
[2026-09-10T16:10:29.154] [INFO] debug-file - Finished :entry:default@ConfigureCmake... after 1 ms 
[2026-09-10T16:10:29.158] [DEBUG] debug-file - Executing task :entry:default@MergeProfile
[2026-09-10T16:10:29.158] [DEBUG] debug-file - Task 'entry:default@MergeProfile' cost while wrapping incremental declarations: 1 ms 
[2026-09-10T16:10:29.162] [DEBUG] debug-file - Incremental task entry:default@MergeProfile pre-execution cost: 2 ms .
[2026-09-10T16:10:29.162] [DEBUG] debug-file - entry : default@MergeProfile cost memory 0.11871337890625
[2026-09-10T16:10:29.164] [INFO] debug-file - UP-TO-DATE :entry:default@MergeProfile...  
[2026-09-10T16:10:29.167] [DEBUG] debug-file - Executing task :entry:default@CreateBuildProfile
[2026-09-10T16:10:29.168] [DEBUG] debug-file - Task 'entry:default@CreateBuildProfile' cost while wrapping incremental declarations: 1 ms 
[2026-09-10T16:10:29.170] [DEBUG] debug-file - Incremental task entry:default@CreateBuildProfile pre-execution cost: 2 ms .
[2026-09-10T16:10:29.171] [DEBUG] debug-file - entry : default@CreateBuildProfile cost memory 0.09444427490234375
[2026-09-10T16:10:29.171] [INFO] debug-file - UP-TO-DATE :entry:default@CreateBuildProfile...  
[2026-09-10T16:10:29.174] [DEBUG] debug-file - Executing task :entry:default@PreCheckSyscap
[2026-09-10T16:10:29.175] [DEBUG] debug-file - entry : default@PreCheckSyscap cost memory 0.01514434814453125
[2026-09-10T16:10:29.175] [DEBUG] debug-file - runTaskFromQueue task cost before running: 358 ms 
[2026-09-10T16:10:29.175] [INFO] debug-file - Finished :entry:default@PreCheckSyscap... after 1 ms 
[2026-09-10T16:10:29.177] [DEBUG] debug-file - Executing task :entry:default@GeneratePkgContextInfo
[2026-09-10T16:10:29.184] [DEBUG] debug-file - Task 'entry:default@GeneratePkgContextInfo' cost while wrapping incremental declarations: 1 ms 
[2026-09-10T16:10:29.185] [DEBUG] debug-file - Incremental task entry:default@GeneratePkgContextInfo pre-execution cost: 2 ms .
[2026-09-10T16:10:29.185] [DEBUG] debug-file - entry : default@GeneratePkgContextInfo cost memory 0.194183349609375
[2026-09-10T16:10:29.186] [INFO] debug-file - UP-TO-DATE :entry:default@GeneratePkgContextInfo...  
[2026-09-10T16:10:29.189] [DEBUG] debug-file - Executing task :entry:default@GeneratePkgSdkInfo
[2026-09-10T16:10:29.194] [DEBUG] debug-file - Task 'entry:default@GeneratePkgSdkInfo' cost while wrapping incremental declarations: 1 ms 
[2026-09-10T16:10:29.195] [DEBUG] debug-file - entry : default@GeneratePkgSdkInfo cost memory 0.09917449951171875
[2026-09-10T16:10:29.196] [DEBUG] debug-file - runTaskFromQueue task cost before running: 379 ms 
[2026-09-10T16:10:29.196] [INFO] debug-file - Finished :entry:default@GeneratePkgSdkInfo... after 8 ms 
[2026-09-10T16:10:29.202] [DEBUG] debug-file - Executing task :entry:default@ProcessIntegratedHsp
[2026-09-10T16:10:29.202] [DEBUG] debug-file - entry:default@ProcessIntegratedHsp is not up-to-date, since the output file 'D:\HW\testproject\complete\3\build\cache\default\integrated_hsp\integratedHspCache.json' does not exist.
[2026-09-10T16:10:29.202] [DEBUG] debug-file - Incremental task entry:default@ProcessIntegratedHsp pre-execution cost: 1 ms .
[2026-09-10T16:10:29.203] [DEBUG] debug-file - entry : default@ProcessIntegratedHsp cost memory 0.0493927001953125
[2026-09-10T16:10:29.203] [DEBUG] debug-file - runTaskFromQueue task cost before running: 386 ms 
[2026-09-10T16:10:29.204] [INFO] debug-file - Finished :entry:default@ProcessIntegratedHsp... after 2 ms 
[2026-09-10T16:10:29.206] [DEBUG] debug-file - Executing task :entry:default@BuildNativeWithCmake
[2026-09-10T16:10:29.206] [DEBUG] debug-file - entry : default@BuildNativeWithCmake cost memory 0.01444244384765625
[2026-09-10T16:10:29.207] [DEBUG] debug-file - runTaskFromQueue task cost before running: 389 ms 
[2026-09-10T16:10:29.207] [INFO] debug-file - Finished :entry:default@BuildNativeWithCmake... after 1 ms 
[2026-09-10T16:10:29.209] [DEBUG] debug-file - Executing task :entry:default@MakePackInfo
[2026-09-10T16:10:29.215] [DEBUG] debug-file - Incremental task entry:default@MakePackInfo pre-execution cost: 4 ms .
[2026-09-10T16:10:29.215] [DEBUG] debug-file - entry : default@MakePackInfo cost memory 0.10675811767578125
[2026-09-10T16:10:29.216] [INFO] debug-file - UP-TO-DATE :entry:default@MakePackInfo...  
[2026-09-10T16:10:29.219] [DEBUG] debug-file - Executing task :entry:default@SyscapTransform
[2026-09-10T16:10:29.220] [DEBUG] debug-file - File: 'D:\HW\testproject\complete\3\entry\src\main\syscap.json' from 'sysCapJsonPath' is not exists, just ignore.
[2026-09-10T16:10:29.221] [DEBUG] debug-file - Task 'entry:default@SyscapTransform' cost while wrapping incremental declarations: 2 ms 
[2026-09-10T16:10:29.224] [DEBUG] debug-file - entry:default@SyscapTransform is not up-to-date, since the output file 'D:\HW\testproject\complete\3\entry\build\default\intermediates\syscap\default\rpcid.sc' does not exist.
[2026-09-10T16:10:29.224] [DEBUG] debug-file - Incremental task entry:default@SyscapTransform pre-execution cost: 3 ms .
[2026-09-10T16:10:29.224] [DEBUG] debug-file - entry : default@SyscapTransform cost memory 0.11338043212890625
[2026-09-10T16:10:29.225] [DEBUG] debug-file - runTaskFromQueue task cost before running: 408 ms 
[2026-09-10T16:10:29.227] [INFO] debug-file - Finished :entry:default@SyscapTransform... after 7 ms 
[2026-09-10T16:10:29.233] [DEBUG] debug-file - Executing task :entry:default@ProcessProfile
[2026-09-10T16:10:29.237] [DEBUG] debug-file - Task 'entry:default@ProcessProfile' cost while wrapping incremental declarations: 1 ms 
[2026-09-10T16:10:29.239] [DEBUG] debug-file - Incremental task entry:default@ProcessProfile pre-execution cost: 2 ms .
[2026-09-10T16:10:29.239] [DEBUG] debug-file - entry : default@ProcessProfile cost memory 0.131378173828125
[2026-09-10T16:10:29.240] [INFO] debug-file - UP-TO-DATE :entry:default@ProcessProfile...  
[2026-09-10T16:10:29.242] [DEBUG] debug-file - Executing task :entry:default@ProcessRouterMap
[2026-09-10T16:10:29.247] [DEBUG] debug-file - Incremental task entry:default@ProcessRouterMap pre-execution cost: 4 ms .
[2026-09-10T16:10:29.248] [DEBUG] debug-file - entry : default@ProcessRouterMap cost memory 0.1319732666015625
[2026-09-10T16:10:29.249] [INFO] debug-file - UP-TO-DATE :entry:default@ProcessRouterMap...  
[2026-09-10T16:10:29.252] [DEBUG] debug-file - Executing task :entry:default@ProcessShareConfig
[2026-09-10T16:10:29.262] [DEBUG] debug-file - Incremental task entry:default@ProcessShareConfig pre-execution cost: 8 ms .
[2026-09-10T16:10:29.263] [DEBUG] debug-file - entry : default@ProcessShareConfig cost memory 0.10866546630859375
[2026-09-10T16:10:29.266] [INFO] debug-file - UP-TO-DATE :entry:default@ProcessShareConfig...  
[2026-09-10T16:10:29.270] [DEBUG] debug-file - Executing task :entry:default@ProcessStartupConfig
[2026-09-10T16:10:29.272] [DEBUG] debug-file - Task 'entry:default@ProcessStartupConfig' cost while wrapping incremental declarations: 1 ms 
[2026-09-10T16:10:29.277] [DEBUG] debug-file - entry:default@ProcessStartupConfig is not up-to-date, since the output file 'D:\HW\testproject\complete\3\entry\build\default\intermediates\startup\default\startup_config.json' does not exist.
[2026-09-10T16:10:29.277] [DEBUG] debug-file - Incremental task entry:default@ProcessStartupConfig pre-execution cost: 3 ms .
[2026-09-10T16:10:29.281] [DEBUG] debug-file - entry : default@ProcessStartupConfig cost memory 0.11171722412109375
[2026-09-10T16:10:29.281] [DEBUG] debug-file - runTaskFromQueue task cost before running: 464 ms 
[2026-09-10T16:10:29.283] [INFO] debug-file - Finished :entry:default@ProcessStartupConfig... after 12 ms 
[2026-09-10T16:10:29.285] [DEBUG] debug-file - Executing task :entry:default@BuildNativeWithNinja
[2026-09-10T16:10:29.286] [DEBUG] debug-file - entry : default@BuildNativeWithNinja cost memory 0.01937103271484375
[2026-09-10T16:10:29.286] [DEBUG] debug-file - runTaskFromQueue task cost before running: 469 ms 
[2026-09-10T16:10:29.287] [INFO] debug-file - Finished :entry:default@BuildNativeWithNinja... after 2 ms 
[2026-09-10T16:10:29.291] [DEBUG] debug-file - restool module names: entry; moduleName=entry, taskName=default@ProcessResource
[2026-09-10T16:10:29.295] [DEBUG] debug-file - Executing task :entry:default@ProcessResource
[2026-09-10T16:10:29.296] [DEBUG] debug-file - Task 'entry:default@ProcessResource' cost while wrapping incremental declarations: 1 ms 
[2026-09-10T16:10:29.298] [DEBUG] debug-file - Incremental task entry:default@ProcessResource pre-execution cost: 2 ms .
[2026-09-10T16:10:29.299] [DEBUG] debug-file - entry : default@ProcessResource cost memory 0.11260986328125
[2026-09-10T16:10:29.304] [INFO] debug-file - UP-TO-DATE :entry:default@ProcessResource...  
[2026-09-10T16:10:29.307] [DEBUG] debug-file - Executing task :entry:default@GenerateLoaderJson
[2026-09-10T16:10:29.308] [DEBUG] debug-file - Task 'entry:default@GenerateLoaderJson' cost while wrapping incremental declarations: 1 ms 
[2026-09-10T16:10:29.321] [DEBUG] debug-file - Incremental task entry:default@GenerateLoaderJson pre-execution cost: 8 ms .
[2026-09-10T16:10:29.321] [DEBUG] debug-file - entry : default@GenerateLoaderJson cost memory 0.33172607421875
[2026-09-10T16:10:29.326] [INFO] debug-file - UP-TO-DATE :entry:default@GenerateLoaderJson...  
[2026-09-10T16:10:29.329] [DEBUG] debug-file - Executing task :entry:default@ProcessLibs
[2026-09-10T16:10:29.330] [DEBUG] debug-file - Task 'entry:default@ProcessLibs' cost while wrapping incremental declarations: 1 ms 
[2026-09-10T16:10:29.343] [DEBUG] debug-file - Incremental task entry:default@ProcessLibs pre-execution cost: 10 ms .
[2026-09-10T16:10:29.344] [DEBUG] debug-file - entry : default@ProcessLibs cost memory 0.09445953369140625
[2026-09-10T16:10:29.345] [INFO] debug-file - UP-TO-DATE :entry:default@ProcessLibs...  
[2026-09-10T16:10:29.347] [DEBUG] debug-file - restool module names: entry; moduleName=entry, taskName=default@CompileResource
[2026-09-10T16:10:29.347] [DEBUG] debug-file - Executing task :entry:default@CompileResource
[2026-09-10T16:10:29.372] [DEBUG] debug-file - Incremental task entry:default@CompileResource pre-execution cost: 23 ms .
[2026-09-10T16:10:29.372] [DEBUG] debug-file - entry : default@CompileResource cost memory 0.4942474365234375
[2026-09-10T16:10:29.374] [INFO] debug-file - UP-TO-DATE :entry:default@CompileResource...  
[2026-09-10T16:10:29.377] [DEBUG] debug-file - Executing task :entry:default@DoNativeStrip
[2026-09-10T16:10:29.377] [DEBUG] debug-file - File: 'D:\HW\testproject\complete\3\entry\build\default\intermediates\binxo\default' from 'doBinxoNativeLibs' is not exists, just ignore.
[2026-09-10T16:10:29.378] [DEBUG] debug-file - Task 'entry:default@DoNativeStrip' cost while wrapping incremental declarations: 1 ms 
[2026-09-10T16:10:29.379] [DEBUG] debug-file - Incremental task entry:default@DoNativeStrip pre-execution cost: 2 ms .
[2026-09-10T16:10:29.380] [DEBUG] debug-file - entry : default@DoNativeStrip cost memory 0.0739288330078125
[2026-09-10T16:10:29.380] [INFO] debug-file - UP-TO-DATE :entry:default@DoNativeStrip...  
[2026-09-10T16:10:29.382] [DEBUG] debug-file - Executing task :entry:default@CompileArkTS
[2026-09-10T16:10:29.383] [DEBUG] debug-file - obfuscationOptions: undefined
[2026-09-10T16:10:29.384] [DEBUG] debug-file - Task 'entry:default@CompileArkTS' cost while wrapping incremental declarations: 1 ms 
[2026-09-10T16:10:29.399] [DEBUG] debug-file - Incremental task entry:default@CompileArkTS pre-execution cost: 13 ms .
[2026-09-10T16:10:29.400] [DEBUG] debug-file - entry : default@CompileArkTS cost memory 0.44460296630859375
[2026-09-10T16:10:29.408] [INFO] debug-file - UP-TO-DATE :entry:default@CompileArkTS...  
[2026-09-10T16:10:29.410] [DEBUG] debug-file - Executing task :entry:default@BuildJS
[2026-09-10T16:10:29.411] [DEBUG] debug-file - Task 'entry:default@BuildJS' cost while wrapping incremental declarations: 1 ms 
[2026-09-10T16:10:29.415] [DEBUG] debug-file - entry : default@BuildJS cost memory 0.11928558349609375
[2026-09-10T16:10:29.415] [DEBUG] debug-file - runTaskFromQueue task cost before running: 598 ms 
[2026-09-10T16:10:29.416] [INFO] debug-file - Finished :entry:default@BuildJS... after 6 ms 
[2026-09-10T16:10:29.418] [DEBUG] debug-file - Executing task :entry:default@CacheNativeLibs
[2026-09-10T16:10:29.419] [DEBUG] debug-file - File: 'D:\HW\testproject\complete\3\entry\build\default\intermediates\binxo\default' from 'cacheBinxoNativeLibs' is not exists, just ignore.
[2026-09-10T16:10:29.419] [DEBUG] debug-file - Task 'entry:default@CacheNativeLibs' cost while wrapping incremental declarations: 1 ms 
[2026-09-10T16:10:29.421] [DEBUG] debug-file - Incremental task entry:default@CacheNativeLibs pre-execution cost: 2 ms .
[2026-09-10T16:10:29.421] [DEBUG] debug-file - entry : default@CacheNativeLibs cost memory 0.0867767333984375
[2026-09-10T16:10:29.421] [INFO] debug-file - UP-TO-DATE :entry:default@CacheNativeLibs...  
[2026-09-10T16:10:29.423] [DEBUG] debug-file - Executing task :entry:default@GeneratePkgModuleJson
[2026-09-10T16:10:29.423] [DEBUG] debug-file - File: 'D:\HW\testproject\complete\3\entry\build\default\intermediates\preload\default\preload.json' from 'preloadSoJsonPath' is not exists, just ignore.
[2026-09-10T16:10:29.424] [DEBUG] debug-file - Error occurs while handling @Input 'shouldDeduplicateHar': The "data" argument must be of type string or an instance of Buffer, TypedArray, or DataView. Received undefined
[2026-09-10T16:10:29.424] [DEBUG] debug-file - Task 'entry:default@GeneratePkgModuleJson' cost while wrapping incremental declarations: 1 ms 
[2026-09-10T16:10:29.425] [DEBUG] debug-file - Incremental task entry:default@GeneratePkgModuleJson pre-execution cost: 1 ms .
[2026-09-10T16:10:29.425] [DEBUG] debug-file - entry : default@GeneratePkgModuleJson cost memory 0.0838165283203125
[2026-09-10T16:10:29.426] [INFO] debug-file - UP-TO-DATE :entry:default@GeneratePkgModuleJson...  
[2026-09-10T16:10:29.428] [DEBUG] debug-file - Executing task :entry:default@ProcessCompiledResources
[2026-09-10T16:10:29.428] [DEBUG] debug-file - File: 'D:\HW\testproject\complete\3\entry\build\default\intermediates\preload\default\preload.json' from 'preloadSoJsonPath' is not exists, just ignore.
[2026-09-10T16:10:29.428] [DEBUG] debug-file - Task 'entry:default@ProcessCompiledResources' cost while wrapping incremental declarations: 1 ms 
[2026-09-10T16:10:29.429] [DEBUG] debug-file - entry : default@ProcessCompiledResources cost memory 0.0512847900390625
[2026-09-10T16:10:29.430] [DEBUG] debug-file - runTaskFromQueue task cost before running: 613 ms 
[2026-09-10T16:10:29.430] [INFO] debug-file - Finished :entry:default@ProcessCompiledResources... after 2 ms 
[2026-09-10T16:10:29.432] [DEBUG] debug-file - Executing task :entry:default@PackageHap
[2026-09-10T16:10:29.443] [DEBUG] debug-file - Incremental task entry:default@PackageHap pre-execution cost: 10 ms .
[2026-09-10T16:10:29.444] [DEBUG] debug-file - entry : default@PackageHap cost memory 0.2805633544921875
[2026-09-10T16:10:29.445] [INFO] debug-file - UP-TO-DATE :entry:default@PackageHap...  
[2026-09-10T16:10:29.447] [DEBUG] debug-file - Executing task :entry:default@PackingCheck
[2026-09-10T16:10:29.452] [DEBUG] debug-file - entry : default@PackingCheck cost memory 0.3085784912109375
[2026-09-10T16:10:29.452] [DEBUG] debug-file - runTaskFromQueue task cost before running: 635 ms 
[2026-09-10T16:10:29.453] [INFO] debug-file - Finished :entry:default@PackingCheck... after 6 ms 
[2026-09-10T16:10:29.454] [DEBUG] debug-file - Executing task :entry:default@SignHap
[2026-09-10T16:10:29.455] [WARN] debug-file - Will skip sign 'hos_hap'. No signingConfigs profile is configured in current project.
             If needed, configure the signingConfigs in D:\HW\testproject\complete\3\build-profile.json5.
[2026-09-10T16:10:29.456] [DEBUG] debug-file - entry:default@SignHap is not up-to-date, since the output file 'D:\HW\testproject\complete\3\entry\build\default\outputs\default\entry-default-signed.hap' does not exist.
[2026-09-10T16:10:29.457] [DEBUG] debug-file - Incremental task entry:default@SignHap pre-execution cost: 2 ms .
[2026-09-10T16:10:29.457] [DEBUG] debug-file - entry : default@SignHap cost memory 0.07230377197265625
[2026-09-10T16:10:29.457] [DEBUG] debug-file - runTaskFromQueue task cost before running: 640 ms 
[2026-09-10T16:10:29.458] [INFO] debug-file - Finished :entry:default@SignHap... after 4 ms 
[2026-09-10T16:10:29.460] [DEBUG] debug-file - Executing task :entry:default@CollectDebugSymbol
[2026-09-10T16:10:29.462] [DEBUG] debug-file - entry : default@CollectDebugSymbol cost memory 0.079010009765625
[2026-09-10T16:10:29.462] [DEBUG] debug-file - runTaskFromQueue task cost before running: 645 ms 
[2026-09-10T16:10:29.463] [INFO] debug-file - Finished :entry:default@CollectDebugSymbol... after 3 ms 
[2026-09-10T16:10:29.463] [DEBUG] debug-file - Executing task :entry:assembleHap
[2026-09-10T16:10:29.463] [DEBUG] debug-file - entry : assembleHap cost memory 0.012359619140625
[2026-09-10T16:10:29.463] [DEBUG] debug-file - runTaskFromQueue task cost before running: 646 ms 
[2026-09-10T16:10:29.464] [INFO] debug-file - Finished :entry:assembleHap... after 1 ms 
[2026-09-10T16:10:29.464] [DEBUG] debug-file - Executing task ::MakeProjectPackInfo
[2026-09-10T16:10:29.467] [DEBUG] debug-file - Task ':MakeProjectPackInfo' cost while wrapping incremental declarations: 1 ms 
[2026-09-10T16:10:29.469] [DEBUG] debug-file - Incremental task :MakeProjectPackInfo pre-execution cost: 1 ms .
[2026-09-10T16:10:29.469] [DEBUG] debug-file - 3 : MakeProjectPackInfo cost memory 0.1381378173828125
[2026-09-10T16:10:29.469] [INFO] debug-file - UP-TO-DATE ::MakeProjectPackInfo...  
[2026-09-10T16:10:29.469] [DEBUG] debug-file - Executing task ::ProcessProjectPrivacyProfile
[2026-09-10T16:10:29.472] [DEBUG] debug-file - Incremental task :ProcessProjectPrivacyProfile pre-execution cost: 2 ms .
[2026-09-10T16:10:29.472] [DEBUG] debug-file - 3 : ProcessProjectPrivacyProfile cost memory 0.0796966552734375
[2026-09-10T16:10:29.474] [INFO] debug-file - UP-TO-DATE ::ProcessProjectPrivacyProfile...  
[2026-09-10T16:10:29.475] [DEBUG] debug-file - Executing task ::GeneratePackRes
[2026-09-10T16:10:29.478] [DEBUG] debug-file - Incremental task :GeneratePackRes pre-execution cost: 3 ms .
[2026-09-10T16:10:29.478] [DEBUG] debug-file - 3 : GeneratePackRes cost memory -3.26947021484375
[2026-09-10T16:10:29.478] [INFO] debug-file - UP-TO-DATE ::GeneratePackRes...  
[2026-09-10T16:10:29.478] [DEBUG] debug-file - Executing task ::PackageApp
[2026-09-10T16:10:29.481] [DEBUG] debug-file - Task ':PackageApp' cost while wrapping incremental declarations: 1 ms 
[2026-09-10T16:10:29.483] [DEBUG] debug-file - :PackageApp is not up-to-date, since the output file 'D:\HW\testproject\complete\3\build\outputs\default\symbol\debug' does not exist.
[2026-09-10T16:10:29.483] [DEBUG] debug-file - Incremental task :PackageApp pre-execution cost: 3 ms .
[2026-09-10T16:10:29.488] [DEBUG] debug-file - Use tool [PackageApp]
 [
  'java',
  '-Dfile.encoding=GBK',
  '-jar',
  'E:\\DevEco Studio\\sdk\\default\\openharmony\\toolchains\\lib\\app_packing_tool.jar',
  '--mode',
  'app',
  '--pack-info-path',
  'D:\\HW\\testproject\\complete\\3\\build\\outputs\\default\\pack.info',
  '--hap-path',
  'D:\\HW\\testproject\\complete\\3\\entry\\build\\default\\outputs\\default\\app\\entry-default.hap',
  '--hsp-path',
  '',
  '--force',
  'true',
  '--out-path',
  'D:\\HW\\testproject\\complete\\3\\build\\outputs\\default\\3-default-unsigned.app',
  '--main-module-limit',
  '2',
  '--normal-module-limit',
  '2',
  '--pac-json-path',
  'D:\\HW\\testproject\\complete\\3\\build\\outputs\\default\\pac.json'
]
[2026-09-10T16:10:29.489] [DEBUG] debug-file - current process  memoryUsage: {
  rss: 510091264,
  heapTotal: 137502720,
  heapUsed: 122759328,
  external: 3978297,
  arrayBuffers: 38038
} os memoryUsage :15.339813232421875
[2026-09-10T16:10:30.789] [DEBUG] debug-file - 3 : PackageApp cost memory 0.403228759765625
[2026-09-10T16:10:30.789] [DEBUG] debug-file - runTaskFromQueue task cost before running: 1 s 972 ms 
[2026-09-10T16:10:30.790] [INFO] debug-file - Finished ::PackageApp... after 1 s 311 ms 
[2026-09-10T16:10:30.790] [DEBUG] debug-file - Executing task ::SignPackagesFromApp
[2026-09-10T16:10:30.791] [DEBUG] debug-file - :SignPackagesFromApp is not up-to-date, since the input file 'D:\HW\testproject\complete\3\build\outputs\default\3-default-unsigned.app' has been changed.
[2026-09-10T16:10:30.791] [DEBUG] debug-file - Incremental task :SignPackagesFromApp pre-execution cost: 1 ms .
[2026-09-10T16:10:30.792] [DEBUG] debug-file - 3 : SignPackagesFromApp cost memory 0.0493621826171875
[2026-09-10T16:10:30.792] [DEBUG] debug-file - runTaskFromQueue task cost before running: 1 s 974 ms 
[2026-09-10T16:10:30.792] [INFO] debug-file - Finished ::SignPackagesFromApp... after 2 ms 
[2026-09-10T16:10:30.793] [DEBUG] debug-file - Executing task ::SignApp
[2026-09-10T16:10:30.793] [DEBUG] debug-file - signingConfigName of signApp is :  undefined
[2026-09-10T16:10:30.793] [WARN] debug-file - Will skip sign 'app'. No signingConfigs profile is configured in current project.
             If needed, configure the signingConfigs in D:\HW\testproject\complete\3\build-profile.json5.
[2026-09-10T16:10:30.794] [DEBUG] debug-file - :SignApp is not up-to-date, since the input file 'D:\HW\testproject\complete\3\build\outputs\default\3-default-unsigned.app' has been changed.
[2026-09-10T16:10:30.794] [DEBUG] debug-file - Incremental task :SignApp pre-execution cost: 1 ms .
[2026-09-10T16:10:30.795] [DEBUG] debug-file - 3 : SignApp cost memory 0.1099853515625
[2026-09-10T16:10:30.795] [DEBUG] debug-file - runTaskFromQueue task cost before running: 1 s 978 ms 
[2026-09-10T16:10:30.796] [INFO] debug-file - Finished ::SignApp... after 3 ms 
[2026-09-10T16:10:30.796] [DEBUG] debug-file - Executing task ::assembleApp
[2026-09-10T16:10:30.796] [DEBUG] debug-file - 3 : assembleApp cost memory 0.01227569580078125
[2026-09-10T16:10:30.796] [DEBUG] debug-file - runTaskFromQueue task cost before running: 1 s 979 ms 
[2026-09-10T16:10:30.796] [INFO] debug-file - Finished ::assembleApp... after 1 ms 
[2026-09-10T16:10:30.797] [INFO] debug-file - BUILD SUCCESSFUL in 1 s 980 ms 
[2026-09-10T16:10:30.798] [DEBUG] debug-file - There is no need to refresh cache, since the incremental task entry:default@PreBuild is up-to-date.
[2026-09-10T16:10:30.798] [DEBUG] debug-file - Update task entry:default@CreateModuleInfo output file:D:\HW\testproject\complete\3\entry\build\default\generated\profile\default\ModuleInfo.ts cache.
[2026-09-10T16:10:30.798] [DEBUG] debug-file - Incremental task entry:default@CreateModuleInfo post-execution cost:1 ms .
[2026-09-10T16:10:30.798] [DEBUG] debug-file - There is no need to refresh cache, since the incremental task entry:default@GenerateMetadata is up-to-date.
[2026-09-10T16:10:30.798] [DEBUG] debug-file - There is no need to refresh cache, since the incremental task entry:default@MergeProfile is up-to-date.
[2026-09-10T16:10:30.798] [DEBUG] debug-file - There is no need to refresh cache, since the incremental task entry:default@CreateBuildProfile is up-to-date.
[2026-09-10T16:10:30.798] [DEBUG] debug-file - There is no need to refresh cache, since the incremental task entry:default@GeneratePkgContextInfo is up-to-date.
[2026-09-10T16:10:30.798] [DEBUG] debug-file - Update task entry:default@GeneratePkgSdkInfo output file:D:\HW\testproject\complete\3\entry\build\default\intermediates\loader\default\pkgSdkInfo.json cache.
[2026-09-10T16:10:30.799] [DEBUG] debug-file - Incremental task entry:default@GeneratePkgSdkInfo post-execution cost:1 ms .
[2026-09-10T16:10:30.799] [DEBUG] debug-file - Update task entry:default@ProcessIntegratedHsp output file:D:\HW\testproject\complete\3\build\cache\default\integrated_hsp\integratedHspCache.json cache.
[2026-09-10T16:10:30.799] [DEBUG] debug-file - Incremental task entry:default@ProcessIntegratedHsp post-execution cost:1 ms .
[2026-09-10T16:10:30.799] [DEBUG] debug-file - There is no need to refresh cache, since the incremental task entry:default@MakePackInfo is up-to-date.
[2026-09-10T16:10:30.799] [DEBUG] debug-file - Update task entry:default@SyscapTransform input file:E:\DevEco Studio\sdk\default\openharmony\toolchains\syscap_tool.exe cache by regenerate.
[2026-09-10T16:10:30.799] [DEBUG] debug-file - Update task entry:default@SyscapTransform input file:E:\DevEco Studio\sdk\default\openharmony\ets\api\device-define cache by regenerate.
[2026-09-10T16:10:30.801] [DEBUG] debug-file - Update task entry:default@SyscapTransform output file:D:\HW\testproject\complete\3\entry\build\default\intermediates\syscap\default\rpcid.sc cache.
[2026-09-10T16:10:30.801] [DEBUG] debug-file - Incremental task entry:default@SyscapTransform post-execution cost:2 ms .
[2026-09-10T16:10:30.801] [DEBUG] debug-file - There is no need to refresh cache, since the incremental task entry:default@ProcessProfile is up-to-date.
[2026-09-10T16:10:30.801] [DEBUG] debug-file - There is no need to refresh cache, since the incremental task entry:default@ProcessRouterMap is up-to-date.
[2026-09-10T16:10:30.801] [DEBUG] debug-file - There is no need to refresh cache, since the incremental task entry:default@ProcessShareConfig is up-to-date.
[2026-09-10T16:10:30.802] [DEBUG] debug-file - Update task entry:default@ProcessStartupConfig input file:D:\HW\testproject\complete\3\entry\build\default\intermediates\loader\default\pkgContextInfo.json cache by regenerate.
[2026-09-10T16:10:30.802] [DEBUG] debug-file - Update task entry:default@ProcessStartupConfig output file:D:\HW\testproject\complete\3\entry\build\default\intermediates\startup\default\startup_config.json cache.
[2026-09-10T16:10:30.802] [DEBUG] debug-file - Incremental task entry:default@ProcessStartupConfig post-execution cost:1 ms .
[2026-09-10T16:10:30.802] [DEBUG] debug-file - There is no need to refresh cache, since the incremental task entry:default@ProcessResource is up-to-date.
[2026-09-10T16:10:30.803] [DEBUG] debug-file - There is no need to refresh cache, since the incremental task entry:default@GenerateLoaderJson is up-to-date.
[2026-09-10T16:10:30.803] [DEBUG] debug-file - There is no need to refresh cache, since the incremental task entry:default@ProcessLibs is up-to-date.
[2026-09-10T16:10:30.803] [DEBUG] debug-file - There is no need to refresh cache, since the incremental task entry:default@CompileResource is up-to-date.
[2026-09-10T16:10:30.803] [DEBUG] debug-file - There is no need to refresh cache, since the incremental task entry:default@DoNativeStrip is up-to-date.
[2026-09-10T16:10:30.803] [DEBUG] debug-file - There is no need to refresh cache, since the incremental task entry:default@CompileArkTS is up-to-date.
[2026-09-10T16:10:30.806] [DEBUG] debug-file - Update task entry:default@BuildJS input file:D:\HW\testproject\complete\3\entry\build\default\intermediates\loader\default cache by regenerate.
[2026-09-10T16:10:30.809] [DEBUG] debug-file - Update task entry:default@BuildJS input file:D:\HW\testproject\complete\3\entry\build\default\intermediates\res\default\resources\rawfile cache by regenerate.
[2026-09-10T16:10:30.811] [DEBUG] debug-file - Update task entry:default@BuildJS input file:D:\HW\testproject\complete\3\entry\build\default\intermediates\res\default\ResourceTable.txt cache by regenerate.
[2026-09-10T16:10:30.812] [DEBUG] debug-file - Update task entry:default@BuildJS input file:D:\HW\testproject\complete\3\entry\build\default\intermediates\res\default\ark_module.json cache by regenerate.
[2026-09-10T16:10:30.812] [DEBUG] debug-file - Update task entry:default@BuildJS input file:D:\HW\testproject\complete\3\entry\build\default\intermediates\res\default\resources\base\profile cache by regenerate.
[2026-09-10T16:10:30.817] [DEBUG] debug-file - Update task entry:default@BuildJS input file:D:\HW\testproject\complete\3\entry\build\default\intermediates\loader\default\pkgContextInfo.json cache by regenerate.
[2026-09-10T16:10:30.818] [DEBUG] debug-file - Update task entry:default@BuildJS output file:D:\HW\testproject\complete\3\entry\build\default\intermediates\loader_out\default\js cache.
[2026-09-10T16:10:30.818] [DEBUG] debug-file - Incremental task entry:default@BuildJS post-execution cost:16 ms .
[2026-09-10T16:10:30.819] [DEBUG] debug-file - There is no need to refresh cache, since the incremental task entry:default@CacheNativeLibs is up-to-date.
[2026-09-10T16:10:30.819] [DEBUG] debug-file - There is no need to refresh cache, since the incremental task entry:default@GeneratePkgModuleJson is up-to-date.
[2026-09-10T16:10:30.820] [DEBUG] debug-file - Incremental task entry:default@ProcessCompiledResources post-execution cost:1 ms .
[2026-09-10T16:10:30.820] [DEBUG] debug-file - There is no need to refresh cache, since the incremental task entry:default@PackageHap is up-to-date.
[2026-09-10T16:10:30.820] [DEBUG] debug-file - Update task entry:default@SignHap input file:D:\HW\testproject\complete\3\entry\build\default\outputs\default\entry-default-unsigned.hap cache by regenerate.
[2026-09-10T16:10:30.821] [DEBUG] debug-file - Update task entry:default@SignHap output file:D:\HW\testproject\complete\3\entry\build\default\outputs\default\entry-default-signed.hap cache.
[2026-09-10T16:10:30.822] [DEBUG] debug-file - Incremental task entry:default@SignHap post-execution cost:2 ms .
[2026-09-10T16:10:30.823] [DEBUG] debug-file - Update task entry:default@CollectDebugSymbol input file:D:\HW\testproject\complete\3\entry\build\default\intermediates\loader_out\default\ets\sourceMaps.map cache by regenerate.
[2026-09-10T16:10:30.823] [DEBUG] debug-file - Update task entry:default@CollectDebugSymbol input file:D:\HW\testproject\complete\3\entry\build\default\intermediates\libs\default cache by regenerate.
[2026-09-10T16:10:30.824] [DEBUG] debug-file - Update task entry:default@CollectDebugSymbol output file:D:\HW\testproject\complete\3\entry\build\default\outputs\default\symbol cache.
[2026-09-10T16:10:30.825] [DEBUG] debug-file - Incremental task entry:default@CollectDebugSymbol post-execution cost:3 ms .
[2026-09-10T16:10:30.825] [DEBUG] debug-file - There is no need to refresh cache, since the incremental task :MakeProjectPackInfo is up-to-date.
[2026-09-10T16:10:30.825] [DEBUG] debug-file - There is no need to refresh cache, since the incremental task :ProcessProjectPrivacyProfile is up-to-date.
[2026-09-10T16:10:30.825] [DEBUG] debug-file - There is no need to refresh cache, since the incremental task :GeneratePackRes is up-to-date.
[2026-09-10T16:10:30.825] [DEBUG] debug-file - Update task :PackageApp input file:D:\HW\testproject\complete\3\build\outputs\default\pack.info cache by regenerate.
[2026-09-10T16:10:30.826] [DEBUG] debug-file - Update task :PackageApp input file:D:\HW\testproject\complete\3\entry\build\default\outputs\default\entry-default-unsigned.hap cache by regenerate.
[2026-09-10T16:10:30.826] [DEBUG] debug-file - Update task :PackageApp input file:D:\HW\testproject\complete\3\build\outputs\default\pac.json cache by regenerate.
[2026-09-10T16:10:30.826] [DEBUG] debug-file - Update task :PackageApp output file:D:\HW\testproject\complete\3\build\outputs\default\3-default-unsigned.app cache.
[2026-09-10T16:10:30.827] [DEBUG] debug-file - Update task :PackageApp output file:D:\HW\testproject\complete\3\entry\build\default\outputs\default\app\entry-default.hap cache.
[2026-09-10T16:10:30.827] [DEBUG] debug-file - Update task :PackageApp output file:D:\HW\testproject\complete\3\build\outputs\default\symbol\debug cache.
[2026-09-10T16:10:30.827] [DEBUG] debug-file - Incremental task :PackageApp post-execution cost:3 ms .
[2026-09-10T16:10:30.828] [DEBUG] debug-file - Update task :SignPackagesFromApp input file:D:\HW\testproject\complete\3\build\outputs\default\3-default-unsigned.app cache from map.
[2026-09-10T16:10:30.828] [DEBUG] debug-file - Incremental task :SignPackagesFromApp post-execution cost:1 ms .
[2026-09-10T16:10:30.828] [DEBUG] debug-file - Update task :SignApp input file:D:\HW\testproject\complete\3\build\outputs\default\3-default-unsigned.app cache from map.
[2026-09-10T16:10:30.828] [DEBUG] debug-file - Update task :SignApp output file:D:\HW\testproject\complete\3\build\outputs\default\3-default-signed.app cache.
[2026-09-10T16:10:30.829] [DEBUG] debug-file - Incremental task :SignApp post-execution cost:1 ms .
[2026-09-10T16:10:30.845] [DEBUG] debug-file - hvigor build process will be closed.
[2026-09-10T16:10:30.855] [DEBUG] debug-file - session manager: send message to worker process. WorkerThreadId: 0, data: {"type":"hvigor_failed","reason":"Server has disconnected."}
[2026-09-10T16:10:30.857] [DEBUG] debug-file - session manager: send message to worker process. WorkerThreadId: 0, data: {"type":"CloseWatch","reason":"Server has disconnected."}
[2026-09-10T16:10:30.856] [DEBUG] debug-file - watch worker: worker id should be larger than 0. Nothing will be sent to any worker thread.
[2026-09-10T16:10:30.856] [DEBUG] debug-file - ABORT_WORK sent to workers.
[2026-09-10T16:10:30.857] [DEBUG] debug-file - watch worker: worker id should be larger than 0. Nothing will be sent to any worker thread.
[2026-09-10T16:11:58.804] [DEBUG] debug-file - env: nodejsVersion=v24.14.1
[2026-09-10T16:11:58.849] [DEBUG] debug-file - env: daemon=true
[2026-09-10T16:11:58.806] [DEBUG] debug-file - env: hvigor-config.json5 content = {
  modelVersion: '6.0.1',
  dependencies: {},
  execution: {},
  logging: {},
  debugging: {},
  nodeOptions: {}
}
[2026-09-10T16:12:00.179] [DEBUG] debug-file - session manager: set active socket. socketId=xxhLdZC2hd9JeYqxAAAJ
[2026-09-10T16:12:00.197] [DEBUG] debug-file - watch worker: worker id should be larger than 0. Nothing will be sent to any worker thread.
[2026-09-10T16:12:00.205] [DEBUG] debug-file - Workers' log level updated to INFO
[2026-09-10T16:12:00.209] [DEBUG] debug-file - Hvigor init with startParameters:{
  hvigorfileTypeCheck: false,
  parallelExecution: true,
  incrementalExecution: true,
  printStackTrace: false,
  daemon: true,
  analyze: 0,
  logLevel: Level { level: 20000, levelStr: 'INFO', colour: 'green' },
  optimizationStrategy: 'memory',
  hotCompile: undefined,
  hotReloadBuild: undefined,
  customizedParam: undefined
}
[2026-09-10T16:12:00.215] [DEBUG] debug-file - Cache service initialization finished in 7 ms 
[2026-09-10T16:12:00.216] [DEBUG] debug-file - hvigorfile, resolving D:\HW\testproject\complete\3\hvigorfile.ts
[2026-09-10T16:12:00.223] [DEBUG] debug-file - hvigorfile, require result:  { default: { plugins: [] } }
[2026-09-10T16:12:00.223] [DEBUG] debug-file - hvigorfile, binding system plugins null
[2026-09-10T16:12:00.224] [DEBUG] debug-file - Starting plugin build process
[2026-09-10T16:12:00.224] [DEBUG] debug-file - App plugin prepare start...
[2026-09-10T16:12:00.224] [DEBUG] debug-file - App plugin prepare end...
[2026-09-10T16:12:00.224] [DEBUG] debug-file - App plugin creating...
[2026-09-10T16:12:00.238] [DEBUG] debug-file - App plugin register hook start...
[2026-09-10T16:12:00.238] [DEBUG] debug-file - App plugin register hook end...
[2026-09-10T16:12:00.238] [DEBUG] debug-file - Plugin build process completed
[2026-09-10T16:12:00.238] [DEBUG] debug-file - Start initialize project's product build option map with build mode debug.
[2026-09-10T16:12:00.238] [DEBUG] debug-file - Picking option from product 'default' with build mode 'debug'.
[2026-09-10T16:12:00.239] [DEBUG] debug-file - Product 'default' build option initialized
[2026-09-10T16:12:00.239] [DEBUG] debug-file - End initialize project's product build option map with build mode 'debug'.
[2026-09-10T16:12:00.239] [DEBUG] debug-file - Obtain build option for product 'default'in this build.
[2026-09-10T16:12:00.243] [DEBUG] debug-file - No signingConfig found, initRemoteHspCache failed.
[2026-09-10T16:12:00.246] [DEBUG] debug-file - Start recording SDK configuration permission data.
[2026-09-10T16:12:00.284] [DEBUG] debug-file - Sdk init in 41 ms 
[2026-09-10T16:12:00.286] [DEBUG] debug-file - Project task initialization takes 2 ms 
[2026-09-10T16:12:00.286] [DEBUG] debug-file - hvigorfile, begin to bind custom plugins...
[2026-09-10T16:12:00.286] [DEBUG] debug-file - hvigorfile, no custom plugins were found in D:\HW\testproject\complete\3\hvigorfile.ts
[2026-09-10T16:12:00.286] [DEBUG] debug-file - hvigorfile, resolve finished D:\HW\testproject\complete\3\hvigorfile.ts
[2026-09-10T16:12:00.287] [DEBUG] debug-file - hvigorfile, resolving D:\HW\testproject\complete\3\entry\hvigorfile.ts
[2026-09-10T16:12:00.293] [DEBUG] debug-file - hvigorfile, require result:  { default: { plugins: [] } }
[2026-09-10T16:12:00.293] [DEBUG] debug-file - hvigorfile, binding system plugins null
[2026-09-10T16:12:00.293] [DEBUG] debug-file - Starting plugin build process
[2026-09-10T16:12:00.293] [DEBUG] debug-file - Hap plugin creating...
[2026-09-10T16:12:00.295] [DEBUG] debug-file - failed to load cangjie to dynamically generate schemas: Error: Cannot find module '@ohos/cangjie-build-support/index'
Require stack:
- E:\DevEco Studio\tools\hvigor\hvigor-ohos-plugin\src\plugin\hooks\cangjie-register.js
- E:\DevEco Studio\tools\hvigor\hvigor-ohos-plugin\src\plugin\strategy\stage-init-strategy.js
- E:\DevEco Studio\tools\hvigor\hvigor-ohos-plugin\src\plugin\builder\abstract-plugin-builder.js
- E:\DevEco Studio\tools\hvigor\hvigor-ohos-plugin\src\plugin\builder\app-plugin-builder.js
- E:\DevEco Studio\tools\hvigor\hvigor-ohos-plugin\src\plugin\factory\plugin-factory.js
- E:\DevEco Studio\tools\hvigor\hvigor-ohos-plugin\index.js
- D:\HW\testproject\complete\3\hvigorfile.ts
- E:\DevEco Studio\tools\hvigor\hvigor\src\base\internal\lifecycle\configuration.js
- E:\DevEco Studio\tools\hvigor\hvigor\src\base\boot\index.js
- E:\DevEco Studio\tools\hvigor\hvigor\src\base\daemon\cluster\worker-process-lifecycle.js
- E:\DevEco Studio\tools\hvigor\hvigor\src\base\daemon\process\daemon-process-boot-script.js
[2026-09-10T16:12:00.298] [DEBUG] debug-file - Start initialize module-target build option map, moduleName=entry, buildMode=debug
[2026-09-10T16:12:00.298] [DEBUG] debug-file - Target 'default' config initialized
[2026-09-10T16:12:00.299] [DEBUG] debug-file - Target 'ohosTest' config initialized
[2026-09-10T16:12:00.299] [DEBUG] debug-file - Module 'entry' target 'default' build option initialized
[2026-09-10T16:12:00.299] [DEBUG] debug-file - Module 'entry' target 'ohosTest' build option initialized
[2026-09-10T16:12:00.299] [DEBUG] debug-file - End initialize module-target build option map, moduleName=entry
[2026-09-10T16:12:00.299] [DEBUG] debug-file - Start initialize module-target build option map, moduleName=entry, buildMode=release
[2026-09-10T16:12:00.299] [DEBUG] debug-file - Target 'default' config initialized
[2026-09-10T16:12:00.299] [DEBUG] debug-file - Target 'ohosTest' config initialized
[2026-09-10T16:12:00.300] [DEBUG] debug-file - Module 'entry' target 'default' build option initialized
[2026-09-10T16:12:00.300] [DEBUG] debug-file - Module 'entry' target 'ohosTest' build option initialized
[2026-09-10T16:12:00.300] [DEBUG] debug-file - End initialize module-target build option map, moduleName=entry
[2026-09-10T16:12:00.300] [DEBUG] debug-file - Start initialize module-target build option map, moduleName=entry, buildMode=debug
[2026-09-10T16:12:00.300] [DEBUG] debug-file - Target 'default' config initialized
[2026-09-10T16:12:00.300] [DEBUG] debug-file - Target 'ohosTest' config initialized
[2026-09-10T16:12:00.301] [DEBUG] debug-file - Module 'entry' target 'default' build option initialized
[2026-09-10T16:12:00.301] [DEBUG] debug-file - Module 'entry' target 'ohosTest' build option initialized
[2026-09-10T16:12:00.301] [DEBUG] debug-file - End initialize module-target build option map, moduleName=entry
[2026-09-10T16:12:00.301] [DEBUG] debug-file - Obtain build option for module 'entry' target 'default'in this build.
[2026-09-10T16:12:00.303] [DEBUG] debug-file - Module entry task initialization takes 1 ms 
[2026-09-10T16:12:00.303] [DEBUG] debug-file - Hap plugin register hook start...
[2026-09-10T16:12:00.303] [DEBUG] debug-file - Hap plugin register hook end...
[2026-09-10T16:12:00.303] [DEBUG] debug-file - Plugin build process completed
[2026-09-10T16:12:00.303] [DEBUG] debug-file - hvigorfile, begin to bind custom plugins...
[2026-09-10T16:12:00.303] [DEBUG] debug-file - hvigorfile, no custom plugins were found in D:\HW\testproject\complete\3\entry\hvigorfile.ts
[2026-09-10T16:12:00.303] [DEBUG] debug-file - hvigorfile, resolve finished D:\HW\testproject\complete\3\entry\hvigorfile.ts
[2026-09-10T16:12:00.337] [DEBUG] debug-file - hvigorfile, resolve hvigorfile dependencies in 34 ms 
[2026-09-10T16:12:00.337] [DEBUG] debug-file - project has submodules:entry
[2026-09-10T16:12:00.339] [DEBUG] debug-file - start to load updatedOhPackageInfo to the disk
[2026-09-10T16:12:00.341] [DEBUG] debug-file - load to the disk finished
[2026-09-10T16:12:00.343] [DEBUG] debug-file - Start to initialize dependency information.
[2026-09-10T16:12:00.350] [DEBUG] debug-file - Module 3 Collected Dependency: 
[2026-09-10T16:12:00.350] [DEBUG] debug-file - Module 3's total dependency: 0
[2026-09-10T16:12:00.350] [DEBUG] debug-file - Start to initialize dependency information.
[2026-09-10T16:12:00.352] [DEBUG] debug-file - Module entry Collected Dependency: 
[2026-09-10T16:12:00.352] [DEBUG] debug-file - Module entry's total dependency: 0
[2026-09-10T16:12:00.354] [DEBUG] debug-file - Configuration phase cost:140 ms 
[2026-09-10T16:12:00.356] [DEBUG] debug-file - Configuration task cost before running: 150 ms 
[2026-09-10T16:12:00.356] [DEBUG] debug-file - Executing task ::PreBuildApp
[2026-09-10T16:12:00.356] [DEBUG] debug-file - 3 : PreBuildApp cost memory 0.0144500732421875
[2026-09-10T16:12:00.357] [DEBUG] debug-file - runTaskFromQueue task cost before running: 151 ms 
[2026-09-10T16:12:00.357] [INFO] debug-file - Finished ::PreBuildApp... after 1 ms 
[2026-09-10T16:12:00.360] [DEBUG] debug-file - Executing task :entry:default@PreBuild
[2026-09-10T16:12:00.367] [DEBUG] debug-file - Task 'entry:default@PreBuild' cost while wrapping incremental declarations: 1 ms 
[2026-09-10T16:12:00.378] [DEBUG] debug-file - Incremental task entry:default@PreBuild pre-execution cost: 7 ms .
[2026-09-10T16:12:00.379] [DEBUG] debug-file - entry : default@PreBuild cost memory 0.5295562744140625
[2026-09-10T16:12:00.384] [INFO] debug-file - UP-TO-DATE :entry:default@PreBuild...  
[2026-09-10T16:12:00.385] [DEBUG] debug-file - Executing task ::DuplicateDependencyCheck
[2026-09-10T16:12:00.385] [DEBUG] debug-file - 3 : DuplicateDependencyCheck cost memory 0.01373291015625
[2026-09-10T16:12:00.386] [DEBUG] debug-file - runTaskFromQueue task cost before running: 181 ms 
[2026-09-10T16:12:00.387] [INFO] debug-file - Finished ::DuplicateDependencyCheck... after 2 ms 
[2026-09-10T16:12:00.388] [DEBUG] debug-file - Executing task :entry:default@CreateModuleInfo
[2026-09-10T16:12:00.388] [DEBUG] debug-file - Task 'entry:default@CreateModuleInfo' cost while wrapping incremental declarations: 1 ms 
[2026-09-10T16:12:00.389] [DEBUG] debug-file - entry : default@CreateModuleInfo cost memory 0.039306640625
[2026-09-10T16:12:00.389] [DEBUG] debug-file - runTaskFromQueue task cost before running: 184 ms 
[2026-09-10T16:12:00.389] [INFO] debug-file - Finished :entry:default@CreateModuleInfo... after 2 ms 
[2026-09-10T16:12:00.394] [DEBUG] debug-file - Executing task :entry:default@GenerateMetadata
[2026-09-10T16:12:00.396] [DEBUG] debug-file - Task 'entry:default@GenerateMetadata' cost while wrapping incremental declarations: 2 ms 
[2026-09-10T16:12:00.400] [DEBUG] debug-file - Incremental task entry:default@GenerateMetadata pre-execution cost: 4 ms .
[2026-09-10T16:12:00.400] [DEBUG] debug-file - entry : default@GenerateMetadata cost memory 0.07678985595703125
[2026-09-10T16:12:00.402] [INFO] debug-file - UP-TO-DATE :entry:default@GenerateMetadata...  
[2026-09-10T16:12:00.405] [DEBUG] debug-file - Executing task :entry:default@ConfigureCmake
[2026-09-10T16:12:00.405] [DEBUG] debug-file - entry : default@ConfigureCmake cost memory 0.01442718505859375
[2026-09-10T16:12:00.406] [DEBUG] debug-file - runTaskFromQueue task cost before running: 200 ms 
[2026-09-10T16:12:00.406] [INFO] debug-file - Finished :entry:default@ConfigureCmake... after 1 ms 
[2026-09-10T16:12:00.408] [DEBUG] debug-file - Executing task :entry:default@MergeProfile
[2026-09-10T16:12:00.408] [DEBUG] debug-file - Task 'entry:default@MergeProfile' cost while wrapping incremental declarations: 1 ms 
[2026-09-10T16:12:00.410] [DEBUG] debug-file - Incremental task entry:default@MergeProfile pre-execution cost: 2 ms .
[2026-09-10T16:12:00.410] [DEBUG] debug-file - entry : default@MergeProfile cost memory 0.12369537353515625
[2026-09-10T16:12:00.411] [INFO] debug-file - UP-TO-DATE :entry:default@MergeProfile...  
[2026-09-10T16:12:00.412] [DEBUG] debug-file - Executing task :entry:default@CreateBuildProfile
[2026-09-10T16:12:00.413] [DEBUG] debug-file - Task 'entry:default@CreateBuildProfile' cost while wrapping incremental declarations: 1 ms 
[2026-09-10T16:12:00.414] [DEBUG] debug-file - Incremental task entry:default@CreateBuildProfile pre-execution cost: 1 ms .
[2026-09-10T16:12:00.414] [DEBUG] debug-file - entry : default@CreateBuildProfile cost memory 0.09314727783203125
[2026-09-10T16:12:00.414] [INFO] debug-file - UP-TO-DATE :entry:default@CreateBuildProfile...  
[2026-09-10T16:12:00.415] [DEBUG] debug-file - Executing task :entry:default@PreCheckSyscap
[2026-09-10T16:12:00.415] [DEBUG] debug-file - entry : default@PreCheckSyscap cost memory 0.01511383056640625
[2026-09-10T16:12:00.416] [DEBUG] debug-file - runTaskFromQueue task cost before running: 210 ms 
[2026-09-10T16:12:00.416] [INFO] debug-file - Finished :entry:default@PreCheckSyscap... after 1 ms 
[2026-09-10T16:12:00.417] [DEBUG] debug-file - Executing task :entry:default@GeneratePkgContextInfo
[2026-09-10T16:12:00.421] [DEBUG] debug-file - Task 'entry:default@GeneratePkgContextInfo' cost while wrapping incremental declarations: 1 ms 
[2026-09-10T16:12:00.422] [DEBUG] debug-file - Incremental task entry:default@GeneratePkgContextInfo pre-execution cost: 1 ms .
[2026-09-10T16:12:00.422] [DEBUG] debug-file - entry : default@GeneratePkgContextInfo cost memory 0.18645477294921875
[2026-09-10T16:12:00.422] [INFO] debug-file - UP-TO-DATE :entry:default@GeneratePkgContextInfo...  
[2026-09-10T16:12:00.424] [DEBUG] debug-file - Executing task :entry:default@GeneratePkgSdkInfo
[2026-09-10T16:12:00.426] [DEBUG] debug-file - Task 'entry:default@GeneratePkgSdkInfo' cost while wrapping incremental declarations: 1 ms 
[2026-09-10T16:12:00.427] [DEBUG] debug-file - entry : default@GeneratePkgSdkInfo cost memory 0.1056671142578125
[2026-09-10T16:12:00.427] [DEBUG] debug-file - runTaskFromQueue task cost before running: 222 ms 
[2026-09-10T16:12:00.427] [INFO] debug-file - Finished :entry:default@GeneratePkgSdkInfo... after 4 ms 
[2026-09-10T16:12:00.433] [DEBUG] debug-file - Executing task :entry:default@ProcessIntegratedHsp
[2026-09-10T16:12:00.433] [DEBUG] debug-file - entry:default@ProcessIntegratedHsp is not up-to-date, since the output file 'D:\HW\testproject\complete\3\build\cache\default\integrated_hsp\integratedHspCache.json' does not exist.
[2026-09-10T16:12:00.434] [DEBUG] debug-file - Incremental task entry:default@ProcessIntegratedHsp pre-execution cost: 1 ms .
[2026-09-10T16:12:00.434] [DEBUG] debug-file - entry : default@ProcessIntegratedHsp cost memory 0.0489654541015625
[2026-09-10T16:12:00.434] [DEBUG] debug-file - runTaskFromQueue task cost before running: 229 ms 
[2026-09-10T16:12:00.434] [INFO] debug-file - Finished :entry:default@ProcessIntegratedHsp... after 2 ms 
[2026-09-10T16:12:00.436] [DEBUG] debug-file - Executing task :entry:default@BuildNativeWithCmake
[2026-09-10T16:12:00.436] [DEBUG] debug-file - entry : default@BuildNativeWithCmake cost memory 0.01451873779296875
[2026-09-10T16:12:00.436] [DEBUG] debug-file - runTaskFromQueue task cost before running: 231 ms 
[2026-09-10T16:12:00.437] [INFO] debug-file - Finished :entry:default@BuildNativeWithCmake... after 1 ms 
[2026-09-10T16:12:00.438] [DEBUG] debug-file - Executing task :entry:default@MakePackInfo
[2026-09-10T16:12:00.442] [DEBUG] debug-file - Incremental task entry:default@MakePackInfo pre-execution cost: 3 ms .
[2026-09-10T16:12:00.443] [DEBUG] debug-file - entry : default@MakePackInfo cost memory 0.10610198974609375
[2026-09-10T16:12:00.444] [INFO] debug-file - UP-TO-DATE :entry:default@MakePackInfo...  
[2026-09-10T16:12:00.445] [DEBUG] debug-file - Executing task :entry:default@SyscapTransform
[2026-09-10T16:12:00.446] [DEBUG] debug-file - File: 'D:\HW\testproject\complete\3\entry\src\main\syscap.json' from 'sysCapJsonPath' is not exists, just ignore.
[2026-09-10T16:12:00.446] [DEBUG] debug-file - Task 'entry:default@SyscapTransform' cost while wrapping incremental declarations: 1 ms 
[2026-09-10T16:12:00.448] [DEBUG] debug-file - entry:default@SyscapTransform is not up-to-date, since the output file 'D:\HW\testproject\complete\3\entry\build\default\intermediates\syscap\default\rpcid.sc' does not exist.
[2026-09-10T16:12:00.449] [DEBUG] debug-file - Incremental task entry:default@SyscapTransform pre-execution cost: 3 ms .
[2026-09-10T16:12:00.449] [DEBUG] debug-file - entry : default@SyscapTransform cost memory -3.4641647338867188
[2026-09-10T16:12:00.449] [DEBUG] debug-file - runTaskFromQueue task cost before running: 244 ms 
[2026-09-10T16:12:00.449] [INFO] debug-file - Finished :entry:default@SyscapTransform... after 4 ms 
[2026-09-10T16:12:00.452] [DEBUG] debug-file - Executing task :entry:default@ProcessProfile
[2026-09-10T16:12:00.454] [DEBUG] debug-file - Task 'entry:default@ProcessProfile' cost while wrapping incremental declarations: 1 ms 
[2026-09-10T16:12:00.455] [DEBUG] debug-file - Incremental task entry:default@ProcessProfile pre-execution cost: 1 ms .
[2026-09-10T16:12:00.455] [DEBUG] debug-file - entry : default@ProcessProfile cost memory 0.12693023681640625
[2026-09-10T16:12:00.455] [INFO] debug-file - UP-TO-DATE :entry:default@ProcessProfile...  
[2026-09-10T16:12:00.456] [DEBUG] debug-file - Executing task :entry:default@ProcessRouterMap
[2026-09-10T16:12:00.459] [DEBUG] debug-file - Incremental task entry:default@ProcessRouterMap pre-execution cost: 2 ms .
[2026-09-10T16:12:00.459] [DEBUG] debug-file - entry : default@ProcessRouterMap cost memory 0.131500244140625
[2026-09-10T16:12:00.460] [INFO] debug-file - UP-TO-DATE :entry:default@ProcessRouterMap...  
[2026-09-10T16:12:00.462] [DEBUG] debug-file - Executing task :entry:default@ProcessShareConfig
[2026-09-10T16:12:00.463] [DEBUG] debug-file - Incremental task entry:default@ProcessShareConfig pre-execution cost: 1 ms .
[2026-09-10T16:12:00.463] [DEBUG] debug-file - entry : default@ProcessShareConfig cost memory 0.10614013671875
[2026-09-10T16:12:00.464] [INFO] debug-file - UP-TO-DATE :entry:default@ProcessShareConfig...  
[2026-09-10T16:12:00.466] [DEBUG] debug-file - Executing task :entry:default@ProcessStartupConfig
[2026-09-10T16:12:00.466] [DEBUG] debug-file - Task 'entry:default@ProcessStartupConfig' cost while wrapping incremental declarations: 1 ms 
[2026-09-10T16:12:00.468] [DEBUG] debug-file - entry:default@ProcessStartupConfig is not up-to-date, since the output file 'D:\HW\testproject\complete\3\entry\build\default\intermediates\startup\default\startup_config.json' does not exist.
[2026-09-10T16:12:00.468] [DEBUG] debug-file - Incremental task entry:default@ProcessStartupConfig pre-execution cost: 1 ms .
[2026-09-10T16:12:00.469] [DEBUG] debug-file - entry : default@ProcessStartupConfig cost memory 0.111785888671875
[2026-09-10T16:12:00.470] [DEBUG] debug-file - runTaskFromQueue task cost before running: 265 ms 
[2026-09-10T16:12:00.471] [INFO] debug-file - Finished :entry:default@ProcessStartupConfig... after 4 ms 
[2026-09-10T16:12:00.475] [DEBUG] debug-file - Executing task :entry:default@BuildNativeWithNinja
[2026-09-10T16:12:00.475] [DEBUG] debug-file - entry : default@BuildNativeWithNinja cost memory 0.01967620849609375
[2026-09-10T16:12:00.475] [DEBUG] debug-file - runTaskFromQueue task cost before running: 270 ms 
[2026-09-10T16:12:00.476] [INFO] debug-file - Finished :entry:default@BuildNativeWithNinja... after 1 ms 
[2026-09-10T16:12:00.478] [DEBUG] debug-file - restool module names: entry; moduleName=entry, taskName=default@ProcessResource
[2026-09-10T16:12:00.479] [DEBUG] debug-file - Executing task :entry:default@ProcessResource
[2026-09-10T16:12:00.479] [DEBUG] debug-file - Task 'entry:default@ProcessResource' cost while wrapping incremental declarations: 1 ms 
[2026-09-10T16:12:00.480] [DEBUG] debug-file - Incremental task entry:default@ProcessResource pre-execution cost: 1 ms .
[2026-09-10T16:12:00.480] [DEBUG] debug-file - entry : default@ProcessResource cost memory 0.1114654541015625
[2026-09-10T16:12:00.483] [INFO] debug-file - UP-TO-DATE :entry:default@ProcessResource...  
[2026-09-10T16:12:00.484] [DEBUG] debug-file - Executing task :entry:default@GenerateLoaderJson
[2026-09-10T16:12:00.486] [DEBUG] debug-file - Task 'entry:default@GenerateLoaderJson' cost while wrapping incremental declarations: 1 ms 
[2026-09-10T16:12:00.497] [DEBUG] debug-file - Incremental task entry:default@GenerateLoaderJson pre-execution cost: 8 ms .
[2026-09-10T16:12:00.498] [DEBUG] debug-file - entry : default@GenerateLoaderJson cost memory 0.3152008056640625
[2026-09-10T16:12:00.501] [INFO] debug-file - UP-TO-DATE :entry:default@GenerateLoaderJson...  
[2026-09-10T16:12:00.502] [DEBUG] debug-file - Executing task :entry:default@ProcessLibs
[2026-09-10T16:12:00.502] [DEBUG] debug-file - Task 'entry:default@ProcessLibs' cost while wrapping incremental declarations: 1 ms 
[2026-09-10T16:12:00.504] [DEBUG] debug-file - Incremental task entry:default@ProcessLibs pre-execution cost: 2 ms .
[2026-09-10T16:12:00.504] [DEBUG] debug-file - entry : default@ProcessLibs cost memory 0.09214019775390625
[2026-09-10T16:12:00.505] [INFO] debug-file - UP-TO-DATE :entry:default@ProcessLibs...  
[2026-09-10T16:12:00.507] [DEBUG] debug-file - restool module names: entry; moduleName=entry, taskName=default@CompileResource
[2026-09-10T16:12:00.508] [DEBUG] debug-file - Executing task :entry:default@CompileResource
[2026-09-10T16:12:00.520] [DEBUG] debug-file - Incremental task entry:default@CompileResource pre-execution cost: 11 ms .
[2026-09-10T16:12:00.521] [DEBUG] debug-file - entry : default@CompileResource cost memory 0.488800048828125
[2026-09-10T16:12:00.524] [INFO] debug-file - UP-TO-DATE :entry:default@CompileResource...  
[2026-09-10T16:12:00.527] [DEBUG] debug-file - Executing task :entry:default@DoNativeStrip
[2026-09-10T16:12:00.528] [DEBUG] debug-file - File: 'D:\HW\testproject\complete\3\entry\build\default\intermediates\binxo\default' from 'doBinxoNativeLibs' is not exists, just ignore.
[2026-09-10T16:12:00.528] [DEBUG] debug-file - Task 'entry:default@DoNativeStrip' cost while wrapping incremental declarations: 1 ms 
[2026-09-10T16:12:00.530] [DEBUG] debug-file - Incremental task entry:default@DoNativeStrip pre-execution cost: 2 ms .
[2026-09-10T16:12:00.530] [DEBUG] debug-file - entry : default@DoNativeStrip cost memory 0.08115386962890625
[2026-09-10T16:12:00.530] [INFO] debug-file - UP-TO-DATE :entry:default@DoNativeStrip...  
[2026-09-10T16:12:00.532] [DEBUG] debug-file - Executing task :entry:default@CompileArkTS
[2026-09-10T16:12:00.532] [DEBUG] debug-file - obfuscationOptions: undefined
[2026-09-10T16:12:00.534] [DEBUG] debug-file - Task 'entry:default@CompileArkTS' cost while wrapping incremental declarations: 1 ms 
[2026-09-10T16:12:00.547] [DEBUG] debug-file - Incremental task entry:default@CompileArkTS pre-execution cost: 12 ms .
[2026-09-10T16:12:00.547] [DEBUG] debug-file - entry : default@CompileArkTS cost memory 0.1811676025390625
[2026-09-10T16:12:00.554] [INFO] debug-file - UP-TO-DATE :entry:default@CompileArkTS...  
[2026-09-10T16:12:00.556] [DEBUG] debug-file - Executing task :entry:default@BuildJS
[2026-09-10T16:12:00.556] [DEBUG] debug-file - Task 'entry:default@BuildJS' cost while wrapping incremental declarations: 1 ms 
[2026-09-10T16:12:00.559] [DEBUG] debug-file - entry : default@BuildJS cost memory 0.1198577880859375
[2026-09-10T16:12:00.559] [DEBUG] debug-file - runTaskFromQueue task cost before running: 354 ms 
[2026-09-10T16:12:00.559] [INFO] debug-file - Finished :entry:default@BuildJS... after 4 ms 
[2026-09-10T16:12:00.560] [DEBUG] debug-file - Executing task :entry:default@CacheNativeLibs
[2026-09-10T16:12:00.561] [DEBUG] debug-file - File: 'D:\HW\testproject\complete\3\entry\build\default\intermediates\binxo\default' from 'cacheBinxoNativeLibs' is not exists, just ignore.
[2026-09-10T16:12:00.561] [DEBUG] debug-file - Task 'entry:default@CacheNativeLibs' cost while wrapping incremental declarations: 1 ms 
[2026-09-10T16:12:00.563] [DEBUG] debug-file - Incremental task entry:default@CacheNativeLibs pre-execution cost: 2 ms .
[2026-09-10T16:12:00.564] [DEBUG] debug-file - entry : default@CacheNativeLibs cost memory 0.0860137939453125
[2026-09-10T16:12:00.564] [INFO] debug-file - UP-TO-DATE :entry:default@CacheNativeLibs...  
[2026-09-10T16:12:00.569] [DEBUG] debug-file - Executing task :entry:default@GeneratePkgModuleJson
[2026-09-10T16:12:00.570] [DEBUG] debug-file - File: 'D:\HW\testproject\complete\3\entry\build\default\intermediates\preload\default\preload.json' from 'preloadSoJsonPath' is not exists, just ignore.
[2026-09-10T16:12:00.571] [DEBUG] debug-file - Error occurs while handling @Input 'shouldDeduplicateHar': The "data" argument must be of type string or an instance of Buffer, TypedArray, or DataView. Received undefined
[2026-09-10T16:12:00.571] [DEBUG] debug-file - Task 'entry:default@GeneratePkgModuleJson' cost while wrapping incremental declarations: 2 ms 
[2026-09-10T16:12:00.572] [DEBUG] debug-file - Incremental task entry:default@GeneratePkgModuleJson pre-execution cost: 1 ms .
[2026-09-10T16:12:00.572] [DEBUG] debug-file - entry : default@GeneratePkgModuleJson cost memory 0.08974456787109375
[2026-09-10T16:12:00.572] [INFO] debug-file - UP-TO-DATE :entry:default@GeneratePkgModuleJson...  
[2026-09-10T16:12:00.574] [DEBUG] debug-file - Executing task :entry:default@ProcessCompiledResources
[2026-09-10T16:12:00.575] [DEBUG] debug-file - File: 'D:\HW\testproject\complete\3\entry\build\default\intermediates\preload\default\preload.json' from 'preloadSoJsonPath' is not exists, just ignore.
[2026-09-10T16:12:00.575] [DEBUG] debug-file - Task 'entry:default@ProcessCompiledResources' cost while wrapping incremental declarations: 1 ms 
[2026-09-10T16:12:00.575] [DEBUG] debug-file - entry : default@ProcessCompiledResources cost memory 0.0507354736328125
[2026-09-10T16:12:00.575] [DEBUG] debug-file - runTaskFromQueue task cost before running: 370 ms 
[2026-09-10T16:12:00.575] [INFO] debug-file - Finished :entry:default@ProcessCompiledResources... after 1 ms 
[2026-09-10T16:12:00.577] [DEBUG] debug-file - Executing task :entry:default@PackageHap
[2026-09-10T16:12:00.586] [DEBUG] debug-file - Incremental task entry:default@PackageHap pre-execution cost: 8 ms .
[2026-09-10T16:12:00.587] [DEBUG] debug-file - entry : default@PackageHap cost memory 0.277374267578125
[2026-09-10T16:12:00.588] [INFO] debug-file - UP-TO-DATE :entry:default@PackageHap...  
[2026-09-10T16:12:00.589] [DEBUG] debug-file - Executing task :entry:default@PackingCheck
[2026-09-10T16:12:00.593] [DEBUG] debug-file - entry : default@PackingCheck cost memory 0.29564666748046875
[2026-09-10T16:12:00.593] [DEBUG] debug-file - runTaskFromQueue task cost before running: 388 ms 
[2026-09-10T16:12:00.594] [INFO] debug-file - Finished :entry:default@PackingCheck... after 5 ms 
[2026-09-10T16:12:00.595] [DEBUG] debug-file - Executing task :entry:default@SignHap
[2026-09-10T16:12:00.595] [WARN] debug-file - Will skip sign 'hos_hap'. No signingConfigs profile is configured in current project.
             If needed, configure the signingConfigs in D:\HW\testproject\complete\3\build-profile.json5.
[2026-09-10T16:12:00.596] [DEBUG] debug-file - entry:default@SignHap is not up-to-date, since the output file 'D:\HW\testproject\complete\3\entry\build\default\outputs\default\entry-default-signed.hap' does not exist.
[2026-09-10T16:12:00.596] [DEBUG] debug-file - Incremental task entry:default@SignHap pre-execution cost: 1 ms .
[2026-09-10T16:12:00.597] [DEBUG] debug-file - entry : default@SignHap cost memory 0.08087158203125
[2026-09-10T16:12:00.597] [DEBUG] debug-file - runTaskFromQueue task cost before running: 392 ms 
[2026-09-10T16:12:00.597] [INFO] debug-file - Finished :entry:default@SignHap... after 3 ms 
[2026-09-10T16:12:00.599] [DEBUG] debug-file - Executing task :entry:default@CollectDebugSymbol
[2026-09-10T16:12:00.600] [DEBUG] debug-file - entry : default@CollectDebugSymbol cost memory 0.078582763671875
[2026-09-10T16:12:00.600] [DEBUG] debug-file - runTaskFromQueue task cost before running: 395 ms 
[2026-09-10T16:12:00.600] [INFO] debug-file - Finished :entry:default@CollectDebugSymbol... after 2 ms 
[2026-09-10T16:12:00.601] [DEBUG] debug-file - Executing task :entry:assembleHap
[2026-09-10T16:12:00.601] [DEBUG] debug-file - entry : assembleHap cost memory 0.012359619140625
[2026-09-10T16:12:00.601] [DEBUG] debug-file - runTaskFromQueue task cost before running: 396 ms 
[2026-09-10T16:12:00.601] [INFO] debug-file - Finished :entry:assembleHap... after 1 ms 
[2026-09-10T16:12:00.602] [DEBUG] debug-file - Executing task ::MakeProjectPackInfo
[2026-09-10T16:12:00.606] [DEBUG] debug-file - Task ':MakeProjectPackInfo' cost while wrapping incremental declarations: 1 ms 
[2026-09-10T16:12:00.608] [DEBUG] debug-file - Incremental task :MakeProjectPackInfo pre-execution cost: 2 ms .
[2026-09-10T16:12:00.609] [DEBUG] debug-file - 3 : MakeProjectPackInfo cost memory 0.14446258544921875
[2026-09-10T16:12:00.610] [INFO] debug-file - UP-TO-DATE ::MakeProjectPackInfo...  
[2026-09-10T16:12:00.610] [DEBUG] debug-file - Executing task ::ProcessProjectPrivacyProfile
[2026-09-10T16:12:00.613] [DEBUG] debug-file - Incremental task :ProcessProjectPrivacyProfile pre-execution cost: 2 ms .
[2026-09-10T16:12:00.613] [DEBUG] debug-file - 3 : ProcessProjectPrivacyProfile cost memory 0.07904815673828125
[2026-09-10T16:12:00.614] [INFO] debug-file - UP-TO-DATE ::ProcessProjectPrivacyProfile...  
[2026-09-10T16:12:00.614] [DEBUG] debug-file - Executing task ::GeneratePackRes
[2026-09-10T16:12:00.615] [DEBUG] debug-file - Incremental task :GeneratePackRes pre-execution cost: 1 ms .
[2026-09-10T16:12:00.615] [DEBUG] debug-file - 3 : GeneratePackRes cost memory 0.04024505615234375
[2026-09-10T16:12:00.615] [INFO] debug-file - UP-TO-DATE ::GeneratePackRes...  
[2026-09-10T16:12:00.615] [DEBUG] debug-file - Executing task ::PackageApp
[2026-09-10T16:12:00.617] [DEBUG] debug-file - Task ':PackageApp' cost while wrapping incremental declarations: 1 ms 
[2026-09-10T16:12:00.620] [DEBUG] debug-file - :PackageApp is not up-to-date, since the output file 'D:\HW\testproject\complete\3\build\outputs\default\symbol\debug' does not exist.
[2026-09-10T16:12:00.621] [DEBUG] debug-file - Incremental task :PackageApp pre-execution cost: 3 ms .
[2026-09-10T16:12:00.630] [DEBUG] debug-file - Use tool [PackageApp]
 [
  'java',
  '-Dfile.encoding=GBK',
  '-jar',
  'E:\\DevEco Studio\\sdk\\default\\openharmony\\toolchains\\lib\\app_packing_tool.jar',
  '--mode',
  'app',
  '--pack-info-path',
  'D:\\HW\\testproject\\complete\\3\\build\\outputs\\default\\pack.info',
  '--hap-path',
  'D:\\HW\\testproject\\complete\\3\\entry\\build\\default\\outputs\\default\\app\\entry-default.hap',
  '--hsp-path',
  '',
  '--force',
  'true',
  '--out-path',
  'D:\\HW\\testproject\\complete\\3\\build\\outputs\\default\\3-default-unsigned.app',
  '--main-module-limit',
  '2',
  '--normal-module-limit',
  '2',
  '--pac-json-path',
  'D:\\HW\\testproject\\complete\\3\\build\\outputs\\default\\pac.json'
]
[2026-09-10T16:12:00.631] [DEBUG] debug-file - current process  memoryUsage: {
  rss: 511799296,
  heapTotal: 138416128,
  heapUsed: 128937432,
  external: 3983235,
  arrayBuffers: 47584
} os memoryUsage :14.688949584960938
[2026-09-10T16:12:01.743] [DEBUG] debug-file - 3 : PackageApp cost memory -11.142890930175781
[2026-09-10T16:12:01.744] [DEBUG] debug-file - runTaskFromQueue task cost before running: 1 s 538 ms 
[2026-09-10T16:12:01.744] [INFO] debug-file - Finished ::PackageApp... after 1 s 129 ms 
[2026-09-10T16:12:01.744] [DEBUG] debug-file - Executing task ::SignPackagesFromApp
[2026-09-10T16:12:01.745] [DEBUG] debug-file - :SignPackagesFromApp is not up-to-date, since the input file 'D:\HW\testproject\complete\3\build\outputs\default\3-default-unsigned.app' has been changed.
[2026-09-10T16:12:01.746] [DEBUG] debug-file - Incremental task :SignPackagesFromApp pre-execution cost: 1 ms .
[2026-09-10T16:12:01.746] [DEBUG] debug-file - 3 : SignPackagesFromApp cost memory 0.05889892578125
[2026-09-10T16:12:01.746] [DEBUG] debug-file - runTaskFromQueue task cost before running: 1 s 541 ms 
[2026-09-10T16:12:01.747] [INFO] debug-file - Finished ::SignPackagesFromApp... after 2 ms 
[2026-09-10T16:12:01.747] [DEBUG] debug-file - Executing task ::SignApp
[2026-09-10T16:12:01.747] [DEBUG] debug-file - signingConfigName of signApp is :  undefined
[2026-09-10T16:12:01.747] [WARN] debug-file - Will skip sign 'app'. No signingConfigs profile is configured in current project.
             If needed, configure the signingConfigs in D:\HW\testproject\complete\3\build-profile.json5.
[2026-09-10T16:12:01.748] [DEBUG] debug-file - :SignApp is not up-to-date, since the input file 'D:\HW\testproject\complete\3\build\outputs\default\3-default-unsigned.app' has been changed.
[2026-09-10T16:12:01.748] [DEBUG] debug-file - Incremental task :SignApp pre-execution cost: 1 ms .
[2026-09-10T16:12:01.749] [DEBUG] debug-file - 3 : SignApp cost memory 0.11492156982421875
[2026-09-10T16:12:01.749] [DEBUG] debug-file - runTaskFromQueue task cost before running: 1 s 543 ms 
[2026-09-10T16:12:01.749] [INFO] debug-file - Finished ::SignApp... after 3 ms 
[2026-09-10T16:12:01.749] [DEBUG] debug-file - Executing task ::assembleApp
[2026-09-10T16:12:01.749] [DEBUG] debug-file - 3 : assembleApp cost memory 0.01235198974609375
[2026-09-10T16:12:01.749] [DEBUG] debug-file - runTaskFromQueue task cost before running: 1 s 544 ms 
[2026-09-10T16:12:01.750] [INFO] debug-file - Finished ::assembleApp... after 1 ms 
[2026-09-10T16:12:01.751] [INFO] debug-file - BUILD SUCCESSFUL in 1 s 545 ms 
[2026-09-10T16:12:01.751] [DEBUG] debug-file - There is no need to refresh cache, since the incremental task entry:default@PreBuild is up-to-date.
[2026-09-10T16:12:01.751] [DEBUG] debug-file - Update task entry:default@CreateModuleInfo output file:D:\HW\testproject\complete\3\entry\build\default\generated\profile\default\ModuleInfo.ts cache.
[2026-09-10T16:12:01.751] [DEBUG] debug-file - Incremental task entry:default@CreateModuleInfo post-execution cost:1 ms .
[2026-09-10T16:12:01.752] [DEBUG] debug-file - There is no need to refresh cache, since the incremental task entry:default@GenerateMetadata is up-to-date.
[2026-09-10T16:12:01.752] [DEBUG] debug-file - There is no need to refresh cache, since the incremental task entry:default@MergeProfile is up-to-date.
[2026-09-10T16:12:01.752] [DEBUG] debug-file - There is no need to refresh cache, since the incremental task entry:default@CreateBuildProfile is up-to-date.
[2026-09-10T16:12:01.752] [DEBUG] debug-file - There is no need to refresh cache, since the incremental task entry:default@GeneratePkgContextInfo is up-to-date.
[2026-09-10T16:12:01.752] [DEBUG] debug-file - Update task entry:default@GeneratePkgSdkInfo output file:D:\HW\testproject\complete\3\entry\build\default\intermediates\loader\default\pkgSdkInfo.json cache.
[2026-09-10T16:12:01.752] [DEBUG] debug-file - Incremental task entry:default@GeneratePkgSdkInfo post-execution cost:1 ms .
[2026-09-10T16:12:01.752] [DEBUG] debug-file - Update task entry:default@ProcessIntegratedHsp output file:D:\HW\testproject\complete\3\build\cache\default\integrated_hsp\integratedHspCache.json cache.
[2026-09-10T16:12:01.752] [DEBUG] debug-file - Incremental task entry:default@ProcessIntegratedHsp post-execution cost:1 ms .
[2026-09-10T16:12:01.752] [DEBUG] debug-file - There is no need to refresh cache, since the incremental task entry:default@MakePackInfo is up-to-date.
[2026-09-10T16:12:01.752] [DEBUG] debug-file - Update task entry:default@SyscapTransform input file:E:\DevEco Studio\sdk\default\openharmony\toolchains\syscap_tool.exe cache by regenerate.
[2026-09-10T16:12:01.753] [DEBUG] debug-file - Update task entry:default@SyscapTransform input file:E:\DevEco Studio\sdk\default\openharmony\ets\api\device-define cache by regenerate.
[2026-09-10T16:12:01.754] [DEBUG] debug-file - Update task entry:default@SyscapTransform output file:D:\HW\testproject\complete\3\entry\build\default\intermediates\syscap\default\rpcid.sc cache.
[2026-09-10T16:12:01.754] [DEBUG] debug-file - Incremental task entry:default@SyscapTransform post-execution cost:2 ms .
[2026-09-10T16:12:01.754] [DEBUG] debug-file - There is no need to refresh cache, since the incremental task entry:default@ProcessProfile is up-to-date.
[2026-09-10T16:12:01.754] [DEBUG] debug-file - There is no need to refresh cache, since the incremental task entry:default@ProcessRouterMap is up-to-date.
[2026-09-10T16:12:01.755] [DEBUG] debug-file - There is no need to refresh cache, since the incremental task entry:default@ProcessShareConfig is up-to-date.
[2026-09-10T16:12:01.755] [DEBUG] debug-file - Update task entry:default@ProcessStartupConfig input file:D:\HW\testproject\complete\3\entry\build\default\intermediates\loader\default\pkgContextInfo.json cache by regenerate.
[2026-09-10T16:12:01.755] [DEBUG] debug-file - Update task entry:default@ProcessStartupConfig output file:D:\HW\testproject\complete\3\entry\build\default\intermediates\startup\default\startup_config.json cache.
[2026-09-10T16:12:01.756] [DEBUG] debug-file - Incremental task entry:default@ProcessStartupConfig post-execution cost:1 ms .
[2026-09-10T16:12:01.756] [DEBUG] debug-file - There is no need to refresh cache, since the incremental task entry:default@ProcessResource is up-to-date.
[2026-09-10T16:12:01.756] [DEBUG] debug-file - There is no need to refresh cache, since the incremental task entry:default@GenerateLoaderJson is up-to-date.
[2026-09-10T16:12:01.756] [DEBUG] debug-file - There is no need to refresh cache, since the incremental task entry:default@ProcessLibs is up-to-date.
[2026-09-10T16:12:01.756] [DEBUG] debug-file - There is no need to refresh cache, since the incremental task entry:default@CompileResource is up-to-date.
[2026-09-10T16:12:01.756] [DEBUG] debug-file - There is no need to refresh cache, since the incremental task entry:default@DoNativeStrip is up-to-date.
[2026-09-10T16:12:01.756] [DEBUG] debug-file - There is no need to refresh cache, since the incremental task entry:default@CompileArkTS is up-to-date.
[2026-09-10T16:12:01.758] [DEBUG] debug-file - Update task entry:default@BuildJS input file:D:\HW\testproject\complete\3\entry\build\default\intermediates\loader\default cache by regenerate.
[2026-09-10T16:12:01.758] [DEBUG] debug-file - Update task entry:default@BuildJS input file:D:\HW\testproject\complete\3\entry\build\default\intermediates\res\default\resources\rawfile cache by regenerate.
[2026-09-10T16:12:01.759] [DEBUG] debug-file - Update task entry:default@BuildJS input file:D:\HW\testproject\complete\3\entry\build\default\intermediates\res\default\ResourceTable.txt cache by regenerate.
[2026-09-10T16:12:01.759] [DEBUG] debug-file - Update task entry:default@BuildJS input file:D:\HW\testproject\complete\3\entry\build\default\intermediates\res\default\ark_module.json cache by regenerate.
[2026-09-10T16:12:01.759] [DEBUG] debug-file - Update task entry:default@BuildJS input file:D:\HW\testproject\complete\3\entry\build\default\intermediates\res\default\resources\base\profile cache by regenerate.
[2026-09-10T16:12:01.760] [DEBUG] debug-file - Update task entry:default@BuildJS input file:D:\HW\testproject\complete\3\entry\build\default\intermediates\loader\default\pkgContextInfo.json cache by regenerate.
[2026-09-10T16:12:01.760] [DEBUG] debug-file - Update task entry:default@BuildJS output file:D:\HW\testproject\complete\3\entry\build\default\intermediates\loader_out\default\js cache.
[2026-09-10T16:12:01.761] [DEBUG] debug-file - Incremental task entry:default@BuildJS post-execution cost:5 ms .
[2026-09-10T16:12:01.761] [DEBUG] debug-file - There is no need to refresh cache, since the incremental task entry:default@CacheNativeLibs is up-to-date.
[2026-09-10T16:12:01.761] [DEBUG] debug-file - There is no need to refresh cache, since the incremental task entry:default@GeneratePkgModuleJson is up-to-date.
[2026-09-10T16:12:01.761] [DEBUG] debug-file - Incremental task entry:default@ProcessCompiledResources post-execution cost:1 ms .
[2026-09-10T16:12:01.761] [DEBUG] debug-file - There is no need to refresh cache, since the incremental task entry:default@PackageHap is up-to-date.
[2026-09-10T16:12:01.761] [DEBUG] debug-file - Update task entry:default@SignHap input file:D:\HW\testproject\complete\3\entry\build\default\outputs\default\entry-default-unsigned.hap cache by regenerate.
[2026-09-10T16:12:01.762] [DEBUG] debug-file - Update task entry:default@SignHap output file:D:\HW\testproject\complete\3\entry\build\default\outputs\default\entry-default-signed.hap cache.
[2026-09-10T16:12:01.762] [DEBUG] debug-file - Incremental task entry:default@SignHap post-execution cost:1 ms .
[2026-09-10T16:12:01.763] [DEBUG] debug-file - Update task entry:default@CollectDebugSymbol input file:D:\HW\testproject\complete\3\entry\build\default\intermediates\loader_out\default\ets\sourceMaps.map cache by regenerate.
[2026-09-10T16:12:01.763] [DEBUG] debug-file - Update task entry:default@CollectDebugSymbol input file:D:\HW\testproject\complete\3\entry\build\default\intermediates\libs\default cache by regenerate.
[2026-09-10T16:12:01.764] [DEBUG] debug-file - Update task entry:default@CollectDebugSymbol output file:D:\HW\testproject\complete\3\entry\build\default\outputs\default\symbol cache.
[2026-09-10T16:12:01.765] [DEBUG] debug-file - Incremental task entry:default@CollectDebugSymbol post-execution cost:3 ms .
[2026-09-10T16:12:01.765] [DEBUG] debug-file - There is no need to refresh cache, since the incremental task :MakeProjectPackInfo is up-to-date.
[2026-09-10T16:12:01.765] [DEBUG] debug-file - There is no need to refresh cache, since the incremental task :ProcessProjectPrivacyProfile is up-to-date.
[2026-09-10T16:12:01.765] [DEBUG] debug-file - There is no need to refresh cache, since the incremental task :GeneratePackRes is up-to-date.
[2026-09-10T16:12:01.766] [DEBUG] debug-file - Update task :PackageApp input file:D:\HW\testproject\complete\3\build\outputs\default\pack.info cache by regenerate.
[2026-09-10T16:12:01.766] [DEBUG] debug-file - Update task :PackageApp input file:D:\HW\testproject\complete\3\entry\build\default\outputs\default\entry-default-unsigned.hap cache by regenerate.
[2026-09-10T16:12:01.767] [DEBUG] debug-file - Update task :PackageApp input file:D:\HW\testproject\complete\3\build\outputs\default\pac.json cache by regenerate.
[2026-09-10T16:12:01.767] [DEBUG] debug-file - Update task :PackageApp output file:D:\HW\testproject\complete\3\build\outputs\default\3-default-unsigned.app cache.
[2026-09-10T16:12:01.767] [DEBUG] debug-file - Update task :PackageApp output file:D:\HW\testproject\complete\3\entry\build\default\outputs\default\app\entry-default.hap cache.
[2026-09-10T16:12:01.767] [DEBUG] debug-file - Update task :PackageApp output file:D:\HW\testproject\complete\3\build\outputs\default\symbol\debug cache.
[2026-09-10T16:12:01.768] [DEBUG] debug-file - Incremental task :PackageApp post-execution cost:3 ms .
[2026-09-10T16:12:01.768] [DEBUG] debug-file - Update task :SignPackagesFromApp input file:D:\HW\testproject\complete\3\build\outputs\default\3-default-unsigned.app cache from map.
[2026-09-10T16:12:01.768] [DEBUG] debug-file - Incremental task :SignPackagesFromApp post-execution cost:1 ms .
[2026-09-10T16:12:01.769] [DEBUG] debug-file - Update task :SignApp input file:D:\HW\testproject\complete\3\build\outputs\default\3-default-unsigned.app cache from map.
[2026-09-10T16:12:01.769] [DEBUG] debug-file - Update task :SignApp output file:D:\HW\testproject\complete\3\build\outputs\default\3-default-signed.app cache.
[2026-09-10T16:12:01.769] [DEBUG] debug-file - Incremental task :SignApp post-execution cost:1 ms .
[2026-09-10T16:12:01.788] [DEBUG] debug-file - hvigor build process will be closed.
[2026-09-10T16:12:01.800] [DEBUG] debug-file - session manager: send message to worker process. WorkerThreadId: 0, data: {"type":"hvigor_failed","reason":"Server has disconnected."}
[2026-09-10T16:12:01.801] [DEBUG] debug-file - session manager: send message to worker process. WorkerThreadId: 0, data: {"type":"CloseWatch","reason":"Server has disconnected."}
[2026-09-10T16:12:01.801] [DEBUG] debug-file - watch worker: worker id should be larger than 0. Nothing will be sent to any worker thread.
[2026-09-10T16:12:01.801] [DEBUG] debug-file - ABORT_WORK sent to workers.
[2026-09-10T16:12:01.802] [DEBUG] debug-file - watch worker: worker id should be larger than 0. Nothing will be sent to any worker thread.
[2026-09-10T16:15:58.148] [DEBUG] debug-file - env: nodejsVersion=v24.14.1
[2026-09-10T16:15:58.180] [DEBUG] debug-file - env: daemon=true
[2026-09-10T16:15:58.149] [DEBUG] debug-file - env: hvigor-config.json5 content = {
  modelVersion: '6.0.1',
  dependencies: {},
  execution: {},
  logging: {},
  debugging: {},
  nodeOptions: {}
}
[2026-09-10T16:15:58.970] [DEBUG] debug-file - session manager: set active socket. socketId=DKpC4qjMqb6FXqnWAAAL
[2026-09-10T16:15:58.986] [DEBUG] debug-file - watch worker: worker id should be larger than 0. Nothing will be sent to any worker thread.
[2026-09-10T16:15:58.993] [DEBUG] debug-file - Workers' log level updated to INFO
[2026-09-10T16:15:58.996] [DEBUG] debug-file - Hvigor init with startParameters:{
  hvigorfileTypeCheck: false,
  parallelExecution: true,
  incrementalExecution: true,
  printStackTrace: false,
  daemon: true,
  analyze: 0,
  logLevel: Level { level: 20000, levelStr: 'INFO', colour: 'green' },
  optimizationStrategy: 'memory',
  hotCompile: undefined,
  hotReloadBuild: undefined,
  customizedParam: undefined
}
[2026-09-10T16:15:59.004] [DEBUG] debug-file - Cache service initialization finished in 8 ms 
[2026-09-10T16:15:59.005] [DEBUG] debug-file - hvigorfile, resolving D:\HW\testproject\complete\3\hvigorfile.ts
[2026-09-10T16:15:59.015] [DEBUG] debug-file - hvigorfile, require result:  { default: { plugins: [] } }
[2026-09-10T16:15:59.015] [DEBUG] debug-file - hvigorfile, binding system plugins null
[2026-09-10T16:15:59.015] [DEBUG] debug-file - Starting plugin build process
[2026-09-10T16:15:59.015] [DEBUG] debug-file - App plugin prepare start...
[2026-09-10T16:15:59.015] [DEBUG] debug-file - App plugin prepare end...
[2026-09-10T16:15:59.015] [DEBUG] debug-file - App plugin creating...
[2026-09-10T16:15:59.023] [DEBUG] debug-file - App plugin register hook start...
[2026-09-10T16:15:59.023] [DEBUG] debug-file - App plugin register hook end...
[2026-09-10T16:15:59.024] [DEBUG] debug-file - Plugin build process completed
[2026-09-10T16:15:59.024] [DEBUG] debug-file - Start initialize project's product build option map with build mode debug.
[2026-09-10T16:15:59.024] [DEBUG] debug-file - Picking option from product 'default' with build mode 'debug'.
[2026-09-10T16:15:59.024] [DEBUG] debug-file - Product 'default' build option initialized
[2026-09-10T16:15:59.024] [DEBUG] debug-file - End initialize project's product build option map with build mode 'debug'.
[2026-09-10T16:15:59.025] [DEBUG] debug-file - Obtain build option for product 'default'in this build.
[2026-09-10T16:15:59.030] [DEBUG] debug-file - No signingConfig found, initRemoteHspCache failed.
[2026-09-10T16:15:59.032] [DEBUG] debug-file - Start recording SDK configuration permission data.
[2026-09-10T16:15:59.082] [DEBUG] debug-file - Sdk init in 52 ms 
[2026-09-10T16:15:59.087] [DEBUG] debug-file - Project task initialization takes 4 ms 
[2026-09-10T16:15:59.087] [DEBUG] debug-file - hvigorfile, begin to bind custom plugins...
[2026-09-10T16:15:59.087] [DEBUG] debug-file - hvigorfile, no custom plugins were found in D:\HW\testproject\complete\3\hvigorfile.ts
[2026-09-10T16:15:59.087] [DEBUG] debug-file - hvigorfile, resolve finished D:\HW\testproject\complete\3\hvigorfile.ts
[2026-09-10T16:15:59.088] [DEBUG] debug-file - hvigorfile, resolving D:\HW\testproject\complete\3\entry\hvigorfile.ts
[2026-09-10T16:15:59.093] [DEBUG] debug-file - hvigorfile, require result:  { default: { plugins: [] } }
[2026-09-10T16:15:59.093] [DEBUG] debug-file - hvigorfile, binding system plugins null
[2026-09-10T16:15:59.093] [DEBUG] debug-file - Starting plugin build process
[2026-09-10T16:15:59.093] [DEBUG] debug-file - Hap plugin creating...
[2026-09-10T16:15:59.096] [DEBUG] debug-file - failed to load cangjie to dynamically generate schemas: Error: Cannot find module '@ohos/cangjie-build-support/index'
Require stack:
- E:\DevEco Studio\tools\hvigor\hvigor-ohos-plugin\src\plugin\hooks\cangjie-register.js
- E:\DevEco Studio\tools\hvigor\hvigor-ohos-plugin\src\plugin\strategy\stage-init-strategy.js
- E:\DevEco Studio\tools\hvigor\hvigor-ohos-plugin\src\plugin\builder\abstract-plugin-builder.js
- E:\DevEco Studio\tools\hvigor\hvigor-ohos-plugin\src\plugin\builder\app-plugin-builder.js
- E:\DevEco Studio\tools\hvigor\hvigor-ohos-plugin\src\plugin\factory\plugin-factory.js
- E:\DevEco Studio\tools\hvigor\hvigor-ohos-plugin\index.js
- D:\HW\testproject\complete\3\hvigorfile.ts
- E:\DevEco Studio\tools\hvigor\hvigor\src\base\internal\lifecycle\configuration.js
- E:\DevEco Studio\tools\hvigor\hvigor\src\base\boot\index.js
- E:\DevEco Studio\tools\hvigor\hvigor\src\base\daemon\cluster\worker-process-lifecycle.js
- E:\DevEco Studio\tools\hvigor\hvigor\src\base\daemon\process\daemon-process-boot-script.js
[2026-09-10T16:15:59.101] [DEBUG] debug-file - Start initialize module-target build option map, moduleName=entry, buildMode=debug
[2026-09-10T16:15:59.101] [DEBUG] debug-file - Target 'default' config initialized
[2026-09-10T16:15:59.102] [DEBUG] debug-file - Target 'ohosTest' config initialized
[2026-09-10T16:15:59.103] [DEBUG] debug-file - Module 'entry' target 'default' build option initialized
[2026-09-10T16:15:59.103] [DEBUG] debug-file - Module 'entry' target 'ohosTest' build option initialized
[2026-09-10T16:15:59.103] [DEBUG] debug-file - End initialize module-target build option map, moduleName=entry
[2026-09-10T16:15:59.103] [DEBUG] debug-file - Start initialize module-target build option map, moduleName=entry, buildMode=release
[2026-09-10T16:15:59.103] [DEBUG] debug-file - Target 'default' config initialized
[2026-09-10T16:15:59.103] [DEBUG] debug-file - Target 'ohosTest' config initialized
[2026-09-10T16:15:59.104] [DEBUG] debug-file - Module 'entry' target 'default' build option initialized
[2026-09-10T16:15:59.104] [DEBUG] debug-file - Module 'entry' target 'ohosTest' build option initialized
[2026-09-10T16:15:59.104] [DEBUG] debug-file - End initialize module-target build option map, moduleName=entry
[2026-09-10T16:15:59.104] [DEBUG] debug-file - Start initialize module-target build option map, moduleName=entry, buildMode=debug
[2026-09-10T16:15:59.104] [DEBUG] debug-file - Target 'default' config initialized
[2026-09-10T16:15:59.104] [DEBUG] debug-file - Target 'ohosTest' config initialized
[2026-09-10T16:15:59.104] [DEBUG] debug-file - Module 'entry' target 'default' build option initialized
[2026-09-10T16:15:59.104] [DEBUG] debug-file - Module 'entry' target 'ohosTest' build option initialized
[2026-09-10T16:15:59.104] [DEBUG] debug-file - End initialize module-target build option map, moduleName=entry
[2026-09-10T16:15:59.105] [DEBUG] debug-file - Obtain build option for module 'entry' target 'default'in this build.
[2026-09-10T16:15:59.107] [DEBUG] debug-file - Module entry task initialization takes 2 ms 
[2026-09-10T16:15:59.107] [DEBUG] debug-file - Hap plugin register hook start...
[2026-09-10T16:15:59.107] [DEBUG] debug-file - Hap plugin register hook end...
[2026-09-10T16:15:59.107] [DEBUG] debug-file - Plugin build process completed
[2026-09-10T16:15:59.107] [DEBUG] debug-file - hvigorfile, begin to bind custom plugins...
[2026-09-10T16:15:59.107] [DEBUG] debug-file - hvigorfile, no custom plugins were found in D:\HW\testproject\complete\3\entry\hvigorfile.ts
[2026-09-10T16:15:59.107] [DEBUG] debug-file - hvigorfile, resolve finished D:\HW\testproject\complete\3\entry\hvigorfile.ts
[2026-09-10T16:15:59.159] [DEBUG] debug-file - hvigorfile, resolve hvigorfile dependencies in 52 ms 
[2026-09-10T16:15:59.159] [DEBUG] debug-file - project has submodules:entry
[2026-09-10T16:15:59.161] [DEBUG] debug-file - start to load updatedOhPackageInfo to the disk
[2026-09-10T16:15:59.163] [DEBUG] debug-file - load to the disk finished
[2026-09-10T16:15:59.164] [DEBUG] debug-file - Start to initialize dependency information.
[2026-09-10T16:15:59.170] [DEBUG] debug-file - Module 3 Collected Dependency: 
[2026-09-10T16:15:59.170] [DEBUG] debug-file - Module 3's total dependency: 0
[2026-09-10T16:15:59.171] [DEBUG] debug-file - Start to initialize dependency information.
[2026-09-10T16:15:59.174] [DEBUG] debug-file - Module entry Collected Dependency: 
[2026-09-10T16:15:59.174] [DEBUG] debug-file - Module entry's total dependency: 0
[2026-09-10T16:15:59.176] [DEBUG] debug-file - Configuration phase cost:172 ms 
[2026-09-10T16:15:59.178] [DEBUG] debug-file - Configuration task cost before running: 184 ms 
[2026-09-10T16:15:59.178] [DEBUG] debug-file - Executing task ::PreBuildApp
[2026-09-10T16:15:59.178] [DEBUG] debug-file - 3 : PreBuildApp cost memory 0.0144805908203125
[2026-09-10T16:15:59.178] [DEBUG] debug-file - runTaskFromQueue task cost before running: 185 ms 
[2026-09-10T16:15:59.179] [INFO] debug-file - Finished ::PreBuildApp... after 1 ms 
[2026-09-10T16:15:59.182] [DEBUG] debug-file - Executing task :entry:default@PreBuild
[2026-09-10T16:15:59.187] [DEBUG] debug-file - Task 'entry:default@PreBuild' cost while wrapping incremental declarations: 1 ms 
[2026-09-10T16:15:59.195] [DEBUG] debug-file - Incremental task entry:default@PreBuild pre-execution cost: 5 ms .
[2026-09-10T16:15:59.195] [DEBUG] debug-file - entry : default@PreBuild cost memory 0.5482101440429688
[2026-09-10T16:15:59.198] [INFO] debug-file - UP-TO-DATE :entry:default@PreBuild...  
[2026-09-10T16:15:59.198] [DEBUG] debug-file - Executing task ::DuplicateDependencyCheck
[2026-09-10T16:15:59.198] [DEBUG] debug-file - 3 : DuplicateDependencyCheck cost memory 0.02603912353515625
[2026-09-10T16:15:59.198] [DEBUG] debug-file - runTaskFromQueue task cost before running: 205 ms 
[2026-09-10T16:15:59.198] [INFO] debug-file - Finished ::DuplicateDependencyCheck... after 1 ms 
[2026-09-10T16:15:59.199] [DEBUG] debug-file - Executing task :entry:default@CreateModuleInfo
[2026-09-10T16:15:59.200] [DEBUG] debug-file - Task 'entry:default@CreateModuleInfo' cost while wrapping incremental declarations: 1 ms 
[2026-09-10T16:15:59.201] [DEBUG] debug-file - entry : default@CreateModuleInfo cost memory -3.3975830078125
[2026-09-10T16:15:59.202] [DEBUG] debug-file - runTaskFromQueue task cost before running: 208 ms 
[2026-09-10T16:15:59.202] [INFO] debug-file - Finished :entry:default@CreateModuleInfo... after 3 ms 
[2026-09-10T16:15:59.203] [DEBUG] debug-file - Executing task :entry:default@GenerateMetadata
[2026-09-10T16:15:59.203] [DEBUG] debug-file - Task 'entry:default@GenerateMetadata' cost while wrapping incremental declarations: 1 ms 
[2026-09-10T16:15:59.205] [DEBUG] debug-file - Incremental task entry:default@GenerateMetadata pre-execution cost: 1 ms .
[2026-09-10T16:15:59.205] [DEBUG] debug-file - entry : default@GenerateMetadata cost memory 0.0742645263671875
[2026-09-10T16:15:59.206] [INFO] debug-file - UP-TO-DATE :entry:default@GenerateMetadata...  
[2026-09-10T16:15:59.208] [DEBUG] debug-file - Executing task :entry:default@ConfigureCmake
[2026-09-10T16:15:59.208] [DEBUG] debug-file - entry : default@ConfigureCmake cost memory 0.01441192626953125
[2026-09-10T16:15:59.208] [DEBUG] debug-file - runTaskFromQueue task cost before running: 215 ms 
[2026-09-10T16:15:59.208] [INFO] debug-file - Finished :entry:default@ConfigureCmake... after 1 ms 
[2026-09-10T16:15:59.211] [DEBUG] debug-file - Executing task :entry:default@MergeProfile
[2026-09-10T16:15:59.211] [DEBUG] debug-file - Task 'entry:default@MergeProfile' cost while wrapping incremental declarations: 1 ms 
[2026-09-10T16:15:59.213] [DEBUG] debug-file - Incremental task entry:default@MergeProfile pre-execution cost: 2 ms .
[2026-09-10T16:15:59.214] [DEBUG] debug-file - entry : default@MergeProfile cost memory 0.116668701171875
[2026-09-10T16:15:59.214] [INFO] debug-file - UP-TO-DATE :entry:default@MergeProfile...  
[2026-09-10T16:15:59.216] [DEBUG] debug-file - Executing task :entry:default@CreateBuildProfile
[2026-09-10T16:15:59.216] [DEBUG] debug-file - Task 'entry:default@CreateBuildProfile' cost while wrapping incremental declarations: 1 ms 
[2026-09-10T16:15:59.218] [DEBUG] debug-file - Incremental task entry:default@CreateBuildProfile pre-execution cost: 2 ms .
[2026-09-10T16:15:59.218] [DEBUG] debug-file - entry : default@CreateBuildProfile cost memory 0.0933074951171875
[2026-09-10T16:15:59.218] [INFO] debug-file - UP-TO-DATE :entry:default@CreateBuildProfile...  
[2026-09-10T16:15:59.221] [DEBUG] debug-file - Executing task :entry:default@PreCheckSyscap
[2026-09-10T16:15:59.221] [DEBUG] debug-file - entry : default@PreCheckSyscap cost memory 0.01514434814453125
[2026-09-10T16:15:59.221] [DEBUG] debug-file - runTaskFromQueue task cost before running: 228 ms 
[2026-09-10T16:15:59.222] [INFO] debug-file - Finished :entry:default@PreCheckSyscap... after 1 ms 
[2026-09-10T16:15:59.224] [DEBUG] debug-file - Executing task :entry:default@GeneratePkgContextInfo
[2026-09-10T16:15:59.229] [DEBUG] debug-file - Task 'entry:default@GeneratePkgContextInfo' cost while wrapping incremental declarations: 1 ms 
[2026-09-10T16:15:59.230] [DEBUG] debug-file - Incremental task entry:default@GeneratePkgContextInfo pre-execution cost: 1 ms .
[2026-09-10T16:15:59.231] [DEBUG] debug-file - entry : default@GeneratePkgContextInfo cost memory 0.199615478515625
[2026-09-10T16:15:59.231] [INFO] debug-file - UP-TO-DATE :entry:default@GeneratePkgContextInfo...  
[2026-09-10T16:15:59.232] [DEBUG] debug-file - Executing task :entry:default@GeneratePkgSdkInfo
[2026-09-10T16:15:59.235] [DEBUG] debug-file - Task 'entry:default@GeneratePkgSdkInfo' cost while wrapping incremental declarations: 1 ms 
[2026-09-10T16:15:59.236] [DEBUG] debug-file - entry : default@GeneratePkgSdkInfo cost memory 0.097900390625
[2026-09-10T16:15:59.236] [DEBUG] debug-file - runTaskFromQueue task cost before running: 243 ms 
[2026-09-10T16:15:59.236] [INFO] debug-file - Finished :entry:default@GeneratePkgSdkInfo... after 4 ms 
[2026-09-10T16:15:59.240] [DEBUG] debug-file - Executing task :entry:default@ProcessIntegratedHsp
[2026-09-10T16:15:59.241] [DEBUG] debug-file - entry:default@ProcessIntegratedHsp is not up-to-date, since the output file 'D:\HW\testproject\complete\3\build\cache\default\integrated_hsp\integratedHspCache.json' does not exist.
[2026-09-10T16:15:59.241] [DEBUG] debug-file - Incremental task entry:default@ProcessIntegratedHsp pre-execution cost: 1 ms .
[2026-09-10T16:15:59.241] [DEBUG] debug-file - entry : default@ProcessIntegratedHsp cost memory 0.0492706298828125
[2026-09-10T16:15:59.241] [DEBUG] debug-file - runTaskFromQueue task cost before running: 248 ms 
[2026-09-10T16:15:59.242] [INFO] debug-file - Finished :entry:default@ProcessIntegratedHsp... after 2 ms 
[2026-09-10T16:15:59.243] [DEBUG] debug-file - Executing task :entry:default@BuildNativeWithCmake
[2026-09-10T16:15:59.243] [DEBUG] debug-file - entry : default@BuildNativeWithCmake cost memory 0.01444244384765625
[2026-09-10T16:15:59.244] [DEBUG] debug-file - runTaskFromQueue task cost before running: 250 ms 
[2026-09-10T16:15:59.244] [INFO] debug-file - Finished :entry:default@BuildNativeWithCmake... after 1 ms 
[2026-09-10T16:15:59.246] [DEBUG] debug-file - Executing task :entry:default@MakePackInfo
[2026-09-10T16:15:59.250] [DEBUG] debug-file - Incremental task entry:default@MakePackInfo pre-execution cost: 3 ms .
[2026-09-10T16:15:59.250] [DEBUG] debug-file - entry : default@MakePackInfo cost memory 0.104888916015625
[2026-09-10T16:15:59.253] [INFO] debug-file - UP-TO-DATE :entry:default@MakePackInfo...  
[2026-09-10T16:15:59.255] [DEBUG] debug-file - Executing task :entry:default@SyscapTransform
[2026-09-10T16:15:59.255] [DEBUG] debug-file - File: 'D:\HW\testproject\complete\3\entry\src\main\syscap.json' from 'sysCapJsonPath' is not exists, just ignore.
[2026-09-10T16:15:59.256] [DEBUG] debug-file - Task 'entry:default@SyscapTransform' cost while wrapping incremental declarations: 2 ms 
[2026-09-10T16:15:59.259] [DEBUG] debug-file - entry:default@SyscapTransform is not up-to-date, since the output file 'D:\HW\testproject\complete\3\entry\build\default\intermediates\syscap\default\rpcid.sc' does not exist.
[2026-09-10T16:15:59.259] [DEBUG] debug-file - Incremental task entry:default@SyscapTransform pre-execution cost: 3 ms .
[2026-09-10T16:15:59.259] [DEBUG] debug-file - entry : default@SyscapTransform cost memory 0.11116790771484375
[2026-09-10T16:15:59.260] [DEBUG] debug-file - runTaskFromQueue task cost before running: 266 ms 
[2026-09-10T16:15:59.260] [INFO] debug-file - Finished :entry:default@SyscapTransform... after 5 ms 
[2026-09-10T16:15:59.262] [DEBUG] debug-file - Executing task :entry:default@ProcessProfile
[2026-09-10T16:15:59.265] [DEBUG] debug-file - Task 'entry:default@ProcessProfile' cost while wrapping incremental declarations: 1 ms 
[2026-09-10T16:15:59.267] [DEBUG] debug-file - Incremental task entry:default@ProcessProfile pre-execution cost: 2 ms .
[2026-09-10T16:15:59.267] [DEBUG] debug-file - entry : default@ProcessProfile cost memory 0.13108062744140625
[2026-09-10T16:15:59.267] [INFO] debug-file - UP-TO-DATE :entry:default@ProcessProfile...  
[2026-09-10T16:15:59.268] [DEBUG] debug-file - Executing task :entry:default@ProcessRouterMap
[2026-09-10T16:15:59.271] [DEBUG] debug-file - Incremental task entry:default@ProcessRouterMap pre-execution cost: 2 ms .
[2026-09-10T16:15:59.271] [DEBUG] debug-file - entry : default@ProcessRouterMap cost memory 0.12673187255859375
[2026-09-10T16:15:59.272] [INFO] debug-file - UP-TO-DATE :entry:default@ProcessRouterMap...  
[2026-09-10T16:15:59.274] [DEBUG] debug-file - Executing task :entry:default@ProcessShareConfig
[2026-09-10T16:15:59.278] [DEBUG] debug-file - Incremental task entry:default@ProcessShareConfig pre-execution cost: 3 ms .
[2026-09-10T16:15:59.278] [DEBUG] debug-file - entry : default@ProcessShareConfig cost memory 0.10578155517578125
[2026-09-10T16:15:59.280] [INFO] debug-file - UP-TO-DATE :entry:default@ProcessShareConfig...  
[2026-09-10T16:15:59.282] [DEBUG] debug-file - Executing task :entry:default@ProcessStartupConfig
[2026-09-10T16:15:59.282] [DEBUG] debug-file - Task 'entry:default@ProcessStartupConfig' cost while wrapping incremental declarations: 1 ms 
[2026-09-10T16:15:59.283] [DEBUG] debug-file - entry:default@ProcessStartupConfig is not up-to-date, since the output file 'D:\HW\testproject\complete\3\entry\build\default\intermediates\startup\default\startup_config.json' does not exist.
[2026-09-10T16:15:59.284] [DEBUG] debug-file - Incremental task entry:default@ProcessStartupConfig pre-execution cost: 2 ms .
[2026-09-10T16:15:59.286] [DEBUG] debug-file - entry : default@ProcessStartupConfig cost memory 0.11399078369140625
[2026-09-10T16:15:59.286] [DEBUG] debug-file - runTaskFromQueue task cost before running: 292 ms 
[2026-09-10T16:15:59.287] [INFO] debug-file - Finished :entry:default@ProcessStartupConfig... after 4 ms 
[2026-09-10T16:15:59.290] [DEBUG] debug-file - Executing task :entry:default@BuildNativeWithNinja
[2026-09-10T16:15:59.291] [DEBUG] debug-file - entry : default@BuildNativeWithNinja cost memory 0.01924896240234375
[2026-09-10T16:15:59.291] [DEBUG] debug-file - runTaskFromQueue task cost before running: 298 ms 
[2026-09-10T16:15:59.292] [INFO] debug-file - Finished :entry:default@BuildNativeWithNinja... after 2 ms 
[2026-09-10T16:15:59.294] [DEBUG] debug-file - restool module names: entry; moduleName=entry, taskName=default@ProcessResource
[2026-09-10T16:15:59.295] [DEBUG] debug-file - Executing task :entry:default@ProcessResource
[2026-09-10T16:15:59.296] [DEBUG] debug-file - Task 'entry:default@ProcessResource' cost while wrapping incremental declarations: 1 ms 
[2026-09-10T16:15:59.300] [DEBUG] debug-file - Incremental task entry:default@ProcessResource pre-execution cost: 4 ms .
[2026-09-10T16:15:59.301] [DEBUG] debug-file - entry : default@ProcessResource cost memory 0.10988616943359375
[2026-09-10T16:15:59.304] [INFO] debug-file - UP-TO-DATE :entry:default@ProcessResource...  
[2026-09-10T16:15:59.308] [DEBUG] debug-file - Executing task :entry:default@GenerateLoaderJson
[2026-09-10T16:15:59.310] [DEBUG] debug-file - Task 'entry:default@GenerateLoaderJson' cost while wrapping incremental declarations: 1 ms 
[2026-09-10T16:15:59.322] [DEBUG] debug-file - Incremental task entry:default@GenerateLoaderJson pre-execution cost: 8 ms .
[2026-09-10T16:15:59.323] [DEBUG] debug-file - entry : default@GenerateLoaderJson cost memory 0.31346893310546875
[2026-09-10T16:15:59.327] [INFO] debug-file - UP-TO-DATE :entry:default@GenerateLoaderJson...  
[2026-09-10T16:15:59.331] [DEBUG] debug-file - Executing task :entry:default@ProcessLibs
[2026-09-10T16:15:59.332] [DEBUG] debug-file - Task 'entry:default@ProcessLibs' cost while wrapping incremental declarations: 1 ms 
[2026-09-10T16:15:59.337] [DEBUG] debug-file - Incremental task entry:default@ProcessLibs pre-execution cost: 4 ms .
[2026-09-10T16:15:59.339] [DEBUG] debug-file - entry : default@ProcessLibs cost memory 0.091949462890625
[2026-09-10T16:15:59.341] [INFO] debug-file - UP-TO-DATE :entry:default@ProcessLibs...  
[2026-09-10T16:15:59.342] [DEBUG] debug-file - restool module names: entry; moduleName=entry, taskName=default@CompileResource
[2026-09-10T16:15:59.343] [DEBUG] debug-file - Executing task :entry:default@CompileResource
[2026-09-10T16:15:59.357] [DEBUG] debug-file - Incremental task entry:default@CompileResource pre-execution cost: 12 ms .
[2026-09-10T16:15:59.357] [DEBUG] debug-file - entry : default@CompileResource cost memory -2.9370574951171875
[2026-09-10T16:15:59.358] [INFO] debug-file - UP-TO-DATE :entry:default@CompileResource...  
[2026-09-10T16:15:59.360] [DEBUG] debug-file - Executing task :entry:default@DoNativeStrip
[2026-09-10T16:15:59.360] [DEBUG] debug-file - File: 'D:\HW\testproject\complete\3\entry\build\default\intermediates\binxo\default' from 'doBinxoNativeLibs' is not exists, just ignore.
[2026-09-10T16:15:59.360] [DEBUG] debug-file - Task 'entry:default@DoNativeStrip' cost while wrapping incremental declarations: 1 ms 
[2026-09-10T16:15:59.362] [DEBUG] debug-file - Incremental task entry:default@DoNativeStrip pre-execution cost: 1 ms .
[2026-09-10T16:15:59.362] [DEBUG] debug-file - entry : default@DoNativeStrip cost memory 0.0730133056640625
[2026-09-10T16:15:59.362] [INFO] debug-file - UP-TO-DATE :entry:default@DoNativeStrip...  
[2026-09-10T16:15:59.364] [DEBUG] debug-file - Executing task :entry:default@CompileArkTS
[2026-09-10T16:15:59.364] [DEBUG] debug-file - obfuscationOptions: undefined
[2026-09-10T16:15:59.365] [DEBUG] debug-file - Task 'entry:default@CompileArkTS' cost while wrapping incremental declarations: 1 ms 
[2026-09-10T16:15:59.374] [DEBUG] debug-file - Incremental task entry:default@CompileArkTS pre-execution cost: 8 ms .
[2026-09-10T16:15:59.375] [DEBUG] debug-file - entry : default@CompileArkTS cost memory 0.4366607666015625
[2026-09-10T16:15:59.377] [INFO] debug-file - UP-TO-DATE :entry:default@CompileArkTS...  
[2026-09-10T16:15:59.378] [DEBUG] debug-file - Executing task :entry:default@BuildJS
[2026-09-10T16:15:59.379] [DEBUG] debug-file - Task 'entry:default@BuildJS' cost while wrapping incremental declarations: 1 ms 
[2026-09-10T16:15:59.390] [DEBUG] debug-file - entry : default@BuildJS cost memory 0.11780548095703125
[2026-09-10T16:15:59.390] [DEBUG] debug-file - runTaskFromQueue task cost before running: 397 ms 
[2026-09-10T16:15:59.390] [INFO] debug-file - Finished :entry:default@BuildJS... after 12 ms 
[2026-09-10T16:15:59.391] [DEBUG] debug-file - Executing task :entry:default@CacheNativeLibs
[2026-09-10T16:15:59.392] [DEBUG] debug-file - File: 'D:\HW\testproject\complete\3\entry\build\default\intermediates\binxo\default' from 'cacheBinxoNativeLibs' is not exists, just ignore.
[2026-09-10T16:15:59.392] [DEBUG] debug-file - Task 'entry:default@CacheNativeLibs' cost while wrapping incremental declarations: 1 ms 
[2026-09-10T16:15:59.393] [DEBUG] debug-file - Incremental task entry:default@CacheNativeLibs pre-execution cost: 1 ms .
[2026-09-10T16:15:59.393] [DEBUG] debug-file - entry : default@CacheNativeLibs cost memory 0.08538818359375
[2026-09-10T16:15:59.393] [INFO] debug-file - UP-TO-DATE :entry:default@CacheNativeLibs...  
[2026-09-10T16:15:59.395] [DEBUG] debug-file - Executing task :entry:default@GeneratePkgModuleJson
[2026-09-10T16:15:59.396] [DEBUG] debug-file - File: 'D:\HW\testproject\complete\3\entry\build\default\intermediates\preload\default\preload.json' from 'preloadSoJsonPath' is not exists, just ignore.
[2026-09-10T16:15:59.398] [DEBUG] debug-file - Error occurs while handling @Input 'shouldDeduplicateHar': The "data" argument must be of type string or an instance of Buffer, TypedArray, or DataView. Received undefined
[2026-09-10T16:15:59.398] [DEBUG] debug-file - Task 'entry:default@GeneratePkgModuleJson' cost while wrapping incremental declarations: 3 ms 
[2026-09-10T16:15:59.400] [DEBUG] debug-file - Incremental task entry:default@GeneratePkgModuleJson pre-execution cost: 2 ms .
[2026-09-10T16:15:59.400] [DEBUG] debug-file - entry : default@GeneratePkgModuleJson cost memory 0.084381103515625
[2026-09-10T16:15:59.401] [INFO] debug-file - UP-TO-DATE :entry:default@GeneratePkgModuleJson...  
[2026-09-10T16:15:59.402] [DEBUG] debug-file - Executing task :entry:default@ProcessCompiledResources
[2026-09-10T16:15:59.402] [DEBUG] debug-file - File: 'D:\HW\testproject\complete\3\entry\build\default\intermediates\preload\default\preload.json' from 'preloadSoJsonPath' is not exists, just ignore.
[2026-09-10T16:15:59.402] [DEBUG] debug-file - Task 'entry:default@ProcessCompiledResources' cost while wrapping incremental declarations: 1 ms 
[2026-09-10T16:15:59.402] [DEBUG] debug-file - entry : default@ProcessCompiledResources cost memory 0.06368255615234375
[2026-09-10T16:15:59.402] [DEBUG] debug-file - runTaskFromQueue task cost before running: 409 ms 
[2026-09-10T16:15:59.402] [INFO] debug-file - Finished :entry:default@ProcessCompiledResources... after 1 ms 
[2026-09-10T16:15:59.404] [DEBUG] debug-file - Executing task :entry:default@PackageHap
[2026-09-10T16:15:59.414] [DEBUG] debug-file - Incremental task entry:default@PackageHap pre-execution cost: 9 ms .
[2026-09-10T16:15:59.414] [DEBUG] debug-file - entry : default@PackageHap cost memory 0.27744293212890625
[2026-09-10T16:15:59.416] [INFO] debug-file - UP-TO-DATE :entry:default@PackageHap...  
[2026-09-10T16:15:59.418] [DEBUG] debug-file - Executing task :entry:default@PackingCheck
[2026-09-10T16:15:59.424] [DEBUG] debug-file - entry : default@PackingCheck cost memory 0.313720703125
[2026-09-10T16:15:59.424] [DEBUG] debug-file - runTaskFromQueue task cost before running: 430 ms 
[2026-09-10T16:15:59.424] [INFO] debug-file - Finished :entry:default@PackingCheck... after 6 ms 
[2026-09-10T16:15:59.426] [DEBUG] debug-file - Executing task :entry:default@SignHap
[2026-09-10T16:15:59.426] [WARN] debug-file - Will skip sign 'hos_hap'. No signingConfigs profile is configured in current project.
             If needed, configure the signingConfigs in D:\HW\testproject\complete\3\build-profile.json5.
[2026-09-10T16:15:59.427] [DEBUG] debug-file - entry:default@SignHap is not up-to-date, since the output file 'D:\HW\testproject\complete\3\entry\build\default\outputs\default\entry-default-signed.hap' does not exist.
[2026-09-10T16:15:59.428] [DEBUG] debug-file - Incremental task entry:default@SignHap pre-execution cost: 2 ms .
[2026-09-10T16:15:59.428] [DEBUG] debug-file - entry : default@SignHap cost memory 0.07270050048828125
[2026-09-10T16:15:59.428] [DEBUG] debug-file - runTaskFromQueue task cost before running: 435 ms 
[2026-09-10T16:15:59.429] [INFO] debug-file - Finished :entry:default@SignHap... after 3 ms 
[2026-09-10T16:15:59.430] [DEBUG] debug-file - Executing task :entry:default@CollectDebugSymbol
[2026-09-10T16:15:59.432] [DEBUG] debug-file - entry : default@CollectDebugSymbol cost memory 0.077362060546875
[2026-09-10T16:15:59.432] [DEBUG] debug-file - runTaskFromQueue task cost before running: 439 ms 
[2026-09-10T16:15:59.432] [INFO] debug-file - Finished :entry:default@CollectDebugSymbol... after 3 ms 
[2026-09-10T16:15:59.433] [DEBUG] debug-file - Executing task :entry:assembleHap
[2026-09-10T16:15:59.433] [DEBUG] debug-file - entry : assembleHap cost memory 0.012359619140625
[2026-09-10T16:15:59.433] [DEBUG] debug-file - runTaskFromQueue task cost before running: 440 ms 
[2026-09-10T16:15:59.433] [INFO] debug-file - Finished :entry:assembleHap... after 1 ms 
[2026-09-10T16:15:59.433] [DEBUG] debug-file - Executing task ::MakeProjectPackInfo
[2026-09-10T16:15:59.436] [DEBUG] debug-file - Task ':MakeProjectPackInfo' cost while wrapping incremental declarations: 1 ms 
[2026-09-10T16:15:59.437] [DEBUG] debug-file - Incremental task :MakeProjectPackInfo pre-execution cost: 2 ms .
[2026-09-10T16:15:59.438] [DEBUG] debug-file - 3 : MakeProjectPackInfo cost memory 0.1385345458984375
[2026-09-10T16:15:59.438] [INFO] debug-file - UP-TO-DATE ::MakeProjectPackInfo...  
[2026-09-10T16:15:59.438] [DEBUG] debug-file - Executing task ::ProcessProjectPrivacyProfile
[2026-09-10T16:15:59.441] [DEBUG] debug-file - Incremental task :ProcessProjectPrivacyProfile pre-execution cost: 2 ms .
[2026-09-10T16:15:59.441] [DEBUG] debug-file - 3 : ProcessProjectPrivacyProfile cost memory 0.07903289794921875
[2026-09-10T16:15:59.442] [INFO] debug-file - UP-TO-DATE ::ProcessProjectPrivacyProfile...  
[2026-09-10T16:15:59.442] [DEBUG] debug-file - Executing task ::GeneratePackRes
[2026-09-10T16:15:59.443] [DEBUG] debug-file - Incremental task :GeneratePackRes pre-execution cost: 1 ms .
[2026-09-10T16:15:59.443] [DEBUG] debug-file - 3 : GeneratePackRes cost memory 0.04019927978515625
[2026-09-10T16:15:59.443] [INFO] debug-file - UP-TO-DATE ::GeneratePackRes...  
[2026-09-10T16:15:59.444] [DEBUG] debug-file - Executing task ::PackageApp
[2026-09-10T16:15:59.447] [DEBUG] debug-file - Task ':PackageApp' cost while wrapping incremental declarations: 1 ms 
[2026-09-10T16:15:59.449] [DEBUG] debug-file - :PackageApp is not up-to-date, since the output file 'D:\HW\testproject\complete\3\build\outputs\default\symbol\debug' does not exist.
[2026-09-10T16:15:59.450] [DEBUG] debug-file - Incremental task :PackageApp pre-execution cost: 2 ms .
[2026-09-10T16:15:59.457] [DEBUG] debug-file - Use tool [PackageApp]
 [
  'java',
  '-Dfile.encoding=GBK',
  '-jar',
  'E:\\DevEco Studio\\sdk\\default\\openharmony\\toolchains\\lib\\app_packing_tool.jar',
  '--mode',
  'app',
  '--pack-info-path',
  'D:\\HW\\testproject\\complete\\3\\build\\outputs\\default\\pack.info',
  '--hap-path',
  'D:\\HW\\testproject\\complete\\3\\entry\\build\\default\\outputs\\default\\app\\entry-default.hap',
  '--hsp-path',
  '',
  '--force',
  'true',
  '--out-path',
  'D:\\HW\\testproject\\complete\\3\\build\\outputs\\default\\3-default-unsigned.app',
  '--main-module-limit',
  '2',
  '--normal-module-limit',
  '2',
  '--pac-json-path',
  'D:\\HW\\testproject\\complete\\3\\build\\outputs\\default\\pac.json'
]
[2026-09-10T16:15:59.457] [DEBUG] debug-file - current process  memoryUsage: {
  rss: 400846848,
  heapTotal: 138756096,
  heapUsed: 120777760,
  external: 3971489,
  arrayBuffers: 38038
} os memoryUsage :15.097148895263672
[2026-09-10T16:16:00.414] [DEBUG] debug-file - 3 : PackageApp cost memory -2.5238189697265625
[2026-09-10T16:16:00.414] [DEBUG] debug-file - runTaskFromQueue task cost before running: 1 s 421 ms 
[2026-09-10T16:16:00.415] [INFO] debug-file - Finished ::PackageApp... after 971 ms 
[2026-09-10T16:16:00.415] [DEBUG] debug-file - Executing task ::SignPackagesFromApp
[2026-09-10T16:16:00.416] [DEBUG] debug-file - :SignPackagesFromApp is not up-to-date, since the input file 'D:\HW\testproject\complete\3\build\outputs\default\3-default-unsigned.app' has been changed.
[2026-09-10T16:16:00.416] [DEBUG] debug-file - Incremental task :SignPackagesFromApp pre-execution cost: 1 ms .
[2026-09-10T16:16:00.416] [DEBUG] debug-file - 3 : SignPackagesFromApp cost memory 0.0489044189453125
[2026-09-10T16:16:00.416] [DEBUG] debug-file - runTaskFromQueue task cost before running: 1 s 423 ms 
[2026-09-10T16:16:00.417] [INFO] debug-file - Finished ::SignPackagesFromApp... after 2 ms 
[2026-09-10T16:16:00.417] [DEBUG] debug-file - Executing task ::SignApp
[2026-09-10T16:16:00.417] [DEBUG] debug-file - signingConfigName of signApp is :  undefined
[2026-09-10T16:16:00.417] [WARN] debug-file - Will skip sign 'app'. No signingConfigs profile is configured in current project.
             If needed, configure the signingConfigs in D:\HW\testproject\complete\3\build-profile.json5.
[2026-09-10T16:16:00.418] [DEBUG] debug-file - :SignApp is not up-to-date, since the input file 'D:\HW\testproject\complete\3\build\outputs\default\3-default-unsigned.app' has been changed.
[2026-09-10T16:16:00.418] [DEBUG] debug-file - Incremental task :SignApp pre-execution cost: 1 ms .
[2026-09-10T16:16:00.419] [DEBUG] debug-file - 3 : SignApp cost memory 0.1089324951171875
[2026-09-10T16:16:00.419] [DEBUG] debug-file - runTaskFromQueue task cost before running: 1 s 425 ms 
[2026-09-10T16:16:00.419] [INFO] debug-file - Finished ::SignApp... after 2 ms 
[2026-09-10T16:16:00.419] [DEBUG] debug-file - Executing task ::assembleApp
[2026-09-10T16:16:00.419] [DEBUG] debug-file - 3 : assembleApp cost memory 0.01230621337890625
[2026-09-10T16:16:00.420] [DEBUG] debug-file - runTaskFromQueue task cost before running: 1 s 426 ms 
[2026-09-10T16:16:00.420] [INFO] debug-file - Finished ::assembleApp... after 1 ms 
[2026-09-10T16:16:00.420] [INFO] debug-file - BUILD SUCCESSFUL in 1 s 427 ms 
[2026-09-10T16:16:00.421] [DEBUG] debug-file - There is no need to refresh cache, since the incremental task entry:default@PreBuild is up-to-date.
[2026-09-10T16:16:00.421] [DEBUG] debug-file - Update task entry:default@CreateModuleInfo output file:D:\HW\testproject\complete\3\entry\build\default\generated\profile\default\ModuleInfo.ts cache.
[2026-09-10T16:16:00.421] [DEBUG] debug-file - Incremental task entry:default@CreateModuleInfo post-execution cost:1 ms .
[2026-09-10T16:16:00.421] [DEBUG] debug-file - There is no need to refresh cache, since the incremental task entry:default@GenerateMetadata is up-to-date.
[2026-09-10T16:16:00.421] [DEBUG] debug-file - There is no need to refresh cache, since the incremental task entry:default@MergeProfile is up-to-date.
[2026-09-10T16:16:00.421] [DEBUG] debug-file - There is no need to refresh cache, since the incremental task entry:default@CreateBuildProfile is up-to-date.
[2026-09-10T16:16:00.421] [DEBUG] debug-file - There is no need to refresh cache, since the incremental task entry:default@GeneratePkgContextInfo is up-to-date.
[2026-09-10T16:16:00.422] [DEBUG] debug-file - Update task entry:default@GeneratePkgSdkInfo output file:D:\HW\testproject\complete\3\entry\build\default\intermediates\loader\default\pkgSdkInfo.json cache.
[2026-09-10T16:16:00.422] [DEBUG] debug-file - Incremental task entry:default@GeneratePkgSdkInfo post-execution cost:1 ms .
[2026-09-10T16:16:00.422] [DEBUG] debug-file - Update task entry:default@ProcessIntegratedHsp output file:D:\HW\testproject\complete\3\build\cache\default\integrated_hsp\integratedHspCache.json cache.
[2026-09-10T16:16:00.422] [DEBUG] debug-file - Incremental task entry:default@ProcessIntegratedHsp post-execution cost:1 ms .
[2026-09-10T16:16:00.422] [DEBUG] debug-file - There is no need to refresh cache, since the incremental task entry:default@MakePackInfo is up-to-date.
[2026-09-10T16:16:00.422] [DEBUG] debug-file - Update task entry:default@SyscapTransform input file:E:\DevEco Studio\sdk\default\openharmony\toolchains\syscap_tool.exe cache by regenerate.
[2026-09-10T16:16:00.423] [DEBUG] debug-file - Update task entry:default@SyscapTransform input file:E:\DevEco Studio\sdk\default\openharmony\ets\api\device-define cache by regenerate.
[2026-09-10T16:16:00.424] [DEBUG] debug-file - Update task entry:default@SyscapTransform output file:D:\HW\testproject\complete\3\entry\build\default\intermediates\syscap\default\rpcid.sc cache.
[2026-09-10T16:16:00.424] [DEBUG] debug-file - Incremental task entry:default@SyscapTransform post-execution cost:2 ms .
[2026-09-10T16:16:00.424] [DEBUG] debug-file - There is no need to refresh cache, since the incremental task entry:default@ProcessProfile is up-to-date.
[2026-09-10T16:16:00.424] [DEBUG] debug-file - There is no need to refresh cache, since the incremental task entry:default@ProcessRouterMap is up-to-date.
[2026-09-10T16:16:00.424] [DEBUG] debug-file - There is no need to refresh cache, since the incremental task entry:default@ProcessShareConfig is up-to-date.
[2026-09-10T16:16:00.424] [DEBUG] debug-file - Update task entry:default@ProcessStartupConfig input file:D:\HW\testproject\complete\3\entry\build\default\intermediates\loader\default\pkgContextInfo.json cache by regenerate.
[2026-09-10T16:16:00.425] [DEBUG] debug-file - Update task entry:default@ProcessStartupConfig output file:D:\HW\testproject\complete\3\entry\build\default\intermediates\startup\default\startup_config.json cache.
[2026-09-10T16:16:00.425] [DEBUG] debug-file - Incremental task entry:default@ProcessStartupConfig post-execution cost:1 ms .
[2026-09-10T16:16:00.425] [DEBUG] debug-file - There is no need to refresh cache, since the incremental task entry:default@ProcessResource is up-to-date.
[2026-09-10T16:16:00.425] [DEBUG] debug-file - There is no need to refresh cache, since the incremental task entry:default@GenerateLoaderJson is up-to-date.
[2026-09-10T16:16:00.425] [DEBUG] debug-file - There is no need to refresh cache, since the incremental task entry:default@ProcessLibs is up-to-date.
[2026-09-10T16:16:00.425] [DEBUG] debug-file - There is no need to refresh cache, since the incremental task entry:default@CompileResource is up-to-date.
[2026-09-10T16:16:00.425] [DEBUG] debug-file - There is no need to refresh cache, since the incremental task entry:default@DoNativeStrip is up-to-date.
[2026-09-10T16:16:00.425] [DEBUG] debug-file - There is no need to refresh cache, since the incremental task entry:default@CompileArkTS is up-to-date.
[2026-09-10T16:16:00.427] [DEBUG] debug-file - Update task entry:default@BuildJS input file:D:\HW\testproject\complete\3\entry\build\default\intermediates\loader\default cache by regenerate.
[2026-09-10T16:16:00.427] [DEBUG] debug-file - Update task entry:default@BuildJS input file:D:\HW\testproject\complete\3\entry\build\default\intermediates\res\default\resources\rawfile cache by regenerate.
[2026-09-10T16:16:00.428] [DEBUG] debug-file - Update task entry:default@BuildJS input file:D:\HW\testproject\complete\3\entry\build\default\intermediates\res\default\ResourceTable.txt cache by regenerate.
[2026-09-10T16:16:00.428] [DEBUG] debug-file - Update task entry:default@BuildJS input file:D:\HW\testproject\complete\3\entry\build\default\intermediates\res\default\ark_module.json cache by regenerate.
[2026-09-10T16:16:00.428] [DEBUG] debug-file - Update task entry:default@BuildJS input file:D:\HW\testproject\complete\3\entry\build\default\intermediates\res\default\resources\base\profile cache by regenerate.
[2026-09-10T16:16:00.429] [DEBUG] debug-file - Update task entry:default@BuildJS input file:D:\HW\testproject\complete\3\entry\build\default\intermediates\loader\default\pkgContextInfo.json cache by regenerate.
[2026-09-10T16:16:00.429] [DEBUG] debug-file - Update task entry:default@BuildJS output file:D:\HW\testproject\complete\3\entry\build\default\intermediates\loader_out\default\js cache.
[2026-09-10T16:16:00.429] [DEBUG] debug-file - Incremental task entry:default@BuildJS post-execution cost:4 ms .
[2026-09-10T16:16:00.429] [DEBUG] debug-file - There is no need to refresh cache, since the incremental task entry:default@CacheNativeLibs is up-to-date.
[2026-09-10T16:16:00.429] [DEBUG] debug-file - There is no need to refresh cache, since the incremental task entry:default@GeneratePkgModuleJson is up-to-date.
[2026-09-10T16:16:00.429] [DEBUG] debug-file - Incremental task entry:default@ProcessCompiledResources post-execution cost:1 ms .
[2026-09-10T16:16:00.429] [DEBUG] debug-file - There is no need to refresh cache, since the incremental task entry:default@PackageHap is up-to-date.
[2026-09-10T16:16:00.430] [DEBUG] debug-file - Update task entry:default@SignHap input file:D:\HW\testproject\complete\3\entry\build\default\outputs\default\entry-default-unsigned.hap cache by regenerate.
[2026-09-10T16:16:00.430] [DEBUG] debug-file - Update task entry:default@SignHap output file:D:\HW\testproject\complete\3\entry\build\default\outputs\default\entry-default-signed.hap cache.
[2026-09-10T16:16:00.430] [DEBUG] debug-file - Incremental task entry:default@SignHap post-execution cost:1 ms .
[2026-09-10T16:16:00.431] [DEBUG] debug-file - Update task entry:default@CollectDebugSymbol input file:D:\HW\testproject\complete\3\entry\build\default\intermediates\loader_out\default\ets\sourceMaps.map cache by regenerate.
[2026-09-10T16:16:00.431] [DEBUG] debug-file - Update task entry:default@CollectDebugSymbol input file:D:\HW\testproject\complete\3\entry\build\default\intermediates\libs\default cache by regenerate.
[2026-09-10T16:16:00.432] [DEBUG] debug-file - Update task entry:default@CollectDebugSymbol output file:D:\HW\testproject\complete\3\entry\build\default\outputs\default\symbol cache.
[2026-09-10T16:16:00.432] [DEBUG] debug-file - Incremental task entry:default@CollectDebugSymbol post-execution cost:2 ms .
[2026-09-10T16:16:00.432] [DEBUG] debug-file - There is no need to refresh cache, since the incremental task :MakeProjectPackInfo is up-to-date.
[2026-09-10T16:16:00.432] [DEBUG] debug-file - There is no need to refresh cache, since the incremental task :ProcessProjectPrivacyProfile is up-to-date.
[2026-09-10T16:16:00.432] [DEBUG] debug-file - There is no need to refresh cache, since the incremental task :GeneratePackRes is up-to-date.
[2026-09-10T16:16:00.432] [DEBUG] debug-file - Update task :PackageApp input file:D:\HW\testproject\complete\3\build\outputs\default\pack.info cache by regenerate.
[2026-09-10T16:16:00.432] [DEBUG] debug-file - Update task :PackageApp input file:D:\HW\testproject\complete\3\entry\build\default\outputs\default\entry-default-unsigned.hap cache by regenerate.
[2026-09-10T16:16:00.433] [DEBUG] debug-file - Update task :PackageApp input file:D:\HW\testproject\complete\3\build\outputs\default\pac.json cache by regenerate.
[2026-09-10T16:16:00.433] [DEBUG] debug-file - Update task :PackageApp output file:D:\HW\testproject\complete\3\build\outputs\default\3-default-unsigned.app cache.
[2026-09-10T16:16:00.433] [DEBUG] debug-file - Update task :PackageApp output file:D:\HW\testproject\complete\3\entry\build\default\outputs\default\app\entry-default.hap cache.
[2026-09-10T16:16:00.433] [DEBUG] debug-file - Update task :PackageApp output file:D:\HW\testproject\complete\3\build\outputs\default\symbol\debug cache.
[2026-09-10T16:16:00.434] [DEBUG] debug-file - Incremental task :PackageApp post-execution cost:2 ms .
[2026-09-10T16:16:00.434] [DEBUG] debug-file - Update task :SignPackagesFromApp input file:D:\HW\testproject\complete\3\build\outputs\default\3-default-unsigned.app cache from map.
[2026-09-10T16:16:00.434] [DEBUG] debug-file - Incremental task :SignPackagesFromApp post-execution cost:1 ms .
[2026-09-10T16:16:00.435] [DEBUG] debug-file - Update task :SignApp input file:D:\HW\testproject\complete\3\build\outputs\default\3-default-unsigned.app cache from map.
[2026-09-10T16:16:00.435] [DEBUG] debug-file - Update task :SignApp output file:D:\HW\testproject\complete\3\build\outputs\default\3-default-signed.app cache.
[2026-09-10T16:16:00.435] [DEBUG] debug-file - Incremental task :SignApp post-execution cost:1 ms .
[2026-09-10T16:16:00.448] [DEBUG] debug-file - hvigor build process will be closed.
[2026-09-10T16:16:00.457] [DEBUG] debug-file - session manager: send message to worker process. WorkerThreadId: 0, data: {"type":"hvigor_failed","reason":"Server has disconnected."}
[2026-09-10T16:16:00.458] [DEBUG] debug-file - session manager: send message to worker process. WorkerThreadId: 0, data: {"type":"CloseWatch","reason":"Server has disconnected."}
[2026-09-10T16:16:00.457] [DEBUG] debug-file - watch worker: worker id should be larger than 0. Nothing will be sent to any worker thread.
[2026-09-10T16:16:00.457] [DEBUG] debug-file - ABORT_WORK sent to workers.
[2026-09-10T16:16:00.458] [DEBUG] debug-file - watch worker: worker id should be larger than 0. Nothing will be sent to any worker thread.
[2026-09-10T16:20:03.569] [DEBUG] debug-file - env: nodejsVersion=v24.14.1
[2026-09-10T16:20:03.670] [DEBUG] debug-file - env: daemon=true
[2026-09-10T16:20:03.574] [DEBUG] debug-file - env: hvigor-config.json5 content = {
  modelVersion: '6.0.1',
  dependencies: {},
  execution: {},
  logging: {},
  debugging: {},
  nodeOptions: {}
}
[2026-09-10T16:20:04.857] [DEBUG] debug-file - session manager: set active socket. socketId=B363BEz5R0rhqUOrAAAN
[2026-09-10T16:20:04.869] [DEBUG] debug-file - watch worker: worker id should be larger than 0. Nothing will be sent to any worker thread.
[2026-09-10T16:20:04.876] [DEBUG] debug-file - Workers' log level updated to INFO
[2026-09-10T16:20:04.879] [DEBUG] debug-file - Hvigor init with startParameters:{
  hvigorfileTypeCheck: false,
  parallelExecution: true,
  incrementalExecution: true,
  printStackTrace: false,
  daemon: true,
  analyze: 0,
  logLevel: Level { level: 20000, levelStr: 'INFO', colour: 'green' },
  optimizationStrategy: 'memory',
  hotCompile: undefined,
  hotReloadBuild: undefined,
  customizedParam: undefined
}
[2026-09-10T16:20:04.886] [DEBUG] debug-file - Cache service initialization finished in 7 ms 
[2026-09-10T16:20:04.888] [DEBUG] debug-file - hvigorfile, resolving D:\HW\testproject\complete\3\hvigorfile.ts
[2026-09-10T16:20:04.894] [DEBUG] debug-file - hvigorfile, require result:  { default: { plugins: [] } }
[2026-09-10T16:20:04.894] [DEBUG] debug-file - hvigorfile, binding system plugins null
[2026-09-10T16:20:04.894] [DEBUG] debug-file - Starting plugin build process
[2026-09-10T16:20:04.894] [DEBUG] debug-file - App plugin prepare start...
[2026-09-10T16:20:04.894] [DEBUG] debug-file - App plugin prepare end...
[2026-09-10T16:20:04.894] [DEBUG] debug-file - App plugin creating...
[2026-09-10T16:20:04.901] [DEBUG] debug-file - App plugin register hook start...
[2026-09-10T16:20:04.902] [DEBUG] debug-file - App plugin register hook end...
[2026-09-10T16:20:04.902] [DEBUG] debug-file - Plugin build process completed
[2026-09-10T16:20:04.902] [DEBUG] debug-file - Start initialize project's product build option map with build mode debug.
[2026-09-10T16:20:04.902] [DEBUG] debug-file - Picking option from product 'default' with build mode 'debug'.
[2026-09-10T16:20:04.902] [DEBUG] debug-file - Product 'default' build option initialized
[2026-09-10T16:20:04.902] [DEBUG] debug-file - End initialize project's product build option map with build mode 'debug'.
[2026-09-10T16:20:04.903] [DEBUG] debug-file - Obtain build option for product 'default'in this build.
[2026-09-10T16:20:04.906] [DEBUG] debug-file - No signingConfig found, initRemoteHspCache failed.
[2026-09-10T16:20:04.908] [DEBUG] debug-file - Start recording SDK configuration permission data.
[2026-09-10T16:20:04.936] [DEBUG] debug-file - Sdk init in 30 ms 
[2026-09-10T16:20:04.940] [DEBUG] debug-file - Project task initialization takes 3 ms 
[2026-09-10T16:20:04.940] [DEBUG] debug-file - hvigorfile, begin to bind custom plugins...
[2026-09-10T16:20:04.940] [DEBUG] debug-file - hvigorfile, no custom plugins were found in D:\HW\testproject\complete\3\hvigorfile.ts
[2026-09-10T16:20:04.940] [DEBUG] debug-file - hvigorfile, resolve finished D:\HW\testproject\complete\3\hvigorfile.ts
[2026-09-10T16:20:04.940] [DEBUG] debug-file - hvigorfile, resolving D:\HW\testproject\complete\3\entry\hvigorfile.ts
[2026-09-10T16:20:04.944] [DEBUG] debug-file - hvigorfile, require result:  { default: { plugins: [] } }
[2026-09-10T16:20:04.944] [DEBUG] debug-file - hvigorfile, binding system plugins null
[2026-09-10T16:20:04.944] [DEBUG] debug-file - Starting plugin build process
[2026-09-10T16:20:04.944] [DEBUG] debug-file - Hap plugin creating...
[2026-09-10T16:20:04.946] [DEBUG] debug-file - failed to load cangjie to dynamically generate schemas: Error: Cannot find module '@ohos/cangjie-build-support/index'
Require stack:
- E:\DevEco Studio\tools\hvigor\hvigor-ohos-plugin\src\plugin\hooks\cangjie-register.js
- E:\DevEco Studio\tools\hvigor\hvigor-ohos-plugin\src\plugin\strategy\stage-init-strategy.js
- E:\DevEco Studio\tools\hvigor\hvigor-ohos-plugin\src\plugin\builder\abstract-plugin-builder.js
- E:\DevEco Studio\tools\hvigor\hvigor-ohos-plugin\src\plugin\builder\app-plugin-builder.js
- E:\DevEco Studio\tools\hvigor\hvigor-ohos-plugin\src\plugin\factory\plugin-factory.js
- E:\DevEco Studio\tools\hvigor\hvigor-ohos-plugin\index.js
- D:\HW\testproject\complete\3\hvigorfile.ts
- E:\DevEco Studio\tools\hvigor\hvigor\src\base\internal\lifecycle\configuration.js
- E:\DevEco Studio\tools\hvigor\hvigor\src\base\boot\index.js
- E:\DevEco Studio\tools\hvigor\hvigor\src\base\daemon\cluster\worker-process-lifecycle.js
- E:\DevEco Studio\tools\hvigor\hvigor\src\base\daemon\process\daemon-process-boot-script.js
[2026-09-10T16:20:04.948] [DEBUG] debug-file - Start initialize module-target build option map, moduleName=entry, buildMode=debug
[2026-09-10T16:20:04.948] [DEBUG] debug-file - Target 'default' config initialized
[2026-09-10T16:20:04.948] [DEBUG] debug-file - Target 'ohosTest' config initialized
[2026-09-10T16:20:04.948] [DEBUG] debug-file - Module 'entry' target 'default' build option initialized
[2026-09-10T16:20:04.949] [DEBUG] debug-file - Module 'entry' target 'ohosTest' build option initialized
[2026-09-10T16:20:04.949] [DEBUG] debug-file - End initialize module-target build option map, moduleName=entry
[2026-09-10T16:20:04.949] [DEBUG] debug-file - Start initialize module-target build option map, moduleName=entry, buildMode=release
[2026-09-10T16:20:04.949] [DEBUG] debug-file - Target 'default' config initialized
[2026-09-10T16:20:04.949] [DEBUG] debug-file - Target 'ohosTest' config initialized
[2026-09-10T16:20:04.949] [DEBUG] debug-file - Module 'entry' target 'default' build option initialized
[2026-09-10T16:20:04.949] [DEBUG] debug-file - Module 'entry' target 'ohosTest' build option initialized
[2026-09-10T16:20:04.949] [DEBUG] debug-file - End initialize module-target build option map, moduleName=entry
[2026-09-10T16:20:04.949] [DEBUG] debug-file - Start initialize module-target build option map, moduleName=entry, buildMode=debug
[2026-09-10T16:20:04.950] [DEBUG] debug-file - Target 'default' config initialized
[2026-09-10T16:20:04.950] [DEBUG] debug-file - Target 'ohosTest' config initialized
[2026-09-10T16:20:04.950] [DEBUG] debug-file - Module 'entry' target 'default' build option initialized
[2026-09-10T16:20:04.950] [DEBUG] debug-file - Module 'entry' target 'ohosTest' build option initialized
[2026-09-10T16:20:04.950] [DEBUG] debug-file - End initialize module-target build option map, moduleName=entry
[2026-09-10T16:20:04.950] [DEBUG] debug-file - Obtain build option for module 'entry' target 'default'in this build.
[2026-09-10T16:20:04.952] [DEBUG] debug-file - Module entry task initialization takes 2 ms 
[2026-09-10T16:20:04.953] [DEBUG] debug-file - Hap plugin register hook start...
[2026-09-10T16:20:04.953] [DEBUG] debug-file - Hap plugin register hook end...
[2026-09-10T16:20:04.953] [DEBUG] debug-file - Plugin build process completed
[2026-09-10T16:20:04.953] [DEBUG] debug-file - hvigorfile, begin to bind custom plugins...
[2026-09-10T16:20:04.953] [DEBUG] debug-file - hvigorfile, no custom plugins were found in D:\HW\testproject\complete\3\entry\hvigorfile.ts
[2026-09-10T16:20:04.953] [DEBUG] debug-file - hvigorfile, resolve finished D:\HW\testproject\complete\3\entry\hvigorfile.ts
[2026-09-10T16:20:04.992] [DEBUG] debug-file - hvigorfile, resolve hvigorfile dependencies in 39 ms 
[2026-09-10T16:20:04.992] [DEBUG] debug-file - project has submodules:entry
[2026-09-10T16:20:04.993] [DEBUG] debug-file - start to load updatedOhPackageInfo to the disk
[2026-09-10T16:20:04.996] [DEBUG] debug-file - load to the disk finished
[2026-09-10T16:20:04.997] [DEBUG] debug-file - Start to initialize dependency information.
[2026-09-10T16:20:05.003] [DEBUG] debug-file - Module 3 Collected Dependency: 
[2026-09-10T16:20:05.004] [DEBUG] debug-file - Module 3's total dependency: 0
[2026-09-10T16:20:05.004] [DEBUG] debug-file - Start to initialize dependency information.
[2026-09-10T16:20:05.005] [DEBUG] debug-file - Module entry Collected Dependency: 
[2026-09-10T16:20:05.006] [DEBUG] debug-file - Module entry's total dependency: 0
[2026-09-10T16:20:05.007] [DEBUG] debug-file - Configuration phase cost:121 ms 
[2026-09-10T16:20:05.008] [DEBUG] debug-file - Configuration task cost before running: 133 ms 
[2026-09-10T16:20:05.009] [DEBUG] debug-file - Executing task ::PreBuildApp
[2026-09-10T16:20:05.009] [DEBUG] debug-file - 3 : PreBuildApp cost memory 0.0142974853515625
[2026-09-10T16:20:05.009] [DEBUG] debug-file - runTaskFromQueue task cost before running: 133 ms 
[2026-09-10T16:20:05.009] [INFO] debug-file - Finished ::PreBuildApp... after 1 ms 
[2026-09-10T16:20:05.012] [DEBUG] debug-file - Executing task :entry:default@PreBuild
[2026-09-10T16:20:05.017] [DEBUG] debug-file - Task 'entry:default@PreBuild' cost while wrapping incremental declarations: 1 ms 
[2026-09-10T16:20:05.027] [DEBUG] debug-file - Incremental task entry:default@PreBuild pre-execution cost: 6 ms .
[2026-09-10T16:20:05.027] [DEBUG] debug-file - entry : default@PreBuild cost memory 0.5326309204101562
[2026-09-10T16:20:05.029] [INFO] debug-file - UP-TO-DATE :entry:default@PreBuild...  
[2026-09-10T16:20:05.030] [DEBUG] debug-file - Executing task ::DuplicateDependencyCheck
[2026-09-10T16:20:05.030] [DEBUG] debug-file - 3 : DuplicateDependencyCheck cost memory 0.013580322265625
[2026-09-10T16:20:05.030] [DEBUG] debug-file - runTaskFromQueue task cost before running: 154 ms 
[2026-09-10T16:20:05.030] [INFO] debug-file - Finished ::DuplicateDependencyCheck... after 1 ms 
[2026-09-10T16:20:05.031] [DEBUG] debug-file - Executing task :entry:default@CreateModuleInfo
[2026-09-10T16:20:05.032] [DEBUG] debug-file - Task 'entry:default@CreateModuleInfo' cost while wrapping incremental declarations: 1 ms 
[2026-09-10T16:20:05.032] [DEBUG] debug-file - entry : default@CreateModuleInfo cost memory 0.0388641357421875
[2026-09-10T16:20:05.033] [DEBUG] debug-file - runTaskFromQueue task cost before running: 157 ms 
[2026-09-10T16:20:05.033] [INFO] debug-file - Finished :entry:default@CreateModuleInfo... after 2 ms 
[2026-09-10T16:20:05.035] [DEBUG] debug-file - Executing task :entry:default@GenerateMetadata
[2026-09-10T16:20:05.036] [DEBUG] debug-file - Task 'entry:default@GenerateMetadata' cost while wrapping incremental declarations: 1 ms 
[2026-09-10T16:20:05.037] [DEBUG] debug-file - Incremental task entry:default@GenerateMetadata pre-execution cost: 1 ms .
[2026-09-10T16:20:05.037] [DEBUG] debug-file - entry : default@GenerateMetadata cost memory 0.075775146484375
[2026-09-10T16:20:05.037] [INFO] debug-file - UP-TO-DATE :entry:default@GenerateMetadata...  
[2026-09-10T16:20:05.039] [DEBUG] debug-file - Executing task :entry:default@ConfigureCmake
[2026-09-10T16:20:05.039] [DEBUG] debug-file - entry : default@ConfigureCmake cost memory 0.01413726806640625
[2026-09-10T16:20:05.039] [DEBUG] debug-file - runTaskFromQueue task cost before running: 163 ms 
[2026-09-10T16:20:05.039] [INFO] debug-file - Finished :entry:default@ConfigureCmake... after 1 ms 
[2026-09-10T16:20:05.041] [DEBUG] debug-file - Executing task :entry:default@MergeProfile
[2026-09-10T16:20:05.041] [DEBUG] debug-file - Task 'entry:default@MergeProfile' cost while wrapping incremental declarations: 1 ms 
[2026-09-10T16:20:05.043] [DEBUG] debug-file - Incremental task entry:default@MergeProfile pre-execution cost: 2 ms .
[2026-09-10T16:20:05.043] [DEBUG] debug-file - entry : default@MergeProfile cost memory 0.11612701416015625
[2026-09-10T16:20:05.043] [INFO] debug-file - UP-TO-DATE :entry:default@MergeProfile...  
[2026-09-10T16:20:05.045] [DEBUG] debug-file - Executing task :entry:default@CreateBuildProfile
[2026-09-10T16:20:05.045] [DEBUG] debug-file - Task 'entry:default@CreateBuildProfile' cost while wrapping incremental declarations: 1 ms 
[2026-09-10T16:20:05.046] [DEBUG] debug-file - Incremental task entry:default@CreateBuildProfile pre-execution cost: 1 ms .
[2026-09-10T16:20:05.047] [DEBUG] debug-file - entry : default@CreateBuildProfile cost memory 0.09381103515625
[2026-09-10T16:20:05.047] [INFO] debug-file - UP-TO-DATE :entry:default@CreateBuildProfile...  
[2026-09-10T16:20:05.049] [DEBUG] debug-file - Executing task :entry:default@PreCheckSyscap
[2026-09-10T16:20:05.050] [DEBUG] debug-file - entry : default@PreCheckSyscap cost memory 0.01496124267578125
[2026-09-10T16:20:05.050] [DEBUG] debug-file - runTaskFromQueue task cost before running: 174 ms 
[2026-09-10T16:20:05.050] [INFO] debug-file - Finished :entry:default@PreCheckSyscap... after 1 ms 
[2026-09-10T16:20:05.052] [DEBUG] debug-file - Executing task :entry:default@GeneratePkgContextInfo
[2026-09-10T16:20:05.056] [DEBUG] debug-file - Task 'entry:default@GeneratePkgContextInfo' cost while wrapping incremental declarations: 1 ms 
[2026-09-10T16:20:05.057] [DEBUG] debug-file - Incremental task entry:default@GeneratePkgContextInfo pre-execution cost: 1 ms .
[2026-09-10T16:20:05.057] [DEBUG] debug-file - entry : default@GeneratePkgContextInfo cost memory 0.1741180419921875
[2026-09-10T16:20:05.057] [INFO] debug-file - UP-TO-DATE :entry:default@GeneratePkgContextInfo...  
[2026-09-10T16:20:05.058] [DEBUG] debug-file - Executing task :entry:default@GeneratePkgSdkInfo
[2026-09-10T16:20:05.061] [DEBUG] debug-file - Task 'entry:default@GeneratePkgSdkInfo' cost while wrapping incremental declarations: 1 ms 
[2026-09-10T16:20:05.062] [DEBUG] debug-file - entry : default@GeneratePkgSdkInfo cost memory 0.1046142578125
[2026-09-10T16:20:05.062] [DEBUG] debug-file - runTaskFromQueue task cost before running: 186 ms 
[2026-09-10T16:20:05.063] [INFO] debug-file - Finished :entry:default@GeneratePkgSdkInfo... after 4 ms 
[2026-09-10T16:20:05.068] [DEBUG] debug-file - Executing task :entry:default@ProcessIntegratedHsp
[2026-09-10T16:20:05.069] [DEBUG] debug-file - entry:default@ProcessIntegratedHsp is not up-to-date, since the output file 'D:\HW\testproject\complete\3\build\cache\default\integrated_hsp\integratedHspCache.json' does not exist.
[2026-09-10T16:20:05.069] [DEBUG] debug-file - Incremental task entry:default@ProcessIntegratedHsp pre-execution cost: 1 ms .
[2026-09-10T16:20:05.069] [DEBUG] debug-file - entry : default@ProcessIntegratedHsp cost memory 0.0488739013671875
[2026-09-10T16:20:05.070] [DEBUG] debug-file - runTaskFromQueue task cost before running: 194 ms 
[2026-09-10T16:20:05.070] [INFO] debug-file - Finished :entry:default@ProcessIntegratedHsp... after 2 ms 
[2026-09-10T16:20:05.071] [DEBUG] debug-file - Executing task :entry:default@BuildNativeWithCmake
[2026-09-10T16:20:05.072] [DEBUG] debug-file - entry : default@BuildNativeWithCmake cost memory 0.01422882080078125
[2026-09-10T16:20:05.072] [DEBUG] debug-file - runTaskFromQueue task cost before running: 196 ms 
[2026-09-10T16:20:05.072] [INFO] debug-file - Finished :entry:default@BuildNativeWithCmake... after 1 ms 
[2026-09-10T16:20:05.073] [DEBUG] debug-file - Executing task :entry:default@MakePackInfo
[2026-09-10T16:20:05.077] [DEBUG] debug-file - Incremental task entry:default@MakePackInfo pre-execution cost: 3 ms .
[2026-09-10T16:20:05.077] [DEBUG] debug-file - entry : default@MakePackInfo cost memory 0.104156494140625
[2026-09-10T16:20:05.078] [INFO] debug-file - UP-TO-DATE :entry:default@MakePackInfo...  
[2026-09-10T16:20:05.080] [DEBUG] debug-file - Executing task :entry:default@SyscapTransform
[2026-09-10T16:20:05.080] [DEBUG] debug-file - File: 'D:\HW\testproject\complete\3\entry\src\main\syscap.json' from 'sysCapJsonPath' is not exists, just ignore.
[2026-09-10T16:20:05.081] [DEBUG] debug-file - Task 'entry:default@SyscapTransform' cost while wrapping incremental declarations: 2 ms 
[2026-09-10T16:20:05.083] [DEBUG] debug-file - entry:default@SyscapTransform is not up-to-date, since the output file 'D:\HW\testproject\complete\3\entry\build\default\intermediates\syscap\default\rpcid.sc' does not exist.
[2026-09-10T16:20:05.084] [DEBUG] debug-file - Incremental task entry:default@SyscapTransform pre-execution cost: 2 ms .
[2026-09-10T16:20:05.084] [DEBUG] debug-file - entry : default@SyscapTransform cost memory 0.1102752685546875
[2026-09-10T16:20:05.084] [DEBUG] debug-file - runTaskFromQueue task cost before running: 208 ms 
[2026-09-10T16:20:05.084] [INFO] debug-file - Finished :entry:default@SyscapTransform... after 4 ms 
[2026-09-10T16:20:05.086] [DEBUG] debug-file - Executing task :entry:default@ProcessProfile
[2026-09-10T16:20:05.088] [DEBUG] debug-file - Task 'entry:default@ProcessProfile' cost while wrapping incremental declarations: 1 ms 
[2026-09-10T16:20:05.089] [DEBUG] debug-file - Incremental task entry:default@ProcessProfile pre-execution cost: 1 ms .
[2026-09-10T16:20:05.089] [DEBUG] debug-file - entry : default@ProcessProfile cost memory 0.127349853515625
[2026-09-10T16:20:05.089] [INFO] debug-file - UP-TO-DATE :entry:default@ProcessProfile...  
[2026-09-10T16:20:05.090] [DEBUG] debug-file - Executing task :entry:default@ProcessRouterMap
[2026-09-10T16:20:05.092] [DEBUG] debug-file - Incremental task entry:default@ProcessRouterMap pre-execution cost: 2 ms .
[2026-09-10T16:20:05.093] [DEBUG] debug-file - entry : default@ProcessRouterMap cost memory 0.12630462646484375
[2026-09-10T16:20:05.093] [INFO] debug-file - UP-TO-DATE :entry:default@ProcessRouterMap...  
[2026-09-10T16:20:05.094] [DEBUG] debug-file - Executing task :entry:default@ProcessShareConfig
[2026-09-10T16:20:05.098] [DEBUG] debug-file - Incremental task entry:default@ProcessShareConfig pre-execution cost: 4 ms .
[2026-09-10T16:20:05.099] [DEBUG] debug-file - entry : default@ProcessShareConfig cost memory -3.494232177734375
[2026-09-10T16:20:05.099] [INFO] debug-file - UP-TO-DATE :entry:default@ProcessShareConfig...  
[2026-09-10T16:20:05.100] [DEBUG] debug-file - Executing task :entry:default@ProcessStartupConfig
[2026-09-10T16:20:05.101] [DEBUG] debug-file - Task 'entry:default@ProcessStartupConfig' cost while wrapping incremental declarations: 1 ms 
[2026-09-10T16:20:05.102] [DEBUG] debug-file - entry:default@ProcessStartupConfig is not up-to-date, since the output file 'D:\HW\testproject\complete\3\entry\build\default\intermediates\startup\default\startup_config.json' does not exist.
[2026-09-10T16:20:05.102] [DEBUG] debug-file - Incremental task entry:default@ProcessStartupConfig pre-execution cost: 1 ms .
[2026-09-10T16:20:05.103] [DEBUG] debug-file - entry : default@ProcessStartupConfig cost memory 0.1105804443359375
[2026-09-10T16:20:05.103] [DEBUG] debug-file - runTaskFromQueue task cost before running: 228 ms 
[2026-09-10T16:20:05.104] [INFO] debug-file - Finished :entry:default@ProcessStartupConfig... after 3 ms 
[2026-09-10T16:20:05.105] [DEBUG] debug-file - Executing task :entry:default@BuildNativeWithNinja
[2026-09-10T16:20:05.105] [DEBUG] debug-file - entry : default@BuildNativeWithNinja cost memory 0.019012451171875
[2026-09-10T16:20:05.105] [DEBUG] debug-file - runTaskFromQueue task cost before running: 230 ms 
[2026-09-10T16:20:05.106] [INFO] debug-file - Finished :entry:default@BuildNativeWithNinja... after 1 ms 
[2026-09-10T16:20:05.107] [DEBUG] debug-file - restool module names: entry; moduleName=entry, taskName=default@ProcessResource
[2026-09-10T16:20:05.109] [DEBUG] debug-file - Executing task :entry:default@ProcessResource
[2026-09-10T16:20:05.109] [DEBUG] debug-file - Task 'entry:default@ProcessResource' cost while wrapping incremental declarations: 1 ms 
[2026-09-10T16:20:05.111] [DEBUG] debug-file - Incremental task entry:default@ProcessResource pre-execution cost: 1 ms .
[2026-09-10T16:20:05.111] [DEBUG] debug-file - entry : default@ProcessResource cost memory 0.11302947998046875
[2026-09-10T16:20:05.115] [INFO] debug-file - UP-TO-DATE :entry:default@ProcessResource...  
[2026-09-10T16:20:05.119] [DEBUG] debug-file - Executing task :entry:default@GenerateLoaderJson
[2026-09-10T16:20:05.120] [DEBUG] debug-file - Task 'entry:default@GenerateLoaderJson' cost while wrapping incremental declarations: 1 ms 
[2026-09-10T16:20:05.127] [DEBUG] debug-file - Incremental task entry:default@GenerateLoaderJson pre-execution cost: 4 ms .
[2026-09-10T16:20:05.127] [DEBUG] debug-file - entry : default@GenerateLoaderJson cost memory 0.31485748291015625
[2026-09-10T16:20:05.132] [INFO] debug-file - UP-TO-DATE :entry:default@GenerateLoaderJson...  
[2026-09-10T16:20:05.134] [DEBUG] debug-file - Executing task :entry:default@ProcessLibs
[2026-09-10T16:20:05.134] [DEBUG] debug-file - Task 'entry:default@ProcessLibs' cost while wrapping incremental declarations: 1 ms 
[2026-09-10T16:20:05.137] [DEBUG] debug-file - Incremental task entry:default@ProcessLibs pre-execution cost: 2 ms .
[2026-09-10T16:20:05.137] [DEBUG] debug-file - entry : default@ProcessLibs cost memory 0.09125518798828125
[2026-09-10T16:20:05.139] [INFO] debug-file - UP-TO-DATE :entry:default@ProcessLibs...  
[2026-09-10T16:20:05.141] [DEBUG] debug-file - restool module names: entry; moduleName=entry, taskName=default@CompileResource
[2026-09-10T16:20:05.141] [DEBUG] debug-file - Executing task :entry:default@CompileResource
[2026-09-10T16:20:05.153] [DEBUG] debug-file - Incremental task entry:default@CompileResource pre-execution cost: 11 ms .
[2026-09-10T16:20:05.153] [DEBUG] debug-file - entry : default@CompileResource cost memory 0.486480712890625
[2026-09-10T16:20:05.155] [INFO] debug-file - UP-TO-DATE :entry:default@CompileResource...  
[2026-09-10T16:20:05.156] [DEBUG] debug-file - Executing task :entry:default@DoNativeStrip
[2026-09-10T16:20:05.157] [DEBUG] debug-file - File: 'D:\HW\testproject\complete\3\entry\build\default\intermediates\binxo\default' from 'doBinxoNativeLibs' is not exists, just ignore.
[2026-09-10T16:20:05.157] [DEBUG] debug-file - Task 'entry:default@DoNativeStrip' cost while wrapping incremental declarations: 1 ms 
[2026-09-10T16:20:05.158] [DEBUG] debug-file - Incremental task entry:default@DoNativeStrip pre-execution cost: 1 ms .
[2026-09-10T16:20:05.158] [DEBUG] debug-file - entry : default@DoNativeStrip cost memory 0.0740203857421875
[2026-09-10T16:20:05.159] [INFO] debug-file - UP-TO-DATE :entry:default@DoNativeStrip...  
[2026-09-10T16:20:05.160] [DEBUG] debug-file - Executing task :entry:default@CompileArkTS
[2026-09-10T16:20:05.161] [DEBUG] debug-file - obfuscationOptions: undefined
[2026-09-10T16:20:05.162] [DEBUG] debug-file - Task 'entry:default@CompileArkTS' cost while wrapping incremental declarations: 1 ms 
[2026-09-10T16:20:05.172] [DEBUG] debug-file - Incremental task entry:default@CompileArkTS pre-execution cost: 8 ms .
[2026-09-10T16:20:05.172] [DEBUG] debug-file - entry : default@CompileArkTS cost memory 0.6253509521484375
[2026-09-10T16:20:05.175] [INFO] debug-file - UP-TO-DATE :entry:default@CompileArkTS...  
[2026-09-10T16:20:05.176] [DEBUG] debug-file - Executing task :entry:default@BuildJS
[2026-09-10T16:20:05.176] [DEBUG] debug-file - Task 'entry:default@BuildJS' cost while wrapping incremental declarations: 1 ms 
[2026-09-10T16:20:05.179] [DEBUG] debug-file - entry : default@BuildJS cost memory 0.11765289306640625
[2026-09-10T16:20:05.179] [DEBUG] debug-file - runTaskFromQueue task cost before running: 303 ms 
[2026-09-10T16:20:05.179] [INFO] debug-file - Finished :entry:default@BuildJS... after 3 ms 
[2026-09-10T16:20:05.180] [DEBUG] debug-file - Executing task :entry:default@CacheNativeLibs
[2026-09-10T16:20:05.180] [DEBUG] debug-file - File: 'D:\HW\testproject\complete\3\entry\build\default\intermediates\binxo\default' from 'cacheBinxoNativeLibs' is not exists, just ignore.
[2026-09-10T16:20:05.180] [DEBUG] debug-file - Task 'entry:default@CacheNativeLibs' cost while wrapping incremental declarations: 1 ms 
[2026-09-10T16:20:05.181] [DEBUG] debug-file - Incremental task entry:default@CacheNativeLibs pre-execution cost: 1 ms .
[2026-09-10T16:20:05.181] [DEBUG] debug-file - entry : default@CacheNativeLibs cost memory 0.0845184326171875
[2026-09-10T16:20:05.182] [INFO] debug-file - UP-TO-DATE :entry:default@CacheNativeLibs...  
[2026-09-10T16:20:05.183] [DEBUG] debug-file - Executing task :entry:default@GeneratePkgModuleJson
[2026-09-10T16:20:05.184] [DEBUG] debug-file - File: 'D:\HW\testproject\complete\3\entry\build\default\intermediates\preload\default\preload.json' from 'preloadSoJsonPath' is not exists, just ignore.
[2026-09-10T16:20:05.184] [DEBUG] debug-file - Error occurs while handling @Input 'shouldDeduplicateHar': The "data" argument must be of type string or an instance of Buffer, TypedArray, or DataView. Received undefined
[2026-09-10T16:20:05.184] [DEBUG] debug-file - Task 'entry:default@GeneratePkgModuleJson' cost while wrapping incremental declarations: 1 ms 
[2026-09-10T16:20:05.185] [DEBUG] debug-file - Incremental task entry:default@GeneratePkgModuleJson pre-execution cost: 1 ms .
[2026-09-10T16:20:05.185] [DEBUG] debug-file - entry : default@GeneratePkgModuleJson cost memory 0.0822601318359375
[2026-09-10T16:20:05.185] [INFO] debug-file - UP-TO-DATE :entry:default@GeneratePkgModuleJson...  
[2026-09-10T16:20:05.186] [DEBUG] debug-file - Executing task :entry:default@ProcessCompiledResources
[2026-09-10T16:20:05.187] [DEBUG] debug-file - File: 'D:\HW\testproject\complete\3\entry\build\default\intermediates\preload\default\preload.json' from 'preloadSoJsonPath' is not exists, just ignore.
[2026-09-10T16:20:05.187] [DEBUG] debug-file - Task 'entry:default@ProcessCompiledResources' cost while wrapping incremental declarations: 1 ms 
[2026-09-10T16:20:05.187] [DEBUG] debug-file - entry : default@ProcessCompiledResources cost memory 0.050018310546875
[2026-09-10T16:20:05.187] [DEBUG] debug-file - runTaskFromQueue task cost before running: 312 ms 
[2026-09-10T16:20:05.187] [INFO] debug-file - Finished :entry:default@ProcessCompiledResources... after 1 ms 
[2026-09-10T16:20:05.189] [DEBUG] debug-file - Executing task :entry:default@PackageHap
[2026-09-10T16:20:05.195] [DEBUG] debug-file - Incremental task entry:default@PackageHap pre-execution cost: 6 ms .
[2026-09-10T16:20:05.195] [DEBUG] debug-file - entry : default@PackageHap cost memory 0.27332305908203125
[2026-09-10T16:20:05.198] [INFO] debug-file - UP-TO-DATE :entry:default@PackageHap...  
[2026-09-10T16:20:05.199] [DEBUG] debug-file - Executing task :entry:default@PackingCheck
[2026-09-10T16:20:05.205] [DEBUG] debug-file - entry : default@PackingCheck cost memory -3.0192794799804688
[2026-09-10T16:20:05.205] [DEBUG] debug-file - runTaskFromQueue task cost before running: 330 ms 
[2026-09-10T16:20:05.206] [INFO] debug-file - Finished :entry:default@PackingCheck... after 7 ms 
[2026-09-10T16:20:05.207] [DEBUG] debug-file - Executing task :entry:default@SignHap
[2026-09-10T16:20:05.207] [WARN] debug-file - Will skip sign 'hos_hap'. No signingConfigs profile is configured in current project.
             If needed, configure the signingConfigs in D:\HW\testproject\complete\3\build-profile.json5.
[2026-09-10T16:20:05.208] [DEBUG] debug-file - entry:default@SignHap is not up-to-date, since the output file 'D:\HW\testproject\complete\3\entry\build\default\outputs\default\entry-default-signed.hap' does not exist.
[2026-09-10T16:20:05.208] [DEBUG] debug-file - Incremental task entry:default@SignHap pre-execution cost: 1 ms .
[2026-09-10T16:20:05.209] [DEBUG] debug-file - entry : default@SignHap cost memory 0.071441650390625
[2026-09-10T16:20:05.209] [DEBUG] debug-file - runTaskFromQueue task cost before running: 333 ms 
[2026-09-10T16:20:05.209] [INFO] debug-file - Finished :entry:default@SignHap... after 2 ms 
[2026-09-10T16:20:05.210] [DEBUG] debug-file - Executing task :entry:default@CollectDebugSymbol
[2026-09-10T16:20:05.211] [DEBUG] debug-file - entry : default@CollectDebugSymbol cost memory 0.077117919921875
[2026-09-10T16:20:05.211] [DEBUG] debug-file - runTaskFromQueue task cost before running: 335 ms 
[2026-09-10T16:20:05.211] [INFO] debug-file - Finished :entry:default@CollectDebugSymbol... after 2 ms 
[2026-09-10T16:20:05.211] [DEBUG] debug-file - Executing task :entry:assembleHap
[2026-09-10T16:20:05.211] [DEBUG] debug-file - entry : assembleHap cost memory 0.01220703125
[2026-09-10T16:20:05.212] [DEBUG] debug-file - runTaskFromQueue task cost before running: 336 ms 
[2026-09-10T16:20:05.212] [INFO] debug-file - Finished :entry:assembleHap... after 1 ms 
[2026-09-10T16:20:05.212] [DEBUG] debug-file - Executing task ::MakeProjectPackInfo
[2026-09-10T16:20:05.214] [DEBUG] debug-file - Task ':MakeProjectPackInfo' cost while wrapping incremental declarations: 1 ms 
[2026-09-10T16:20:05.215] [DEBUG] debug-file - Incremental task :MakeProjectPackInfo pre-execution cost: 1 ms .
[2026-09-10T16:20:05.215] [DEBUG] debug-file - 3 : MakeProjectPackInfo cost memory 0.136627197265625
[2026-09-10T16:20:05.215] [INFO] debug-file - UP-TO-DATE ::MakeProjectPackInfo...  
[2026-09-10T16:20:05.215] [DEBUG] debug-file - Executing task ::ProcessProjectPrivacyProfile
[2026-09-10T16:20:05.219] [DEBUG] debug-file - Incremental task :ProcessProjectPrivacyProfile pre-execution cost: 2 ms .
[2026-09-10T16:20:05.219] [DEBUG] debug-file - 3 : ProcessProjectPrivacyProfile cost memory 0.078460693359375
[2026-09-10T16:20:05.220] [INFO] debug-file - UP-TO-DATE ::ProcessProjectPrivacyProfile...  
[2026-09-10T16:20:05.220] [DEBUG] debug-file - Executing task ::GeneratePackRes
[2026-09-10T16:20:05.221] [DEBUG] debug-file - Incremental task :GeneratePackRes pre-execution cost: 1 ms .
[2026-09-10T16:20:05.221] [DEBUG] debug-file - 3 : GeneratePackRes cost memory 0.03980255126953125
[2026-09-10T16:20:05.221] [INFO] debug-file - UP-TO-DATE ::GeneratePackRes...  
[2026-09-10T16:20:05.222] [DEBUG] debug-file - Executing task ::PackageApp
[2026-09-10T16:20:05.225] [DEBUG] debug-file - Task ':PackageApp' cost while wrapping incremental declarations: 1 ms 
[2026-09-10T16:20:05.227] [DEBUG] debug-file - :PackageApp is not up-to-date, since the output file 'D:\HW\testproject\complete\3\build\outputs\default\symbol\debug' does not exist.
[2026-09-10T16:20:05.228] [DEBUG] debug-file - Incremental task :PackageApp pre-execution cost: 2 ms .
[2026-09-10T16:20:05.233] [DEBUG] debug-file - Use tool [PackageApp]
 [
  'java',
  '-Dfile.encoding=GBK',
  '-jar',
  'E:\\DevEco Studio\\sdk\\default\\openharmony\\toolchains\\lib\\app_packing_tool.jar',
  '--mode',
  'app',
  '--pack-info-path',
  'D:\\HW\\testproject\\complete\\3\\build\\outputs\\default\\pack.info',
  '--hap-path',
  'D:\\HW\\testproject\\complete\\3\\entry\\build\\default\\outputs\\default\\app\\entry-default.hap',
  '--hsp-path',
  '',
  '--force',
  'true',
  '--out-path',
  'D:\\HW\\testproject\\complete\\3\\build\\outputs\\default\\3-default-unsigned.app',
  '--main-module-limit',
  '2',
  '--normal-module-limit',
  '2',
  '--pac-json-path',
  'D:\\HW\\testproject\\complete\\3\\build\\outputs\\default\\pac.json'
]
[2026-09-10T16:20:05.234] [DEBUG] debug-file - current process  memoryUsage: {
  rss: 316334080,
  heapTotal: 138940416,
  heapUsed: 125427632,
  external: 3976427,
  arrayBuffers: 47584
} os memoryUsage :14.539081573486328
[2026-09-10T16:20:06.329] [DEBUG] debug-file - 3 : PackageApp cost memory 0.3699188232421875
[2026-09-10T16:20:06.330] [DEBUG] debug-file - runTaskFromQueue task cost before running: 1 s 454 ms 
[2026-09-10T16:20:06.330] [INFO] debug-file - Finished ::PackageApp... after 1 s 108 ms 
[2026-09-10T16:20:06.330] [DEBUG] debug-file - Executing task ::SignPackagesFromApp
[2026-09-10T16:20:06.331] [DEBUG] debug-file - :SignPackagesFromApp is not up-to-date, since the input file 'D:\HW\testproject\complete\3\build\outputs\default\3-default-unsigned.app' has been changed.
[2026-09-10T16:20:06.331] [DEBUG] debug-file - Incremental task :SignPackagesFromApp pre-execution cost: 1 ms .
[2026-09-10T16:20:06.331] [DEBUG] debug-file - 3 : SignPackagesFromApp cost memory 0.04866790771484375
[2026-09-10T16:20:06.332] [DEBUG] debug-file - runTaskFromQueue task cost before running: 1 s 456 ms 
[2026-09-10T16:20:06.332] [INFO] debug-file - Finished ::SignPackagesFromApp... after 2 ms 
[2026-09-10T16:20:06.332] [DEBUG] debug-file - Executing task ::SignApp
[2026-09-10T16:20:06.332] [DEBUG] debug-file - signingConfigName of signApp is :  undefined
[2026-09-10T16:20:06.332] [WARN] debug-file - Will skip sign 'app'. No signingConfigs profile is configured in current project.
             If needed, configure the signingConfigs in D:\HW\testproject\complete\3\build-profile.json5.
[2026-09-10T16:20:06.333] [DEBUG] debug-file - :SignApp is not up-to-date, since the input file 'D:\HW\testproject\complete\3\build\outputs\default\3-default-unsigned.app' has been changed.
[2026-09-10T16:20:06.333] [DEBUG] debug-file - Incremental task :SignApp pre-execution cost: 1 ms .
[2026-09-10T16:20:06.334] [DEBUG] debug-file - 3 : SignApp cost memory 0.1082916259765625
[2026-09-10T16:20:06.334] [DEBUG] debug-file - runTaskFromQueue task cost before running: 1 s 458 ms 
[2026-09-10T16:20:06.334] [INFO] debug-file - Finished ::SignApp... after 2 ms 
[2026-09-10T16:20:06.334] [DEBUG] debug-file - Executing task ::assembleApp
[2026-09-10T16:20:06.334] [DEBUG] debug-file - 3 : assembleApp cost memory 0.01215362548828125
[2026-09-10T16:20:06.334] [DEBUG] debug-file - runTaskFromQueue task cost before running: 1 s 458 ms 
[2026-09-10T16:20:06.334] [INFO] debug-file - Finished ::assembleApp... after 1 ms 
[2026-09-10T16:20:06.335] [INFO] debug-file - BUILD SUCCESSFUL in 1 s 459 ms 
[2026-09-10T16:20:06.335] [DEBUG] debug-file - There is no need to refresh cache, since the incremental task entry:default@PreBuild is up-to-date.
[2026-09-10T16:20:06.335] [DEBUG] debug-file - Update task entry:default@CreateModuleInfo output file:D:\HW\testproject\complete\3\entry\build\default\generated\profile\default\ModuleInfo.ts cache.
[2026-09-10T16:20:06.335] [DEBUG] debug-file - Incremental task entry:default@CreateModuleInfo post-execution cost:1 ms .
[2026-09-10T16:20:06.335] [DEBUG] debug-file - There is no need to refresh cache, since the incremental task entry:default@GenerateMetadata is up-to-date.
[2026-09-10T16:20:06.336] [DEBUG] debug-file - There is no need to refresh cache, since the incremental task entry:default@MergeProfile is up-to-date.
[2026-09-10T16:20:06.336] [DEBUG] debug-file - There is no need to refresh cache, since the incremental task entry:default@CreateBuildProfile is up-to-date.
[2026-09-10T16:20:06.336] [DEBUG] debug-file - There is no need to refresh cache, since the incremental task entry:default@GeneratePkgContextInfo is up-to-date.
[2026-09-10T16:20:06.336] [DEBUG] debug-file - Update task entry:default@GeneratePkgSdkInfo output file:D:\HW\testproject\complete\3\entry\build\default\intermediates\loader\default\pkgSdkInfo.json cache.
[2026-09-10T16:20:06.336] [DEBUG] debug-file - Incremental task entry:default@GeneratePkgSdkInfo post-execution cost:1 ms .
[2026-09-10T16:20:06.336] [DEBUG] debug-file - Update task entry:default@ProcessIntegratedHsp output file:D:\HW\testproject\complete\3\build\cache\default\integrated_hsp\integratedHspCache.json cache.
[2026-09-10T16:20:06.336] [DEBUG] debug-file - Incremental task entry:default@ProcessIntegratedHsp post-execution cost:1 ms .
[2026-09-10T16:20:06.336] [DEBUG] debug-file - There is no need to refresh cache, since the incremental task entry:default@MakePackInfo is up-to-date.
[2026-09-10T16:20:06.336] [DEBUG] debug-file - Update task entry:default@SyscapTransform input file:E:\DevEco Studio\sdk\default\openharmony\toolchains\syscap_tool.exe cache by regenerate.
[2026-09-10T16:20:06.337] [DEBUG] debug-file - Update task entry:default@SyscapTransform input file:E:\DevEco Studio\sdk\default\openharmony\ets\api\device-define cache by regenerate.
[2026-09-10T16:20:06.338] [DEBUG] debug-file - Update task entry:default@SyscapTransform output file:D:\HW\testproject\complete\3\entry\build\default\intermediates\syscap\default\rpcid.sc cache.
[2026-09-10T16:20:06.338] [DEBUG] debug-file - Incremental task entry:default@SyscapTransform post-execution cost:2 ms .
[2026-09-10T16:20:06.338] [DEBUG] debug-file - There is no need to refresh cache, since the incremental task entry:default@ProcessProfile is up-to-date.
[2026-09-10T16:20:06.338] [DEBUG] debug-file - There is no need to refresh cache, since the incremental task entry:default@ProcessRouterMap is up-to-date.
[2026-09-10T16:20:06.338] [DEBUG] debug-file - There is no need to refresh cache, since the incremental task entry:default@ProcessShareConfig is up-to-date.
[2026-09-10T16:20:06.338] [DEBUG] debug-file - Update task entry:default@ProcessStartupConfig input file:D:\HW\testproject\complete\3\entry\build\default\intermediates\loader\default\pkgContextInfo.json cache by regenerate.
[2026-09-10T16:20:06.339] [DEBUG] debug-file - Update task entry:default@ProcessStartupConfig output file:D:\HW\testproject\complete\3\entry\build\default\intermediates\startup\default\startup_config.json cache.
[2026-09-10T16:20:06.339] [DEBUG] debug-file - Incremental task entry:default@ProcessStartupConfig post-execution cost:1 ms .
[2026-09-10T16:20:06.339] [DEBUG] debug-file - There is no need to refresh cache, since the incremental task entry:default@ProcessResource is up-to-date.
[2026-09-10T16:20:06.339] [DEBUG] debug-file - There is no need to refresh cache, since the incremental task entry:default@GenerateLoaderJson is up-to-date.
[2026-09-10T16:20:06.339] [DEBUG] debug-file - There is no need to refresh cache, since the incremental task entry:default@ProcessLibs is up-to-date.
[2026-09-10T16:20:06.339] [DEBUG] debug-file - There is no need to refresh cache, since the incremental task entry:default@CompileResource is up-to-date.
[2026-09-10T16:20:06.339] [DEBUG] debug-file - There is no need to refresh cache, since the incremental task entry:default@DoNativeStrip is up-to-date.
[2026-09-10T16:20:06.339] [DEBUG] debug-file - There is no need to refresh cache, since the incremental task entry:default@CompileArkTS is up-to-date.
[2026-09-10T16:20:06.340] [DEBUG] debug-file - Update task entry:default@BuildJS input file:D:\HW\testproject\complete\3\entry\build\default\intermediates\loader\default cache by regenerate.
[2026-09-10T16:20:06.341] [DEBUG] debug-file - Update task entry:default@BuildJS input file:D:\HW\testproject\complete\3\entry\build\default\intermediates\res\default\resources\rawfile cache by regenerate.
[2026-09-10T16:20:06.341] [DEBUG] debug-file - Update task entry:default@BuildJS input file:D:\HW\testproject\complete\3\entry\build\default\intermediates\res\default\ResourceTable.txt cache by regenerate.
[2026-09-10T16:20:06.341] [DEBUG] debug-file - Update task entry:default@BuildJS input file:D:\HW\testproject\complete\3\entry\build\default\intermediates\res\default\ark_module.json cache by regenerate.
[2026-09-10T16:20:06.342] [DEBUG] debug-file - Update task entry:default@BuildJS input file:D:\HW\testproject\complete\3\entry\build\default\intermediates\res\default\resources\base\profile cache by regenerate.
[2026-09-10T16:20:06.342] [DEBUG] debug-file - Update task entry:default@BuildJS input file:D:\HW\testproject\complete\3\entry\build\default\intermediates\loader\default\pkgContextInfo.json cache by regenerate.
[2026-09-10T16:20:06.342] [DEBUG] debug-file - Update task entry:default@BuildJS output file:D:\HW\testproject\complete\3\entry\build\default\intermediates\loader_out\default\js cache.
[2026-09-10T16:20:06.342] [DEBUG] debug-file - Incremental task entry:default@BuildJS post-execution cost:4 ms .
[2026-09-10T16:20:06.343] [DEBUG] debug-file - There is no need to refresh cache, since the incremental task entry:default@CacheNativeLibs is up-to-date.
[2026-09-10T16:20:06.343] [DEBUG] debug-file - There is no need to refresh cache, since the incremental task entry:default@GeneratePkgModuleJson is up-to-date.
[2026-09-10T16:20:06.343] [DEBUG] debug-file - Incremental task entry:default@ProcessCompiledResources post-execution cost:1 ms .
[2026-09-10T16:20:06.343] [DEBUG] debug-file - There is no need to refresh cache, since the incremental task entry:default@PackageHap is up-to-date.
[2026-09-10T16:20:06.343] [DEBUG] debug-file - Update task entry:default@SignHap input file:D:\HW\testproject\complete\3\entry\build\default\outputs\default\entry-default-unsigned.hap cache by regenerate.
[2026-09-10T16:20:06.343] [DEBUG] debug-file - Update task entry:default@SignHap output file:D:\HW\testproject\complete\3\entry\build\default\outputs\default\entry-default-signed.hap cache.
[2026-09-10T16:20:06.343] [DEBUG] debug-file - Incremental task entry:default@SignHap post-execution cost:1 ms .
[2026-09-10T16:20:06.344] [DEBUG] debug-file - Update task entry:default@CollectDebugSymbol input file:D:\HW\testproject\complete\3\entry\build\default\intermediates\loader_out\default\ets\sourceMaps.map cache by regenerate.
[2026-09-10T16:20:06.344] [DEBUG] debug-file - Update task entry:default@CollectDebugSymbol input file:D:\HW\testproject\complete\3\entry\build\default\intermediates\libs\default cache by regenerate.
[2026-09-10T16:20:06.345] [DEBUG] debug-file - Update task entry:default@CollectDebugSymbol output file:D:\HW\testproject\complete\3\entry\build\default\outputs\default\symbol cache.
[2026-09-10T16:20:06.345] [DEBUG] debug-file - Incremental task entry:default@CollectDebugSymbol post-execution cost:2 ms .
[2026-09-10T16:20:06.345] [DEBUG] debug-file - There is no need to refresh cache, since the incremental task :MakeProjectPackInfo is up-to-date.
[2026-09-10T16:20:06.345] [DEBUG] debug-file - There is no need to refresh cache, since the incremental task :ProcessProjectPrivacyProfile is up-to-date.
[2026-09-10T16:20:06.345] [DEBUG] debug-file - There is no need to refresh cache, since the incremental task :GeneratePackRes is up-to-date.
[2026-09-10T16:20:06.345] [DEBUG] debug-file - Update task :PackageApp input file:D:\HW\testproject\complete\3\build\outputs\default\pack.info cache by regenerate.
[2026-09-10T16:20:06.345] [DEBUG] debug-file - Update task :PackageApp input file:D:\HW\testproject\complete\3\entry\build\default\outputs\default\entry-default-unsigned.hap cache by regenerate.
[2026-09-10T16:20:06.345] [DEBUG] debug-file - Update task :PackageApp input file:D:\HW\testproject\complete\3\build\outputs\default\pac.json cache by regenerate.
[2026-09-10T16:20:06.346] [DEBUG] debug-file - Update task :PackageApp output file:D:\HW\testproject\complete\3\build\outputs\default\3-default-unsigned.app cache.
[2026-09-10T16:20:06.346] [DEBUG] debug-file - Update task :PackageApp output file:D:\HW\testproject\complete\3\entry\build\default\outputs\default\app\entry-default.hap cache.
[2026-09-10T16:20:06.346] [DEBUG] debug-file - Update task :PackageApp output file:D:\HW\testproject\complete\3\build\outputs\default\symbol\debug cache.
[2026-09-10T16:20:06.346] [DEBUG] debug-file - Incremental task :PackageApp post-execution cost:2 ms .
[2026-09-10T16:20:06.346] [DEBUG] debug-file - Update task :SignPackagesFromApp input file:D:\HW\testproject\complete\3\build\outputs\default\3-default-unsigned.app cache from map.
[2026-09-10T16:20:06.347] [DEBUG] debug-file - Incremental task :SignPackagesFromApp post-execution cost:1 ms .
[2026-09-10T16:20:06.347] [DEBUG] debug-file - Update task :SignApp input file:D:\HW\testproject\complete\3\build\outputs\default\3-default-unsigned.app cache from map.
[2026-09-10T16:20:06.347] [DEBUG] debug-file - Update task :SignApp output file:D:\HW\testproject\complete\3\build\outputs\default\3-default-signed.app cache.
[2026-09-10T16:20:06.347] [DEBUG] debug-file - Incremental task :SignApp post-execution cost:1 ms .
[2026-09-10T16:20:06.360] [DEBUG] debug-file - hvigor build process will be closed.
[2026-09-10T16:20:06.371] [DEBUG] debug-file - session manager: send message to worker process. WorkerThreadId: 0, data: {"type":"hvigor_failed","reason":"Server has disconnected."}
[2026-09-10T16:20:06.372] [DEBUG] debug-file - session manager: send message to worker process. WorkerThreadId: 0, data: {"type":"CloseWatch","reason":"Server has disconnected."}
[2026-09-10T16:20:06.371] [DEBUG] debug-file - watch worker: worker id should be larger than 0. Nothing will be sent to any worker thread.
[2026-09-10T16:20:06.371] [DEBUG] debug-file - ABORT_WORK sent to workers.
[2026-09-10T16:20:06.372] [DEBUG] debug-file - watch worker: worker id should be larger than 0. Nothing will be sent to any worker thread.
