[2026-09-11T12:23:08.511] [DEBUG] debug-file - env: nodejsVersion=v24.14.1
[2026-09-11T12:23:08.946] [DEBUG] debug-file - Hvigor init with startParameters:{
  hvigorfileTypeCheck: false,
  parallelExecution: true,
  incrementalExecution: true,
  printStackTrace: false,
  daemon: false,
  analyze: 0,
  logLevel: Level { level: 20000, levelStr: 'INFO', colour: 'green' },
  optimizationStrategy: 'memory',
  hotCompile: undefined,
  hotReloadBuild: undefined,
  customizedParam: undefined
}
[2026-09-11T12:23:11.840] [DEBUG] debug-file - hvigorfile, require result:  { default: { system: [Function: appTasks], plugins: [] } }
[2026-09-11T12:23:11.841] [DEBUG] debug-file - Starting plugin build process
[2026-09-11T12:23:12.159] [DEBUG] debug-file - App plugin register hook start...
[2026-09-11T12:23:12.165] [DEBUG] debug-file - Obtain build option for product 'default'in this build.
[2026-09-11T12:23:12.190] [DEBUG] debug-file - Start recording SDK configuration permission data.
[2026-09-11T12:23:12.282] [DEBUG] debug-file - Project task initialization takes 10 ms 
[2026-09-11T12:23:12.291] [DEBUG] debug-file - failed to load cangjie to dynamically generate schemas: Error: Cannot find module '@ohos/cangjie-build-support/index'
Require stack:
- E:\DevEco Studio\tools\hvigor\hvigor-ohos-plugin\src\plugin\hooks\cangjie-register.js
- E:\DevEco Studio\tools\hvigor\hvigor-ohos-plugin\src\plugin\strategy\stage-init-strategy.js
- E:\DevEco Studio\tools\hvigor\hvigor-ohos-plugin\src\plugin\builder\abstract-plugin-builder.js
- E:\DevEco Studio\tools\hvigor\hvigor-ohos-plugin\src\plugin\builder\app-plugin-builder.js
- E:\DevEco Studio\tools\hvigor\hvigor-ohos-plugin\src\plugin\factory\plugin-factory.js
- E:\DevEco Studio\tools\hvigor\hvigor-ohos-plugin\index.js
- D:\HW\testproject\complete\7\hvigorfile.ts
- E:\DevEco Studio\tools\hvigor\hvigor\src\base\internal\lifecycle\configuration.js
- E:\DevEco Studio\tools\hvigor\hvigor\src\base\boot\index.js
- E:\DevEco Studio\tools\hvigor\hvigor\src\cli\main\cli.js
- E:\DevEco Studio\tools\hvigor\hvigor\bin\hvigor.js
[2026-09-11T12:23:12.318] [DEBUG] debug-file - Start initialize module-target build option map, moduleName=entry, buildMode=debug
[2026-09-11T12:23:12.353] [DEBUG] debug-file - Start to initialize dependency information.
[2026-09-11T12:23:12.332] [DEBUG] debug-file - start to load updatedOhPackageInfo to the disk
[2026-09-11T12:23:08.512] [DEBUG] debug-file - env: hvigor-config.json5 content = {
  modelVersion: '6.0.1',
  dependencies: {},
  execution: {},
  logging: {},
  debugging: {},
  nodeOptions: {}
}
[2026-09-11T12:23:12.329] [DEBUG] debug-file - project has submodules:entry
[2026-09-11T12:23:12.365] [DEBUG] debug-file - entry : clean cost memory 0.16156005859375
[2026-09-11T12:23:08.946] [DEBUG] debug-file - Since current hvigor version 6.26.4 differs from last hvigor version 
      undefined, delete file-cache.json and task-cache.json.
[2026-09-11T12:23:12.408] [DEBUG] debug-file - Create  resident worker with id: 0.
[2026-09-11T12:23:11.840] [DEBUG] debug-file - hvigorfile, binding system plugins [Function: appTasks]
[2026-09-11T12:23:11.841] [DEBUG] debug-file - App plugin prepare start...
[2026-09-11T12:23:12.159] [DEBUG] debug-file - App plugin register hook end...
[2026-09-11T12:23:12.173] [DEBUG] debug-file - No signingConfig found, initRemoteHspCache failed.
[2026-09-11T12:23:12.271] [DEBUG] debug-file - Sdk init in 96 ms 
[2026-09-11T12:23:12.283] [DEBUG] debug-file - hvigorfile, begin to bind custom plugins...
[2026-09-11T12:23:12.318] [DEBUG] debug-file - Target 'default' config initialized
[2026-09-11T12:23:12.355] [DEBUG] debug-file - Module entry Collected Dependency: 
[2026-09-11T12:23:12.339] [DEBUG] debug-file - load to the disk finished
[2026-09-11T12:23:08.514] [DEBUG] debug-file - env: daemon=false
[2026-09-11T12:23:12.365] [DEBUG] debug-file - runTaskFromQueue task cost before running: 3 s 434 ms 
[2026-09-11T12:23:08.947] [DEBUG] debug-file - Cache service initialization finished in 1 ms 
[2026-09-11T12:23:12.411] [DEBUG] debug-file - Create  resident worker with id: 1.
[2026-09-11T12:23:11.842] [DEBUG] debug-file - App plugin prepare end...
[2026-09-11T12:23:12.159] [DEBUG] debug-file - Plugin build process completed
[2026-09-11T12:23:12.177] [DEBUG] debug-file - Local scan or download HarmonyOS sdk components toolchains,ets,js,native,previewer
[2026-09-11T12:23:12.283] [DEBUG] debug-file - hvigorfile, no custom plugins were found in D:\HW\testproject\complete\7\hvigorfile.ts
[2026-09-11T12:23:12.319] [DEBUG] debug-file - Target 'ohosTest' config initialized
[2026-09-11T12:23:12.355] [DEBUG] debug-file - Module entry's total dependency: 0
[2026-09-11T12:23:12.341] [DEBUG] debug-file - Start to initialize dependency information.
[2026-09-11T12:23:08.515] [DEBUG] debug-file - no-daemon, use the parent process.execArgv --max-old-space-size=8192,--max-semi-space-size=16,--expose-gc
[2026-09-11T12:23:12.366] [INFO] debug-file - Finished :entry:clean... after 3 ms 
[2026-09-11T12:23:08.949] [DEBUG] debug-file - hvigorfile, resolving D:\HW\testproject\complete\7\hvigorfile.ts
[2026-09-11T12:23:12.414] [DEBUG] debug-file - Current worker pool is stopped or closed.
[2026-09-11T12:23:11.842] [DEBUG] debug-file - App plugin creating...
[2026-09-11T12:23:12.161] [DEBUG] debug-file - Start initialize project's product build option map with build mode debug.
[2026-09-11T12:23:12.185] [DEBUG] debug-file - Local scan or download hmscore sdk components toolchains,ets,native
[2026-09-11T12:23:12.283] [DEBUG] debug-file - hvigorfile, resolve finished D:\HW\testproject\complete\7\hvigorfile.ts
[2026-09-11T12:23:12.360] [DEBUG] debug-file - Configuration phase cost:3 s 413 ms 
[2026-09-11T12:23:12.319] [DEBUG] debug-file - Module 'entry' target 'default' build option initialized
[2026-09-11T12:23:12.352] [DEBUG] debug-file - Module 7 Collected Dependency: 
[2026-09-11T12:23:12.367] [DEBUG] debug-file - Executing task ::clean
[2026-09-11T12:23:12.161] [DEBUG] debug-file - Picking option from product 'default' with build mode 'debug'.
[2026-09-11T12:23:12.414] [DEBUG] debug-file - Clear worker 0.
[2026-09-11T12:23:12.285] [DEBUG] debug-file - hvigorfile, resolving D:\HW\testproject\complete\7\entry\hvigorfile.ts
[2026-09-11T12:23:12.319] [DEBUG] debug-file - Module 'entry' target 'ohosTest' build option initialized
[2026-09-11T12:23:12.362] [DEBUG] debug-file - Configuration task cost before running: 3 s 431 ms 
[2026-09-11T12:23:12.352] [DEBUG] debug-file - Module 7's total dependency: 0
[2026-09-11T12:23:12.415] [DEBUG] debug-file - Clear worker 1.
[2026-09-11T12:23:12.161] [DEBUG] debug-file - Product 'default' build option initialized
[2026-09-11T12:23:12.367] [DEBUG] debug-file - clean: Worker pool is inactive.
[2026-09-11T12:23:12.290] [DEBUG] debug-file - hvigorfile, require result:  { default: { system: [Function: hapTasks], plugins: [] } }
[2026-09-11T12:23:12.319] [DEBUG] debug-file - End initialize module-target build option map, moduleName=entry
[2026-09-11T12:23:12.363] [DEBUG] debug-file - Executing task :entry:clean
[2026-09-11T12:23:12.416] [DEBUG] debug-file - hvigor build process will be closed.
[2026-09-11T12:23:12.367] [DEBUG] debug-file - 7 : clean cost memory 0.0244140625
[2026-09-11T12:23:12.161] [DEBUG] debug-file - End initialize project's product build option map with build mode 'debug'.
[2026-09-11T12:23:12.290] [DEBUG] debug-file - hvigorfile, binding system plugins [Function: hapTasks]
[2026-09-11T12:23:12.319] [DEBUG] debug-file - Start initialize module-target build option map, moduleName=entry, buildMode=release
[2026-09-11T12:23:12.364] [DEBUG] debug-file - clean: Worker pool is inactive.
[2026-09-11T12:23:12.437] [DEBUG] debug-file - worker[0] exits with exit code 0.
[2026-09-11T12:23:12.367] [DEBUG] debug-file - runTaskFromQueue task cost before running: 3 s 436 ms 
[2026-09-11T12:23:12.290] [DEBUG] debug-file - Starting plugin build process
[2026-09-11T12:23:12.319] [DEBUG] debug-file - Target 'default' config initialized
[2026-09-11T12:23:12.438] [DEBUG] debug-file - worker[1] exits with exit code 0.
[2026-09-11T12:23:12.367] [INFO] debug-file - Finished ::clean... after 1 ms 
[2026-09-11T12:23:12.290] [DEBUG] debug-file - Hap plugin creating...
[2026-09-11T12:23:12.319] [DEBUG] debug-file - Target 'ohosTest' config initialized
[2026-09-11T12:23:12.438] [DEBUG] debug-file - Worker 0 has been cleared.
[2026-09-11T12:23:12.367] [DEBUG] debug-file - Executing task :entry:init
[2026-09-11T12:23:12.438] [DEBUG] debug-file - Current idle worker size: 0.
[2026-09-11T12:23:12.320] [DEBUG] debug-file - Module 'entry' target 'default' build option initialized
[2026-09-11T12:23:12.368] [DEBUG] debug-file - entry : init cost memory 0.019287109375
[2026-09-11T12:23:12.439] [DEBUG] debug-file - Current busy worker size: 0.
[2026-09-11T12:23:12.320] [DEBUG] debug-file - Module 'entry' target 'ohosTest' build option initialized
[2026-09-11T12:23:12.368] [DEBUG] debug-file - runTaskFromQueue task cost before running: 3 s 437 ms 
[2026-09-11T12:23:12.439] [DEBUG] debug-file - Worker 1 has been cleared.
[2026-09-11T12:23:12.320] [DEBUG] debug-file - End initialize module-target build option map, moduleName=entry
[2026-09-11T12:23:12.368] [INFO] debug-file - Finished :entry:init... after 1 ms 
[2026-09-11T12:23:12.439] [DEBUG] debug-file - Current idle worker size: 0.
[2026-09-11T12:23:12.320] [DEBUG] debug-file - Start initialize module-target build option map, moduleName=entry, buildMode=debug
[2026-09-11T12:23:12.439] [DEBUG] debug-file - Current busy worker size: 0.
[2026-09-11T12:23:12.369] [DEBUG] debug-file - Executing task ::init
[2026-09-11T12:23:12.320] [DEBUG] debug-file - Target 'default' config initialized
[2026-09-11T12:23:12.369] [DEBUG] debug-file - 7 : init cost memory 0.0159912109375
[2026-09-11T12:23:12.320] [DEBUG] debug-file - Target 'ohosTest' config initialized
[2026-09-11T12:23:12.369] [DEBUG] debug-file - runTaskFromQueue task cost before running: 3 s 438 ms 
[2026-09-11T12:23:12.321] [DEBUG] debug-file - Module 'entry' target 'default' build option initialized
[2026-09-11T12:23:12.369] [INFO] debug-file - Finished ::init... after 1 ms 
[2026-09-11T12:23:12.321] [DEBUG] debug-file - Module 'entry' target 'ohosTest' build option initialized
[2026-09-11T12:23:12.371] [DEBUG] debug-file - Obtain build option for module 'entry' target 'default'in this build.
[2026-09-11T12:23:12.321] [DEBUG] debug-file - End initialize module-target build option map, moduleName=entry
[2026-09-11T12:23:12.372] [DEBUG] debug-file - Obtain build option for module 'entry' target 'ohosTest'in this build.
[2026-09-11T12:23:12.322] [DEBUG] debug-file - Obtain build option for module 'entry' target 'default'in this build.
[2026-09-11T12:23:12.402] [DEBUG] debug-file - Since there is no instance or instance is terminated, create a new worker pool.
[2026-09-11T12:23:12.328] [DEBUG] debug-file - Module entry task initialization takes 5 ms 
[2026-09-11T12:23:12.403] [DEBUG] debug-file - Worker pool is initialized with config:  {
  minPoolNum: 2,
  maxPoolNum: undefined,
  maxCoreSize: undefined,
  cacheCapacity: undefined,
  cacheTtl: undefined
}
[2026-09-11T12:23:12.328] [DEBUG] debug-file - Hap plugin register hook start...
[2026-09-11T12:23:12.328] [DEBUG] debug-file - Hap plugin register hook end...
[2026-09-11T12:23:12.328] [DEBUG] debug-file - Plugin build process completed
[2026-09-11T12:23:12.328] [DEBUG] debug-file - hvigorfile, begin to bind custom plugins...
[2026-09-11T12:23:12.328] [DEBUG] debug-file - hvigorfile, no custom plugins were found in D:\HW\testproject\complete\7\entry\hvigorfile.ts
[2026-09-11T12:23:12.328] [DEBUG] debug-file - hvigorfile, resolve finished D:\HW\testproject\complete\7\entry\hvigorfile.ts
[2026-09-11T12:23:12.518] [DEBUG] debug-file - Current worker pool is terminated.
[2026-09-11T12:23:12.518] [DEBUG] debug-file - Current worker pool is terminated.
[2026-09-11T12:27:36.036] [DEBUG] debug-file - env: nodejsVersion=v24.14.1
[2026-09-11T12:27:36.246] [DEBUG] debug-file - env: daemon=true
[2026-09-11T12:27:36.038] [DEBUG] debug-file - env: hvigor-config.json5 content = {
  modelVersion: '6.0.1',
  dependencies: {},
  execution: {},
  logging: {},
  debugging: {},
  nodeOptions: {}
}
[2026-09-11T12:27:37.332] [DEBUG] debug-file - hvigor java daemon: Starting java daemon. jvmXmxValue=512m, jarPath=E:\DevEco Studio\tools\hvigor\hvigor\lib\hvigor-java-daemon.jar
[2026-09-11T12:27:37.333] [DEBUG] debug-file - hvigor java daemon: Read cache file, 
    port=45050, pid=14308, sessionId exists=true
[2026-09-11T12:27:37.383] [DEBUG] debug-file - hvigor java daemon: tryConnect failed, Error: connect ECONNREFUSED 127.0.0.1:45050, will start new daemon
[2026-09-11T12:27:37.413] [DEBUG] debug-file - java daemon started at port 45050 pid 61152
[2026-09-11T12:27:37.467] [DEBUG] debug-file - session manager: set active socket. socketId=WKwfo6FrSM3P8ZNnAAAB
[2026-09-11T12:27:38.581] [DEBUG] debug-file - watch worker: worker id should be larger than 0. Nothing will be sent to any worker thread.
[2026-09-11T12:27:38.598] [DEBUG] debug-file - Since there is no instance or instance is terminated, create a new worker pool.
[2026-09-11T12:27:38.598] [DEBUG] debug-file - Worker pool is initialized with config:  {
  minPoolNum: 2,
  maxPoolNum: undefined,
  maxCoreSize: undefined,
  cacheCapacity: undefined,
  cacheTtl: undefined
}
[2026-09-11T12:27:38.600] [DEBUG] debug-file - Create  resident worker with id: 0.
[2026-09-11T12:27:38.604] [DEBUG] debug-file - Create  resident worker with id: 1.
[2026-09-11T12:27:38.607] [DEBUG] debug-file - Workers' log level updated to INFO
[2026-09-11T12:27:38.621] [DEBUG] debug-file - Hvigor init with startParameters:{
  hvigorfileTypeCheck: false,
  parallelExecution: true,
  incrementalExecution: true,
  printStackTrace: false,
  daemon: true,
  analyze: 0,
  logLevel: Level { level: 20000, levelStr: 'INFO', colour: 'green' },
  optimizationStrategy: 'memory',
  hotCompile: undefined,
  hotReloadBuild: undefined,
  customizedParam: undefined
}
[2026-09-11T12:27:38.623] [DEBUG] debug-file - Cache service initialization finished in 2 ms 
[2026-09-11T12:27:38.626] [DEBUG] debug-file - hvigorfile, resolving D:\HW\testproject\complete\7\hvigorfile.ts
[2026-09-11T12:27:41.812] [DEBUG] debug-file - hvigorfile, require result:  { default: { plugins: [] } }
[2026-09-11T12:27:41.813] [DEBUG] debug-file - hvigorfile, binding system plugins null
[2026-09-11T12:27:41.814] [DEBUG] debug-file - Starting plugin build process
[2026-09-11T12:27:41.814] [DEBUG] debug-file - App plugin prepare start...
[2026-09-11T12:27:41.815] [DEBUG] debug-file - App plugin prepare end...
[2026-09-11T12:27:41.815] [DEBUG] debug-file - App plugin creating...
[2026-09-11T12:27:42.132] [DEBUG] debug-file - App plugin register hook start...
[2026-09-11T12:27:42.133] [DEBUG] debug-file - App plugin register hook end...
[2026-09-11T12:27:42.133] [DEBUG] debug-file - Plugin build process completed
[2026-09-11T12:27:42.134] [DEBUG] debug-file - Start initialize project's product build option map with build mode debug.
[2026-09-11T12:27:42.134] [DEBUG] debug-file - Picking option from product 'default' with build mode 'debug'.
[2026-09-11T12:27:42.136] [DEBUG] debug-file - Product 'default' build option initialized
[2026-09-11T12:27:42.136] [DEBUG] debug-file - End initialize project's product build option map with build mode 'debug'.
[2026-09-11T12:27:42.140] [DEBUG] debug-file - Obtain build option for product 'default'in this build.
[2026-09-11T12:27:42.154] [DEBUG] debug-file - No signingConfig found, initRemoteHspCache failed.
[2026-09-11T12:27:42.157] [DEBUG] debug-file - Local scan or download HarmonyOS sdk components toolchains,ets,js,native,previewer
[2026-09-11T12:27:42.160] [DEBUG] debug-file - Local scan or download hmscore sdk components toolchains,ets,native
[2026-09-11T12:27:42.163] [DEBUG] debug-file - Start recording SDK configuration permission data.
[2026-09-11T12:27:42.219] [DEBUG] debug-file - Sdk init in 64 ms 
[2026-09-11T12:27:42.228] [DEBUG] debug-file - Project task initialization takes 7 ms 
[2026-09-11T12:27:42.229] [DEBUG] debug-file - hvigorfile, begin to bind custom plugins...
[2026-09-11T12:27:42.229] [DEBUG] debug-file - hvigorfile, no custom plugins were found in D:\HW\testproject\complete\7\hvigorfile.ts
[2026-09-11T12:27:42.229] [DEBUG] debug-file - hvigorfile, resolve finished D:\HW\testproject\complete\7\hvigorfile.ts
[2026-09-11T12:27:42.230] [DEBUG] debug-file - hvigorfile, resolving D:\HW\testproject\complete\7\entry\hvigorfile.ts
[2026-09-11T12:27:42.237] [DEBUG] debug-file - hvigorfile, require result:  { default: { plugins: [] } }
[2026-09-11T12:27:42.237] [DEBUG] debug-file - hvigorfile, binding system plugins null
[2026-09-11T12:27:42.237] [DEBUG] debug-file - Starting plugin build process
[2026-09-11T12:27:42.237] [DEBUG] debug-file - Hap plugin creating...
[2026-09-11T12:27:42.238] [DEBUG] debug-file - failed to load cangjie to dynamically generate schemas: Error: Cannot find module '@ohos/cangjie-build-support/index'
Require stack:
- E:\DevEco Studio\tools\hvigor\hvigor-ohos-plugin\src\plugin\hooks\cangjie-register.js
- E:\DevEco Studio\tools\hvigor\hvigor-ohos-plugin\src\plugin\strategy\stage-init-strategy.js
- E:\DevEco Studio\tools\hvigor\hvigor-ohos-plugin\src\plugin\builder\abstract-plugin-builder.js
- E:\DevEco Studio\tools\hvigor\hvigor-ohos-plugin\src\plugin\builder\app-plugin-builder.js
- E:\DevEco Studio\tools\hvigor\hvigor-ohos-plugin\src\plugin\factory\plugin-factory.js
- E:\DevEco Studio\tools\hvigor\hvigor-ohos-plugin\index.js
- D:\HW\testproject\complete\7\hvigorfile.ts
- E:\DevEco Studio\tools\hvigor\hvigor\src\base\internal\lifecycle\configuration.js
- E:\DevEco Studio\tools\hvigor\hvigor\src\base\boot\index.js
- E:\DevEco Studio\tools\hvigor\hvigor\src\base\daemon\cluster\worker-process-lifecycle.js
- E:\DevEco Studio\tools\hvigor\hvigor\src\base\daemon\process\daemon-process-boot-script.js
[2026-09-11T12:27:42.258] [DEBUG] debug-file - Start initialize module-target build option map, moduleName=entry, buildMode=debug
[2026-09-11T12:27:42.259] [DEBUG] debug-file - Target 'default' config initialized
[2026-09-11T12:27:42.259] [DEBUG] debug-file - Target 'ohosTest' config initialized
[2026-09-11T12:27:42.260] [DEBUG] debug-file - Module 'entry' target 'default' build option initialized
[2026-09-11T12:27:42.260] [DEBUG] debug-file - Module 'entry' target 'ohosTest' build option initialized
[2026-09-11T12:27:42.260] [DEBUG] debug-file - End initialize module-target build option map, moduleName=entry
[2026-09-11T12:27:42.260] [DEBUG] debug-file - Start initialize module-target build option map, moduleName=entry, buildMode=release
[2026-09-11T12:27:42.260] [DEBUG] debug-file - Target 'default' config initialized
[2026-09-11T12:27:42.261] [DEBUG] debug-file - Target 'ohosTest' config initialized
[2026-09-11T12:27:42.262] [DEBUG] debug-file - Module 'entry' target 'default' build option initialized
[2026-09-11T12:27:42.262] [DEBUG] debug-file - Module 'entry' target 'ohosTest' build option initialized
[2026-09-11T12:27:42.262] [DEBUG] debug-file - End initialize module-target build option map, moduleName=entry
[2026-09-11T12:27:42.262] [DEBUG] debug-file - Start initialize module-target build option map, moduleName=entry, buildMode=debug
[2026-09-11T12:27:42.262] [DEBUG] debug-file - Target 'default' config initialized
[2026-09-11T12:27:42.263] [DEBUG] debug-file - Target 'ohosTest' config initialized
[2026-09-11T12:27:42.264] [DEBUG] debug-file - Module 'entry' target 'default' build option initialized
[2026-09-11T12:27:42.264] [DEBUG] debug-file - Module 'entry' target 'ohosTest' build option initialized
[2026-09-11T12:27:42.264] [DEBUG] debug-file - End initialize module-target build option map, moduleName=entry
[2026-09-11T12:27:42.264] [DEBUG] debug-file - Obtain build option for module 'entry' target 'default'in this build.
[2026-09-11T12:27:42.276] [DEBUG] debug-file - Module entry task initialization takes 10 ms 
[2026-09-11T12:27:42.276] [DEBUG] debug-file - Hap plugin register hook start...
[2026-09-11T12:27:42.277] [DEBUG] debug-file - Hap plugin register hook end...
[2026-09-11T12:27:42.277] [DEBUG] debug-file - Plugin build process completed
[2026-09-11T12:27:42.277] [DEBUG] debug-file - hvigorfile, begin to bind custom plugins...
[2026-09-11T12:27:42.277] [DEBUG] debug-file - hvigorfile, no custom plugins were found in D:\HW\testproject\complete\7\entry\hvigorfile.ts
[2026-09-11T12:27:42.277] [DEBUG] debug-file - hvigorfile, resolve finished D:\HW\testproject\complete\7\entry\hvigorfile.ts
[2026-09-11T12:27:42.322] [DEBUG] debug-file - hvigorfile, resolve hvigorfile dependencies in 44 ms 
[2026-09-11T12:27:42.322] [DEBUG] debug-file - project has submodules:entry
[2026-09-11T12:27:42.325] [DEBUG] debug-file - start to load updatedOhPackageInfo to the disk
[2026-09-11T12:27:42.329] [DEBUG] debug-file - load to the disk finished
[2026-09-11T12:27:42.330] [DEBUG] debug-file - Start to initialize dependency information.
[2026-09-11T12:27:42.347] [DEBUG] debug-file - Module 7 Collected Dependency: 
[2026-09-11T12:27:42.347] [DEBUG] debug-file - Module 7's total dependency: 0
[2026-09-11T12:27:42.350] [DEBUG] debug-file - Start to initialize dependency information.
[2026-09-11T12:27:42.354] [DEBUG] debug-file - Module entry Collected Dependency: 
[2026-09-11T12:27:42.355] [DEBUG] debug-file - Module entry's total dependency: 0
[2026-09-11T12:27:42.361] [DEBUG] debug-file - Configuration phase cost:3 s 738 ms 
[2026-09-11T12:27:42.367] [DEBUG] debug-file - Configuration task cost before running: 3 s 759 ms 
[2026-09-11T12:27:42.368] [DEBUG] debug-file - Executing task ::PreBuildApp
[2026-09-11T12:27:42.370] [DEBUG] debug-file - 7 : PreBuildApp cost memory 0.0341339111328125
[2026-09-11T12:27:42.370] [DEBUG] debug-file - runTaskFromQueue task cost before running: 3 s 762 ms 
[2026-09-11T12:27:42.371] [INFO] debug-file - Finished ::PreBuildApp... after 2 ms 
[2026-09-11T12:27:42.379] [DEBUG] debug-file - Executing task :entry:default@PreBuild
[2026-09-11T12:27:42.389] [DEBUG] debug-file - Task 'entry:default@PreBuild' cost while wrapping incremental declarations: 1 ms 
[2026-09-11T12:27:42.646] [DEBUG] debug-file - current product is not Atomic service.
[2026-09-11T12:27:42.647] [DEBUG] debug-file - Use tool [win32: JAVA_HOME, CLASSPATH]
 [ { JAVA_HOME: 'E:\\Java\\jdk-21.0.11' }, { CLASSPATH: undefined } ]
[2026-09-11T12:27:42.647] [DEBUG] debug-file - Use tool [win32: NODE_HOME]
 [ { NODE_HOME: undefined } ]
[2026-09-11T12:27:42.648] [DEBUG] debug-file - entry : default@PreBuild cost memory 1.6342926025390625
[2026-09-11T12:27:42.649] [DEBUG] debug-file - runTaskFromQueue task cost before running: 4 s 40 ms 
[2026-09-11T12:27:42.652] [INFO] debug-file - Finished :entry:default@PreBuild... after 271 ms 
[2026-09-11T12:27:42.652] [DEBUG] debug-file - Executing task ::DuplicateDependencyCheck
[2026-09-11T12:27:42.653] [DEBUG] debug-file - 7 : DuplicateDependencyCheck cost memory 0.01891326904296875
[2026-09-11T12:27:42.653] [DEBUG] debug-file - runTaskFromQueue task cost before running: 4 s 45 ms 
[2026-09-11T12:27:42.654] [INFO] debug-file - Finished ::DuplicateDependencyCheck... after 1 ms 
[2026-09-11T12:27:42.655] [DEBUG] debug-file - Executing task :entry:default@CreateModuleInfo
[2026-09-11T12:27:42.656] [DEBUG] debug-file - Task 'entry:default@CreateModuleInfo' cost while wrapping incremental declarations: 1 ms 
[2026-09-11T12:27:42.657] [DEBUG] debug-file - entry : default@CreateModuleInfo cost memory 0.060699462890625
[2026-09-11T12:27:42.657] [DEBUG] debug-file - runTaskFromQueue task cost before running: 4 s 48 ms 
[2026-09-11T12:27:42.657] [INFO] debug-file - Finished :entry:default@CreateModuleInfo... after 2 ms 
[2026-09-11T12:27:42.659] [DEBUG] debug-file - Executing task :entry:default@GenerateMetadata
[2026-09-11T12:27:42.661] [DEBUG] debug-file - Task 'entry:default@GenerateMetadata' cost while wrapping incremental declarations: 2 ms 
[2026-09-11T12:27:42.669] [DEBUG] debug-file - entry : default@GenerateMetadata cost memory 0.11444854736328125
[2026-09-11T12:27:42.669] [DEBUG] debug-file - runTaskFromQueue task cost before running: 4 s 61 ms 
[2026-09-11T12:27:42.670] [INFO] debug-file - Finished :entry:default@GenerateMetadata... after 11 ms 
[2026-09-11T12:27:42.673] [DEBUG] debug-file - Executing task :entry:default@ConfigureCmake
[2026-09-11T12:27:42.673] [DEBUG] debug-file - entry : default@ConfigureCmake cost memory 0.01863861083984375
[2026-09-11T12:27:42.674] [DEBUG] debug-file - runTaskFromQueue task cost before running: 4 s 65 ms 
[2026-09-11T12:27:42.674] [INFO] debug-file - Finished :entry:default@ConfigureCmake... after 1 ms 
[2026-09-11T12:27:42.676] [DEBUG] debug-file - Executing task :entry:default@MergeProfile
[2026-09-11T12:27:42.677] [DEBUG] debug-file - Task 'entry:default@MergeProfile' cost while wrapping incremental declarations: 1 ms 
[2026-09-11T12:27:42.679] [DEBUG] debug-file - Change app api release type with 'Release'
[2026-09-11T12:27:42.680] [DEBUG] debug-file - Change app compile API version with '26.0.0.105'
[2026-09-11T12:27:42.680] [DEBUG] debug-file - Change app target API version with '260000026'
[2026-09-11T12:27:42.680] [DEBUG] debug-file - Change app minimum API version with '260000026'
[2026-09-11T12:27:42.680] [DEBUG] debug-file - Use cli appEnvironment
[2026-09-11T12:27:42.685] [DEBUG] debug-file - The permissions of moduleJson5 is null.
[2026-09-11T12:27:42.685] [DEBUG] debug-file - entry : default@MergeProfile cost memory 0.198944091796875
[2026-09-11T12:27:42.685] [DEBUG] debug-file - runTaskFromQueue task cost before running: 4 s 77 ms 
[2026-09-11T12:27:42.686] [INFO] debug-file - Finished :entry:default@MergeProfile... after 10 ms 
[2026-09-11T12:27:42.688] [DEBUG] debug-file - Executing task :entry:default@CreateBuildProfile
[2026-09-11T12:27:42.689] [DEBUG] debug-file - Task 'entry:default@CreateBuildProfile' cost while wrapping incremental declarations: 2 ms 
[2026-09-11T12:27:42.693] [DEBUG] debug-file - entry : default@CreateBuildProfile cost memory 0.0979461669921875
[2026-09-11T12:27:42.694] [DEBUG] debug-file - runTaskFromQueue task cost before running: 4 s 85 ms 
[2026-09-11T12:27:42.694] [INFO] debug-file - Finished :entry:default@CreateBuildProfile... after 6 ms 
[2026-09-11T12:27:42.696] [DEBUG] debug-file - Executing task :entry:default@PreCheckSyscap
[2026-09-11T12:27:42.699] [DEBUG] debug-file - entry : default@PreCheckSyscap cost memory 0.03237152099609375
[2026-09-11T12:27:42.700] [DEBUG] debug-file - runTaskFromQueue task cost before running: 4 s 91 ms 
[2026-09-11T12:27:42.700] [INFO] debug-file - Finished :entry:default@PreCheckSyscap... after 4 ms 
[2026-09-11T12:27:42.705] [DEBUG] debug-file - Executing task :entry:default@GeneratePkgContextInfo
[2026-09-11T12:27:42.717] [DEBUG] debug-file - Task 'entry:default@GeneratePkgContextInfo' cost while wrapping incremental declarations: 1 ms 
[2026-09-11T12:27:42.719] [DEBUG] debug-file - entry : default@GeneratePkgContextInfo cost memory 0.296478271484375
[2026-09-11T12:27:42.720] [DEBUG] debug-file - runTaskFromQueue task cost before running: 4 s 111 ms 
[2026-09-11T12:27:42.720] [INFO] debug-file - Finished :entry:default@GeneratePkgContextInfo... after 15 ms 
[2026-09-11T12:27:42.723] [DEBUG] debug-file - Executing task :entry:default@GeneratePkgSdkInfo
[2026-09-11T12:27:42.727] [DEBUG] debug-file - Task 'entry:default@GeneratePkgSdkInfo' cost while wrapping incremental declarations: 1 ms 
[2026-09-11T12:27:42.728] [DEBUG] debug-file - entry : default@GeneratePkgSdkInfo cost memory -0.0810546875
[2026-09-11T12:27:42.729] [DEBUG] debug-file - runTaskFromQueue task cost before running: 4 s 120 ms 
[2026-09-11T12:27:42.729] [INFO] debug-file - Finished :entry:default@GeneratePkgSdkInfo... after 6 ms 
[2026-09-11T12:27:42.738] [DEBUG] debug-file - Executing task :entry:default@ProcessIntegratedHsp
[2026-09-11T12:27:42.741] [DEBUG] debug-file - entry : default@ProcessIntegratedHsp cost memory 0.04129791259765625
[2026-09-11T12:27:42.741] [DEBUG] debug-file - runTaskFromQueue task cost before running: 4 s 132 ms 
[2026-09-11T12:27:42.741] [INFO] debug-file - Finished :entry:default@ProcessIntegratedHsp... after 4 ms 
[2026-09-11T12:27:42.744] [DEBUG] debug-file - Executing task :entry:default@BuildNativeWithCmake
[2026-09-11T12:27:42.744] [DEBUG] debug-file - entry : default@BuildNativeWithCmake cost memory 0.01969146728515625
[2026-09-11T12:27:42.745] [DEBUG] debug-file - runTaskFromQueue task cost before running: 4 s 136 ms 
[2026-09-11T12:27:42.745] [INFO] debug-file - Finished :entry:default@BuildNativeWithCmake... after 2 ms 
[2026-09-11T12:27:42.748] [DEBUG] debug-file - Executing task :entry:default@MakePackInfo
[2026-09-11T12:27:42.758] [DEBUG] debug-file - Module Pack Info:  {
  summary: {
    app: { bundleName: 'c***p', bundleType: 'app', version: [Object] },
    modules: [ [Object] ]
  },
  packages: [
    {
      deviceType: [Array],
      moduleType: 'entry',
      deliveryWithInstall: true,
      name: 'entry-default'
    }
  ]
}
[2026-09-11T12:27:42.767] [DEBUG] debug-file - entry : default@MakePackInfo cost memory 0.15578460693359375
[2026-09-11T12:27:42.768] [DEBUG] debug-file - runTaskFromQueue task cost before running: 4 s 159 ms 
[2026-09-11T12:27:42.769] [INFO] debug-file - Finished :entry:default@MakePackInfo... after 20 ms 
[2026-09-11T12:27:42.771] [DEBUG] debug-file - Executing task :entry:default@SyscapTransform
[2026-09-11T12:27:42.771] [DEBUG] debug-file - File: 'D:\HW\testproject\complete\7\entry\src\main\syscap.json' from 'sysCapJsonPath' is not exists, just ignore.
[2026-09-11T12:27:42.772] [DEBUG] debug-file - Task 'entry:default@SyscapTransform' cost while wrapping incremental declarations: 2 ms 
[2026-09-11T12:27:42.773] [DEBUG] debug-file - entry : default@SyscapTransform cost memory 0.065948486328125
[2026-09-11T12:27:42.773] [DEBUG] debug-file - runTaskFromQueue task cost before running: 4 s 165 ms 
[2026-09-11T12:27:42.773] [INFO] debug-file - Finished :entry:default@SyscapTransform... after 3 ms 
[2026-09-11T12:27:42.776] [DEBUG] debug-file - Executing task :entry:default@ProcessProfile
[2026-09-11T12:27:42.794] [DEBUG] debug-file - Task 'entry:default@ProcessProfile' cost while wrapping incremental declarations: 1 ms 
[2026-09-11T12:27:42.799] [DEBUG] debug-file - [
  'E:\\DevEco Studio\\tools\\node\\node.exe',
  'E:\\DevEco Studio\\sdk\\default\\openharmony\\ets\\build-tools\\ets-loader\\bin\\ark\\ts2abc.js',
  '--target-api-version',
  '26'
]
[2026-09-11T12:27:43.126] [DEBUG] debug-file - 24.0.0.0
[2026-09-11T12:27:43.130] [DEBUG] debug-file - No need to add fake ui ability because of not in preview process.
[2026-09-11T12:27:43.133] [DEBUG] debug-file - entry : default@ProcessProfile cost memory 4.1315460205078125
[2026-09-11T12:27:43.133] [DEBUG] debug-file - runTaskFromQueue task cost before running: 4 s 525 ms 
[2026-09-11T12:27:43.134] [INFO] debug-file - Finished :entry:default@ProcessProfile... after 358 ms 
[2026-09-11T12:27:43.136] [DEBUG] debug-file - Executing task :entry:default@ProcessRouterMap
[2026-09-11T12:27:43.144] [DEBUG] debug-file - entry : default@ProcessRouterMap cost memory 0.09932708740234375
[2026-09-11T12:27:43.144] [DEBUG] debug-file - runTaskFromQueue task cost before running: 4 s 535 ms 
[2026-09-11T12:27:43.145] [INFO] debug-file - Finished :entry:default@ProcessRouterMap... after 8 ms 
[2026-09-11T12:27:43.147] [DEBUG] debug-file - Executing task :entry:default@ProcessShareConfig
[2026-09-11T12:27:43.152] [DEBUG] debug-file - entry : default@ProcessShareConfig cost memory 0.08251953125
[2026-09-11T12:27:43.152] [DEBUG] debug-file - runTaskFromQueue task cost before running: 4 s 544 ms 
[2026-09-11T12:27:43.153] [INFO] debug-file - Finished :entry:default@ProcessShareConfig... after 6 ms 
[2026-09-11T12:27:43.155] [DEBUG] debug-file - Executing task :entry:default@ProcessStartupConfig
[2026-09-11T12:27:43.156] [DEBUG] debug-file - Task 'entry:default@ProcessStartupConfig' cost while wrapping incremental declarations: 1 ms 
[2026-09-11T12:27:43.159] [DEBUG] debug-file - entry : default@ProcessStartupConfig cost memory 0.106536865234375
[2026-09-11T12:27:43.159] [DEBUG] debug-file - runTaskFromQueue task cost before running: 4 s 550 ms 
[2026-09-11T12:27:43.160] [INFO] debug-file - Finished :entry:default@ProcessStartupConfig... after 4 ms 
[2026-09-11T12:27:43.162] [DEBUG] debug-file - Executing task :entry:default@BuildNativeWithNinja
[2026-09-11T12:27:43.165] [DEBUG] debug-file - entry : default@BuildNativeWithNinja cost memory -0.5616073608398438
[2026-09-11T12:27:43.166] [DEBUG] debug-file - runTaskFromQueue task cost before running: 4 s 557 ms 
[2026-09-11T12:27:43.166] [INFO] debug-file - Finished :entry:default@BuildNativeWithNinja... after 4 ms 
[2026-09-11T12:27:43.169] [DEBUG] debug-file - restool module names: entry; moduleName=entry, taskName=default@ProcessResource
[2026-09-11T12:27:43.173] [DEBUG] debug-file - Executing task :entry:default@ProcessResource
[2026-09-11T12:27:43.173] [DEBUG] debug-file - Task 'entry:default@ProcessResource' cost while wrapping incremental declarations: 1 ms 
[2026-09-11T12:27:43.177] [DEBUG] debug-file - entry : default@ProcessResource cost memory 0.12371063232421875
[2026-09-11T12:27:43.178] [DEBUG] debug-file - runTaskFromQueue task cost before running: 4 s 570 ms 
[2026-09-11T12:27:43.180] [INFO] debug-file - Finished :entry:default@ProcessResource... after 8 ms 
[2026-09-11T12:27:43.184] [DEBUG] debug-file - Executing task :entry:default@GenerateLoaderJson
[2026-09-11T12:27:43.186] [DEBUG] debug-file - Task 'entry:default@GenerateLoaderJson' cost while wrapping incremental declarations: 1 ms 
[2026-09-11T12:27:43.201] [DEBUG] debug-file - entry : default@GenerateLoaderJson cost memory 0.41381072998046875
[2026-09-11T12:27:43.202] [DEBUG] debug-file - runTaskFromQueue task cost before running: 4 s 593 ms 
[2026-09-11T12:27:43.206] [INFO] debug-file - Finished :entry:default@GenerateLoaderJson... after 18 ms 
[2026-09-11T12:27:43.208] [DEBUG] debug-file - Executing task :entry:default@ProcessLibs
[2026-09-11T12:27:43.210] [DEBUG] debug-file - Task 'entry:default@ProcessLibs' cost while wrapping incremental declarations: 1 ms 
[2026-09-11T12:27:43.217] [DEBUG] debug-file - Worker dispatch failed, running processLibs on main thread.
[2026-09-11T12:27:43.220] [DEBUG] debug-file - entry : default@ProcessLibs cost memory 0.39183807373046875
[2026-09-11T12:27:43.220] [DEBUG] debug-file - runTaskFromQueue task cost before running: 4 s 611 ms 
[2026-09-11T12:27:43.221] [INFO] debug-file - Finished :entry:default@ProcessLibs... after 12 ms 
[2026-09-11T12:27:43.223] [DEBUG] debug-file - restool module names: entry; moduleName=entry, taskName=default@CompileResource
[2026-09-11T12:27:43.224] [DEBUG] debug-file - Executing task :entry:default@CompileResource
[2026-09-11T12:27:43.238] [DEBUG] debug-file - Use tool [E:\DevEco Studio\sdk\default\openharmony\toolchains\restool.exe]
 [
  'E:\\DevEco Studio\\sdk\\default\\openharmony\\toolchains\\restool.exe',
  '-l',
  'D:\\HW\\testproject\\complete\\7\\entry\\build\\default\\intermediates\\res\\default\\resConfig.json'
]
[2026-09-11T12:27:43.240] [DEBUG] debug-file - current process  memoryUsage: {
  rss: 306614272,
  heapTotal: 178528256,
  heapUsed: 144867392,
  external: 3979764,
  arrayBuffers: 37367
} os memoryUsage :14.770011901855469
[2026-09-11T12:27:43.703] [DEBUG] debug-file - Info: Pack: normal pack mode

[2026-09-11T12:27:43.818] [DEBUG] debug-file - Info: hardware concurrency count is : 16
Info: thread count is : 16

[2026-09-11T12:27:43.818] [DEBUG] debug-file - Info: thread pool is started

[2026-09-11T12:27:43.820] [DEBUG] debug-file - Info: GenericCompiler::CompileFiles

[2026-09-11T12:27:43.882] [DEBUG] debug-file - Info: GenericCompiler::CompileFiles

[2026-09-11T12:27:43.883] [DEBUG] debug-file - Warning: 'D:\HW\testproject\complete\7\entry\src\main\resources\base\media\background.png' is defined repeatedly.
Warning: 'D:\HW\testproject\complete\7\entry\src\main\resources\base\media\foreground.png' is defined repeatedly.
Warning: 'D:\HW\testproject\complete\7\entry\src\main\resources\base\media\layered_image.json' is defined repeatedly.

[2026-09-11T12:27:43.885] [DEBUG] debug-file - Info: GenericCompiler::CompileFiles

[2026-09-11T12:27:43.898] [DEBUG] debug-file - 09-11 12:27:43.898 55220 61168 I C01400/SvgDecodeUtils: SvgDecodeUtils::IsSvgFormat probe svg format, path:D:\HW\testproject\complete\7\AppScope\resources\base\media\background.png.

[2026-09-11T12:27:43.899] [DEBUG] debug-file - 09-11 12:27:43.898 55220 61168 E C01400/ImageTranscoderUtils: DecodeToRGBA IN
09-11 12:27:43.898 55220 61168 I C01400/SvgDecodeUtils: SvgDecodeUtils::IsSvgFormat probe svg format, path:D:\HW\testproject\complete\7\AppScope\resources\base\media\background.png.
09-11 12:27:43.898 55220 61168 E C01400/ImageTranscoderUtils: ImageFilter IN D:\HW\testproject\complete\7\AppScope\resources\base\media\background.png

[2026-09-11T12:27:43.970] [DEBUG] debug-file - 09-11 12:27:43.970 55220 61168 I C01400/SvgDecodeUtils: SvgDecodeUtils::IsSvgFormat probe svg format, path:D:\HW\testproject\complete\7\AppScope\resources\base\media\foreground.png.
09-11 12:27:43.970 55220 61168 E C01400/ImageTranscoderUtils: DecodeToRGBA IN

[2026-09-11T12:27:43.970] [DEBUG] debug-file - 09-11 12:27:43.970 55220 61168 I C01400/SvgDecodeUtils: SvgDecodeUtils::IsSvgFormat probe svg format, path:D:\HW\testproject\complete\7\AppScope\resources\base\media\foreground.png.
09-11 12:27:43.970 55220 61168 E C01400/ImageTranscoderUtils: ImageFilter IN D:\HW\testproject\complete\7\AppScope\resources\base\media\foreground.png

[2026-09-11T12:27:44.034] [DEBUG] debug-file - Info: can't scale media json file.

[2026-09-11T12:27:44.035] [DEBUG] debug-file - Warning: The width or height of the png file referenced by the icon exceeds the limit (41 pixels)
at D:\HW\testproject\complete\7\AppScope\resources\base\media\background.png
Warning: The width or height of the png file referenced by the icon exceeds the limit (41 pixels)
at D:\HW\testproject\complete\7\AppScope\resources\base\media\foreground.png
Warning: D:\HW\testproject\complete\7\AppScope\resources\base\media\layered_image.json is not png format

[2026-09-11T12:27:44.037] [DEBUG] debug-file - Info: restool resources compile success.

[2026-09-11T12:27:44.039] [DEBUG] debug-file - Info: thread pool is stopped

[2026-09-11T12:27:44.117] [DEBUG] debug-file - entry : default@CompileResource cost memory -10.85186767578125
[2026-09-11T12:27:44.117] [DEBUG] debug-file - runTaskFromQueue task cost before running: 5 s 508 ms 
[2026-09-11T12:27:44.119] [INFO] debug-file - Finished :entry:default@CompileResource... after 893 ms 
[2026-09-11T12:27:44.121] [DEBUG] debug-file - Executing task :entry:default@DoNativeStrip
[2026-09-11T12:27:44.122] [DEBUG] debug-file - File: 'D:\HW\testproject\complete\7\entry\build\default\intermediates\binxo\default' from 'doBinxoNativeLibs' is not exists, just ignore.
[2026-09-11T12:27:44.122] [DEBUG] debug-file - Task 'entry:default@DoNativeStrip' cost while wrapping incremental declarations: 1 ms 
[2026-09-11T12:27:44.126] [DEBUG] debug-file - entry : default@DoNativeStrip cost memory 0.082122802734375
[2026-09-11T12:27:44.127] [DEBUG] debug-file - runTaskFromQueue task cost before running: 5 s 518 ms 
[2026-09-11T12:27:44.127] [INFO] debug-file - Finished :entry:default@DoNativeStrip... after 6 ms 
[2026-09-11T12:27:44.130] [DEBUG] debug-file - Executing task :entry:default@CompileArkTS
[2026-09-11T12:27:44.131] [DEBUG] debug-file - obfuscationOptions: undefined
[2026-09-11T12:27:44.134] [DEBUG] debug-file - Task 'entry:default@CompileArkTS' cost while wrapping incremental declarations: 1 ms 
[2026-09-11T12:27:44.179] [DEBUG] debug-file - build config:
[2026-09-11T12:27:44.180] [DEBUG] debug-file - {
  moduleType: 'entry',
  perf: 0,
  targetName: '.default',
  packageManagerType: 'ohpm',
  localPropertiesPath: 'D:\\HW\\testproject\\complete\\7\\local.properties',
  isPreview: false,
  isOhosTest: false,
  isLocalTest: false,
  buildMode: 'Debug',
  hotReloadBuild: undefined,
  watchMode: 'false',
  aceProfilePath: 'D:\\HW\\testproject\\complete\\7\\entry\\build\\default\\intermediates\\res\\default\\resources\\base\\profile',
  etsLoaderPath: 'E:\\DevEco Studio\\sdk\\default\\openharmony\\ets\\build-tools\\ets-loader',
  modulePath: 'D:\\HW\\testproject\\complete\\7\\entry',
  testFrameworkPar: {
    testMode: undefined,
    coveragePathFilter: undefined,
    coverageMode: undefined
  },
  needCoverageInsert: false,
  debugLine: false,
  projectTopDir: 'D:\\HW\\testproject\\complete\\7',
  compileSdkVersion: 26,
  compatibleSdkVersion: 26,
  originCompatibleSdkVersion: '26.0.0',
  compatibleSdkVersionStage: undefined,
  bundleName: 'c***p',
  etsLoaderVersion: '26.0.0.105',
  etsLoaderReleaseType: 'Release',
  aotCompileMode: 'type',
  apPath: 'D:\\HW\\testproject\\complete\\7\\entry\\modules.ap',
  entryModuleName: 'entry',
  entryModuleVersion: '1.0.0',
  entryPackageName: 'entry',
  allModuleNameHash: '685f703c648acad85d1a88ed234c1575de43ec0c565e9dad05742a0c0778513b',
  externalApiPaths: [ 'E:\\DevEco Studio\\sdk\\default\\hms\\ets' ],
  compilerTypes: [],
  isCrossplatform: false,
  hvigorPluginFile: undefined,
  compilePluginPath: undefined,
  buildGeneratedProfilePath: 'D:\\HW\\testproject\\complete\\7\\entry\\build\\default\\generated\\profile\\default',
  bundleType: 'app',
  arkTSVersion: undefined,
  apiVersion: 26,
  needCompleteSourcesMap: false,
  isFaMode: false,
  buildDir: 'D:\\HW\\testproject\\complete\\7\\entry\\build',
  buildCacheProjectDir: 'D:\\HW\\testproject\\complete\\7',
  deviceTypes: [ 'phone' ],
  pkgContextInfo: {
    '@ohos/hypium': {
      packageName: '@ohos/hypium',
      bundleName: '*****',
      moduleName: '',
      version: '1.0.24',
      entryPath: 'index.js',
      isSO: false,
      dependencyAlias: ''
    },
    '@ohos/hamock': {
      packageName: '@ohos/hamock',
      bundleName: '*****',
      moduleName: '',
      version: '1.0.0',
      entryPath: 'index.ets',
      isSO: false,
      dependencyAlias: ''
    },
    entry: {
      packageName: 'entry',
      bundleName: '*****',
      moduleName: '',
      version: '',
      entryPath: 'src/main/',
      isSO: false,
      dependencyAlias: ''
    }
  },
  ohPackagePathMap: {},
  dependencyAliasMap: {},
  permission: { requestPermissions: undefined, definePermissions: undefined },
  useGetCurrentBundleName: false,
  projectArkOption: undefined,
  sourceMapDir: undefined,
  branchElimination: false,
  transformLib: undefined,
  tsImportSendable: false,
  resolveConflictMode: true,
  depName2RootPath: {},
  depName2DepInfo: {},
  depName2OhExports: {},
  rootPathSet: [ 'D:\\HW\\testproject\\complete\\7' ],
  useNativeResolver: true,
  shouldEmitJs: true,
  useUnifiedAst: false,
  useTscResolve: false,
  singleFileEmit: false,
  userProjectConfig: {
    autoLazyImport: false,
    allowEmptyBundleName: false,
    reExportCheckMode: 'noCheck',
    executionMode: 'memory',
    usePathPlaceholder: false,
    writeRollupCache: true,
    isExpandImportEnabled: false,
    expandImportExclude: '',
    lazyImportExclude: '',
    lazyImportInclude: '',
    ignoreCrossplatformCheck: false,
    isHarDeduplicateEnabled: false,
    skipOhModulesLint: false,
    enableStrictCheckOHModule: false,
    disableSendableCheckRules: [],
    useDeclarationFileSignature: false,
    customizedOptions: undefined,
    integratedHsp: false,
    tsImportSoCheck: false,
    isPreloadSoEnabled: false
  },
  executionMode: 'memory',
  arkCompileCachePath: 'D:\\HW\\testproject\\complete\\7\\entry\\build\\default\\cache\\default\\default@CompileArkTS\\esmodule',
  autoLazyFilter: undefined,
  isHarDeduplicateEnabled: false,
  intermediateHarDuplicateDirPath: 'D:\\HW\\testproject\\complete\\7\\entry\\build\\default\\intermediates\\har_duplicate\\default',
  autoLazyImport: false,
  allowEmptyBundleName: false,
  reExportCheckMode: 'noCheck',
  usePathPlaceholder: false,
  writeRollupCache: true,
  isExpandImportEnabled: false,
  expandImportExclude: '',
  lazyImportExclude: '',
  lazyImportInclude: '',
  ignoreCrossplatformCheck: false,
  skipOhModulesLint: false,
  enableStrictCheckOHModule: false,
  disableSendableCheckRules: [],
  useDeclarationFileSignature: false,
  customizedOptions: undefined,
  integratedHsp: false,
  tsImportSoCheck: false,
  isPreloadSoEnabled: false,
  strictMode: {
    caseSensitiveCheck: true,
    useNormalizedOHMUrl: true,
    noExternalImportByPath: true
  },
  useNormalizedOHMUrl: true,
  caseSensitiveCheck: true,
  strictCheckerOnly: false,
  aceModuleJsonPath: 'D:\\HW\\testproject\\complete\\7\\entry\\build\\default\\intermediates\\res\\default\\ark_module.json',
  appResource: 'D:\\HW\\testproject\\complete\\7\\entry\\build\\default\\intermediates\\res\\default\\ResourceTable.txt',
  rawFileResource: 'D:\\HW\\testproject\\complete\\7\\entry\\build\\default\\intermediates\\res\\default\\resources\\rawfile',
  resourceTableHash: 'd81a83941c07883d4327563ba2cfe0ac7f68042912820a1577b99d29cbd144cc',
  runtimeOS: 'HarmonyOS',
  sdkInfo: 'false:26:26.0.0.105:Release',
  aceModuleRoot: 'D:\\HW\\testproject\\complete\\7\\entry\\src\\main\\ets',
  compileMode: 'esmodule',
  aceSuperVisualPath: 'D:\\HW\\testproject\\complete\\7\\entry\\src\\main\\supervisual',
  aceBuildJson: 'D:\\HW\\testproject\\complete\\7\\entry\\build\\default\\intermediates\\loader\\default\\loader.json',
  cachePath: 'D:\\HW\\testproject\\complete\\7\\entry\\build\\default\\cache\\default\\default@CompileArkTS\\esmodule\\debug',
  aceModuleBuild: 'D:\\HW\\testproject\\complete\\7\\entry\\build\\default\\intermediates\\loader_out\\default\\ets',
  supportChunks: true,
  declaredFilesPath: undefined,
  shouldCollectDirectImportees: false,
  isByteCodeHarOptimize: false,
  expandImportPath: undefined,
  resourceTableTs: 'D:\\HW\\testproject\\complete\\7\\entry\\build\\default\\generated\\r\\default\\ResourceTable.ts',
  moduleMetaInfoFiles: [
    {
      filePath: 'D:\\HW\\testproject\\complete\\7\\entry\\build\\default\\generated\\r\\default\\ResourceTable.ts',
      ohmurl: '&entry/build/generated/r/ResourceTable&'
    }
  ],
  pkgNameToPkgBriefInfo: {
    entry: {
      pkgRoot: 'D:\\HW\\testproject\\complete\\7\\entry',
      originalSourceRoots: undefined,
      sourceRoots: [Array],
      pkgName: 'entry'
    }
  },
  projectModel: {
    'D:\\HW\\testproject\\complete\\7\\entry\\src\\main': {
      moduleName: 'entry',
      modulePkgPath: 'D:\\HW\\testproject\\complete\\7\\entry',
      belongProjectPath: 'D:\\HW\\testproject\\complete\\7'
    },
    'D:\\HW\\testproject\\complete\\7\\entry\\.test\\default\\intermediates\\src\\ohosTest\\ets': {
      moduleName: 'entry_test',
      modulePkgPath: 'D:\\HW\\testproject\\complete\\7\\entry',
      belongProjectPath: 'D:\\HW\\testproject\\complete\\7'
    },
    'D:\\HW\\testproject\\complete\\7\\entry\\src\\ohosTest': {
      moduleName: 'entry_test',
      modulePkgPath: 'D:\\HW\\testproject\\complete\\7\\entry',
      belongProjectPath: 'D:\\HW\\testproject\\complete\\7'
    },
    'D:\\HW\\testproject\\complete\\7\\entry': {
      moduleName: 'entry',
      modulePkgPath: 'D:\\HW\\testproject\\complete\\7\\entry',
      belongProjectPath: 'D:\\HW\\testproject\\complete\\7'
    },
    'D:\\HW\\testproject\\complete\\7': {
      moduleName: '7',
      modulePkgPath: 'D:\\HW\\testproject\\complete\\7',
      belongProjectPath: 'D:\\HW\\testproject\\complete\\7'
    }
  },
  pkgJsonFileHash: '7ab10e622b876a852aaa87f883a5ca46773dc428b9273d7582651c0540669143',
  allModulePaths: [ 'D:\\HW\\testproject\\complete\\7\\entry' ],
  routerMap: {},
  obfuscationOptions: undefined,
  byteCodeHarToDependencyKeys: undefined,
  compileBlockPkg: [],
  mockParams: {
    decorator: '@MockSetup',
    packageName: '@ohos/hamock',
    etsSourceRootPath: 'src/main/ets',
    mockConfigPath: 'D:\\HW\\testproject\\complete\\7\\entry\\src\\mock\\mock-config.json5',
    mockConfigKey2ModuleInfo: {},
    source2ModuleIdMap: {}
  },
  copyCodeResourceEnable: false,
  copyCodeResourceExcludes: [],
  copyCodeResourceIncludes: undefined,
  uiTransformOptimization: false,
  sdkPath: 'E:/DevEco Studio/sdk',
  needPreloadSoFileSet: {},
  preloadSoFilePath: 'D:\\HW\\testproject\\complete\\7\\entry\\build\\default\\intermediates\\preload\\default\\preload.json',
  useSourceHash: false,
  localModuleParamMap: {},
  otherPaths: {
    'entry/*': [
      '..\\*',
      '..\\..\\..\\build\\default\\generated\\profile\\default\\*'
    ]
  },
  collectImportersConfig: undefined
}
[2026-09-11T12:27:44.180] [DEBUG] debug-file - Compile arkts with external api path: E:\DevEco Studio\sdk\default\hms\ets
[2026-09-11T12:27:44.184] [DEBUG] debug-file - before submitting ArkTS compile task to worker pool, config.buildDir: D:\HW\testproject\complete\7\entry\build
[2026-09-11T12:27:44.185] [DEBUG] debug-file - default@CompileArkTS work[0] is submitted.
[2026-09-11T12:27:44.186] [DEBUG] debug-file - default@CompileArkTS work[0] is pushed to ready queue.
[2026-09-11T12:27:44.186] [DEBUG] debug-file - default@CompileArkTS work[0] is not dispatched.
[2026-09-11T12:27:44.186] [DEBUG] debug-file - entry : default@CompileArkTS cost memory 1.2047882080078125
[2026-09-11T12:27:44.189] [DEBUG] debug-file - Executing task :entry:default@BuildJS
[2026-09-11T12:27:44.190] [DEBUG] debug-file - Task 'entry:default@BuildJS' cost while wrapping incremental declarations: 1 ms 
[2026-09-11T12:27:44.194] [DEBUG] debug-file - entry : default@BuildJS cost memory 0.1788482666015625
[2026-09-11T12:27:44.194] [DEBUG] debug-file - runTaskFromQueue task cost before running: 5 s 586 ms 
[2026-09-11T12:27:44.194] [INFO] debug-file - Finished :entry:default@BuildJS... after 6 ms 
[2026-09-11T12:27:44.197] [DEBUG] debug-file - Executing task :entry:default@CacheNativeLibs
[2026-09-11T12:27:44.198] [DEBUG] debug-file - File: 'D:\HW\testproject\complete\7\entry\build\default\intermediates\binxo\default' from 'cacheBinxoNativeLibs' is not exists, just ignore.
[2026-09-11T12:27:44.199] [DEBUG] debug-file - Task 'entry:default@CacheNativeLibs' cost while wrapping incremental declarations: 2 ms 
[2026-09-11T12:27:44.200] [DEBUG] debug-file - default@CacheNativeLibs work[1] is submitted.
[2026-09-11T12:27:44.200] [DEBUG] debug-file - default@CacheNativeLibs work[1] is pushed to ready queue.
[2026-09-11T12:27:44.200] [DEBUG] debug-file - default@CacheNativeLibs work[1] is not dispatched.
[2026-09-11T12:27:44.201] [DEBUG] debug-file - entry : default@CacheNativeLibs cost memory 0.0952911376953125
[2026-09-11T12:27:44.416] [DEBUG] debug-file - A work dispatched to worker[15] failed because unable to get work from ready queue.
[2026-09-11T12:27:44.417] [DEBUG] debug-file - Create  resident worker with id: 14.
[2026-09-11T12:27:44.419] [DEBUG] debug-file - default@CacheNativeLibs work[1] has been dispatched to worker[14].
[2026-09-11T12:27:45.060] [DEBUG] debug-file - A work dispatched to worker[15] failed because unable to get work from ready queue.
[2026-09-11T12:27:45.061] [DEBUG] debug-file - A work dispatched to worker[14] failed because of worker busy.
[2026-09-11T12:27:45.061] [DEBUG] debug-file - A work dispatched to worker[13] failed because unable to get work from ready queue.
[2026-09-11T12:27:45.061] [DEBUG] debug-file - A work dispatched to worker[12] failed because unable to get work from ready queue.
[2026-09-11T12:27:45.061] [DEBUG] debug-file - A work dispatched to worker[11] failed because unable to get work from ready queue.
[2026-09-11T12:27:45.061] [DEBUG] debug-file - A work dispatched to worker[10] failed because unable to get work from ready queue.
[2026-09-11T12:27:45.061] [DEBUG] debug-file - A work dispatched to worker[9] failed because unable to get work from ready queue.
[2026-09-11T12:27:45.061] [DEBUG] debug-file - A work dispatched to worker[8] failed because unable to get work from ready queue.
[2026-09-11T12:27:45.061] [DEBUG] debug-file - A work dispatched to worker[7] failed because unable to get work from ready queue.
[2026-09-11T12:27:45.062] [DEBUG] debug-file - A work dispatched to worker[6] failed because unable to get work from ready queue.
[2026-09-11T12:27:45.062] [DEBUG] debug-file - A work dispatched to worker[5] failed because unable to get work from ready queue.
[2026-09-11T12:27:45.062] [DEBUG] debug-file - Create  resident worker with id: 4.
[2026-09-11T12:27:45.064] [DEBUG] debug-file - default@CompileArkTS work[0] has been dispatched to worker[4].
[2026-09-11T12:27:46.259] [DEBUG] debug-file - worker[14] has one work done.
[2026-09-11T12:27:46.260] [DEBUG] debug-file - default@CacheNativeLibs work[1] done.
[2026-09-11T12:27:46.261] [INFO] debug-file - Finished :entry:default@CacheNativeLibs... after 33 ms 
[2026-09-11T12:27:46.785] [DEBUG] debug-file - A work dispatched to worker[14] failed because unable to get work from ready queue.
[2026-09-11T12:27:56.378] [DEBUG] debug-file - worker[4] has one work done.
[2026-09-11T12:27:56.381] [DEBUG] debug-file - Ark compile task finished.finished time is 61912119302400
[2026-09-11T12:27:56.382] [DEBUG] debug-file - default@CompileArkTS work[0] done.
[2026-09-11T12:27:56.385] [INFO] debug-file - Finished :entry:default@CompileArkTS... after 7 s 928 ms 
[2026-09-11T12:27:56.388] [DEBUG] debug-file - Executing task :entry:default@GeneratePkgModuleJson
[2026-09-11T12:27:56.388] [DEBUG] debug-file - File: 'D:\HW\testproject\complete\7\entry\build\default\intermediates\preload\default\preload.json' from 'preloadSoJsonPath' is not exists, just ignore.
[2026-09-11T12:27:56.388] [DEBUG] debug-file - Error occurs while handling @Input 'shouldDeduplicateHar': The "data" argument must be of type string or an instance of Buffer, TypedArray, or DataView. Received undefined
[2026-09-11T12:27:56.389] [DEBUG] debug-file - Task 'entry:default@GeneratePkgModuleJson' cost while wrapping incremental declarations: 1 ms 
[2026-09-11T12:27:56.394] [DEBUG] debug-file - entry : default@GeneratePkgModuleJson cost memory 0.14548492431640625
[2026-09-11T12:27:56.394] [DEBUG] debug-file - runTaskFromQueue task cost before running: 17 s 786 ms 
[2026-09-11T12:27:56.394] [INFO] debug-file - Finished :entry:default@GeneratePkgModuleJson... after 7 ms 
[2026-09-11T12:27:56.396] [DEBUG] debug-file - Executing task :entry:default@ProcessCompiledResources
[2026-09-11T12:27:56.396] [DEBUG] debug-file - File: 'D:\HW\testproject\complete\7\entry\build\default\intermediates\preload\default\preload.json' from 'preloadSoJsonPath' is not exists, just ignore.
[2026-09-11T12:27:56.396] [DEBUG] debug-file - Task 'entry:default@ProcessCompiledResources' cost while wrapping incremental declarations: 1 ms 
[2026-09-11T12:27:56.397] [DEBUG] debug-file - entry : default@ProcessCompiledResources cost memory 0.05567169189453125
[2026-09-11T12:27:56.397] [DEBUG] debug-file - runTaskFromQueue task cost before running: 17 s 789 ms 
[2026-09-11T12:27:56.398] [INFO] debug-file - Finished :entry:default@ProcessCompiledResources... after 2 ms 
[2026-09-11T12:27:56.400] [DEBUG] debug-file - Executing task :entry:default@PackageHap
[2026-09-11T12:27:56.408] [DEBUG] debug-file - Use tool [E:\DevEco Studio\sdk\default\openharmony\toolchains\lib\app_packing_tool.jar]
 [
  'java',
  '-Dfile.encoding=GBK',
  '-jar',
  'E:\\DevEco Studio\\sdk\\default\\openharmony\\toolchains\\lib\\app_packing_tool.jar',
  '--mode',
  'hap',
  '--force',
  'true',
  '--lib-path',
  'D:\\HW\\testproject\\complete\\7\\entry\\build\\default\\intermediates\\stripped_native_libs\\default',
  '--json-path',
  'D:\\HW\\testproject\\complete\\7\\entry\\build\\default\\intermediates\\package\\default\\module.json',
  '--resources-path',
  'D:\\HW\\testproject\\complete\\7\\entry\\build\\default\\intermediates\\res\\default\\resources',
  '--index-path',
  'D:\\HW\\testproject\\complete\\7\\entry\\build\\default\\intermediates\\res\\default\\resources.index',
  '--pack-info-path',
  'D:\\HW\\testproject\\complete\\7\\entry\\build\\default\\outputs\\default\\pack.info',
  '--out-path',
  'D:\\HW\\testproject\\complete\\7\\entry\\build\\default\\outputs\\default\\entry-default-unsigned.hap',
  '--ets-path',
  'D:\\HW\\testproject\\complete\\7\\entry\\build\\default\\intermediates\\loader_out\\default\\ets',
  '--pkg-context-path',
  'D:\\HW\\testproject\\complete\\7\\entry\\build\\default\\intermediates\\loader\\default\\pkgContextInfo.json'
]
[2026-09-11T12:27:56.410] [DEBUG] debug-file - default@PackageHap work[2] is submitted.
[2026-09-11T12:27:56.411] [DEBUG] debug-file - default@PackageHap work[2] is pushed to ready queue.
[2026-09-11T12:27:56.411] [DEBUG] debug-file - default@PackageHap work[2] is not dispatched.
[2026-09-11T12:27:56.418] [DEBUG] debug-file - entry : default@PackageHap cost memory -0.5085983276367188
[2026-09-11T12:27:56.606] [DEBUG] debug-file - default@PackageHap work[2] has been dispatched to worker[4].
[2026-09-11T12:27:56.624] [DEBUG] debug-file - A work dispatched to worker[15] failed because unable to get work from ready queue.
[2026-09-11T12:27:56.624] [DEBUG] debug-file - A work dispatched to worker[14] failed because unable to get work from ready queue.
[2026-09-11T12:27:56.624] [DEBUG] debug-file - A work dispatched to worker[13] failed because unable to get work from ready queue.
[2026-09-11T12:27:56.624] [DEBUG] debug-file - A work dispatched to worker[12] failed because unable to get work from ready queue.
[2026-09-11T12:27:56.624] [DEBUG] debug-file - A work dispatched to worker[11] failed because unable to get work from ready queue.
[2026-09-11T12:27:56.624] [DEBUG] debug-file - A work dispatched to worker[10] failed because unable to get work from ready queue.
[2026-09-11T12:27:56.624] [DEBUG] debug-file - A work dispatched to worker[9] failed because unable to get work from ready queue.
[2026-09-11T12:27:56.624] [DEBUG] debug-file - A work dispatched to worker[8] failed because unable to get work from ready queue.
[2026-09-11T12:27:56.624] [DEBUG] debug-file - A work dispatched to worker[7] failed because unable to get work from ready queue.
[2026-09-11T12:27:56.625] [DEBUG] debug-file - A work dispatched to worker[6] failed because unable to get work from ready queue.
[2026-09-11T12:27:56.625] [DEBUG] debug-file - A work dispatched to worker[5] failed because unable to get work from ready queue.
[2026-09-11T12:27:56.625] [DEBUG] debug-file - A work dispatched to worker[4] failed because of worker busy.
[2026-09-11T12:27:56.625] [DEBUG] debug-file - A work dispatched to worker[3] failed because unable to get work from ready queue.
[2026-09-11T12:27:56.625] [DEBUG] debug-file - A work dispatched to worker[2] failed because unable to get work from ready queue.
[2026-09-11T12:27:56.626] [DEBUG] debug-file - A work dispatched to worker[1] failed because unable to get work from ready queue.
[2026-09-11T12:27:56.626] [DEBUG] debug-file - A work dispatched to worker[0] failed because unable to get work from ready queue.
[2026-09-11T12:27:56.619] [DEBUG] debug-file - current process  memoryUsage: {
  rss: 634052608,
  heapTotal: 312549376,
  heapUsed: 274334088,
  external: 9522244,
  arrayBuffers: 4354828
} os memoryUsage :15.046329498291016
[2026-09-11T12:27:57.531] [DEBUG] debug-file - worker[4] has one work done.
[2026-09-11T12:27:57.532] [DEBUG] debug-file - default@PackageHap work[2] done.
[2026-09-11T12:27:57.533] [INFO] debug-file - Finished :entry:default@PackageHap... after 934 ms 
[2026-09-11T12:27:57.536] [DEBUG] debug-file - Executing task :entry:default@PackingCheck
[2026-09-11T12:27:57.545] [DEBUG] debug-file - entry : default@PackingCheck cost memory 0.5293426513671875
[2026-09-11T12:27:57.546] [DEBUG] debug-file - runTaskFromQueue task cost before running: 18 s 937 ms 
[2026-09-11T12:27:57.546] [INFO] debug-file - Finished :entry:default@PackingCheck... after 10 ms 
[2026-09-11T12:27:57.549] [DEBUG] debug-file - Executing task :entry:default@SignHap
[2026-09-11T12:27:57.550] [WARN] debug-file - Will skip sign 'hos_hap'. No signingConfigs profile is configured in current project.
             If needed, configure the signingConfigs in D:\HW\testproject\complete\7\build-profile.json5.
[2026-09-11T12:27:57.552] [DEBUG] debug-file - entry : default@SignHap cost memory 0.0618896484375
[2026-09-11T12:27:57.552] [DEBUG] debug-file - runTaskFromQueue task cost before running: 18 s 944 ms 
[2026-09-11T12:27:57.553] [INFO] debug-file - Finished :entry:default@SignHap... after 3 ms 
[2026-09-11T12:27:57.555] [DEBUG] debug-file - Executing task :entry:default@CollectDebugSymbol
[2026-09-11T12:27:57.557] [DEBUG] debug-file - entry : default@CollectDebugSymbol cost memory 0.0978240966796875
[2026-09-11T12:27:57.557] [DEBUG] debug-file - runTaskFromQueue task cost before running: 18 s 949 ms 
[2026-09-11T12:27:57.557] [INFO] debug-file - Finished :entry:default@CollectDebugSymbol... after 3 ms 
[2026-09-11T12:27:57.558] [DEBUG] debug-file - Executing task :entry:assembleHap
[2026-09-11T12:27:57.558] [DEBUG] debug-file - entry : assembleHap cost memory 0.0132293701171875
[2026-09-11T12:27:57.558] [DEBUG] debug-file - runTaskFromQueue task cost before running: 18 s 950 ms 
[2026-09-11T12:27:57.558] [INFO] debug-file - Finished :entry:assembleHap... after 1 ms 
[2026-09-11T12:27:57.559] [DEBUG] debug-file - Executing task ::MakeProjectPackInfo
[2026-09-11T12:27:57.562] [DEBUG] debug-file - Task ':MakeProjectPackInfo' cost while wrapping incremental declarations: 1 ms 
[2026-09-11T12:27:57.563] [DEBUG] debug-file - Project Pack Info: {
  summary: {
    app: { bundleName: 'c***p', bundleType: 'app', version: [Object] },
    modules: [ [Object] ]
  },
  packages: [
    {
      deviceType: [Array],
      moduleType: 'entry',
      deliveryWithInstall: true,
      name: 'entry-default'
    }
  ]
}
[2026-09-11T12:27:57.568] [DEBUG] debug-file - 7 : MakeProjectPackInfo cost memory 0.25055694580078125
[2026-09-11T12:27:57.568] [DEBUG] debug-file - runTaskFromQueue task cost before running: 18 s 959 ms 
[2026-09-11T12:27:57.568] [INFO] debug-file - Finished ::MakeProjectPackInfo... after 10 ms 
[2026-09-11T12:27:57.568] [DEBUG] debug-file - Executing task ::ProcessProjectPrivacyProfile
[2026-09-11T12:27:57.578] [DEBUG] debug-file - 7 : ProcessProjectPrivacyProfile cost memory -0.5752716064453125
[2026-09-11T12:27:57.578] [DEBUG] debug-file - runTaskFromQueue task cost before running: 18 s 970 ms 
[2026-09-11T12:27:57.579] [INFO] debug-file - Finished ::ProcessProjectPrivacyProfile... after 10 ms 
[2026-09-11T12:27:57.579] [DEBUG] debug-file - Executing task ::GeneratePackRes
[2026-09-11T12:27:57.580] [DEBUG] debug-file - 7 : GeneratePackRes cost memory 0.023590087890625
[2026-09-11T12:27:57.580] [DEBUG] debug-file - runTaskFromQueue task cost before running: 18 s 972 ms 
[2026-09-11T12:27:57.580] [INFO] debug-file - Finished ::GeneratePackRes... after 1 ms 
[2026-09-11T12:27:57.581] [DEBUG] debug-file - Executing task ::PackageApp
[2026-09-11T12:27:57.584] [DEBUG] debug-file - Task ':PackageApp' cost while wrapping incremental declarations: 1 ms 
[2026-09-11T12:27:57.591] [DEBUG] debug-file - Use tool [PackageApp]
 [
  'java',
  '-Dfile.encoding=GBK',
  '-jar',
  'E:\\DevEco Studio\\sdk\\default\\openharmony\\toolchains\\lib\\app_packing_tool.jar',
  '--mode',
  'app',
  '--pack-info-path',
  'D:\\HW\\testproject\\complete\\7\\build\\outputs\\default\\pack.info',
  '--hap-path',
  'D:\\HW\\testproject\\complete\\7\\entry\\build\\default\\outputs\\default\\app\\entry-default.hap',
  '--hsp-path',
  '',
  '--force',
  'true',
  '--out-path',
  'D:\\HW\\testproject\\complete\\7\\build\\outputs\\default\\7-default-unsigned.app',
  '--main-module-limit',
  '2',
  '--normal-module-limit',
  '2',
  '--pac-json-path',
  'D:\\HW\\testproject\\complete\\7\\build\\outputs\\default\\pac.json'
]
[2026-09-11T12:27:57.592] [DEBUG] debug-file - current process  memoryUsage: {
  rss: 634540032,
  heapTotal: 120934400,
  heapUsed: 117585632,
  external: 3968351,
  arrayBuffers: 32698
} os memoryUsage :15.098350524902344
[2026-09-11T12:27:58.455] [DEBUG] debug-file - 7 : PackageApp cost memory 0.4268035888671875
[2026-09-11T12:27:58.456] [DEBUG] debug-file - runTaskFromQueue task cost before running: 19 s 847 ms 
[2026-09-11T12:27:58.456] [INFO] debug-file - Finished ::PackageApp... after 875 ms 
[2026-09-11T12:27:58.457] [DEBUG] debug-file - Executing task ::SignPackagesFromApp
[2026-09-11T12:27:58.458] [DEBUG] debug-file - 7 : SignPackagesFromApp cost memory 0.032135009765625
[2026-09-11T12:27:58.458] [DEBUG] debug-file - runTaskFromQueue task cost before running: 19 s 850 ms 
[2026-09-11T12:27:58.459] [INFO] debug-file - Finished ::SignPackagesFromApp... after 2 ms 
[2026-09-11T12:27:58.459] [DEBUG] debug-file - Executing task ::SignApp
[2026-09-11T12:27:58.459] [DEBUG] debug-file - signingConfigName of signApp is :  undefined
[2026-09-11T12:27:58.460] [WARN] debug-file - Will skip sign 'app'. No signingConfigs profile is configured in current project.
             If needed, configure the signingConfigs in D:\HW\testproject\complete\7\build-profile.json5.
[2026-09-11T12:27:58.461] [DEBUG] debug-file - 7 : SignApp cost memory 0.10167694091796875
[2026-09-11T12:27:58.461] [DEBUG] debug-file - runTaskFromQueue task cost before running: 19 s 853 ms 
[2026-09-11T12:27:58.462] [INFO] debug-file - Finished ::SignApp... after 3 ms 
[2026-09-11T12:27:58.462] [DEBUG] debug-file - Executing task ::assembleApp
[2026-09-11T12:27:58.462] [DEBUG] debug-file - 7 : assembleApp cost memory 0.01303863525390625
[2026-09-11T12:27:58.462] [DEBUG] debug-file - runTaskFromQueue task cost before running: 19 s 854 ms 
[2026-09-11T12:27:58.463] [INFO] debug-file - Finished ::assembleApp... after 1 ms 
[2026-09-11T12:27:58.466] [INFO] debug-file - BUILD SUCCESSFUL in 19 s 856 ms 
[2026-09-11T12:27:58.468] [DEBUG] debug-file - Update task entry:default@PreBuild input file:D:\HW\testproject\complete\7\AppScope\app.json5 cache by regenerate.
[2026-09-11T12:27:58.469] [DEBUG] debug-file - Update task entry:default@PreBuild input file:D:\HW\testproject\complete\7\entry\src\main\module.json5 cache by regenerate.
[2026-09-11T12:27:58.470] [DEBUG] debug-file - Update task entry:default@PreBuild input file:D:\HW\testproject\complete\7\build-profile.json5 cache by regenerate.
[2026-09-11T12:27:58.470] [DEBUG] debug-file - Update task entry:default@PreBuild input file:D:\HW\testproject\complete\7\entry\build-profile.json5 cache by regenerate.
[2026-09-11T12:27:58.470] [DEBUG] debug-file - Update task entry:default@PreBuild input file:D:\HW\testproject\complete\7\entry\src\main\resources\base\profile\main_pages.json cache by regenerate.
[2026-09-11T12:27:58.470] [DEBUG] debug-file - Update task entry:default@PreBuild input file:D:\HW\testproject\complete\7\hvigor\hvigor-config.json5 cache by regenerate.
[2026-09-11T12:27:58.470] [DEBUG] debug-file - Update task entry:default@PreBuild input file:D:\HW\testproject\complete\7\entry\src\mock\mock-config.json5 cache by regenerate.
[2026-09-11T12:27:58.471] [DEBUG] debug-file - Update task entry:default@PreBuild input file:D:\HW\testproject\complete\7\entry\oh-package.json5 cache by regenerate.
[2026-09-11T12:27:58.471] [DEBUG] debug-file - Update task entry:default@PreBuild input file:D:\HW\testproject\complete\7\oh-package.json5 cache by regenerate.
[2026-09-11T12:27:58.471] [DEBUG] debug-file - Incremental task entry:default@PreBuild post-execution cost:4 ms .
[2026-09-11T12:27:58.471] [DEBUG] debug-file - Update task entry:default@CreateModuleInfo output file:D:\HW\testproject\complete\7\entry\build\default\generated\profile\default\ModuleInfo.ts cache.
[2026-09-11T12:27:58.472] [DEBUG] debug-file - Incremental task entry:default@CreateModuleInfo post-execution cost:1 ms .
[2026-09-11T12:27:58.472] [DEBUG] debug-file - Update task entry:default@GenerateMetadata input file:D:\HW\testproject\complete\7\entry\src\main\module.json5 cache by regenerate.
[2026-09-11T12:27:58.472] [DEBUG] debug-file - Update task entry:default@GenerateMetadata output file:D:\HW\testproject\complete\7\entry\build\default\intermediates\hap_metadata\default\output_metadata.json cache.
[2026-09-11T12:27:58.473] [DEBUG] debug-file - Incremental task entry:default@GenerateMetadata post-execution cost:1 ms .
[2026-09-11T12:27:58.473] [DEBUG] debug-file - Update task entry:default@MergeProfile input file:D:\HW\testproject\complete\7\AppScope\app.json5 cache by regenerate.
[2026-09-11T12:27:58.473] [DEBUG] debug-file - Update task entry:default@MergeProfile input file:D:\HW\testproject\complete\7\build-profile.json5 cache by regenerate.
[2026-09-11T12:27:58.473] [DEBUG] debug-file - Update task entry:default@MergeProfile input file:D:\HW\testproject\complete\7\entry\src\main\module.json5 cache by regenerate.
[2026-09-11T12:27:58.473] [DEBUG] debug-file - Update task entry:default@MergeProfile output file:D:\HW\testproject\complete\7\entry\build\default\intermediates\merge_profile\default\module.json cache.
[2026-09-11T12:27:58.473] [DEBUG] debug-file - Incremental task entry:default@MergeProfile post-execution cost:1 ms .
[2026-09-11T12:27:58.473] [DEBUG] debug-file - Update task entry:default@CreateBuildProfile input file:D:\HW\testproject\complete\7\AppScope\app.json5 cache by regenerate.
[2026-09-11T12:27:58.474] [DEBUG] debug-file - Update task entry:default@CreateBuildProfile input file:D:\HW\testproject\complete\7\build-profile.json5 cache by regenerate.
[2026-09-11T12:27:58.474] [DEBUG] debug-file - Update task entry:default@CreateBuildProfile output file:D:\HW\testproject\complete\7\entry\build\default\generated\profile\default\BuildProfile.ets cache.
[2026-09-11T12:27:58.474] [DEBUG] debug-file - Incremental task entry:default@CreateBuildProfile post-execution cost:1 ms .
[2026-09-11T12:27:58.474] [DEBUG] debug-file - Update task entry:default@GeneratePkgContextInfo output file:D:\HW\testproject\complete\7\entry\build\default\intermediates\loader\default\pkgContextInfo.json cache.
[2026-09-11T12:27:58.475] [DEBUG] debug-file - Incremental task entry:default@GeneratePkgContextInfo post-execution cost:1 ms .
[2026-09-11T12:27:58.475] [DEBUG] debug-file - Update task entry:default@GeneratePkgSdkInfo output file:D:\HW\testproject\complete\7\entry\build\default\intermediates\loader\default\pkgSdkInfo.json cache.
[2026-09-11T12:27:58.475] [DEBUG] debug-file - Incremental task entry:default@GeneratePkgSdkInfo post-execution cost:1 ms .
[2026-09-11T12:27:58.475] [DEBUG] debug-file - Update task entry:default@ProcessIntegratedHsp output file:D:\HW\testproject\complete\7\build\cache\default\integrated_hsp\integratedHspCache.json cache.
[2026-09-11T12:27:58.475] [DEBUG] debug-file - Incremental task entry:default@ProcessIntegratedHsp post-execution cost:1 ms .
[2026-09-11T12:27:58.476] [DEBUG] debug-file - Update task entry:default@MakePackInfo input file:D:\HW\testproject\complete\7\AppScope\app.json5 cache by regenerate.
[2026-09-11T12:27:58.476] [DEBUG] debug-file - Update task entry:default@MakePackInfo input file:D:\HW\testproject\complete\7\entry\src\main\module.json5 cache by regenerate.
[2026-09-11T12:27:58.476] [DEBUG] debug-file - Update task entry:default@MakePackInfo input file:D:\HW\testproject\complete\7\build-profile.json5 cache by regenerate.
[2026-09-11T12:27:58.477] [DEBUG] debug-file - Update task entry:default@MakePackInfo input file:D:\HW\testproject\complete\7\entry\src\main\resources\base\profile\backup_config.json cache by regenerate.
[2026-09-11T12:27:58.477] [DEBUG] debug-file - Update task entry:default@MakePackInfo output file:D:\HW\testproject\complete\7\entry\build\default\outputs\default\pack.info cache.
[2026-09-11T12:27:58.477] [DEBUG] debug-file - Incremental task entry:default@MakePackInfo post-execution cost:2 ms .
[2026-09-11T12:27:58.477] [DEBUG] debug-file - Update task entry:default@SyscapTransform input file:E:\DevEco Studio\sdk\default\openharmony\toolchains\syscap_tool.exe cache by regenerate.
[2026-09-11T12:27:58.478] [DEBUG] debug-file - Update task entry:default@SyscapTransform input file:E:\DevEco Studio\sdk\default\openharmony\ets\api\device-define cache by regenerate.
[2026-09-11T12:27:58.479] [DEBUG] debug-file - Update task entry:default@SyscapTransform output file:D:\HW\testproject\complete\7\entry\build\default\intermediates\syscap\default\rpcid.sc cache.
[2026-09-11T12:27:58.480] [DEBUG] debug-file - Incremental task entry:default@SyscapTransform post-execution cost:3 ms .
[2026-09-11T12:27:58.480] [DEBUG] debug-file - Update task entry:default@ProcessProfile input file:D:\HW\testproject\complete\7\entry\build\default\intermediates\merge_profile\default\module.json cache by regenerate.
[2026-09-11T12:27:58.480] [DEBUG] debug-file - Update task entry:default@ProcessProfile output file:D:\HW\testproject\complete\7\entry\build\default\intermediates\process_profile\default\module.json cache.
[2026-09-11T12:27:58.480] [DEBUG] debug-file - Incremental task entry:default@ProcessProfile post-execution cost:1 ms .
[2026-09-11T12:27:58.481] [DEBUG] debug-file - Update task entry:default@ProcessRouterMap input file:D:\HW\testproject\complete\7\entry\oh-package.json5 cache by regenerate.
[2026-09-11T12:27:58.481] [DEBUG] debug-file - Update task entry:default@ProcessRouterMap input file:D:\HW\testproject\complete\7\oh-package.json5 cache by regenerate.
[2026-09-11T12:27:58.481] [DEBUG] debug-file - Update task entry:default@ProcessRouterMap input file:D:\HW\testproject\complete\7\entry\src\main\module.json5 cache by regenerate.
[2026-09-11T12:27:58.481] [DEBUG] debug-file - Update task entry:default@ProcessRouterMap input file:D:\HW\testproject\complete\7\entry\build\default\intermediates\loader\default\pkgContextInfo.json cache by regenerate.
[2026-09-11T12:27:58.481] [DEBUG] debug-file - Update task entry:default@ProcessRouterMap output file:D:\HW\testproject\complete\7\entry\build\default\intermediates\router_map\default\temp-router-map.json cache.
[2026-09-11T12:27:58.481] [DEBUG] debug-file - Update task entry:default@ProcessRouterMap output file:D:\HW\testproject\complete\7\entry\build\default\intermediates\router_map\default\loader-router-map.json cache.
[2026-09-11T12:27:58.482] [DEBUG] debug-file - Incremental task entry:default@ProcessRouterMap post-execution cost:2 ms .
[2026-09-11T12:27:58.482] [DEBUG] debug-file - Update task entry:default@ProcessShareConfig input file:D:\HW\testproject\complete\7\entry\oh-package.json5 cache by regenerate.
[2026-09-11T12:27:58.482] [DEBUG] debug-file - Update task entry:default@ProcessShareConfig input file:D:\HW\testproject\complete\7\oh-package.json5 cache by regenerate.
[2026-09-11T12:27:58.482] [DEBUG] debug-file - Update task entry:default@ProcessShareConfig input file:D:\HW\testproject\complete\7\entry\src\main\module.json5 cache by regenerate.
[2026-09-11T12:27:58.483] [DEBUG] debug-file - Update task entry:default@ProcessShareConfig input file:D:\HW\testproject\complete\7\entry\build\default\intermediates\loader\default\pkgContextInfo.json cache by regenerate.
[2026-09-11T12:27:58.483] [DEBUG] debug-file - Update task entry:default@ProcessShareConfig output file:D:\HW\testproject\complete\7\entry\build\default\intermediates\share_config\default\temp-share-config.json cache.
[2026-09-11T12:27:58.483] [DEBUG] debug-file - Incremental task entry:default@ProcessShareConfig post-execution cost:2 ms .
[2026-09-11T12:27:58.483] [DEBUG] debug-file - Update task entry:default@ProcessStartupConfig input file:D:\HW\testproject\complete\7\entry\build\default\intermediates\loader\default\pkgContextInfo.json cache by regenerate.
[2026-09-11T12:27:58.484] [DEBUG] debug-file - Update task entry:default@ProcessStartupConfig output file:D:\HW\testproject\complete\7\entry\build\default\intermediates\startup\default\startup_config.json cache.
[2026-09-11T12:27:58.484] [DEBUG] debug-file - Incremental task entry:default@ProcessStartupConfig post-execution cost:1 ms .
[2026-09-11T12:27:58.484] [DEBUG] debug-file - Update task entry:default@ProcessResource output file:D:\HW\testproject\complete\7\entry\build\default\intermediates\res\default\resConfig.json cache.
[2026-09-11T12:27:58.484] [DEBUG] debug-file - Update task entry:default@ProcessResource output file:D:\HW\testproject\complete\7\entry\build\default\intermediates\res\default\opt-compression.json cache.
[2026-09-11T12:27:58.484] [DEBUG] debug-file - Incremental task entry:default@ProcessResource post-execution cost:1 ms .
[2026-09-11T12:27:58.486] [DEBUG] debug-file - Update task entry:default@GenerateLoaderJson input file:D:\HW\testproject\complete\7\entry\src\mock\mock-config.json5 cache by regenerate.
[2026-09-11T12:27:58.486] [DEBUG] debug-file - Update task entry:default@GenerateLoaderJson input file:D:\HW\testproject\complete\7\entry\build\default\intermediates\loader\default\pkgContextInfo.json cache by regenerate.
[2026-09-11T12:27:58.486] [DEBUG] debug-file - Update task entry:default@GenerateLoaderJson input file:D:\HW\testproject\complete\7\entry\build\default\intermediates\router_map\default\temp-router-map.json cache by regenerate.
[2026-09-11T12:27:58.487] [DEBUG] debug-file - Update task entry:default@GenerateLoaderJson output file:D:\HW\testproject\complete\7\entry\build\default\intermediates\loader\default\loader.json cache.
[2026-09-11T12:27:58.487] [DEBUG] debug-file - Incremental task entry:default@GenerateLoaderJson post-execution cost:3 ms .
[2026-09-11T12:27:58.487] [DEBUG] debug-file - Update task entry:default@ProcessLibs input file:D:\HW\testproject\complete\7\build-profile.json5 cache by regenerate.
[2026-09-11T12:27:58.487] [DEBUG] debug-file - Update task entry:default@ProcessLibs input file:D:\HW\testproject\complete\7\entry\build-profile.json5 cache by regenerate.
[2026-09-11T12:27:58.488] [DEBUG] debug-file - Update task entry:default@ProcessLibs output file:D:\HW\testproject\complete\7\entry\build\default\intermediates\libs\default cache.
[2026-09-11T12:27:58.488] [DEBUG] debug-file - Incremental task entry:default@ProcessLibs post-execution cost:2 ms .
[2026-09-11T12:27:58.489] [DEBUG] debug-file - Update task entry:default@CompileResource input file:D:\HW\testproject\complete\7\entry\src\main\resources cache by regenerate.
[2026-09-11T12:27:58.491] [DEBUG] debug-file - Update task entry:default@CompileResource input file:D:\HW\testproject\complete\7\AppScope\resources cache by regenerate.
[2026-09-11T12:27:58.492] [DEBUG] debug-file - Update task entry:default@CompileResource input file:D:\HW\testproject\complete\7\entry\build\default\intermediates\process_profile\default\module.json cache by regenerate.
[2026-09-11T12:27:58.492] [DEBUG] debug-file - Update task entry:default@CompileResource input file:D:\HW\testproject\complete\7\entry\build\default\intermediates\res\default\resConfig.json cache by regenerate.
[2026-09-11T12:27:58.492] [DEBUG] debug-file - Update task entry:default@CompileResource output file:D:\HW\testproject\complete\7\entry\build\default\intermediates\res\default cache.
[2026-09-11T12:27:58.495] [DEBUG] debug-file - Update task entry:default@CompileResource output file:D:\HW\testproject\complete\7\entry\build\default\generated\r\default\ResourceTable.h cache.
[2026-09-11T12:27:58.495] [DEBUG] debug-file - Update task entry:default@CompileResource output file:D:\HW\testproject\complete\7\entry\build\default\generated\r\default\ResourceTable.ts cache.
[2026-09-11T12:27:58.495] [DEBUG] debug-file - Update task entry:default@CompileResource output file:D:\HW\testproject\complete\7\entry\build\default\generated\r\default cache.
[2026-09-11T12:27:58.496] [DEBUG] debug-file - Incremental task entry:default@CompileResource post-execution cost:8 ms .
[2026-09-11T12:27:58.496] [DEBUG] debug-file - Update task entry:default@DoNativeStrip input file:D:\HW\testproject\complete\7\entry\build\default\intermediates\libs\default cache by regenerate.
[2026-09-11T12:27:58.496] [DEBUG] debug-file - Update task entry:default@DoNativeStrip output file:D:\HW\testproject\complete\7\entry\build\default\intermediates\stripped_native_libs\default cache.
[2026-09-11T12:27:58.496] [DEBUG] debug-file - Incremental task entry:default@DoNativeStrip post-execution cost:1 ms .
[2026-09-11T12:27:58.498] [DEBUG] debug-file - Update task entry:default@CompileArkTS input file:D:\HW\testproject\complete\7\entry\build\default\intermediates\loader\default cache by regenerate.
[2026-09-11T12:27:58.499] [DEBUG] debug-file - Update task entry:default@CompileArkTS input file:D:\HW\testproject\complete\7\entry\build\default\intermediates\res\default\resources\rawfile cache by regenerate.
[2026-09-11T12:27:58.499] [DEBUG] debug-file - Update task entry:default@CompileArkTS input file:D:\HW\testproject\complete\7\entry\build\default\intermediates\res\default\ResourceTable.txt cache by regenerate.
[2026-09-11T12:27:58.500] [DEBUG] debug-file - Update task entry:default@CompileArkTS input file:D:\HW\testproject\complete\7\entry\build\default\intermediates\res\default\ark_module.json cache by regenerate.
[2026-09-11T12:27:58.500] [DEBUG] debug-file - Update task entry:default@CompileArkTS input file:D:\HW\testproject\complete\7\entry\build\default\intermediates\res\default\resources\base\profile cache by regenerate.
[2026-09-11T12:27:58.500] [DEBUG] debug-file - Update task entry:default@CompileArkTS input file:D:\HW\testproject\complete\7\entry\src\main\ets cache by regenerate.
[2026-09-11T12:27:58.502] [DEBUG] debug-file - Update task entry:default@CompileArkTS input file:D:\HW\testproject\complete\7\entry\build\default\intermediates\loader\default\pkgContextInfo.json cache by regenerate.
[2026-09-11T12:27:58.502] [DEBUG] debug-file - Update task entry:default@CompileArkTS input file:D:\HW\testproject\complete\7\entry\build\default\generated\profile\default\BuildProfile.ets cache by regenerate.
[2026-09-11T12:27:58.502] [DEBUG] debug-file - Update task entry:default@CompileArkTS input file:D:\HW\testproject\complete\7\entry\src\mock\mock-config.json5 cache by regenerate.
[2026-09-11T12:27:58.503] [DEBUG] debug-file - Update task entry:default@CompileArkTS output file:D:\HW\testproject\complete\7\entry\build\default\intermediates\loader_out\default\ets cache.
[2026-09-11T12:27:58.504] [DEBUG] debug-file - Incremental task entry:default@CompileArkTS post-execution cost:8 ms .
[2026-09-11T12:27:58.505] [DEBUG] debug-file - Update task entry:default@BuildJS input file:D:\HW\testproject\complete\7\entry\build\default\intermediates\loader\default cache by regenerate.
[2026-09-11T12:27:58.506] [DEBUG] debug-file - Update task entry:default@BuildJS input file:D:\HW\testproject\complete\7\entry\build\default\intermediates\res\default\resources\rawfile cache by regenerate.
[2026-09-11T12:27:58.506] [DEBUG] debug-file - Update task entry:default@BuildJS input file:D:\HW\testproject\complete\7\entry\build\default\intermediates\res\default\ResourceTable.txt cache by regenerate.
[2026-09-11T12:27:58.506] [DEBUG] debug-file - Update task entry:default@BuildJS input file:D:\HW\testproject\complete\7\entry\build\default\intermediates\res\default\ark_module.json cache by regenerate.
[2026-09-11T12:27:58.507] [DEBUG] debug-file - Update task entry:default@BuildJS input file:D:\HW\testproject\complete\7\entry\build\default\intermediates\res\default\resources\base\profile cache by regenerate.
[2026-09-11T12:27:58.507] [DEBUG] debug-file - Update task entry:default@BuildJS input file:D:\HW\testproject\complete\7\entry\build\default\intermediates\loader\default\pkgContextInfo.json cache by regenerate.
[2026-09-11T12:27:58.507] [DEBUG] debug-file - Update task entry:default@BuildJS output file:D:\HW\testproject\complete\7\entry\build\default\intermediates\loader_out\default\js cache.
[2026-09-11T12:27:58.508] [DEBUG] debug-file - Incremental task entry:default@BuildJS post-execution cost:4 ms .
[2026-09-11T12:27:58.508] [DEBUG] debug-file - Update task entry:default@CacheNativeLibs input file:D:\HW\testproject\complete\7\entry\build\default\intermediates\stripped_native_libs\default cache by regenerate.
[2026-09-11T12:27:58.508] [DEBUG] debug-file - Update task entry:default@CacheNativeLibs input file:D:\HW\testproject\complete\7\entry\build\default\intermediates\libs\default cache by regenerate.
[2026-09-11T12:27:58.508] [DEBUG] debug-file - Update task entry:default@CacheNativeLibs output file:D:\HW\testproject\complete\7\entry\build\default\intermediates\patch\default\base_native_libs.json cache.
[2026-09-11T12:27:58.508] [DEBUG] debug-file - Update task entry:default@CacheNativeLibs output file:D:\HW\testproject\complete\7\entry\build\default\intermediates\patch\default\binxo_native_libs.json cache.
[2026-09-11T12:27:58.509] [DEBUG] debug-file - Incremental task entry:default@CacheNativeLibs post-execution cost:1 ms .
[2026-09-11T12:27:58.509] [DEBUG] debug-file - Update task entry:default@GeneratePkgModuleJson input file:D:\HW\testproject\complete\7\entry\build\default\intermediates\res\default\module.json cache by regenerate.
[2026-09-11T12:27:58.509] [DEBUG] debug-file - Update task entry:default@GeneratePkgModuleJson output file:D:\HW\testproject\complete\7\entry\build\default\intermediates\package\default\module.json cache.
[2026-09-11T12:27:58.509] [DEBUG] debug-file - Incremental task entry:default@GeneratePkgModuleJson post-execution cost:1 ms .
[2026-09-11T12:27:58.509] [DEBUG] debug-file - Incremental task entry:default@ProcessCompiledResources post-execution cost:1 ms .
[2026-09-11T12:27:58.511] [DEBUG] debug-file - Update task entry:default@PackageHap input file:D:\HW\testproject\complete\7\entry\build\default\outputs\default\pack.info cache by regenerate.
[2026-09-11T12:27:58.511] [DEBUG] debug-file - Update task entry:default@PackageHap input file:D:\HW\testproject\complete\7\entry\build\default\intermediates\stripped_native_libs\default cache by regenerate.
[2026-09-11T12:27:58.511] [DEBUG] debug-file - Update task entry:default@PackageHap input file:D:\HW\testproject\complete\7\entry\build\default\intermediates\res\default\module.json cache by regenerate.
[2026-09-11T12:27:58.512] [DEBUG] debug-file - Update task entry:default@PackageHap input file:D:\HW\testproject\complete\7\entry\build\default\intermediates\res\default\resources cache by regenerate.
[2026-09-11T12:27:58.513] [DEBUG] debug-file - Update task entry:default@PackageHap input file:D:\HW\testproject\complete\7\entry\build\default\intermediates\res\default\resources.index cache by regenerate.
[2026-09-11T12:27:58.513] [DEBUG] debug-file - Update task entry:default@PackageHap input file:D:\HW\testproject\complete\7\entry\build\default\intermediates\loader_out\default\ets cache by regenerate.
[2026-09-11T12:27:58.514] [DEBUG] debug-file - Update task entry:default@PackageHap input file:D:\HW\testproject\complete\7\entry\build\default\intermediates\loader\default\pkgContextInfo.json cache by regenerate.
[2026-09-11T12:27:58.514] [DEBUG] debug-file - Update task entry:default@PackageHap input file:D:\HW\testproject\complete\7\entry\build\default\intermediates\package\default\module.json cache by regenerate.
[2026-09-11T12:27:58.514] [DEBUG] debug-file - Update task entry:default@PackageHap input file:D:\HW\testproject\complete\7\entry\build\default\intermediates\loader_out\default\ets\sourceMaps.map cache by regenerate.
[2026-09-11T12:27:58.514] [DEBUG] debug-file - Update task entry:default@PackageHap input file:D:\HW\testproject\complete\7\entry\build\default\generated\profile\default\BuildProfile.ets cache by regenerate.
[2026-09-11T12:27:58.515] [DEBUG] debug-file - Update task entry:default@PackageHap output file:D:\HW\testproject\complete\7\entry\build\default\outputs\default\entry-default-unsigned.hap cache.
[2026-09-11T12:27:58.515] [DEBUG] debug-file - Update task entry:default@PackageHap output file:D:\HW\testproject\complete\7\entry\build\default\intermediates\source_map\default\sourceMaps.map cache.
[2026-09-11T12:27:58.515] [DEBUG] debug-file - Update task entry:default@PackageHap output file:D:\HW\testproject\complete\7\entry\build\default\outputs\default\mapping\sourceMaps.map cache.
[2026-09-11T12:27:58.516] [DEBUG] debug-file - Incremental task entry:default@PackageHap post-execution cost:7 ms .
[2026-09-11T12:27:58.516] [DEBUG] debug-file - Update task entry:default@SignHap input file:D:\HW\testproject\complete\7\entry\build\default\outputs\default\entry-default-unsigned.hap cache by regenerate.
[2026-09-11T12:27:58.516] [DEBUG] debug-file - Update task entry:default@SignHap output file:D:\HW\testproject\complete\7\entry\build\default\outputs\default\entry-default-signed.hap cache.
[2026-09-11T12:27:58.516] [DEBUG] debug-file - Incremental task entry:default@SignHap post-execution cost:1 ms .
[2026-09-11T12:27:58.517] [DEBUG] debug-file - Update task entry:default@CollectDebugSymbol input file:D:\HW\testproject\complete\7\entry\build\default\intermediates\loader_out\default\ets\sourceMaps.map cache by regenerate.
[2026-09-11T12:27:58.517] [DEBUG] debug-file - Update task entry:default@CollectDebugSymbol input file:D:\HW\testproject\complete\7\entry\build\default\intermediates\libs\default cache by regenerate.
[2026-09-11T12:27:58.518] [DEBUG] debug-file - Update task entry:default@CollectDebugSymbol output file:D:\HW\testproject\complete\7\entry\build\default\outputs\default\symbol cache.
[2026-09-11T12:27:58.518] [DEBUG] debug-file - Incremental task entry:default@CollectDebugSymbol post-execution cost:2 ms .
[2026-09-11T12:27:58.518] [DEBUG] debug-file - Update task :MakeProjectPackInfo input file:D:\HW\testproject\complete\7\entry\build\default\outputs\default\pack.info cache by regenerate.
[2026-09-11T12:27:58.518] [DEBUG] debug-file - Update task :MakeProjectPackInfo output file:D:\HW\testproject\complete\7\build\outputs\default\pack.info cache.
[2026-09-11T12:27:58.518] [DEBUG] debug-file - Incremental task :MakeProjectPackInfo post-execution cost:1 ms .
[2026-09-11T12:27:58.519] [DEBUG] debug-file - Update task :ProcessProjectPrivacyProfile output file:D:\HW\testproject\complete\7\build\outputs\default\pac.json cache.
[2026-09-11T12:27:58.519] [DEBUG] debug-file - Incremental task :ProcessProjectPrivacyProfile post-execution cost:1 ms .
[2026-09-11T12:27:58.519] [DEBUG] debug-file - Update task :GeneratePackRes input file:D:\HW\testproject\complete\7\build\outputs\default\pack.info cache by regenerate.
[2026-09-11T12:27:58.519] [DEBUG] debug-file - Incremental task :GeneratePackRes post-execution cost:1 ms .
[2026-09-11T12:27:58.519] [DEBUG] debug-file - Update task :PackageApp input file:D:\HW\testproject\complete\7\build\outputs\default\pack.info cache by regenerate.
[2026-09-11T12:27:58.519] [DEBUG] debug-file - Update task :PackageApp input file:D:\HW\testproject\complete\7\entry\build\default\outputs\default\entry-default-unsigned.hap cache by regenerate.
[2026-09-11T12:27:58.519] [DEBUG] debug-file - Update task :PackageApp input file:D:\HW\testproject\complete\7\build\outputs\default\pac.json cache by regenerate.
[2026-09-11T12:27:58.520] [DEBUG] debug-file - Update task :PackageApp output file:D:\HW\testproject\complete\7\build\outputs\default\7-default-unsigned.app cache.
[2026-09-11T12:27:58.520] [DEBUG] debug-file - Update task :PackageApp output file:D:\HW\testproject\complete\7\entry\build\default\outputs\default\app\entry-default.hap cache.
[2026-09-11T12:27:58.520] [DEBUG] debug-file - Update task :PackageApp output file:D:\HW\testproject\complete\7\build\outputs\default\symbol\debug cache.
[2026-09-11T12:27:58.520] [DEBUG] debug-file - Incremental task :PackageApp post-execution cost:2 ms .
[2026-09-11T12:27:58.521] [DEBUG] debug-file - Update task :SignPackagesFromApp input file:D:\HW\testproject\complete\7\build\outputs\default\7-default-unsigned.app cache by regenerate.
[2026-09-11T12:27:58.521] [DEBUG] debug-file - Incremental task :SignPackagesFromApp post-execution cost:1 ms .
[2026-09-11T12:27:58.521] [DEBUG] debug-file - Update task :SignApp input file:D:\HW\testproject\complete\7\build\outputs\default\7-default-unsigned.app cache by regenerate.
[2026-09-11T12:27:58.521] [DEBUG] debug-file - Update task :SignApp output file:D:\HW\testproject\complete\7\build\outputs\default\7-default-signed.app cache.
[2026-09-11T12:27:58.522] [DEBUG] debug-file - Incremental task :SignApp post-execution cost:1 ms .
[2026-09-11T12:27:58.547] [DEBUG] debug-file - Cleanup worker 0.
[2026-09-11T12:27:58.547] [DEBUG] debug-file - Cleanup worker 1.
[2026-09-11T12:27:58.547] [DEBUG] debug-file - Cleanup worker 14.
[2026-09-11T12:27:58.549] [DEBUG] debug-file - hvigor build process will be closed.
[2026-09-11T12:27:58.556] [DEBUG] debug-file - session manager: send message to worker process. WorkerThreadId: 0, data: {"type":"hvigor_failed","reason":"Server has disconnected."}
[2026-09-11T12:27:58.557] [DEBUG] debug-file - session manager: send message to worker process. WorkerThreadId: 0, data: {"type":"CloseWatch","reason":"Server has disconnected."}
[2026-09-11T12:27:58.556] [DEBUG] debug-file - worker[0] exits with exit code 1.
[2026-09-11T12:27:58.557] [DEBUG] debug-file - worker[1] exits with exit code 1.
[2026-09-11T12:27:58.557] [DEBUG] debug-file - Worker 0 has been cleaned up.
[2026-09-11T12:27:58.557] [DEBUG] debug-file - Current idle worker size: 1.
[2026-09-11T12:27:58.558] [DEBUG] debug-file - Current resident worker size: 2.
[2026-09-11T12:27:58.558] [DEBUG] debug-file - Worker 1 has been cleaned up.
[2026-09-11T12:27:58.558] [DEBUG] debug-file - Current idle worker size: 1.
[2026-09-11T12:27:58.558] [DEBUG] debug-file - Current resident worker size: 2.
[2026-09-11T12:27:58.558] [DEBUG] debug-file - watch worker: worker id should be larger than 0. Nothing will be sent to any worker thread.
[2026-09-11T12:27:58.558] [DEBUG] debug-file - ABORT_WORK sent to workers.
[2026-09-11T12:27:58.558] [DEBUG] debug-file - worker[14] exits with exit code 1.
[2026-09-11T12:27:58.559] [DEBUG] debug-file - Worker 14 has been cleaned up.
[2026-09-11T12:27:58.559] [DEBUG] debug-file - Current idle worker size: 1.
[2026-09-11T12:27:58.559] [DEBUG] debug-file - Current resident worker size: 1.
[2026-09-11T12:27:58.559] [DEBUG] debug-file - watch worker: worker id should be larger than 0. Nothing will be sent to any worker thread.
[2026-09-11T14:14:08.766] [DEBUG] debug-file - env: nodejsVersion=v24.14.1
[2026-09-11T14:14:08.804] [DEBUG] debug-file - env: daemon=true
[2026-09-11T14:14:08.767] [DEBUG] debug-file - env: hvigor-config.json5 content = {
  modelVersion: '6.0.1',
  dependencies: {},
  execution: {},
  logging: {},
  debugging: {},
  nodeOptions: {}
}
[2026-09-11T14:14:10.777] [DEBUG] debug-file - hvigor java daemon: Starting java daemon. jvmXmxValue=512m, jarPath=E:\DevEco Studio\tools\hvigor\hvigor\lib\hvigor-java-daemon.jar
[2026-09-11T14:14:10.778] [DEBUG] debug-file - hvigor java daemon: Read cache file, 
    port=45050, pid=61152, sessionId exists=true
[2026-09-11T14:14:10.818] [DEBUG] debug-file - hvigor java daemon: tryConnect failed, Error: connect ECONNREFUSED 127.0.0.1:45050, will start new daemon
[2026-09-11T14:14:10.971] [DEBUG] debug-file - java daemon started at port 45050 pid 60768
[2026-09-11T14:14:11.022] [DEBUG] debug-file - session manager: set active socket. socketId=fMGjWPW4vcUVvQbfAAAB
[2026-09-11T14:14:12.069] [DEBUG] debug-file - watch worker: worker id should be larger than 0. Nothing will be sent to any worker thread.
[2026-09-11T14:14:12.083] [DEBUG] debug-file - Since there is no instance or instance is terminated, create a new worker pool.
[2026-09-11T14:14:12.083] [DEBUG] debug-file - Worker pool is initialized with config:  {
  minPoolNum: 2,
  maxPoolNum: undefined,
  maxCoreSize: undefined,
  cacheCapacity: undefined,
  cacheTtl: undefined
}
[2026-09-11T14:14:12.085] [DEBUG] debug-file - Create  resident worker with id: 0.
[2026-09-11T14:14:12.090] [DEBUG] debug-file - Create  resident worker with id: 1.
[2026-09-11T14:14:12.095] [DEBUG] debug-file - Workers' log level updated to INFO
[2026-09-11T14:14:12.109] [DEBUG] debug-file - Hvigor init with startParameters:{
  hvigorfileTypeCheck: false,
  parallelExecution: true,
  incrementalExecution: true,
  printStackTrace: false,
  daemon: true,
  analyze: 0,
  logLevel: Level { level: 20000, levelStr: 'INFO', colour: 'green' },
  optimizationStrategy: 'memory',
  hotCompile: undefined,
  hotReloadBuild: undefined,
  customizedParam: undefined
}
[2026-09-11T14:14:12.124] [DEBUG] debug-file - Cache service initialization finished in 14 ms 
[2026-09-11T14:14:12.129] [DEBUG] debug-file - hvigorfile, resolving D:\HW\testproject\complete\7\hvigorfile.ts
[2026-09-11T14:14:15.633] [DEBUG] debug-file - hvigorfile, require result:  { default: { plugins: [] } }
[2026-09-11T14:14:15.634] [DEBUG] debug-file - hvigorfile, binding system plugins null
[2026-09-11T14:14:15.636] [DEBUG] debug-file - Starting plugin build process
[2026-09-11T14:14:15.638] [DEBUG] debug-file - App plugin prepare start...
[2026-09-11T14:14:15.639] [DEBUG] debug-file - App plugin prepare end...
[2026-09-11T14:14:15.639] [DEBUG] debug-file - App plugin creating...
[2026-09-11T14:14:16.074] [DEBUG] debug-file - App plugin register hook start...
[2026-09-11T14:14:16.075] [DEBUG] debug-file - App plugin register hook end...
[2026-09-11T14:14:16.075] [DEBUG] debug-file - Plugin build process completed
[2026-09-11T14:14:16.077] [DEBUG] debug-file - Start initialize project's product build option map with build mode debug.
[2026-09-11T14:14:16.078] [DEBUG] debug-file - Picking option from product 'default' with build mode 'debug'.
[2026-09-11T14:14:16.079] [DEBUG] debug-file - Product 'default' build option initialized
[2026-09-11T14:14:16.079] [DEBUG] debug-file - End initialize project's product build option map with build mode 'debug'.
[2026-09-11T14:14:16.087] [DEBUG] debug-file - Obtain build option for product 'default'in this build.
[2026-09-11T14:14:16.117] [DEBUG] debug-file - No signingConfig found, initRemoteHspCache failed.
[2026-09-11T14:14:16.124] [DEBUG] debug-file - Local scan or download HarmonyOS sdk components toolchains,ets,js,native,previewer
[2026-09-11T14:14:16.132] [DEBUG] debug-file - Local scan or download hmscore sdk components toolchains,ets,native
[2026-09-11T14:14:16.139] [DEBUG] debug-file - Start recording SDK configuration permission data.
[2026-09-11T14:14:16.214] [DEBUG] debug-file - Sdk init in 94 ms 
[2026-09-11T14:14:16.230] [DEBUG] debug-file - Project task initialization takes 14 ms 
[2026-09-11T14:14:16.231] [DEBUG] debug-file - hvigorfile, begin to bind custom plugins...
[2026-09-11T14:14:16.231] [DEBUG] debug-file - hvigorfile, no custom plugins were found in D:\HW\testproject\complete\7\hvigorfile.ts
[2026-09-11T14:14:16.231] [DEBUG] debug-file - hvigorfile, resolve finished D:\HW\testproject\complete\7\hvigorfile.ts
[2026-09-11T14:14:16.232] [DEBUG] debug-file - hvigorfile, resolving D:\HW\testproject\complete\7\entry\hvigorfile.ts
[2026-09-11T14:14:16.252] [DEBUG] debug-file - hvigorfile, require result:  { default: { plugins: [] } }
[2026-09-11T14:14:16.252] [DEBUG] debug-file - hvigorfile, binding system plugins null
[2026-09-11T14:14:16.253] [DEBUG] debug-file - Starting plugin build process
[2026-09-11T14:14:16.253] [DEBUG] debug-file - Hap plugin creating...
[2026-09-11T14:14:16.255] [DEBUG] debug-file - failed to load cangjie to dynamically generate schemas: Error: Cannot find module '@ohos/cangjie-build-support/index'
Require stack:
- E:\DevEco Studio\tools\hvigor\hvigor-ohos-plugin\src\plugin\hooks\cangjie-register.js
- E:\DevEco Studio\tools\hvigor\hvigor-ohos-plugin\src\plugin\strategy\stage-init-strategy.js
- E:\DevEco Studio\tools\hvigor\hvigor-ohos-plugin\src\plugin\builder\abstract-plugin-builder.js
- E:\DevEco Studio\tools\hvigor\hvigor-ohos-plugin\src\plugin\builder\app-plugin-builder.js
- E:\DevEco Studio\tools\hvigor\hvigor-ohos-plugin\src\plugin\factory\plugin-factory.js
- E:\DevEco Studio\tools\hvigor\hvigor-ohos-plugin\index.js
- D:\HW\testproject\complete\7\hvigorfile.ts
- E:\DevEco Studio\tools\hvigor\hvigor\src\base\internal\lifecycle\configuration.js
- E:\DevEco Studio\tools\hvigor\hvigor\src\base\boot\index.js
- E:\DevEco Studio\tools\hvigor\hvigor\src\base\daemon\cluster\worker-process-lifecycle.js
- E:\DevEco Studio\tools\hvigor\hvigor\src\base\daemon\process\daemon-process-boot-script.js
[2026-09-11T14:14:16.280] [DEBUG] debug-file - Start initialize module-target build option map, moduleName=entry, buildMode=debug
[2026-09-11T14:14:16.281] [DEBUG] debug-file - Target 'default' config initialized
[2026-09-11T14:14:16.282] [DEBUG] debug-file - Target 'ohosTest' config initialized
[2026-09-11T14:14:16.283] [DEBUG] debug-file - Module 'entry' target 'default' build option initialized
[2026-09-11T14:14:16.283] [DEBUG] debug-file - Module 'entry' target 'ohosTest' build option initialized
[2026-09-11T14:14:16.283] [DEBUG] debug-file - End initialize module-target build option map, moduleName=entry
[2026-09-11T14:14:16.284] [DEBUG] debug-file - Start initialize module-target build option map, moduleName=entry, buildMode=release
[2026-09-11T14:14:16.284] [DEBUG] debug-file - Target 'default' config initialized
[2026-09-11T14:14:16.285] [DEBUG] debug-file - Target 'ohosTest' config initialized
[2026-09-11T14:14:16.286] [DEBUG] debug-file - Module 'entry' target 'default' build option initialized
[2026-09-11T14:14:16.286] [DEBUG] debug-file - Module 'entry' target 'ohosTest' build option initialized
[2026-09-11T14:14:16.286] [DEBUG] debug-file - End initialize module-target build option map, moduleName=entry
[2026-09-11T14:14:16.286] [DEBUG] debug-file - Start initialize module-target build option map, moduleName=entry, buildMode=debug
[2026-09-11T14:14:16.286] [DEBUG] debug-file - Target 'default' config initialized
[2026-09-11T14:14:16.287] [DEBUG] debug-file - Target 'ohosTest' config initialized
[2026-09-11T14:14:16.287] [DEBUG] debug-file - Module 'entry' target 'default' build option initialized
[2026-09-11T14:14:16.287] [DEBUG] debug-file - Module 'entry' target 'ohosTest' build option initialized
[2026-09-11T14:14:16.287] [DEBUG] debug-file - End initialize module-target build option map, moduleName=entry
[2026-09-11T14:14:16.288] [DEBUG] debug-file - Obtain build option for module 'entry' target 'default'in this build.
[2026-09-11T14:14:16.300] [DEBUG] debug-file - Module entry task initialization takes 9 ms 
[2026-09-11T14:14:16.300] [DEBUG] debug-file - Hap plugin register hook start...
[2026-09-11T14:14:16.300] [DEBUG] debug-file - Hap plugin register hook end...
[2026-09-11T14:14:16.300] [DEBUG] debug-file - Plugin build process completed
[2026-09-11T14:14:16.301] [DEBUG] debug-file - hvigorfile, begin to bind custom plugins...
[2026-09-11T14:14:16.301] [DEBUG] debug-file - hvigorfile, no custom plugins were found in D:\HW\testproject\complete\7\entry\hvigorfile.ts
[2026-09-11T14:14:16.301] [DEBUG] debug-file - hvigorfile, resolve finished D:\HW\testproject\complete\7\entry\hvigorfile.ts
[2026-09-11T14:14:16.344] [DEBUG] debug-file - hvigorfile, resolve hvigorfile dependencies in 42 ms 
[2026-09-11T14:14:16.344] [DEBUG] debug-file - project has submodules:entry
[2026-09-11T14:14:16.348] [DEBUG] debug-file - start to load updatedOhPackageInfo to the disk
[2026-09-11T14:14:16.353] [DEBUG] debug-file - load to the disk finished
[2026-09-11T14:14:16.356] [DEBUG] debug-file - Start to initialize dependency information.
[2026-09-11T14:14:16.382] [DEBUG] debug-file - Module 7 Collected Dependency: 
[2026-09-11T14:14:16.382] [DEBUG] debug-file - Module 7's total dependency: 0
[2026-09-11T14:14:16.384] [DEBUG] debug-file - Start to initialize dependency information.
[2026-09-11T14:14:16.391] [DEBUG] debug-file - Module entry Collected Dependency: 
[2026-09-11T14:14:16.391] [DEBUG] debug-file - Module entry's total dependency: 0
[2026-09-11T14:14:16.402] [DEBUG] debug-file - Configuration phase cost:4 s 278 ms 
[2026-09-11T14:14:16.408] [DEBUG] debug-file - Configuration task cost before running: 4 s 312 ms 
[2026-09-11T14:14:16.410] [DEBUG] debug-file - Executing task ::PreBuildApp
[2026-09-11T14:14:16.411] [DEBUG] debug-file - 7 : PreBuildApp cost memory 0.03076171875
[2026-09-11T14:14:16.411] [DEBUG] debug-file - runTaskFromQueue task cost before running: 4 s 315 ms 
[2026-09-11T14:14:16.413] [INFO] debug-file - Finished ::PreBuildApp... after 2 ms 
[2026-09-11T14:14:16.427] [DEBUG] debug-file - Executing task :entry:default@PreBuild
[2026-09-11T14:14:16.435] [DEBUG] debug-file - Task 'entry:default@PreBuild' cost while wrapping incremental declarations: 1 ms 
[2026-09-11T14:14:16.455] [DEBUG] debug-file - Incremental task entry:default@PreBuild pre-execution cost: 14 ms .
[2026-09-11T14:14:16.455] [DEBUG] debug-file - entry : default@PreBuild cost memory 0.8001251220703125
[2026-09-11T14:14:16.460] [INFO] debug-file - UP-TO-DATE :entry:default@PreBuild...  
[2026-09-11T14:14:16.460] [DEBUG] debug-file - Executing task ::DuplicateDependencyCheck
[2026-09-11T14:14:16.461] [DEBUG] debug-file - 7 : DuplicateDependencyCheck cost memory 0.01540374755859375
[2026-09-11T14:14:16.461] [DEBUG] debug-file - runTaskFromQueue task cost before running: 4 s 365 ms 
[2026-09-11T14:14:16.462] [INFO] debug-file - Finished ::DuplicateDependencyCheck... after 2 ms 
[2026-09-11T14:14:16.464] [DEBUG] debug-file - Executing task :entry:default@CreateModuleInfo
[2026-09-11T14:14:16.465] [DEBUG] debug-file - Task 'entry:default@CreateModuleInfo' cost while wrapping incremental declarations: 1 ms 
[2026-09-11T14:14:16.466] [DEBUG] debug-file - entry : default@CreateModuleInfo cost memory 0.0473480224609375
[2026-09-11T14:14:16.466] [DEBUG] debug-file - runTaskFromQueue task cost before running: 4 s 370 ms 
[2026-09-11T14:14:16.467] [INFO] debug-file - Finished :entry:default@CreateModuleInfo... after 3 ms 
[2026-09-11T14:14:16.469] [DEBUG] debug-file - Executing task :entry:default@GenerateMetadata
[2026-09-11T14:14:16.471] [DEBUG] debug-file - Task 'entry:default@GenerateMetadata' cost while wrapping incremental declarations: 2 ms 
[2026-09-11T14:14:16.473] [DEBUG] debug-file - Incremental task entry:default@GenerateMetadata pre-execution cost: 2 ms .
[2026-09-11T14:14:16.474] [DEBUG] debug-file - entry : default@GenerateMetadata cost memory 0.10225677490234375
[2026-09-11T14:14:16.474] [INFO] debug-file - UP-TO-DATE :entry:default@GenerateMetadata...  
[2026-09-11T14:14:16.476] [DEBUG] debug-file - Executing task :entry:default@ConfigureCmake
[2026-09-11T14:14:16.477] [DEBUG] debug-file - entry : default@ConfigureCmake cost memory 0.01589202880859375
[2026-09-11T14:14:16.478] [DEBUG] debug-file - runTaskFromQueue task cost before running: 4 s 381 ms 
[2026-09-11T14:14:16.478] [INFO] debug-file - Finished :entry:default@ConfigureCmake... after 2 ms 
[2026-09-11T14:14:16.481] [DEBUG] debug-file - Executing task :entry:default@MergeProfile
[2026-09-11T14:14:16.482] [DEBUG] debug-file - Task 'entry:default@MergeProfile' cost while wrapping incremental declarations: 1 ms 
[2026-09-11T14:14:16.485] [DEBUG] debug-file - Incremental task entry:default@MergeProfile pre-execution cost: 3 ms .
[2026-09-11T14:14:16.485] [DEBUG] debug-file - entry : default@MergeProfile cost memory 0.4064788818359375
[2026-09-11T14:14:16.486] [INFO] debug-file - UP-TO-DATE :entry:default@MergeProfile...  
[2026-09-11T14:14:16.489] [DEBUG] debug-file - Executing task :entry:default@CreateBuildProfile
[2026-09-11T14:14:16.490] [DEBUG] debug-file - Task 'entry:default@CreateBuildProfile' cost while wrapping incremental declarations: 2 ms 
[2026-09-11T14:14:16.493] [DEBUG] debug-file - Incremental task entry:default@CreateBuildProfile pre-execution cost: 2 ms .
[2026-09-11T14:14:16.493] [DEBUG] debug-file - entry : default@CreateBuildProfile cost memory 0.10927581787109375
[2026-09-11T14:14:16.494] [INFO] debug-file - UP-TO-DATE :entry:default@CreateBuildProfile...  
[2026-09-11T14:14:16.496] [DEBUG] debug-file - Executing task :entry:default@PreCheckSyscap
[2026-09-11T14:14:16.497] [DEBUG] debug-file - entry : default@PreCheckSyscap cost memory 0.018341064453125
[2026-09-11T14:14:16.497] [DEBUG] debug-file - runTaskFromQueue task cost before running: 4 s 400 ms 
[2026-09-11T14:14:16.497] [INFO] debug-file - Finished :entry:default@PreCheckSyscap... after 1 ms 
[2026-09-11T14:14:16.500] [DEBUG] debug-file - Executing task :entry:default@GeneratePkgContextInfo
[2026-09-11T14:14:16.513] [DEBUG] debug-file - Task 'entry:default@GeneratePkgContextInfo' cost while wrapping incremental declarations: 1 ms 
[2026-09-11T14:14:16.515] [DEBUG] debug-file - Incremental task entry:default@GeneratePkgContextInfo pre-execution cost: 1 ms .
[2026-09-11T14:14:16.515] [DEBUG] debug-file - entry : default@GeneratePkgContextInfo cost memory 0.36734771728515625
[2026-09-11T14:14:16.515] [INFO] debug-file - UP-TO-DATE :entry:default@GeneratePkgContextInfo...  
[2026-09-11T14:14:16.518] [DEBUG] debug-file - Executing task :entry:default@GeneratePkgSdkInfo
[2026-09-11T14:14:16.524] [DEBUG] debug-file - Task 'entry:default@GeneratePkgSdkInfo' cost while wrapping incremental declarations: 1 ms 
[2026-09-11T14:14:16.525] [DEBUG] debug-file - entry : default@GeneratePkgSdkInfo cost memory 0.1429901123046875
[2026-09-11T14:14:16.526] [DEBUG] debug-file - runTaskFromQueue task cost before running: 4 s 430 ms 
[2026-09-11T14:14:16.527] [INFO] debug-file - Finished :entry:default@GeneratePkgSdkInfo... after 8 ms 
[2026-09-11T14:14:16.533] [DEBUG] debug-file - Executing task :entry:default@ProcessIntegratedHsp
[2026-09-11T14:14:16.534] [DEBUG] debug-file - entry:default@ProcessIntegratedHsp is not up-to-date, since the output file 'D:\HW\testproject\complete\7\build\cache\default\integrated_hsp\integratedHspCache.json' does not exist.
[2026-09-11T14:14:16.535] [DEBUG] debug-file - Incremental task entry:default@ProcessIntegratedHsp pre-execution cost: 1 ms .
[2026-09-11T14:14:16.535] [DEBUG] debug-file - entry : default@ProcessIntegratedHsp cost memory 0.0583648681640625
[2026-09-11T14:14:16.535] [DEBUG] debug-file - runTaskFromQueue task cost before running: 4 s 439 ms 
[2026-09-11T14:14:16.536] [INFO] debug-file - Finished :entry:default@ProcessIntegratedHsp... after 3 ms 
[2026-09-11T14:14:16.538] [DEBUG] debug-file - Executing task :entry:default@BuildNativeWithCmake
[2026-09-11T14:14:16.539] [DEBUG] debug-file - entry : default@BuildNativeWithCmake cost memory 0.01538848876953125
[2026-09-11T14:14:16.539] [DEBUG] debug-file - runTaskFromQueue task cost before running: 4 s 443 ms 
[2026-09-11T14:14:16.540] [INFO] debug-file - Finished :entry:default@BuildNativeWithCmake... after 1 ms 
[2026-09-11T14:14:16.543] [DEBUG] debug-file - Executing task :entry:default@MakePackInfo
[2026-09-11T14:14:16.547] [DEBUG] debug-file - Incremental task entry:default@MakePackInfo pre-execution cost: 3 ms .
[2026-09-11T14:14:16.548] [DEBUG] debug-file - entry : default@MakePackInfo cost memory 0.14275360107421875
[2026-09-11T14:14:16.549] [INFO] debug-file - UP-TO-DATE :entry:default@MakePackInfo...  
[2026-09-11T14:14:16.551] [DEBUG] debug-file - Executing task :entry:default@SyscapTransform
[2026-09-11T14:14:16.551] [DEBUG] debug-file - File: 'D:\HW\testproject\complete\7\entry\src\main\syscap.json' from 'sysCapJsonPath' is not exists, just ignore.
[2026-09-11T14:14:16.553] [DEBUG] debug-file - Task 'entry:default@SyscapTransform' cost while wrapping incremental declarations: 2 ms 
[2026-09-11T14:14:16.574] [DEBUG] debug-file - entry:default@SyscapTransform is not up-to-date, since the output file 'D:\HW\testproject\complete\7\entry\build\default\intermediates\syscap\default\rpcid.sc' does not exist.
[2026-09-11T14:14:16.574] [DEBUG] debug-file - Incremental task entry:default@SyscapTransform pre-execution cost: 21 ms .
[2026-09-11T14:14:16.575] [DEBUG] debug-file - entry : default@SyscapTransform cost memory 0.14752197265625
[2026-09-11T14:14:16.576] [DEBUG] debug-file - runTaskFromQueue task cost before running: 4 s 479 ms 
[2026-09-11T14:14:16.577] [INFO] debug-file - Finished :entry:default@SyscapTransform... after 25 ms 
[2026-09-11T14:14:16.582] [DEBUG] debug-file - Executing task :entry:default@ProcessProfile
[2026-09-11T14:14:16.764] [DEBUG] debug-file - Task 'entry:default@ProcessProfile' cost while wrapping incremental declarations: 1 ms 
[2026-09-11T14:14:16.768] [DEBUG] debug-file - Incremental task entry:default@ProcessProfile pre-execution cost: 2 ms .
[2026-09-11T14:14:16.768] [DEBUG] debug-file - entry : default@ProcessProfile cost memory 3.0710372924804688
[2026-09-11T14:14:16.770] [INFO] debug-file - UP-TO-DATE :entry:default@ProcessProfile...  
[2026-09-11T14:14:16.784] [DEBUG] debug-file - Executing task :entry:default@ProcessRouterMap
[2026-09-11T14:14:16.796] [DEBUG] debug-file - Incremental task entry:default@ProcessRouterMap pre-execution cost: 7 ms .
[2026-09-11T14:14:16.797] [DEBUG] debug-file - entry : default@ProcessRouterMap cost memory 0.1561431884765625
[2026-09-11T14:14:16.799] [INFO] debug-file - UP-TO-DATE :entry:default@ProcessRouterMap...  
[2026-09-11T14:14:16.808] [DEBUG] debug-file - Executing task :entry:default@ProcessShareConfig
[2026-09-11T14:14:16.814] [DEBUG] debug-file - Incremental task entry:default@ProcessShareConfig pre-execution cost: 5 ms .
[2026-09-11T14:14:16.817] [DEBUG] debug-file - entry : default@ProcessShareConfig cost memory 0.13919830322265625
[2026-09-11T14:14:16.818] [INFO] debug-file - UP-TO-DATE :entry:default@ProcessShareConfig...  
[2026-09-11T14:14:16.825] [DEBUG] debug-file - Executing task :entry:default@ProcessStartupConfig
[2026-09-11T14:14:16.827] [DEBUG] debug-file - Task 'entry:default@ProcessStartupConfig' cost while wrapping incremental declarations: 1 ms 
[2026-09-11T14:14:16.831] [DEBUG] debug-file - entry:default@ProcessStartupConfig is not up-to-date, since the output file 'D:\HW\testproject\complete\7\entry\build\default\intermediates\startup\default\startup_config.json' does not exist.
[2026-09-11T14:14:16.832] [DEBUG] debug-file - Incremental task entry:default@ProcessStartupConfig pre-execution cost: 2 ms .
[2026-09-11T14:14:16.839] [DEBUG] debug-file - entry : default@ProcessStartupConfig cost memory 0.1352386474609375
[2026-09-11T14:14:16.846] [DEBUG] debug-file - runTaskFromQueue task cost before running: 4 s 750 ms 
[2026-09-11T14:14:16.851] [INFO] debug-file - Finished :entry:default@ProcessStartupConfig... after 19 ms 
[2026-09-11T14:14:16.872] [DEBUG] debug-file - Executing task :entry:default@BuildNativeWithNinja
[2026-09-11T14:14:16.878] [DEBUG] debug-file - entry : default@BuildNativeWithNinja cost memory 0.02306365966796875
[2026-09-11T14:14:16.879] [DEBUG] debug-file - runTaskFromQueue task cost before running: 4 s 783 ms 
[2026-09-11T14:14:16.883] [INFO] debug-file - Finished :entry:default@BuildNativeWithNinja... after 8 ms 
[2026-09-11T14:14:16.907] [DEBUG] debug-file - restool module names: entry; moduleName=entry, taskName=default@ProcessResource
[2026-09-11T14:14:16.937] [DEBUG] debug-file - Executing task :entry:default@ProcessResource
[2026-09-11T14:14:16.939] [DEBUG] debug-file - Task 'entry:default@ProcessResource' cost while wrapping incremental declarations: 2 ms 
[2026-09-11T14:14:16.949] [DEBUG] debug-file - Incremental task entry:default@ProcessResource pre-execution cost: 6 ms .
[2026-09-11T14:14:16.949] [DEBUG] debug-file - entry : default@ProcessResource cost memory 0.147247314453125
[2026-09-11T14:14:16.960] [INFO] debug-file - UP-TO-DATE :entry:default@ProcessResource...  
[2026-09-11T14:14:16.972] [DEBUG] debug-file - Executing task :entry:default@GenerateLoaderJson
[2026-09-11T14:14:16.979] [DEBUG] debug-file - Task 'entry:default@GenerateLoaderJson' cost while wrapping incremental declarations: 1 ms 
[2026-09-11T14:14:17.053] [DEBUG] debug-file - Incremental task entry:default@GenerateLoaderJson pre-execution cost: 42 ms .
[2026-09-11T14:14:17.058] [DEBUG] debug-file - entry : default@GenerateLoaderJson cost memory -14.478691101074219
[2026-09-11T14:14:17.082] [INFO] debug-file - UP-TO-DATE :entry:default@GenerateLoaderJson...  
[2026-09-11T14:14:17.097] [DEBUG] debug-file - Executing task :entry:default@ProcessLibs
[2026-09-11T14:14:17.131] [DEBUG] debug-file - Task 'entry:default@ProcessLibs' cost while wrapping incremental declarations: 1 ms 
[2026-09-11T14:14:17.166] [DEBUG] debug-file - Incremental task entry:default@ProcessLibs pre-execution cost: 26 ms .
[2026-09-11T14:14:17.168] [DEBUG] debug-file - entry : default@ProcessLibs cost memory 0.11754608154296875
[2026-09-11T14:14:17.178] [INFO] debug-file - UP-TO-DATE :entry:default@ProcessLibs...  
[2026-09-11T14:14:17.184] [DEBUG] debug-file - restool module names: entry; moduleName=entry, taskName=default@CompileResource
[2026-09-11T14:14:17.193] [DEBUG] debug-file - Executing task :entry:default@CompileResource
[2026-09-11T14:14:17.247] [DEBUG] debug-file - Incremental task entry:default@CompileResource pre-execution cost: 46 ms .
[2026-09-11T14:14:17.247] [DEBUG] debug-file - entry : default@CompileResource cost memory 0.58343505859375
[2026-09-11T14:14:17.253] [INFO] debug-file - UP-TO-DATE :entry:default@CompileResource...  
[2026-09-11T14:14:17.278] [DEBUG] debug-file - Executing task :entry:default@DoNativeStrip
[2026-09-11T14:14:17.278] [DEBUG] debug-file - File: 'D:\HW\testproject\complete\7\entry\build\default\intermediates\binxo\default' from 'doBinxoNativeLibs' is not exists, just ignore.
[2026-09-11T14:14:17.282] [DEBUG] debug-file - Task 'entry:default@DoNativeStrip' cost while wrapping incremental declarations: 1 ms 
[2026-09-11T14:14:17.297] [DEBUG] debug-file - Incremental task entry:default@DoNativeStrip pre-execution cost: 13 ms .
[2026-09-11T14:14:17.298] [DEBUG] debug-file - entry : default@DoNativeStrip cost memory 0.08112335205078125
[2026-09-11T14:14:17.312] [INFO] debug-file - UP-TO-DATE :entry:default@DoNativeStrip...  
[2026-09-11T14:14:17.328] [DEBUG] debug-file - Executing task :entry:default@CompileArkTS
[2026-09-11T14:14:17.336] [DEBUG] debug-file - obfuscationOptions: undefined
[2026-09-11T14:14:17.351] [DEBUG] debug-file - Task 'entry:default@CompileArkTS' cost while wrapping incremental declarations: 1 ms 
[2026-09-11T14:14:17.401] [DEBUG] debug-file - Incremental task entry:default@CompileArkTS pre-execution cost: 34 ms .
[2026-09-11T14:14:17.402] [DEBUG] debug-file - entry : default@CompileArkTS cost memory 0.5281906127929688
[2026-09-11T14:14:17.411] [INFO] debug-file - UP-TO-DATE :entry:default@CompileArkTS...  
[2026-09-11T14:14:17.417] [DEBUG] debug-file - Executing task :entry:default@BuildJS
[2026-09-11T14:14:17.418] [DEBUG] debug-file - Task 'entry:default@BuildJS' cost while wrapping incremental declarations: 1 ms 
[2026-09-11T14:14:17.428] [DEBUG] debug-file - entry : default@BuildJS cost memory 0.1386871337890625
[2026-09-11T14:14:17.429] [DEBUG] debug-file - runTaskFromQueue task cost before running: 5 s 332 ms 
[2026-09-11T14:14:17.430] [INFO] debug-file - Finished :entry:default@BuildJS... after 12 ms 
[2026-09-11T14:14:17.436] [DEBUG] debug-file - Executing task :entry:default@CacheNativeLibs
[2026-09-11T14:14:17.438] [DEBUG] debug-file - File: 'D:\HW\testproject\complete\7\entry\build\default\intermediates\binxo\default' from 'cacheBinxoNativeLibs' is not exists, just ignore.
[2026-09-11T14:14:17.439] [DEBUG] debug-file - Task 'entry:default@CacheNativeLibs' cost while wrapping incremental declarations: 4 ms 
[2026-09-11T14:14:17.442] [DEBUG] debug-file - Incremental task entry:default@CacheNativeLibs pre-execution cost: 3 ms .
[2026-09-11T14:14:17.442] [DEBUG] debug-file - entry : default@CacheNativeLibs cost memory 0.09404754638671875
[2026-09-11T14:14:17.443] [INFO] debug-file - UP-TO-DATE :entry:default@CacheNativeLibs...  
[2026-09-11T14:14:17.449] [DEBUG] debug-file - Executing task :entry:default@GeneratePkgModuleJson
[2026-09-11T14:14:17.449] [DEBUG] debug-file - File: 'D:\HW\testproject\complete\7\entry\build\default\intermediates\preload\default\preload.json' from 'preloadSoJsonPath' is not exists, just ignore.
[2026-09-11T14:14:17.450] [DEBUG] debug-file - Error occurs while handling @Input 'shouldDeduplicateHar': The "data" argument must be of type string or an instance of Buffer, TypedArray, or DataView. Received undefined
[2026-09-11T14:14:17.450] [DEBUG] debug-file - Task 'entry:default@GeneratePkgModuleJson' cost while wrapping incremental declarations: 2 ms 
[2026-09-11T14:14:17.453] [DEBUG] debug-file - Incremental task entry:default@GeneratePkgModuleJson pre-execution cost: 1 ms .
[2026-09-11T14:14:17.453] [DEBUG] debug-file - entry : default@GeneratePkgModuleJson cost memory 0.09151458740234375
[2026-09-11T14:14:17.455] [INFO] debug-file - UP-TO-DATE :entry:default@GeneratePkgModuleJson...  
[2026-09-11T14:14:17.459] [DEBUG] debug-file - Executing task :entry:default@ProcessCompiledResources
[2026-09-11T14:14:17.463] [DEBUG] debug-file - File: 'D:\HW\testproject\complete\7\entry\build\default\intermediates\preload\default\preload.json' from 'preloadSoJsonPath' is not exists, just ignore.
[2026-09-11T14:14:17.463] [DEBUG] debug-file - Task 'entry:default@ProcessCompiledResources' cost while wrapping incremental declarations: 4 ms 
[2026-09-11T14:14:17.465] [DEBUG] debug-file - entry : default@ProcessCompiledResources cost memory 0.05886077880859375
[2026-09-11T14:14:17.465] [DEBUG] debug-file - runTaskFromQueue task cost before running: 5 s 369 ms 
[2026-09-11T14:14:17.466] [INFO] debug-file - Finished :entry:default@ProcessCompiledResources... after 6 ms 
[2026-09-11T14:14:17.477] [DEBUG] debug-file - Executing task :entry:default@PackageHap
[2026-09-11T14:14:17.500] [DEBUG] debug-file - Incremental task entry:default@PackageHap pre-execution cost: 17 ms .
[2026-09-11T14:14:17.500] [DEBUG] debug-file - entry : default@PackageHap cost memory 0.3481903076171875
[2026-09-11T14:14:17.509] [INFO] debug-file - UP-TO-DATE :entry:default@PackageHap...  
[2026-09-11T14:14:17.524] [DEBUG] debug-file - Executing task :entry:default@PackingCheck
[2026-09-11T14:14:17.561] [DEBUG] debug-file - entry : default@PackingCheck cost memory 0.46038055419921875
[2026-09-11T14:14:17.561] [DEBUG] debug-file - runTaskFromQueue task cost before running: 5 s 465 ms 
[2026-09-11T14:14:17.566] [INFO] debug-file - Finished :entry:default@PackingCheck... after 37 ms 
[2026-09-11T14:14:17.574] [DEBUG] debug-file - Executing task :entry:default@SignHap
[2026-09-11T14:14:17.575] [WARN] debug-file - Will skip sign 'hos_hap'. No signingConfigs profile is configured in current project.
             If needed, configure the signingConfigs in D:\HW\testproject\complete\7\build-profile.json5.
[2026-09-11T14:14:17.591] [DEBUG] debug-file - entry:default@SignHap is not up-to-date, since the output file 'D:\HW\testproject\complete\7\entry\build\default\outputs\default\entry-default-signed.hap' does not exist.
[2026-09-11T14:14:17.591] [DEBUG] debug-file - Incremental task entry:default@SignHap pre-execution cost: 10 ms .
[2026-09-11T14:14:17.599] [DEBUG] debug-file - entry : default@SignHap cost memory 0.09908294677734375
[2026-09-11T14:14:17.600] [DEBUG] debug-file - runTaskFromQueue task cost before running: 5 s 503 ms 
[2026-09-11T14:14:17.611] [INFO] debug-file - Finished :entry:default@SignHap... after 26 ms 
[2026-09-11T14:14:17.624] [DEBUG] debug-file - Executing task :entry:default@CollectDebugSymbol
[2026-09-11T14:14:17.632] [DEBUG] debug-file - entry : default@CollectDebugSymbol cost memory 0.09759521484375
[2026-09-11T14:14:17.633] [DEBUG] debug-file - runTaskFromQueue task cost before running: 5 s 536 ms 
[2026-09-11T14:14:17.633] [INFO] debug-file - Finished :entry:default@CollectDebugSymbol... after 9 ms 
[2026-09-11T14:14:17.634] [DEBUG] debug-file - Executing task :entry:assembleHap
[2026-09-11T14:14:17.636] [DEBUG] debug-file - entry : assembleHap cost memory 0.0132904052734375
[2026-09-11T14:14:17.637] [DEBUG] debug-file - runTaskFromQueue task cost before running: 5 s 540 ms 
[2026-09-11T14:14:17.638] [INFO] debug-file - Finished :entry:assembleHap... after 3 ms 
[2026-09-11T14:14:17.643] [DEBUG] debug-file - Executing task ::MakeProjectPackInfo
[2026-09-11T14:14:17.651] [DEBUG] debug-file - Task ':MakeProjectPackInfo' cost while wrapping incremental declarations: 1 ms 
[2026-09-11T14:14:17.652] [DEBUG] debug-file - Incremental task :MakeProjectPackInfo pre-execution cost: 1 ms .
[2026-09-11T14:14:17.652] [DEBUG] debug-file - 7 : MakeProjectPackInfo cost memory 0.1759490966796875
[2026-09-11T14:14:17.653] [INFO] debug-file - UP-TO-DATE ::MakeProjectPackInfo...  
[2026-09-11T14:14:17.654] [DEBUG] debug-file - Executing task ::ProcessProjectPrivacyProfile
[2026-09-11T14:14:17.663] [DEBUG] debug-file - Incremental task :ProcessProjectPrivacyProfile pre-execution cost: 5 ms .
[2026-09-11T14:14:17.664] [DEBUG] debug-file - 7 : ProcessProjectPrivacyProfile cost memory 0.09207916259765625
[2026-09-11T14:14:17.670] [INFO] debug-file - UP-TO-DATE ::ProcessProjectPrivacyProfile...  
[2026-09-11T14:14:17.671] [DEBUG] debug-file - Executing task ::GeneratePackRes
[2026-09-11T14:14:17.677] [DEBUG] debug-file - Incremental task :GeneratePackRes pre-execution cost: 1 ms .
[2026-09-11T14:14:17.677] [DEBUG] debug-file - 7 : GeneratePackRes cost memory 0.04329681396484375
[2026-09-11T14:14:17.681] [INFO] debug-file - UP-TO-DATE ::GeneratePackRes...  
[2026-09-11T14:14:17.682] [DEBUG] debug-file - Executing task ::PackageApp
[2026-09-11T14:14:17.709] [DEBUG] debug-file - Task ':PackageApp' cost while wrapping incremental declarations: 8 ms 
[2026-09-11T14:14:17.730] [DEBUG] debug-file - :PackageApp is not up-to-date, since the output file 'D:\HW\testproject\complete\7\build\outputs\default\symbol\debug' does not exist.
[2026-09-11T14:14:17.731] [DEBUG] debug-file - Incremental task :PackageApp pre-execution cost: 21 ms .
[2026-09-11T14:14:17.815] [DEBUG] debug-file - Use tool [PackageApp]
 [
  'java',
  '-Dfile.encoding=GBK',
  '-jar',
  'E:\\DevEco Studio\\sdk\\default\\openharmony\\toolchains\\lib\\app_packing_tool.jar',
  '--mode',
  'app',
  '--pack-info-path',
  'D:\\HW\\testproject\\complete\\7\\build\\outputs\\default\\pack.info',
  '--hap-path',
  'D:\\HW\\testproject\\complete\\7\\entry\\build\\default\\outputs\\default\\app\\entry-default.hap',
  '--hsp-path',
  '',
  '--force',
  'true',
  '--out-path',
  'D:\\HW\\testproject\\complete\\7\\build\\outputs\\default\\7-default-unsigned.app',
  '--main-module-limit',
  '2',
  '--normal-module-limit',
  '2',
  '--pac-json-path',
  'D:\\HW\\testproject\\complete\\7\\build\\outputs\\default\\pac.json'
]
[2026-09-11T14:14:17.857] [DEBUG] debug-file - current process  memoryUsage: {
  rss: 288223232,
  heapTotal: 159084544,
  heapUsed: 124145256,
  external: 3970012,
  arrayBuffers: 34359
} os memoryUsage :14.014266967773438
[2026-09-11T14:14:18.786] [DEBUG] debug-file - 7 : PackageApp cost memory 1.965240478515625
[2026-09-11T14:14:19.031] [DEBUG] debug-file - runTaskFromQueue task cost before running: 6 s 935 ms 
[2026-09-11T14:14:19.033] [INFO] debug-file - Finished ::PackageApp... after 1 s 350 ms 
[2026-09-11T14:14:19.109] [DEBUG] debug-file - Executing task ::SignPackagesFromApp
[2026-09-11T14:14:19.190] [DEBUG] debug-file - :SignPackagesFromApp is not up-to-date, since the input file 'D:\HW\testproject\complete\7\build\outputs\default\7-default-unsigned.app' has been changed.
[2026-09-11T14:14:19.244] [DEBUG] debug-file - Incremental task :SignPackagesFromApp pre-execution cost: 56 ms .
[2026-09-11T14:14:19.246] [DEBUG] debug-file - 7 : SignPackagesFromApp cost memory 0.05579376220703125
[2026-09-11T14:14:19.306] [DEBUG] debug-file - runTaskFromQueue task cost before running: 7 s 150 ms 
[2026-09-11T14:14:19.307] [INFO] debug-file - Finished ::SignPackagesFromApp... after 138 ms 
[2026-09-11T14:14:19.308] [DEBUG] debug-file - Executing task ::SignApp
[2026-09-11T14:14:19.400] [DEBUG] debug-file - signingConfigName of signApp is :  undefined
[2026-09-11T14:14:19.400] [WARN] debug-file - Will skip sign 'app'. No signingConfigs profile is configured in current project.
             If needed, configure the signingConfigs in D:\HW\testproject\complete\7\build-profile.json5.
[2026-09-11T14:14:19.462] [DEBUG] debug-file - :SignApp is not up-to-date, since the input file 'D:\HW\testproject\complete\7\build\outputs\default\7-default-unsigned.app' has been changed.
[2026-09-11T14:14:19.478] [DEBUG] debug-file - Incremental task :SignApp pre-execution cost: 16 ms .
[2026-09-11T14:14:19.496] [DEBUG] debug-file - 7 : SignApp cost memory 0.138275146484375
[2026-09-11T14:14:19.496] [DEBUG] debug-file - runTaskFromQueue task cost before running: 7 s 399 ms 
[2026-09-11T14:14:19.496] [INFO] debug-file - Finished ::SignApp... after 188 ms 
[2026-09-11T14:14:19.497] [DEBUG] debug-file - Executing task ::assembleApp
[2026-09-11T14:14:19.512] [DEBUG] debug-file - 7 : assembleApp cost memory 0.01303863525390625
[2026-09-11T14:14:19.512] [DEBUG] debug-file - runTaskFromQueue task cost before running: 7 s 416 ms 
[2026-09-11T14:14:19.513] [INFO] debug-file - Finished ::assembleApp... after 16 ms 
[2026-09-11T14:14:19.527] [INFO] debug-file - BUILD SUCCESSFUL in 7 s 430 ms 
[2026-09-11T14:14:19.529] [DEBUG] debug-file - There is no need to refresh cache, since the incremental task entry:default@PreBuild is up-to-date.
[2026-09-11T14:14:19.534] [DEBUG] debug-file - Update task entry:default@CreateModuleInfo output file:D:\HW\testproject\complete\7\entry\build\default\generated\profile\default\ModuleInfo.ts cache.
[2026-09-11T14:14:19.536] [DEBUG] debug-file - Incremental task entry:default@CreateModuleInfo post-execution cost:3 ms .
[2026-09-11T14:14:19.546] [DEBUG] debug-file - There is no need to refresh cache, since the incremental task entry:default@GenerateMetadata is up-to-date.
[2026-09-11T14:14:19.547] [DEBUG] debug-file - There is no need to refresh cache, since the incremental task entry:default@MergeProfile is up-to-date.
[2026-09-11T14:14:19.547] [DEBUG] debug-file - There is no need to refresh cache, since the incremental task entry:default@CreateBuildProfile is up-to-date.
[2026-09-11T14:14:19.547] [DEBUG] debug-file - There is no need to refresh cache, since the incremental task entry:default@GeneratePkgContextInfo is up-to-date.
[2026-09-11T14:14:19.547] [DEBUG] debug-file - Update task entry:default@GeneratePkgSdkInfo output file:D:\HW\testproject\complete\7\entry\build\default\intermediates\loader\default\pkgSdkInfo.json cache.
[2026-09-11T14:14:19.548] [DEBUG] debug-file - Incremental task entry:default@GeneratePkgSdkInfo post-execution cost:1 ms .
[2026-09-11T14:14:19.558] [DEBUG] debug-file - Update task entry:default@ProcessIntegratedHsp output file:D:\HW\testproject\complete\7\build\cache\default\integrated_hsp\integratedHspCache.json cache.
[2026-09-11T14:14:19.561] [DEBUG] debug-file - Incremental task entry:default@ProcessIntegratedHsp post-execution cost:4 ms .
[2026-09-11T14:14:19.561] [DEBUG] debug-file - There is no need to refresh cache, since the incremental task entry:default@MakePackInfo is up-to-date.
[2026-09-11T14:14:19.562] [DEBUG] debug-file - Update task entry:default@SyscapTransform input file:E:\DevEco Studio\sdk\default\openharmony\toolchains\syscap_tool.exe cache by regenerate.
[2026-09-11T14:14:19.562] [DEBUG] debug-file - Update task entry:default@SyscapTransform input file:E:\DevEco Studio\sdk\default\openharmony\ets\api\device-define cache by regenerate.
[2026-09-11T14:14:19.578] [DEBUG] debug-file - Update task entry:default@SyscapTransform output file:D:\HW\testproject\complete\7\entry\build\default\intermediates\syscap\default\rpcid.sc cache.
[2026-09-11T14:14:19.578] [DEBUG] debug-file - Incremental task entry:default@SyscapTransform post-execution cost:17 ms .
[2026-09-11T14:14:19.579] [DEBUG] debug-file - There is no need to refresh cache, since the incremental task entry:default@ProcessProfile is up-to-date.
[2026-09-11T14:14:19.588] [DEBUG] debug-file - There is no need to refresh cache, since the incremental task entry:default@ProcessRouterMap is up-to-date.
[2026-09-11T14:14:19.588] [DEBUG] debug-file - There is no need to refresh cache, since the incremental task entry:default@ProcessShareConfig is up-to-date.
[2026-09-11T14:14:19.588] [DEBUG] debug-file - Update task entry:default@ProcessStartupConfig input file:D:\HW\testproject\complete\7\entry\build\default\intermediates\loader\default\pkgContextInfo.json cache by regenerate.
[2026-09-11T14:14:19.589] [DEBUG] debug-file - Update task entry:default@ProcessStartupConfig output file:D:\HW\testproject\complete\7\entry\build\default\intermediates\startup\default\startup_config.json cache.
[2026-09-11T14:14:19.589] [DEBUG] debug-file - Incremental task entry:default@ProcessStartupConfig post-execution cost:2 ms .
[2026-09-11T14:14:19.590] [DEBUG] debug-file - There is no need to refresh cache, since the incremental task entry:default@ProcessResource is up-to-date.
[2026-09-11T14:14:19.590] [DEBUG] debug-file - There is no need to refresh cache, since the incremental task entry:default@GenerateLoaderJson is up-to-date.
[2026-09-11T14:14:19.590] [DEBUG] debug-file - There is no need to refresh cache, since the incremental task entry:default@ProcessLibs is up-to-date.
[2026-09-11T14:14:19.590] [DEBUG] debug-file - There is no need to refresh cache, since the incremental task entry:default@CompileResource is up-to-date.
[2026-09-11T14:14:19.590] [DEBUG] debug-file - There is no need to refresh cache, since the incremental task entry:default@DoNativeStrip is up-to-date.
[2026-09-11T14:14:19.590] [DEBUG] debug-file - There is no need to refresh cache, since the incremental task entry:default@CompileArkTS is up-to-date.
[2026-09-11T14:14:19.601] [DEBUG] debug-file - Update task entry:default@BuildJS input file:D:\HW\testproject\complete\7\entry\build\default\intermediates\loader\default cache by regenerate.
[2026-09-11T14:14:19.610] [DEBUG] debug-file - Update task entry:default@BuildJS input file:D:\HW\testproject\complete\7\entry\build\default\intermediates\res\default\resources\rawfile cache by regenerate.
[2026-09-11T14:14:19.611] [DEBUG] debug-file - Update task entry:default@BuildJS input file:D:\HW\testproject\complete\7\entry\build\default\intermediates\res\default\ResourceTable.txt cache by regenerate.
[2026-09-11T14:14:19.611] [DEBUG] debug-file - Update task entry:default@BuildJS input file:D:\HW\testproject\complete\7\entry\build\default\intermediates\res\default\ark_module.json cache by regenerate.
[2026-09-11T14:14:19.630] [DEBUG] debug-file - Update task entry:default@BuildJS input file:D:\HW\testproject\complete\7\entry\build\default\intermediates\res\default\resources\base\profile cache by regenerate.
[2026-09-11T14:14:19.631] [DEBUG] debug-file - Update task entry:default@BuildJS input file:D:\HW\testproject\complete\7\entry\build\default\intermediates\loader\default\pkgContextInfo.json cache by regenerate.
[2026-09-11T14:14:19.708] [DEBUG] debug-file - Update task entry:default@BuildJS output file:D:\HW\testproject\complete\7\entry\build\default\intermediates\loader_out\default\js cache.
[2026-09-11T14:14:19.709] [DEBUG] debug-file - Incremental task entry:default@BuildJS post-execution cost:119 ms .
[2026-09-11T14:14:19.719] [DEBUG] debug-file - There is no need to refresh cache, since the incremental task entry:default@CacheNativeLibs is up-to-date.
[2026-09-11T14:14:19.720] [DEBUG] debug-file - There is no need to refresh cache, since the incremental task entry:default@GeneratePkgModuleJson is up-to-date.
[2026-09-11T14:14:19.720] [DEBUG] debug-file - Incremental task entry:default@ProcessCompiledResources post-execution cost:1 ms .
[2026-09-11T14:14:19.721] [DEBUG] debug-file - There is no need to refresh cache, since the incremental task entry:default@PackageHap is up-to-date.
[2026-09-11T14:14:19.721] [DEBUG] debug-file - Update task entry:default@SignHap input file:D:\HW\testproject\complete\7\entry\build\default\outputs\default\entry-default-unsigned.hap cache by regenerate.
[2026-09-11T14:14:19.727] [DEBUG] debug-file - Update task entry:default@SignHap output file:D:\HW\testproject\complete\7\entry\build\default\outputs\default\entry-default-signed.hap cache.
[2026-09-11T14:14:19.727] [DEBUG] debug-file - Incremental task entry:default@SignHap post-execution cost:7 ms .
[2026-09-11T14:14:19.735] [DEBUG] debug-file - Update task entry:default@CollectDebugSymbol input file:D:\HW\testproject\complete\7\entry\build\default\intermediates\loader_out\default\ets\sourceMaps.map cache by regenerate.
[2026-09-11T14:14:19.736] [DEBUG] debug-file - Update task entry:default@CollectDebugSymbol input file:D:\HW\testproject\complete\7\entry\build\default\intermediates\libs\default cache by regenerate.
[2026-09-11T14:14:19.739] [DEBUG] debug-file - Update task entry:default@CollectDebugSymbol output file:D:\HW\testproject\complete\7\entry\build\default\outputs\default\symbol cache.
[2026-09-11T14:14:19.740] [DEBUG] debug-file - Incremental task entry:default@CollectDebugSymbol post-execution cost:13 ms .
[2026-09-11T14:14:19.740] [DEBUG] debug-file - There is no need to refresh cache, since the incremental task :MakeProjectPackInfo is up-to-date.
[2026-09-11T14:14:19.741] [DEBUG] debug-file - There is no need to refresh cache, since the incremental task :ProcessProjectPrivacyProfile is up-to-date.
[2026-09-11T14:14:19.741] [DEBUG] debug-file - There is no need to refresh cache, since the incremental task :GeneratePackRes is up-to-date.
[2026-09-11T14:14:19.741] [DEBUG] debug-file - Update task :PackageApp input file:D:\HW\testproject\complete\7\build\outputs\default\pack.info cache by regenerate.
[2026-09-11T14:14:19.747] [DEBUG] debug-file - Update task :PackageApp input file:D:\HW\testproject\complete\7\entry\build\default\outputs\default\entry-default-unsigned.hap cache by regenerate.
[2026-09-11T14:14:19.747] [DEBUG] debug-file - Update task :PackageApp input file:D:\HW\testproject\complete\7\build\outputs\default\pac.json cache by regenerate.
[2026-09-11T14:14:19.748] [DEBUG] debug-file - Update task :PackageApp output file:D:\HW\testproject\complete\7\build\outputs\default\7-default-unsigned.app cache.
[2026-09-11T14:14:19.748] [DEBUG] debug-file - Update task :PackageApp output file:D:\HW\testproject\complete\7\entry\build\default\outputs\default\app\entry-default.hap cache.
[2026-09-11T14:14:19.749] [DEBUG] debug-file - Update task :PackageApp output file:D:\HW\testproject\complete\7\build\outputs\default\symbol\debug cache.
[2026-09-11T14:14:19.756] [DEBUG] debug-file - Incremental task :PackageApp post-execution cost:15 ms .
[2026-09-11T14:14:19.757] [DEBUG] debug-file - Update task :SignPackagesFromApp input file:D:\HW\testproject\complete\7\build\outputs\default\7-default-unsigned.app cache from map.
[2026-09-11T14:14:19.757] [DEBUG] debug-file - Incremental task :SignPackagesFromApp post-execution cost:1 ms .
[2026-09-11T14:14:19.758] [DEBUG] debug-file - Update task :SignApp input file:D:\HW\testproject\complete\7\build\outputs\default\7-default-unsigned.app cache from map.
[2026-09-11T14:14:19.761] [DEBUG] debug-file - Update task :SignApp output file:D:\HW\testproject\complete\7\build\outputs\default\7-default-signed.app cache.
[2026-09-11T14:14:19.762] [DEBUG] debug-file - Incremental task :SignApp post-execution cost:6 ms .
[2026-09-11T14:14:20.146] [DEBUG] debug-file - session manager: send message to worker process. WorkerThreadId: 0, data: {"type":"hvigor_failed","reason":"Server has disconnected."}
[2026-09-11T14:14:20.175] [DEBUG] debug-file - session manager: send message to worker process. WorkerThreadId: 0, data: {"type":"CloseWatch","reason":"Server has disconnected."}
[2026-09-11T14:14:19.882] [DEBUG] debug-file - Cleanup worker 0.
[2026-09-11T14:14:19.883] [DEBUG] debug-file - Cleanup worker 1.
[2026-09-11T14:14:19.911] [DEBUG] debug-file - hvigor build process will be closed.
[2026-09-11T14:14:19.926] [DEBUG] debug-file - worker[0] exits with exit code 1.
[2026-09-11T14:14:20.036] [DEBUG] debug-file - worker[1] exits with exit code 1.
[2026-09-11T14:14:20.070] [DEBUG] debug-file - Worker 0 has been cleaned up.
[2026-09-11T14:14:20.070] [DEBUG] debug-file - Current idle worker size: 0.
[2026-09-11T14:14:20.071] [DEBUG] debug-file - Current resident worker size: 0.
[2026-09-11T14:14:20.071] [DEBUG] debug-file - Worker 1 has been cleaned up.
[2026-09-11T14:14:20.127] [DEBUG] debug-file - Current idle worker size: 0.
[2026-09-11T14:14:20.127] [DEBUG] debug-file - Current resident worker size: 0.
[2026-09-11T14:14:20.158] [DEBUG] debug-file - watch worker: worker id should be larger than 0. Nothing will be sent to any worker thread.
[2026-09-11T14:14:20.164] [DEBUG] debug-file - ABORT_WORK sent to workers.
[2026-09-11T14:14:20.177] [DEBUG] debug-file - watch worker: worker id should be larger than 0. Nothing will be sent to any worker thread.
[2026-09-11T15:29:18.308] [DEBUG] debug-file - env: nodejsVersion=v24.14.1
[2026-09-11T15:29:18.400] [DEBUG] debug-file - env: daemon=true
[2026-09-11T15:29:18.309] [DEBUG] debug-file - env: hvigor-config.json5 content = {
  modelVersion: '6.0.1',
  dependencies: {},
  execution: {},
  logging: {},
  debugging: {},
  nodeOptions: {}
}
[2026-09-11T15:29:19.268] [DEBUG] debug-file - session manager: set active socket. socketId=rzBw-XaO1VjoCGeaAAAD
[2026-09-11T15:29:19.279] [DEBUG] debug-file - watch worker: worker id should be larger than 0. Nothing will be sent to any worker thread.
[2026-09-11T15:29:19.286] [DEBUG] debug-file - Workers' log level updated to INFO
[2026-09-11T15:29:19.289] [DEBUG] debug-file - Hvigor init with startParameters:{
  hvigorfileTypeCheck: false,
  parallelExecution: true,
  incrementalExecution: true,
  printStackTrace: false,
  daemon: true,
  analyze: 0,
  logLevel: Level { level: 20000, levelStr: 'INFO', colour: 'green' },
  optimizationStrategy: 'memory',
  hotCompile: undefined,
  hotReloadBuild: undefined,
  customizedParam: undefined
}
[2026-09-11T15:29:19.298] [DEBUG] debug-file - Cache service initialization finished in 9 ms 
[2026-09-11T15:29:19.299] [DEBUG] debug-file - hvigorfile, resolving D:\HW\testproject\complete\7\hvigorfile.ts
[2026-09-11T15:29:19.307] [DEBUG] debug-file - hvigorfile, require result:  { default: { plugins: [] } }
[2026-09-11T15:29:19.307] [DEBUG] debug-file - hvigorfile, binding system plugins null
[2026-09-11T15:29:19.307] [DEBUG] debug-file - Starting plugin build process
[2026-09-11T15:29:19.308] [DEBUG] debug-file - App plugin prepare start...
[2026-09-11T15:29:19.308] [DEBUG] debug-file - App plugin prepare end...
[2026-09-11T15:29:19.308] [DEBUG] debug-file - App plugin creating...
[2026-09-11T15:29:19.314] [DEBUG] debug-file - App plugin register hook start...
[2026-09-11T15:29:19.314] [DEBUG] debug-file - App plugin register hook end...
[2026-09-11T15:29:19.314] [DEBUG] debug-file - Plugin build process completed
[2026-09-11T15:29:19.314] [DEBUG] debug-file - Start initialize project's product build option map with build mode debug.
[2026-09-11T15:29:19.314] [DEBUG] debug-file - Picking option from product 'default' with build mode 'debug'.
[2026-09-11T15:29:19.316] [DEBUG] debug-file - Product 'default' build option initialized
[2026-09-11T15:29:19.316] [DEBUG] debug-file - End initialize project's product build option map with build mode 'debug'.
[2026-09-11T15:29:19.316] [DEBUG] debug-file - Obtain build option for product 'default'in this build.
[2026-09-11T15:29:19.319] [DEBUG] debug-file - No signingConfig found, initRemoteHspCache failed.
[2026-09-11T15:29:19.321] [DEBUG] debug-file - Start recording SDK configuration permission data.
[2026-09-11T15:29:19.376] [DEBUG] debug-file - Sdk init in 57 ms 
[2026-09-11T15:29:19.382] [DEBUG] debug-file - Project task initialization takes 5 ms 
[2026-09-11T15:29:19.382] [DEBUG] debug-file - hvigorfile, begin to bind custom plugins...
[2026-09-11T15:29:19.382] [DEBUG] debug-file - hvigorfile, no custom plugins were found in D:\HW\testproject\complete\7\hvigorfile.ts
[2026-09-11T15:29:19.382] [DEBUG] debug-file - hvigorfile, resolve finished D:\HW\testproject\complete\7\hvigorfile.ts
[2026-09-11T15:29:19.383] [DEBUG] debug-file - hvigorfile, resolving D:\HW\testproject\complete\7\entry\hvigorfile.ts
[2026-09-11T15:29:19.394] [DEBUG] debug-file - hvigorfile, require result:  { default: { plugins: [] } }
[2026-09-11T15:29:19.394] [DEBUG] debug-file - hvigorfile, binding system plugins null
[2026-09-11T15:29:19.394] [DEBUG] debug-file - Starting plugin build process
[2026-09-11T15:29:19.394] [DEBUG] debug-file - Hap plugin creating...
[2026-09-11T15:29:19.396] [DEBUG] debug-file - failed to load cangjie to dynamically generate schemas: Error: Cannot find module '@ohos/cangjie-build-support/index'
Require stack:
- E:\DevEco Studio\tools\hvigor\hvigor-ohos-plugin\src\plugin\hooks\cangjie-register.js
- E:\DevEco Studio\tools\hvigor\hvigor-ohos-plugin\src\plugin\strategy\stage-init-strategy.js
- E:\DevEco Studio\tools\hvigor\hvigor-ohos-plugin\src\plugin\builder\abstract-plugin-builder.js
- E:\DevEco Studio\tools\hvigor\hvigor-ohos-plugin\src\plugin\builder\app-plugin-builder.js
- E:\DevEco Studio\tools\hvigor\hvigor-ohos-plugin\src\plugin\factory\plugin-factory.js
- E:\DevEco Studio\tools\hvigor\hvigor-ohos-plugin\index.js
- D:\HW\testproject\complete\7\hvigorfile.ts
- E:\DevEco Studio\tools\hvigor\hvigor\src\base\internal\lifecycle\configuration.js
- E:\DevEco Studio\tools\hvigor\hvigor\src\base\boot\index.js
- E:\DevEco Studio\tools\hvigor\hvigor\src\base\daemon\cluster\worker-process-lifecycle.js
- E:\DevEco Studio\tools\hvigor\hvigor\src\base\daemon\process\daemon-process-boot-script.js
[2026-09-11T15:29:19.398] [DEBUG] debug-file - Start initialize module-target build option map, moduleName=entry, buildMode=debug
[2026-09-11T15:29:19.398] [DEBUG] debug-file - Target 'default' config initialized
[2026-09-11T15:29:19.399] [DEBUG] debug-file - Target 'ohosTest' config initialized
[2026-09-11T15:29:19.399] [DEBUG] debug-file - Module 'entry' target 'default' build option initialized
[2026-09-11T15:29:19.399] [DEBUG] debug-file - Module 'entry' target 'ohosTest' build option initialized
[2026-09-11T15:29:19.399] [DEBUG] debug-file - End initialize module-target build option map, moduleName=entry
[2026-09-11T15:29:19.399] [DEBUG] debug-file - Start initialize module-target build option map, moduleName=entry, buildMode=release
[2026-09-11T15:29:19.399] [DEBUG] debug-file - Target 'default' config initialized
[2026-09-11T15:29:19.401] [DEBUG] debug-file - Target 'ohosTest' config initialized
[2026-09-11T15:29:19.401] [DEBUG] debug-file - Module 'entry' target 'default' build option initialized
[2026-09-11T15:29:19.401] [DEBUG] debug-file - Module 'entry' target 'ohosTest' build option initialized
[2026-09-11T15:29:19.402] [DEBUG] debug-file - End initialize module-target build option map, moduleName=entry
[2026-09-11T15:29:19.402] [DEBUG] debug-file - Start initialize module-target build option map, moduleName=entry, buildMode=debug
[2026-09-11T15:29:19.402] [DEBUG] debug-file - Target 'default' config initialized
[2026-09-11T15:29:19.403] [DEBUG] debug-file - Target 'ohosTest' config initialized
[2026-09-11T15:29:19.404] [DEBUG] debug-file - Module 'entry' target 'default' build option initialized
[2026-09-11T15:29:19.404] [DEBUG] debug-file - Module 'entry' target 'ohosTest' build option initialized
[2026-09-11T15:29:19.404] [DEBUG] debug-file - End initialize module-target build option map, moduleName=entry
[2026-09-11T15:29:19.404] [DEBUG] debug-file - Obtain build option for module 'entry' target 'default'in this build.
[2026-09-11T15:29:19.406] [DEBUG] debug-file - Module entry task initialization takes 2 ms 
[2026-09-11T15:29:19.407] [DEBUG] debug-file - Hap plugin register hook start...
[2026-09-11T15:29:19.407] [DEBUG] debug-file - Hap plugin register hook end...
[2026-09-11T15:29:19.408] [DEBUG] debug-file - Plugin build process completed
[2026-09-11T15:29:19.408] [DEBUG] debug-file - hvigorfile, begin to bind custom plugins...
[2026-09-11T15:29:19.408] [DEBUG] debug-file - hvigorfile, no custom plugins were found in D:\HW\testproject\complete\7\entry\hvigorfile.ts
[2026-09-11T15:29:19.408] [DEBUG] debug-file - hvigorfile, resolve finished D:\HW\testproject\complete\7\entry\hvigorfile.ts
[2026-09-11T15:29:19.452] [DEBUG] debug-file - hvigorfile, resolve hvigorfile dependencies in 43 ms 
[2026-09-11T15:29:19.453] [DEBUG] debug-file - project has submodules:entry
[2026-09-11T15:29:19.454] [DEBUG] debug-file - start to load updatedOhPackageInfo to the disk
[2026-09-11T15:29:19.457] [DEBUG] debug-file - load to the disk finished
[2026-09-11T15:29:19.459] [DEBUG] debug-file - Start to initialize dependency information.
[2026-09-11T15:29:19.464] [DEBUG] debug-file - Module 7 Collected Dependency: 
[2026-09-11T15:29:19.464] [DEBUG] debug-file - Module 7's total dependency: 0
[2026-09-11T15:29:19.465] [DEBUG] debug-file - Start to initialize dependency information.
[2026-09-11T15:29:19.467] [DEBUG] debug-file - Module entry Collected Dependency: 
[2026-09-11T15:29:19.467] [DEBUG] debug-file - Module entry's total dependency: 0
[2026-09-11T15:29:19.469] [DEBUG] debug-file - Configuration phase cost:171 ms 
[2026-09-11T15:29:19.470] [DEBUG] debug-file - Configuration task cost before running: 184 ms 
[2026-09-11T15:29:19.471] [DEBUG] debug-file - Executing task ::PreBuildApp
[2026-09-11T15:29:19.471] [DEBUG] debug-file - 7 : PreBuildApp cost memory 0.01592254638671875
[2026-09-11T15:29:19.471] [DEBUG] debug-file - runTaskFromQueue task cost before running: 185 ms 
[2026-09-11T15:29:19.471] [INFO] debug-file - Finished ::PreBuildApp... after 1 ms 
[2026-09-11T15:29:19.475] [DEBUG] debug-file - Executing task :entry:default@PreBuild
[2026-09-11T15:29:19.482] [DEBUG] debug-file - Task 'entry:default@PreBuild' cost while wrapping incremental declarations: 1 ms 
[2026-09-11T15:29:19.488] [DEBUG] debug-file - Incremental task entry:default@PreBuild pre-execution cost: 4 ms .
[2026-09-11T15:29:19.488] [DEBUG] debug-file - entry : default@PreBuild cost memory 0.3797607421875
[2026-09-11T15:29:19.491] [INFO] debug-file - UP-TO-DATE :entry:default@PreBuild...  
[2026-09-11T15:29:19.492] [DEBUG] debug-file - Executing task ::DuplicateDependencyCheck
[2026-09-11T15:29:19.492] [DEBUG] debug-file - 7 : DuplicateDependencyCheck cost memory 0.01395416259765625
[2026-09-11T15:29:19.492] [DEBUG] debug-file - runTaskFromQueue task cost before running: 206 ms 
[2026-09-11T15:29:19.493] [INFO] debug-file - Finished ::DuplicateDependencyCheck... after 1 ms 
[2026-09-11T15:29:19.496] [DEBUG] debug-file - Executing task :entry:default@CreateModuleInfo
[2026-09-11T15:29:19.497] [DEBUG] debug-file - Task 'entry:default@CreateModuleInfo' cost while wrapping incremental declarations: 1 ms 
[2026-09-11T15:29:19.498] [DEBUG] debug-file - entry : default@CreateModuleInfo cost memory 0.04058837890625
[2026-09-11T15:29:19.499] [DEBUG] debug-file - runTaskFromQueue task cost before running: 213 ms 
[2026-09-11T15:29:19.499] [INFO] debug-file - Finished :entry:default@CreateModuleInfo... after 3 ms 
[2026-09-11T15:29:19.501] [DEBUG] debug-file - Executing task :entry:default@GenerateMetadata
[2026-09-11T15:29:19.502] [DEBUG] debug-file - Task 'entry:default@GenerateMetadata' cost while wrapping incremental declarations: 1 ms 
[2026-09-11T15:29:19.503] [DEBUG] debug-file - Incremental task entry:default@GenerateMetadata pre-execution cost: 1 ms .
[2026-09-11T15:29:19.503] [DEBUG] debug-file - entry : default@GenerateMetadata cost memory 0.07830810546875
[2026-09-11T15:29:19.504] [INFO] debug-file - UP-TO-DATE :entry:default@GenerateMetadata...  
[2026-09-11T15:29:19.505] [DEBUG] debug-file - Executing task :entry:default@ConfigureCmake
[2026-09-11T15:29:19.506] [DEBUG] debug-file - entry : default@ConfigureCmake cost memory -0.21631622314453125
[2026-09-11T15:29:19.507] [DEBUG] debug-file - runTaskFromQueue task cost before running: 221 ms 
[2026-09-11T15:29:19.507] [INFO] debug-file - Finished :entry:default@ConfigureCmake... after 2 ms 
[2026-09-11T15:29:19.509] [DEBUG] debug-file - Executing task :entry:default@MergeProfile
[2026-09-11T15:29:19.509] [DEBUG] debug-file - Task 'entry:default@MergeProfile' cost while wrapping incremental declarations: 1 ms 
[2026-09-11T15:29:19.510] [DEBUG] debug-file - Incremental task entry:default@MergeProfile pre-execution cost: 1 ms .
[2026-09-11T15:29:19.510] [DEBUG] debug-file - entry : default@MergeProfile cost memory 0.142913818359375
[2026-09-11T15:29:19.511] [INFO] debug-file - UP-TO-DATE :entry:default@MergeProfile...  
[2026-09-11T15:29:19.512] [DEBUG] debug-file - Executing task :entry:default@CreateBuildProfile
[2026-09-11T15:29:19.512] [DEBUG] debug-file - Task 'entry:default@CreateBuildProfile' cost while wrapping incremental declarations: 1 ms 
[2026-09-11T15:29:19.513] [DEBUG] debug-file - Incremental task entry:default@CreateBuildProfile pre-execution cost: 1 ms .
[2026-09-11T15:29:19.513] [DEBUG] debug-file - entry : default@CreateBuildProfile cost memory 0.09682464599609375
[2026-09-11T15:29:19.513] [INFO] debug-file - UP-TO-DATE :entry:default@CreateBuildProfile...  
[2026-09-11T15:29:19.515] [DEBUG] debug-file - Executing task :entry:default@PreCheckSyscap
[2026-09-11T15:29:19.515] [DEBUG] debug-file - entry : default@PreCheckSyscap cost memory 0.01540374755859375
[2026-09-11T15:29:19.515] [DEBUG] debug-file - runTaskFromQueue task cost before running: 229 ms 
[2026-09-11T15:29:19.515] [INFO] debug-file - Finished :entry:default@PreCheckSyscap... after 1 ms 
[2026-09-11T15:29:19.517] [DEBUG] debug-file - Executing task :entry:default@GeneratePkgContextInfo
[2026-09-11T15:29:19.520] [DEBUG] debug-file - Task 'entry:default@GeneratePkgContextInfo' cost while wrapping incremental declarations: 1 ms 
[2026-09-11T15:29:19.520] [DEBUG] debug-file - Incremental task entry:default@GeneratePkgContextInfo pre-execution cost: 1 ms .
[2026-09-11T15:29:19.521] [DEBUG] debug-file - entry : default@GeneratePkgContextInfo cost memory 0.2686004638671875
[2026-09-11T15:29:19.521] [INFO] debug-file - UP-TO-DATE :entry:default@GeneratePkgContextInfo...  
[2026-09-11T15:29:19.522] [DEBUG] debug-file - Executing task :entry:default@GeneratePkgSdkInfo
[2026-09-11T15:29:19.524] [DEBUG] debug-file - Task 'entry:default@GeneratePkgSdkInfo' cost while wrapping incremental declarations: 1 ms 
[2026-09-11T15:29:19.524] [DEBUG] debug-file - entry : default@GeneratePkgSdkInfo cost memory 0.10070037841796875
[2026-09-11T15:29:19.524] [DEBUG] debug-file - runTaskFromQueue task cost before running: 238 ms 
[2026-09-11T15:29:19.524] [INFO] debug-file - Finished :entry:default@GeneratePkgSdkInfo... after 3 ms 
[2026-09-11T15:29:19.528] [DEBUG] debug-file - Executing task :entry:default@ProcessIntegratedHsp
[2026-09-11T15:29:19.529] [DEBUG] debug-file - entry:default@ProcessIntegratedHsp is not up-to-date, since the output file 'D:\HW\testproject\complete\7\build\cache\default\integrated_hsp\integratedHspCache.json' does not exist.
[2026-09-11T15:29:19.529] [DEBUG] debug-file - Incremental task entry:default@ProcessIntegratedHsp pre-execution cost: 1 ms .
[2026-09-11T15:29:19.529] [DEBUG] debug-file - entry : default@ProcessIntegratedHsp cost memory 0.05072021484375
[2026-09-11T15:29:19.529] [DEBUG] debug-file - runTaskFromQueue task cost before running: 243 ms 
[2026-09-11T15:29:19.530] [INFO] debug-file - Finished :entry:default@ProcessIntegratedHsp... after 2 ms 
[2026-09-11T15:29:19.531] [DEBUG] debug-file - Executing task :entry:default@BuildNativeWithCmake
[2026-09-11T15:29:19.532] [DEBUG] debug-file - entry : default@BuildNativeWithCmake cost memory 0.0146484375
[2026-09-11T15:29:19.532] [DEBUG] debug-file - runTaskFromQueue task cost before running: 246 ms 
[2026-09-11T15:29:19.532] [INFO] debug-file - Finished :entry:default@BuildNativeWithCmake... after 1 ms 
[2026-09-11T15:29:19.533] [DEBUG] debug-file - Executing task :entry:default@MakePackInfo
[2026-09-11T15:29:19.537] [DEBUG] debug-file - Incremental task entry:default@MakePackInfo pre-execution cost: 2 ms .
[2026-09-11T15:29:19.537] [DEBUG] debug-file - entry : default@MakePackInfo cost memory 0.11927032470703125
[2026-09-11T15:29:19.538] [INFO] debug-file - UP-TO-DATE :entry:default@MakePackInfo...  
[2026-09-11T15:29:19.540] [DEBUG] debug-file - Executing task :entry:default@SyscapTransform
[2026-09-11T15:29:19.540] [DEBUG] debug-file - File: 'D:\HW\testproject\complete\7\entry\src\main\syscap.json' from 'sysCapJsonPath' is not exists, just ignore.
[2026-09-11T15:29:19.540] [DEBUG] debug-file - Task 'entry:default@SyscapTransform' cost while wrapping incremental declarations: 1 ms 
[2026-09-11T15:29:19.541] [DEBUG] debug-file - entry:default@SyscapTransform is not up-to-date, since the output file 'D:\HW\testproject\complete\7\entry\build\default\intermediates\syscap\default\rpcid.sc' does not exist.
[2026-09-11T15:29:19.542] [DEBUG] debug-file - Incremental task entry:default@SyscapTransform pre-execution cost: 2 ms .
[2026-09-11T15:29:19.542] [DEBUG] debug-file - entry : default@SyscapTransform cost memory 0.12774658203125
[2026-09-11T15:29:19.542] [DEBUG] debug-file - runTaskFromQueue task cost before running: 256 ms 
[2026-09-11T15:29:19.542] [INFO] debug-file - Finished :entry:default@SyscapTransform... after 3 ms 
[2026-09-11T15:29:19.543] [DEBUG] debug-file - Executing task :entry:default@ProcessProfile
[2026-09-11T15:29:19.545] [DEBUG] debug-file - Task 'entry:default@ProcessProfile' cost while wrapping incremental declarations: 1 ms 
[2026-09-11T15:29:19.546] [DEBUG] debug-file - Incremental task entry:default@ProcessProfile pre-execution cost: 1 ms .
[2026-09-11T15:29:19.546] [DEBUG] debug-file - entry : default@ProcessProfile cost memory 0.1339111328125
[2026-09-11T15:29:19.546] [INFO] debug-file - UP-TO-DATE :entry:default@ProcessProfile...  
[2026-09-11T15:29:19.547] [DEBUG] debug-file - Executing task :entry:default@ProcessRouterMap
[2026-09-11T15:29:19.549] [DEBUG] debug-file - Incremental task entry:default@ProcessRouterMap pre-execution cost: 1 ms .
[2026-09-11T15:29:19.549] [DEBUG] debug-file - entry : default@ProcessRouterMap cost memory 0.13407135009765625
[2026-09-11T15:29:19.549] [INFO] debug-file - UP-TO-DATE :entry:default@ProcessRouterMap...  
[2026-09-11T15:29:19.550] [DEBUG] debug-file - Executing task :entry:default@ProcessShareConfig
[2026-09-11T15:29:19.551] [DEBUG] debug-file - Incremental task entry:default@ProcessShareConfig pre-execution cost: 1 ms .
[2026-09-11T15:29:19.552] [DEBUG] debug-file - entry : default@ProcessShareConfig cost memory 0.11148834228515625
[2026-09-11T15:29:19.552] [INFO] debug-file - UP-TO-DATE :entry:default@ProcessShareConfig...  
[2026-09-11T15:29:19.553] [DEBUG] debug-file - Executing task :entry:default@ProcessStartupConfig
[2026-09-11T15:29:19.553] [DEBUG] debug-file - Task 'entry:default@ProcessStartupConfig' cost while wrapping incremental declarations: 1 ms 
[2026-09-11T15:29:19.554] [DEBUG] debug-file - entry:default@ProcessStartupConfig is not up-to-date, since the output file 'D:\HW\testproject\complete\7\entry\build\default\intermediates\startup\default\startup_config.json' does not exist.
[2026-09-11T15:29:19.554] [DEBUG] debug-file - Incremental task entry:default@ProcessStartupConfig pre-execution cost: 1 ms .
[2026-09-11T15:29:19.555] [DEBUG] debug-file - entry : default@ProcessStartupConfig cost memory 0.1141510009765625
[2026-09-11T15:29:19.555] [DEBUG] debug-file - runTaskFromQueue task cost before running: 269 ms 
[2026-09-11T15:29:19.556] [INFO] debug-file - Finished :entry:default@ProcessStartupConfig... after 3 ms 
[2026-09-11T15:29:19.557] [DEBUG] debug-file - Executing task :entry:default@BuildNativeWithNinja
[2026-09-11T15:29:19.557] [DEBUG] debug-file - entry : default@BuildNativeWithNinja cost memory 0.0194854736328125
[2026-09-11T15:29:19.557] [DEBUG] debug-file - runTaskFromQueue task cost before running: 271 ms 
[2026-09-11T15:29:19.558] [INFO] debug-file - Finished :entry:default@BuildNativeWithNinja... after 1 ms 
[2026-09-11T15:29:19.559] [DEBUG] debug-file - restool module names: entry; moduleName=entry, taskName=default@ProcessResource
[2026-09-11T15:29:19.560] [DEBUG] debug-file - Executing task :entry:default@ProcessResource
[2026-09-11T15:29:19.560] [DEBUG] debug-file - Task 'entry:default@ProcessResource' cost while wrapping incremental declarations: 1 ms 
[2026-09-11T15:29:19.561] [DEBUG] debug-file - Incremental task entry:default@ProcessResource pre-execution cost: 1 ms .
[2026-09-11T15:29:19.561] [DEBUG] debug-file - entry : default@ProcessResource cost memory 0.1155242919921875
[2026-09-11T15:29:19.567] [INFO] debug-file - UP-TO-DATE :entry:default@ProcessResource...  
[2026-09-11T15:29:19.570] [DEBUG] debug-file - Executing task :entry:default@GenerateLoaderJson
[2026-09-11T15:29:19.571] [DEBUG] debug-file - Task 'entry:default@GenerateLoaderJson' cost while wrapping incremental declarations: 1 ms 
[2026-09-11T15:29:19.577] [DEBUG] debug-file - Incremental task entry:default@GenerateLoaderJson pre-execution cost: 4 ms .
[2026-09-11T15:29:19.577] [DEBUG] debug-file - entry : default@GenerateLoaderJson cost memory 0.32329559326171875
[2026-09-11T15:29:19.580] [INFO] debug-file - UP-TO-DATE :entry:default@GenerateLoaderJson...  
[2026-09-11T15:29:19.581] [DEBUG] debug-file - Executing task :entry:default@ProcessLibs
[2026-09-11T15:29:19.581] [DEBUG] debug-file - Task 'entry:default@ProcessLibs' cost while wrapping incremental declarations: 1 ms 
[2026-09-11T15:29:19.583] [DEBUG] debug-file - Incremental task entry:default@ProcessLibs pre-execution cost: 1 ms .
[2026-09-11T15:29:19.583] [DEBUG] debug-file - entry : default@ProcessLibs cost memory 0.09595489501953125
[2026-09-11T15:29:19.584] [INFO] debug-file - UP-TO-DATE :entry:default@ProcessLibs...  
[2026-09-11T15:29:19.585] [DEBUG] debug-file - restool module names: entry; moduleName=entry, taskName=default@CompileResource
[2026-09-11T15:29:19.585] [DEBUG] debug-file - Executing task :entry:default@CompileResource
[2026-09-11T15:29:19.591] [DEBUG] debug-file - Incremental task entry:default@CompileResource pre-execution cost: 5 ms .
[2026-09-11T15:29:19.592] [DEBUG] debug-file - entry : default@CompileResource cost memory -0.081085205078125
[2026-09-11T15:29:19.593] [INFO] debug-file - UP-TO-DATE :entry:default@CompileResource...  
[2026-09-11T15:29:19.594] [DEBUG] debug-file - Executing task :entry:default@DoNativeStrip
[2026-09-11T15:29:19.594] [DEBUG] debug-file - File: 'D:\HW\testproject\complete\7\entry\build\default\intermediates\binxo\default' from 'doBinxoNativeLibs' is not exists, just ignore.
[2026-09-11T15:29:19.594] [DEBUG] debug-file - Task 'entry:default@DoNativeStrip' cost while wrapping incremental declarations: 1 ms 
[2026-09-11T15:29:19.595] [DEBUG] debug-file - Incremental task entry:default@DoNativeStrip pre-execution cost: 1 ms .
[2026-09-11T15:29:19.595] [DEBUG] debug-file - entry : default@DoNativeStrip cost memory 0.07621002197265625
[2026-09-11T15:29:19.595] [INFO] debug-file - UP-TO-DATE :entry:default@DoNativeStrip...  
[2026-09-11T15:29:19.596] [DEBUG] debug-file - Executing task :entry:default@CompileArkTS
[2026-09-11T15:29:19.596] [DEBUG] debug-file - obfuscationOptions: undefined
[2026-09-11T15:29:19.599] [DEBUG] debug-file - Task 'entry:default@CompileArkTS' cost while wrapping incremental declarations: 1 ms 
[2026-09-11T15:29:19.605] [DEBUG] debug-file - Incremental task entry:default@CompileArkTS pre-execution cost: 5 ms .
[2026-09-11T15:29:19.606] [DEBUG] debug-file - entry : default@CompileArkTS cost memory -2.945556640625
[2026-09-11T15:29:19.607] [INFO] debug-file - UP-TO-DATE :entry:default@CompileArkTS...  
[2026-09-11T15:29:19.609] [DEBUG] debug-file - Executing task :entry:default@BuildJS
[2026-09-11T15:29:19.609] [DEBUG] debug-file - Task 'entry:default@BuildJS' cost while wrapping incremental declarations: 1 ms 
[2026-09-11T15:29:19.611] [DEBUG] debug-file - entry : default@BuildJS cost memory 0.13578033447265625
[2026-09-11T15:29:19.612] [DEBUG] debug-file - runTaskFromQueue task cost before running: 326 ms 
[2026-09-11T15:29:19.612] [INFO] debug-file - Finished :entry:default@BuildJS... after 4 ms 
[2026-09-11T15:29:19.613] [DEBUG] debug-file - Executing task :entry:default@CacheNativeLibs
[2026-09-11T15:29:19.613] [DEBUG] debug-file - File: 'D:\HW\testproject\complete\7\entry\build\default\intermediates\binxo\default' from 'cacheBinxoNativeLibs' is not exists, just ignore.
[2026-09-11T15:29:19.614] [DEBUG] debug-file - Task 'entry:default@CacheNativeLibs' cost while wrapping incremental declarations: 1 ms 
[2026-09-11T15:29:19.615] [DEBUG] debug-file - Incremental task entry:default@CacheNativeLibs pre-execution cost: 1 ms .
[2026-09-11T15:29:19.615] [DEBUG] debug-file - entry : default@CacheNativeLibs cost memory 0.0908966064453125
[2026-09-11T15:29:19.615] [INFO] debug-file - UP-TO-DATE :entry:default@CacheNativeLibs...  
[2026-09-11T15:29:19.616] [DEBUG] debug-file - Executing task :entry:default@GeneratePkgModuleJson
[2026-09-11T15:29:19.617] [DEBUG] debug-file - File: 'D:\HW\testproject\complete\7\entry\build\default\intermediates\preload\default\preload.json' from 'preloadSoJsonPath' is not exists, just ignore.
[2026-09-11T15:29:19.617] [DEBUG] debug-file - Error occurs while handling @Input 'shouldDeduplicateHar': The "data" argument must be of type string or an instance of Buffer, TypedArray, or DataView. Received undefined
[2026-09-11T15:29:19.617] [DEBUG] debug-file - Task 'entry:default@GeneratePkgModuleJson' cost while wrapping incremental declarations: 1 ms 
[2026-09-11T15:29:19.618] [DEBUG] debug-file - Incremental task entry:default@GeneratePkgModuleJson pre-execution cost: 1 ms .
[2026-09-11T15:29:19.618] [DEBUG] debug-file - entry : default@GeneratePkgModuleJson cost memory 0.08646392822265625
[2026-09-11T15:29:19.618] [INFO] debug-file - UP-TO-DATE :entry:default@GeneratePkgModuleJson...  
[2026-09-11T15:29:19.619] [DEBUG] debug-file - Executing task :entry:default@ProcessCompiledResources
[2026-09-11T15:29:19.620] [DEBUG] debug-file - File: 'D:\HW\testproject\complete\7\entry\build\default\intermediates\preload\default\preload.json' from 'preloadSoJsonPath' is not exists, just ignore.
[2026-09-11T15:29:19.620] [DEBUG] debug-file - Task 'entry:default@ProcessCompiledResources' cost while wrapping incremental declarations: 1 ms 
[2026-09-11T15:29:19.620] [DEBUG] debug-file - entry : default@ProcessCompiledResources cost memory 0.051025390625
[2026-09-11T15:29:19.620] [DEBUG] debug-file - runTaskFromQueue task cost before running: 334 ms 
[2026-09-11T15:29:19.621] [INFO] debug-file - Finished :entry:default@ProcessCompiledResources... after 2 ms 
[2026-09-11T15:29:19.622] [DEBUG] debug-file - Executing task :entry:default@PackageHap
[2026-09-11T15:29:19.628] [DEBUG] debug-file - Incremental task entry:default@PackageHap pre-execution cost: 6 ms .
[2026-09-11T15:29:19.629] [DEBUG] debug-file - entry : default@PackageHap cost memory 0.29967498779296875
[2026-09-11T15:29:19.631] [INFO] debug-file - UP-TO-DATE :entry:default@PackageHap...  
[2026-09-11T15:29:19.637] [DEBUG] debug-file - Executing task :entry:default@PackingCheck
[2026-09-11T15:29:19.650] [DEBUG] debug-file - entry : default@PackingCheck cost memory 0.3191375732421875
[2026-09-11T15:29:19.650] [DEBUG] debug-file - runTaskFromQueue task cost before running: 364 ms 
[2026-09-11T15:29:19.651] [INFO] debug-file - Finished :entry:default@PackingCheck... after 14 ms 
[2026-09-11T15:29:19.652] [DEBUG] debug-file - Executing task :entry:default@SignHap
[2026-09-11T15:29:19.653] [WARN] debug-file - Will skip sign 'hos_hap'. No signingConfigs profile is configured in current project.
             If needed, configure the signingConfigs in D:\HW\testproject\complete\7\build-profile.json5.
[2026-09-11T15:29:19.654] [DEBUG] debug-file - entry:default@SignHap is not up-to-date, since the output file 'D:\HW\testproject\complete\7\entry\build\default\outputs\default\entry-default-signed.hap' does not exist.
[2026-09-11T15:29:19.654] [DEBUG] debug-file - Incremental task entry:default@SignHap pre-execution cost: 2 ms .
[2026-09-11T15:29:19.655] [DEBUG] debug-file - entry : default@SignHap cost memory 0.08188629150390625
[2026-09-11T15:29:19.655] [DEBUG] debug-file - runTaskFromQueue task cost before running: 369 ms 
[2026-09-11T15:29:19.655] [INFO] debug-file - Finished :entry:default@SignHap... after 3 ms 
[2026-09-11T15:29:19.657] [DEBUG] debug-file - Executing task :entry:default@CollectDebugSymbol
[2026-09-11T15:29:19.658] [DEBUG] debug-file - entry : default@CollectDebugSymbol cost memory 0.6354217529296875
[2026-09-11T15:29:19.658] [DEBUG] debug-file - runTaskFromQueue task cost before running: 372 ms 
[2026-09-11T15:29:19.658] [INFO] debug-file - Finished :entry:default@CollectDebugSymbol... after 2 ms 
[2026-09-11T15:29:19.659] [DEBUG] debug-file - Executing task :entry:assembleHap
[2026-09-11T15:29:19.659] [DEBUG] debug-file - entry : assembleHap cost memory 0.0124969482421875
[2026-09-11T15:29:19.659] [DEBUG] debug-file - runTaskFromQueue task cost before running: 373 ms 
[2026-09-11T15:29:19.659] [INFO] debug-file - Finished :entry:assembleHap... after 1 ms 
[2026-09-11T15:29:19.659] [DEBUG] debug-file - Executing task ::MakeProjectPackInfo
[2026-09-11T15:29:19.662] [DEBUG] debug-file - Task ':MakeProjectPackInfo' cost while wrapping incremental declarations: 1 ms 
[2026-09-11T15:29:19.663] [DEBUG] debug-file - Incremental task :MakeProjectPackInfo pre-execution cost: 1 ms .
[2026-09-11T15:29:19.663] [DEBUG] debug-file - 7 : MakeProjectPackInfo cost memory 0.1434173583984375
[2026-09-11T15:29:19.663] [INFO] debug-file - UP-TO-DATE ::MakeProjectPackInfo...  
[2026-09-11T15:29:19.664] [DEBUG] debug-file - Executing task ::ProcessProjectPrivacyProfile
[2026-09-11T15:29:19.667] [DEBUG] debug-file - Incremental task :ProcessProjectPrivacyProfile pre-execution cost: 2 ms .
[2026-09-11T15:29:19.667] [DEBUG] debug-file - 7 : ProcessProjectPrivacyProfile cost memory 0.08080291748046875
[2026-09-11T15:29:19.668] [INFO] debug-file - UP-TO-DATE ::ProcessProjectPrivacyProfile...  
[2026-09-11T15:29:19.668] [DEBUG] debug-file - Executing task ::GeneratePackRes
[2026-09-11T15:29:19.669] [DEBUG] debug-file - Incremental task :GeneratePackRes pre-execution cost: 1 ms .
[2026-09-11T15:29:19.669] [DEBUG] debug-file - 7 : GeneratePackRes cost memory 0.04157257080078125
[2026-09-11T15:29:19.670] [INFO] debug-file - UP-TO-DATE ::GeneratePackRes...  
[2026-09-11T15:29:19.670] [DEBUG] debug-file - Executing task ::PackageApp
[2026-09-11T15:29:19.672] [DEBUG] debug-file - Task ':PackageApp' cost while wrapping incremental declarations: 1 ms 
[2026-09-11T15:29:19.674] [DEBUG] debug-file - :PackageApp is not up-to-date, since the output file 'D:\HW\testproject\complete\7\build\outputs\default\symbol\debug' does not exist.
[2026-09-11T15:29:19.674] [DEBUG] debug-file - Incremental task :PackageApp pre-execution cost: 2 ms .
[2026-09-11T15:29:19.681] [DEBUG] debug-file - Use tool [PackageApp]
 [
  'java',
  '-Dfile.encoding=GBK',
  '-jar',
  'E:\\DevEco Studio\\sdk\\default\\openharmony\\toolchains\\lib\\app_packing_tool.jar',
  '--mode',
  'app',
  '--pack-info-path',
  'D:\\HW\\testproject\\complete\\7\\build\\outputs\\default\\pack.info',
  '--hap-path',
  'D:\\HW\\testproject\\complete\\7\\entry\\build\\default\\outputs\\default\\app\\entry-default.hap',
  '--hsp-path',
  '',
  '--force',
  'true',
  '--out-path',
  'D:\\HW\\testproject\\complete\\7\\build\\outputs\\default\\7-default-unsigned.app',
  '--main-module-limit',
  '2',
  '--normal-module-limit',
  '2',
  '--pac-json-path',
  'D:\\HW\\testproject\\complete\\7\\build\\outputs\\default\\pac.json'
]
[2026-09-11T15:29:19.682] [DEBUG] debug-file - current process  memoryUsage: {
  rss: 203796480,
  heapTotal: 129400832,
  heapUsed: 119133832,
  external: 3969812,
  arrayBuffers: 29551
} os memoryUsage :14.87166976928711
[2026-09-11T15:29:20.777] [DEBUG] debug-file - 7 : PackageApp cost memory -2.1569671630859375
[2026-09-11T15:29:20.777] [DEBUG] debug-file - runTaskFromQueue task cost before running: 1 s 491 ms 
[2026-09-11T15:29:20.778] [INFO] debug-file - Finished ::PackageApp... after 1 s 108 ms 
[2026-09-11T15:29:20.778] [DEBUG] debug-file - Executing task ::SignPackagesFromApp
[2026-09-11T15:29:20.779] [DEBUG] debug-file - :SignPackagesFromApp is not up-to-date, since the input file 'D:\HW\testproject\complete\7\build\outputs\default\7-default-unsigned.app' has been changed.
[2026-09-11T15:29:20.779] [DEBUG] debug-file - Incremental task :SignPackagesFromApp pre-execution cost: 1 ms .
[2026-09-11T15:29:20.779] [DEBUG] debug-file - 7 : SignPackagesFromApp cost memory 0.05146026611328125
[2026-09-11T15:29:20.779] [DEBUG] debug-file - runTaskFromQueue task cost before running: 1 s 493 ms 
[2026-09-11T15:29:20.780] [INFO] debug-file - Finished ::SignPackagesFromApp... after 2 ms 
[2026-09-11T15:29:20.780] [DEBUG] debug-file - Executing task ::SignApp
[2026-09-11T15:29:20.780] [DEBUG] debug-file - signingConfigName of signApp is :  undefined
[2026-09-11T15:29:20.780] [WARN] debug-file - Will skip sign 'app'. No signingConfigs profile is configured in current project.
             If needed, configure the signingConfigs in D:\HW\testproject\complete\7\build-profile.json5.
[2026-09-11T15:29:20.781] [DEBUG] debug-file - :SignApp is not up-to-date, since the input file 'D:\HW\testproject\complete\7\build\outputs\default\7-default-unsigned.app' has been changed.
[2026-09-11T15:29:20.781] [DEBUG] debug-file - Incremental task :SignApp pre-execution cost: 1 ms .
[2026-09-11T15:29:20.781] [DEBUG] debug-file - 7 : SignApp cost memory 0.113006591796875
[2026-09-11T15:29:20.782] [DEBUG] debug-file - runTaskFromQueue task cost before running: 1 s 496 ms 
[2026-09-11T15:29:20.782] [INFO] debug-file - Finished ::SignApp... after 2 ms 
[2026-09-11T15:29:20.782] [DEBUG] debug-file - Executing task ::assembleApp
[2026-09-11T15:29:20.782] [DEBUG] debug-file - 7 : assembleApp cost memory 0.01245880126953125
[2026-09-11T15:29:20.782] [DEBUG] debug-file - runTaskFromQueue task cost before running: 1 s 496 ms 
[2026-09-11T15:29:20.782] [INFO] debug-file - Finished ::assembleApp... after 1 ms 
[2026-09-11T15:29:20.783] [INFO] debug-file - BUILD SUCCESSFUL in 1 s 497 ms 
[2026-09-11T15:29:20.784] [DEBUG] debug-file - There is no need to refresh cache, since the incremental task entry:default@PreBuild is up-to-date.
[2026-09-11T15:29:20.784] [DEBUG] debug-file - Update task entry:default@CreateModuleInfo output file:D:\HW\testproject\complete\7\entry\build\default\generated\profile\default\ModuleInfo.ts cache.
[2026-09-11T15:29:20.784] [DEBUG] debug-file - Incremental task entry:default@CreateModuleInfo post-execution cost:1 ms .
[2026-09-11T15:29:20.784] [DEBUG] debug-file - There is no need to refresh cache, since the incremental task entry:default@GenerateMetadata is up-to-date.
[2026-09-11T15:29:20.784] [DEBUG] debug-file - There is no need to refresh cache, since the incremental task entry:default@MergeProfile is up-to-date.
[2026-09-11T15:29:20.784] [DEBUG] debug-file - There is no need to refresh cache, since the incremental task entry:default@CreateBuildProfile is up-to-date.
[2026-09-11T15:29:20.784] [DEBUG] debug-file - There is no need to refresh cache, since the incremental task entry:default@GeneratePkgContextInfo is up-to-date.
[2026-09-11T15:29:20.784] [DEBUG] debug-file - Update task entry:default@GeneratePkgSdkInfo output file:D:\HW\testproject\complete\7\entry\build\default\intermediates\loader\default\pkgSdkInfo.json cache.
[2026-09-11T15:29:20.785] [DEBUG] debug-file - Incremental task entry:default@GeneratePkgSdkInfo post-execution cost:1 ms .
[2026-09-11T15:29:20.785] [DEBUG] debug-file - Update task entry:default@ProcessIntegratedHsp output file:D:\HW\testproject\complete\7\build\cache\default\integrated_hsp\integratedHspCache.json cache.
[2026-09-11T15:29:20.785] [DEBUG] debug-file - Incremental task entry:default@ProcessIntegratedHsp post-execution cost:1 ms .
[2026-09-11T15:29:20.785] [DEBUG] debug-file - There is no need to refresh cache, since the incremental task entry:default@MakePackInfo is up-to-date.
[2026-09-11T15:29:20.785] [DEBUG] debug-file - Update task entry:default@SyscapTransform input file:E:\DevEco Studio\sdk\default\openharmony\toolchains\syscap_tool.exe cache by regenerate.
[2026-09-11T15:29:20.785] [DEBUG] debug-file - Update task entry:default@SyscapTransform input file:E:\DevEco Studio\sdk\default\openharmony\ets\api\device-define cache by regenerate.
[2026-09-11T15:29:20.786] [DEBUG] debug-file - Update task entry:default@SyscapTransform output file:D:\HW\testproject\complete\7\entry\build\default\intermediates\syscap\default\rpcid.sc cache.
[2026-09-11T15:29:20.786] [DEBUG] debug-file - Incremental task entry:default@SyscapTransform post-execution cost:2 ms .
[2026-09-11T15:29:20.786] [DEBUG] debug-file - There is no need to refresh cache, since the incremental task entry:default@ProcessProfile is up-to-date.
[2026-09-11T15:29:20.786] [DEBUG] debug-file - There is no need to refresh cache, since the incremental task entry:default@ProcessRouterMap is up-to-date.
[2026-09-11T15:29:20.786] [DEBUG] debug-file - There is no need to refresh cache, since the incremental task entry:default@ProcessShareConfig is up-to-date.
[2026-09-11T15:29:20.787] [DEBUG] debug-file - Update task entry:default@ProcessStartupConfig input file:D:\HW\testproject\complete\7\entry\build\default\intermediates\loader\default\pkgContextInfo.json cache by regenerate.
[2026-09-11T15:29:20.787] [DEBUG] debug-file - Update task entry:default@ProcessStartupConfig output file:D:\HW\testproject\complete\7\entry\build\default\intermediates\startup\default\startup_config.json cache.
[2026-09-11T15:29:20.787] [DEBUG] debug-file - Incremental task entry:default@ProcessStartupConfig post-execution cost:1 ms .
[2026-09-11T15:29:20.788] [DEBUG] debug-file - There is no need to refresh cache, since the incremental task entry:default@ProcessResource is up-to-date.
[2026-09-11T15:29:20.788] [DEBUG] debug-file - There is no need to refresh cache, since the incremental task entry:default@GenerateLoaderJson is up-to-date.
[2026-09-11T15:29:20.788] [DEBUG] debug-file - There is no need to refresh cache, since the incremental task entry:default@ProcessLibs is up-to-date.
[2026-09-11T15:29:20.788] [DEBUG] debug-file - There is no need to refresh cache, since the incremental task entry:default@CompileResource is up-to-date.
[2026-09-11T15:29:20.788] [DEBUG] debug-file - There is no need to refresh cache, since the incremental task entry:default@DoNativeStrip is up-to-date.
[2026-09-11T15:29:20.788] [DEBUG] debug-file - There is no need to refresh cache, since the incremental task entry:default@CompileArkTS is up-to-date.
[2026-09-11T15:29:20.789] [DEBUG] debug-file - Update task entry:default@BuildJS input file:D:\HW\testproject\complete\7\entry\build\default\intermediates\loader\default cache by regenerate.
[2026-09-11T15:29:20.790] [DEBUG] debug-file - Update task entry:default@BuildJS input file:D:\HW\testproject\complete\7\entry\build\default\intermediates\res\default\resources\rawfile cache by regenerate.
[2026-09-11T15:29:20.790] [DEBUG] debug-file - Update task entry:default@BuildJS input file:D:\HW\testproject\complete\7\entry\build\default\intermediates\res\default\ResourceTable.txt cache by regenerate.
[2026-09-11T15:29:20.790] [DEBUG] debug-file - Update task entry:default@BuildJS input file:D:\HW\testproject\complete\7\entry\build\default\intermediates\res\default\ark_module.json cache by regenerate.
[2026-09-11T15:29:20.790] [DEBUG] debug-file - Update task entry:default@BuildJS input file:D:\HW\testproject\complete\7\entry\build\default\intermediates\res\default\resources\base\profile cache by regenerate.
[2026-09-11T15:29:20.791] [DEBUG] debug-file - Update task entry:default@BuildJS input file:D:\HW\testproject\complete\7\entry\build\default\intermediates\loader\default\pkgContextInfo.json cache by regenerate.
[2026-09-11T15:29:20.791] [DEBUG] debug-file - Update task entry:default@BuildJS output file:D:\HW\testproject\complete\7\entry\build\default\intermediates\loader_out\default\js cache.
[2026-09-11T15:29:20.791] [DEBUG] debug-file - Incremental task entry:default@BuildJS post-execution cost:4 ms .
[2026-09-11T15:29:20.791] [DEBUG] debug-file - There is no need to refresh cache, since the incremental task entry:default@CacheNativeLibs is up-to-date.
[2026-09-11T15:29:20.791] [DEBUG] debug-file - There is no need to refresh cache, since the incremental task entry:default@GeneratePkgModuleJson is up-to-date.
[2026-09-11T15:29:20.791] [DEBUG] debug-file - Incremental task entry:default@ProcessCompiledResources post-execution cost:1 ms .
[2026-09-11T15:29:20.791] [DEBUG] debug-file - There is no need to refresh cache, since the incremental task entry:default@PackageHap is up-to-date.
[2026-09-11T15:29:20.792] [DEBUG] debug-file - Update task entry:default@SignHap input file:D:\HW\testproject\complete\7\entry\build\default\outputs\default\entry-default-unsigned.hap cache by regenerate.
[2026-09-11T15:29:20.792] [DEBUG] debug-file - Update task entry:default@SignHap output file:D:\HW\testproject\complete\7\entry\build\default\outputs\default\entry-default-signed.hap cache.
[2026-09-11T15:29:20.792] [DEBUG] debug-file - Incremental task entry:default@SignHap post-execution cost:1 ms .
[2026-09-11T15:29:20.792] [DEBUG] debug-file - Update task entry:default@CollectDebugSymbol input file:D:\HW\testproject\complete\7\entry\build\default\intermediates\loader_out\default\ets\sourceMaps.map cache by regenerate.
[2026-09-11T15:29:20.793] [DEBUG] debug-file - Update task entry:default@CollectDebugSymbol input file:D:\HW\testproject\complete\7\entry\build\default\intermediates\libs\default cache by regenerate.
[2026-09-11T15:29:20.793] [DEBUG] debug-file - Update task entry:default@CollectDebugSymbol output file:D:\HW\testproject\complete\7\entry\build\default\outputs\default\symbol cache.
[2026-09-11T15:29:20.793] [DEBUG] debug-file - Incremental task entry:default@CollectDebugSymbol post-execution cost:1 ms .
[2026-09-11T15:29:20.793] [DEBUG] debug-file - There is no need to refresh cache, since the incremental task :MakeProjectPackInfo is up-to-date.
[2026-09-11T15:29:20.793] [DEBUG] debug-file - There is no need to refresh cache, since the incremental task :ProcessProjectPrivacyProfile is up-to-date.
[2026-09-11T15:29:20.793] [DEBUG] debug-file - There is no need to refresh cache, since the incremental task :GeneratePackRes is up-to-date.
[2026-09-11T15:29:20.793] [DEBUG] debug-file - Update task :PackageApp input file:D:\HW\testproject\complete\7\build\outputs\default\pack.info cache by regenerate.
[2026-09-11T15:29:20.793] [DEBUG] debug-file - Update task :PackageApp input file:D:\HW\testproject\complete\7\entry\build\default\outputs\default\entry-default-unsigned.hap cache by regenerate.
[2026-09-11T15:29:20.793] [DEBUG] debug-file - Update task :PackageApp input file:D:\HW\testproject\complete\7\build\outputs\default\pac.json cache by regenerate.
[2026-09-11T15:29:20.794] [DEBUG] debug-file - Update task :PackageApp output file:D:\HW\testproject\complete\7\build\outputs\default\7-default-unsigned.app cache.
[2026-09-11T15:29:20.794] [DEBUG] debug-file - Update task :PackageApp output file:D:\HW\testproject\complete\7\entry\build\default\outputs\default\app\entry-default.hap cache.
[2026-09-11T15:29:20.794] [DEBUG] debug-file - Update task :PackageApp output file:D:\HW\testproject\complete\7\build\outputs\default\symbol\debug cache.
[2026-09-11T15:29:20.794] [DEBUG] debug-file - Incremental task :PackageApp post-execution cost:2 ms .
[2026-09-11T15:29:20.794] [DEBUG] debug-file - Update task :SignPackagesFromApp input file:D:\HW\testproject\complete\7\build\outputs\default\7-default-unsigned.app cache from map.
[2026-09-11T15:29:20.795] [DEBUG] debug-file - Incremental task :SignPackagesFromApp post-execution cost:1 ms .
[2026-09-11T15:29:20.795] [DEBUG] debug-file - Update task :SignApp input file:D:\HW\testproject\complete\7\build\outputs\default\7-default-unsigned.app cache from map.
[2026-09-11T15:29:20.795] [DEBUG] debug-file - Update task :SignApp output file:D:\HW\testproject\complete\7\build\outputs\default\7-default-signed.app cache.
[2026-09-11T15:29:20.795] [DEBUG] debug-file - Incremental task :SignApp post-execution cost:1 ms .
[2026-09-11T15:29:20.819] [DEBUG] debug-file - session manager: send message to worker process. WorkerThreadId: 0, data: {"type":"hvigor_failed","reason":"Server has disconnected."}
[2026-09-11T15:29:20.820] [DEBUG] debug-file - session manager: send message to worker process. WorkerThreadId: 0, data: {"type":"CloseWatch","reason":"Server has disconnected."}
[2026-09-11T15:29:20.806] [DEBUG] debug-file - There's no busy workers and idle workers need cleanup.
[2026-09-11T15:29:20.806] [DEBUG] debug-file - hvigor build process will be closed.
[2026-09-11T15:29:20.819] [DEBUG] debug-file - watch worker: worker id should be larger than 0. Nothing will be sent to any worker thread.
[2026-09-11T15:29:20.819] [DEBUG] debug-file - ABORT_WORK sent to workers.
[2026-09-11T15:29:20.820] [DEBUG] debug-file - watch worker: worker id should be larger than 0. Nothing will be sent to any worker thread.
[2026-09-11T15:35:35.963] [DEBUG] debug-file - env: nodejsVersion=v24.14.1
[2026-09-11T15:35:36.017] [DEBUG] debug-file - env: daemon=true
[2026-09-11T15:35:35.972] [DEBUG] debug-file - env: hvigor-config.json5 content = {
  modelVersion: '6.0.1',
  dependencies: {},
  execution: {},
  logging: {},
  debugging: {},
  nodeOptions: {}
}
[2026-09-11T15:35:36.827] [DEBUG] debug-file - session manager: set active socket. socketId=gKpvE870O3DFWIPCAAAF
[2026-09-11T15:35:36.840] [DEBUG] debug-file - watch worker: worker id should be larger than 0. Nothing will be sent to any worker thread.
[2026-09-11T15:35:36.845] [DEBUG] debug-file - Workers' log level updated to INFO
[2026-09-11T15:35:36.847] [DEBUG] debug-file - Hvigor init with startParameters:{
  hvigorfileTypeCheck: false,
  parallelExecution: true,
  incrementalExecution: true,
  printStackTrace: false,
  daemon: true,
  analyze: 0,
  logLevel: Level { level: 20000, levelStr: 'INFO', colour: 'green' },
  optimizationStrategy: 'memory',
  hotCompile: undefined,
  hotReloadBuild: undefined,
  customizedParam: undefined
}
[2026-09-11T15:35:36.854] [DEBUG] debug-file - Cache service initialization finished in 7 ms 
[2026-09-11T15:35:36.855] [DEBUG] debug-file - hvigorfile, resolving D:\HW\testproject\complete\7\hvigorfile.ts
[2026-09-11T15:35:36.861] [DEBUG] debug-file - hvigorfile, require result:  { default: { plugins: [] } }
[2026-09-11T15:35:36.862] [DEBUG] debug-file - hvigorfile, binding system plugins null
[2026-09-11T15:35:36.862] [DEBUG] debug-file - Starting plugin build process
[2026-09-11T15:35:36.862] [DEBUG] debug-file - App plugin prepare start...
[2026-09-11T15:35:36.862] [DEBUG] debug-file - App plugin prepare end...
[2026-09-11T15:35:36.862] [DEBUG] debug-file - App plugin creating...
[2026-09-11T15:35:36.866] [DEBUG] debug-file - App plugin register hook start...
[2026-09-11T15:35:36.867] [DEBUG] debug-file - App plugin register hook end...
[2026-09-11T15:35:36.867] [DEBUG] debug-file - Plugin build process completed
[2026-09-11T15:35:36.867] [DEBUG] debug-file - Start initialize project's product build option map with build mode debug.
[2026-09-11T15:35:36.867] [DEBUG] debug-file - Picking option from product 'default' with build mode 'debug'.
[2026-09-11T15:35:36.867] [DEBUG] debug-file - Product 'default' build option initialized
[2026-09-11T15:35:36.867] [DEBUG] debug-file - End initialize project's product build option map with build mode 'debug'.
[2026-09-11T15:35:36.868] [DEBUG] debug-file - Obtain build option for product 'default'in this build.
[2026-09-11T15:35:36.872] [DEBUG] debug-file - No signingConfig found, initRemoteHspCache failed.
[2026-09-11T15:35:36.873] [DEBUG] debug-file - Start recording SDK configuration permission data.
[2026-09-11T15:35:36.916] [DEBUG] debug-file - Sdk init in 44 ms 
[2026-09-11T15:35:36.918] [DEBUG] debug-file - Project task initialization takes 2 ms 
[2026-09-11T15:35:36.918] [DEBUG] debug-file - hvigorfile, begin to bind custom plugins...
[2026-09-11T15:35:36.918] [DEBUG] debug-file - hvigorfile, no custom plugins were found in D:\HW\testproject\complete\7\hvigorfile.ts
[2026-09-11T15:35:36.918] [DEBUG] debug-file - hvigorfile, resolve finished D:\HW\testproject\complete\7\hvigorfile.ts
[2026-09-11T15:35:36.918] [DEBUG] debug-file - hvigorfile, resolving D:\HW\testproject\complete\7\entry\hvigorfile.ts
[2026-09-11T15:35:36.923] [DEBUG] debug-file - hvigorfile, require result:  { default: { plugins: [] } }
[2026-09-11T15:35:36.923] [DEBUG] debug-file - hvigorfile, binding system plugins null
[2026-09-11T15:35:36.923] [DEBUG] debug-file - Starting plugin build process
[2026-09-11T15:35:36.923] [DEBUG] debug-file - Hap plugin creating...
[2026-09-11T15:35:36.924] [DEBUG] debug-file - failed to load cangjie to dynamically generate schemas: Error: Cannot find module '@ohos/cangjie-build-support/index'
Require stack:
- E:\DevEco Studio\tools\hvigor\hvigor-ohos-plugin\src\plugin\hooks\cangjie-register.js
- E:\DevEco Studio\tools\hvigor\hvigor-ohos-plugin\src\plugin\strategy\stage-init-strategy.js
- E:\DevEco Studio\tools\hvigor\hvigor-ohos-plugin\src\plugin\builder\abstract-plugin-builder.js
- E:\DevEco Studio\tools\hvigor\hvigor-ohos-plugin\src\plugin\builder\app-plugin-builder.js
- E:\DevEco Studio\tools\hvigor\hvigor-ohos-plugin\src\plugin\factory\plugin-factory.js
- E:\DevEco Studio\tools\hvigor\hvigor-ohos-plugin\index.js
- D:\HW\testproject\complete\7\hvigorfile.ts
- E:\DevEco Studio\tools\hvigor\hvigor\src\base\internal\lifecycle\configuration.js
- E:\DevEco Studio\tools\hvigor\hvigor\src\base\boot\index.js
- E:\DevEco Studio\tools\hvigor\hvigor\src\base\daemon\cluster\worker-process-lifecycle.js
- E:\DevEco Studio\tools\hvigor\hvigor\src\base\daemon\process\daemon-process-boot-script.js
[2026-09-11T15:35:36.926] [DEBUG] debug-file - Start initialize module-target build option map, moduleName=entry, buildMode=debug
[2026-09-11T15:35:36.926] [DEBUG] debug-file - Target 'default' config initialized
[2026-09-11T15:35:36.927] [DEBUG] debug-file - Target 'ohosTest' config initialized
[2026-09-11T15:35:36.927] [DEBUG] debug-file - Module 'entry' target 'default' build option initialized
[2026-09-11T15:35:36.927] [DEBUG] debug-file - Module 'entry' target 'ohosTest' build option initialized
[2026-09-11T15:35:36.927] [DEBUG] debug-file - End initialize module-target build option map, moduleName=entry
[2026-09-11T15:35:36.927] [DEBUG] debug-file - Start initialize module-target build option map, moduleName=entry, buildMode=release
[2026-09-11T15:35:36.927] [DEBUG] debug-file - Target 'default' config initialized
[2026-09-11T15:35:36.928] [DEBUG] debug-file - Target 'ohosTest' config initialized
[2026-09-11T15:35:36.928] [DEBUG] debug-file - Module 'entry' target 'default' build option initialized
[2026-09-11T15:35:36.928] [DEBUG] debug-file - Module 'entry' target 'ohosTest' build option initialized
[2026-09-11T15:35:36.928] [DEBUG] debug-file - End initialize module-target build option map, moduleName=entry
[2026-09-11T15:35:36.928] [DEBUG] debug-file - Start initialize module-target build option map, moduleName=entry, buildMode=debug
[2026-09-11T15:35:36.928] [DEBUG] debug-file - Target 'default' config initialized
[2026-09-11T15:35:36.928] [DEBUG] debug-file - Target 'ohosTest' config initialized
[2026-09-11T15:35:36.929] [DEBUG] debug-file - Module 'entry' target 'default' build option initialized
[2026-09-11T15:35:36.930] [DEBUG] debug-file - Module 'entry' target 'ohosTest' build option initialized
[2026-09-11T15:35:36.930] [DEBUG] debug-file - End initialize module-target build option map, moduleName=entry
[2026-09-11T15:35:36.930] [DEBUG] debug-file - Obtain build option for module 'entry' target 'default'in this build.
[2026-09-11T15:35:36.932] [DEBUG] debug-file - Module entry task initialization takes 2 ms 
[2026-09-11T15:35:36.932] [DEBUG] debug-file - Hap plugin register hook start...
[2026-09-11T15:35:36.932] [DEBUG] debug-file - Hap plugin register hook end...
[2026-09-11T15:35:36.932] [DEBUG] debug-file - Plugin build process completed
[2026-09-11T15:35:36.932] [DEBUG] debug-file - hvigorfile, begin to bind custom plugins...
[2026-09-11T15:35:36.932] [DEBUG] debug-file - hvigorfile, no custom plugins were found in D:\HW\testproject\complete\7\entry\hvigorfile.ts
[2026-09-11T15:35:36.932] [DEBUG] debug-file - hvigorfile, resolve finished D:\HW\testproject\complete\7\entry\hvigorfile.ts
[2026-09-11T15:35:36.978] [DEBUG] debug-file - hvigorfile, resolve hvigorfile dependencies in 46 ms 
[2026-09-11T15:35:36.979] [DEBUG] debug-file - project has submodules:entry
[2026-09-11T15:35:36.979] [DEBUG] debug-file - start to load updatedOhPackageInfo to the disk
[2026-09-11T15:35:36.981] [DEBUG] debug-file - load to the disk finished
[2026-09-11T15:35:36.982] [DEBUG] debug-file - Start to initialize dependency information.
[2026-09-11T15:35:36.987] [DEBUG] debug-file - Module 7 Collected Dependency: 
[2026-09-11T15:35:36.988] [DEBUG] debug-file - Module 7's total dependency: 0
[2026-09-11T15:35:36.988] [DEBUG] debug-file - Start to initialize dependency information.
[2026-09-11T15:35:36.990] [DEBUG] debug-file - Module entry Collected Dependency: 
[2026-09-11T15:35:36.990] [DEBUG] debug-file - Module entry's total dependency: 0
[2026-09-11T15:35:36.992] [DEBUG] debug-file - Configuration phase cost:138 ms 
[2026-09-11T15:35:36.993] [DEBUG] debug-file - Configuration task cost before running: 149 ms 
[2026-09-11T15:35:36.994] [DEBUG] debug-file - Executing task ::PreBuildApp
[2026-09-11T15:35:36.994] [DEBUG] debug-file - 7 : PreBuildApp cost memory 0.01477813720703125
[2026-09-11T15:35:36.994] [DEBUG] debug-file - runTaskFromQueue task cost before running: 149 ms 
[2026-09-11T15:35:36.994] [INFO] debug-file - Finished ::PreBuildApp... after 1 ms 
[2026-09-11T15:35:36.999] [DEBUG] debug-file - Executing task :entry:default@PreBuild
[2026-09-11T15:35:37.002] [DEBUG] debug-file - Task 'entry:default@PreBuild' cost while wrapping incremental declarations: 1 ms 
[2026-09-11T15:35:37.006] [DEBUG] debug-file - Incremental task entry:default@PreBuild pre-execution cost: 3 ms .
[2026-09-11T15:35:37.006] [DEBUG] debug-file - entry : default@PreBuild cost memory 0.5477066040039062
[2026-09-11T15:35:37.008] [INFO] debug-file - UP-TO-DATE :entry:default@PreBuild...  
[2026-09-11T15:35:37.008] [DEBUG] debug-file - Executing task ::DuplicateDependencyCheck
[2026-09-11T15:35:37.009] [DEBUG] debug-file - 7 : DuplicateDependencyCheck cost memory 0.01409149169921875
[2026-09-11T15:35:37.009] [DEBUG] debug-file - runTaskFromQueue task cost before running: 164 ms 
[2026-09-11T15:35:37.009] [INFO] debug-file - Finished ::DuplicateDependencyCheck... after 1 ms 
[2026-09-11T15:35:37.010] [DEBUG] debug-file - Executing task :entry:default@CreateModuleInfo
[2026-09-11T15:35:37.010] [DEBUG] debug-file - Task 'entry:default@CreateModuleInfo' cost while wrapping incremental declarations: 1 ms 
[2026-09-11T15:35:37.011] [DEBUG] debug-file - entry : default@CreateModuleInfo cost memory 0.03964996337890625
[2026-09-11T15:35:37.011] [DEBUG] debug-file - runTaskFromQueue task cost before running: 166 ms 
[2026-09-11T15:35:37.011] [INFO] debug-file - Finished :entry:default@CreateModuleInfo... after 1 ms 
[2026-09-11T15:35:37.012] [DEBUG] debug-file - Executing task :entry:default@GenerateMetadata
[2026-09-11T15:35:37.013] [DEBUG] debug-file - Task 'entry:default@GenerateMetadata' cost while wrapping incremental declarations: 1 ms 
[2026-09-11T15:35:37.013] [DEBUG] debug-file - Incremental task entry:default@GenerateMetadata pre-execution cost: 1 ms .
[2026-09-11T15:35:37.014] [DEBUG] debug-file - entry : default@GenerateMetadata cost memory 0.075653076171875
[2026-09-11T15:35:37.014] [INFO] debug-file - UP-TO-DATE :entry:default@GenerateMetadata...  
[2026-09-11T15:35:37.015] [DEBUG] debug-file - Executing task :entry:default@ConfigureCmake
[2026-09-11T15:35:37.015] [DEBUG] debug-file - entry : default@ConfigureCmake cost memory 0.01450347900390625
[2026-09-11T15:35:37.015] [DEBUG] debug-file - runTaskFromQueue task cost before running: 171 ms 
[2026-09-11T15:35:37.016] [INFO] debug-file - Finished :entry:default@ConfigureCmake... after 1 ms 
[2026-09-11T15:35:37.017] [DEBUG] debug-file - Executing task :entry:default@MergeProfile
[2026-09-11T15:35:37.017] [DEBUG] debug-file - Task 'entry:default@MergeProfile' cost while wrapping incremental declarations: 1 ms 
[2026-09-11T15:35:37.019] [DEBUG] debug-file - Incremental task entry:default@MergeProfile pre-execution cost: 2 ms .
[2026-09-11T15:35:37.019] [DEBUG] debug-file - entry : default@MergeProfile cost memory 0.12548828125
[2026-09-11T15:35:37.019] [INFO] debug-file - UP-TO-DATE :entry:default@MergeProfile...  
[2026-09-11T15:35:37.021] [DEBUG] debug-file - Executing task :entry:default@CreateBuildProfile
[2026-09-11T15:35:37.021] [DEBUG] debug-file - Task 'entry:default@CreateBuildProfile' cost while wrapping incremental declarations: 1 ms 
[2026-09-11T15:35:37.023] [DEBUG] debug-file - Incremental task entry:default@CreateBuildProfile pre-execution cost: 2 ms .
[2026-09-11T15:35:37.023] [DEBUG] debug-file - entry : default@CreateBuildProfile cost memory 0.09471893310546875
[2026-09-11T15:35:37.026] [INFO] debug-file - UP-TO-DATE :entry:default@CreateBuildProfile...  
[2026-09-11T15:35:37.028] [DEBUG] debug-file - Executing task :entry:default@PreCheckSyscap
[2026-09-11T15:35:37.028] [DEBUG] debug-file - entry : default@PreCheckSyscap cost memory 0.01508331298828125
[2026-09-11T15:35:37.029] [DEBUG] debug-file - runTaskFromQueue task cost before running: 184 ms 
[2026-09-11T15:35:37.029] [INFO] debug-file - Finished :entry:default@PreCheckSyscap... after 1 ms 
[2026-09-11T15:35:37.031] [DEBUG] debug-file - Executing task :entry:default@GeneratePkgContextInfo
[2026-09-11T15:35:37.035] [DEBUG] debug-file - Task 'entry:default@GeneratePkgContextInfo' cost while wrapping incremental declarations: 1 ms 
[2026-09-11T15:35:37.036] [DEBUG] debug-file - Incremental task entry:default@GeneratePkgContextInfo pre-execution cost: 1 ms .
[2026-09-11T15:35:37.036] [DEBUG] debug-file - entry : default@GeneratePkgContextInfo cost memory 0.20842742919921875
[2026-09-11T15:35:37.037] [INFO] debug-file - UP-TO-DATE :entry:default@GeneratePkgContextInfo...  
[2026-09-11T15:35:37.038] [DEBUG] debug-file - Executing task :entry:default@GeneratePkgSdkInfo
[2026-09-11T15:35:37.040] [DEBUG] debug-file - Task 'entry:default@GeneratePkgSdkInfo' cost while wrapping incremental declarations: 1 ms 
[2026-09-11T15:35:37.040] [DEBUG] debug-file - entry : default@GeneratePkgSdkInfo cost memory 0.09809112548828125
[2026-09-11T15:35:37.040] [DEBUG] debug-file - runTaskFromQueue task cost before running: 196 ms 
[2026-09-11T15:35:37.041] [INFO] debug-file - Finished :entry:default@GeneratePkgSdkInfo... after 3 ms 
[2026-09-11T15:35:37.044] [DEBUG] debug-file - Executing task :entry:default@ProcessIntegratedHsp
[2026-09-11T15:35:37.044] [DEBUG] debug-file - entry:default@ProcessIntegratedHsp is not up-to-date, since the output file 'D:\HW\testproject\complete\7\build\cache\default\integrated_hsp\integratedHspCache.json' does not exist.
[2026-09-11T15:35:37.046] [DEBUG] debug-file - Incremental task entry:default@ProcessIntegratedHsp pre-execution cost: 1 ms .
[2026-09-11T15:35:37.046] [DEBUG] debug-file - entry : default@ProcessIntegratedHsp cost memory -3.5199508666992188
[2026-09-11T15:35:37.046] [DEBUG] debug-file - runTaskFromQueue task cost before running: 201 ms 
[2026-09-11T15:35:37.046] [INFO] debug-file - Finished :entry:default@ProcessIntegratedHsp... after 3 ms 
[2026-09-11T15:35:37.047] [DEBUG] debug-file - Executing task :entry:default@BuildNativeWithCmake
[2026-09-11T15:35:37.048] [DEBUG] debug-file - entry : default@BuildNativeWithCmake cost memory 0.01441192626953125
[2026-09-11T15:35:37.048] [DEBUG] debug-file - runTaskFromQueue task cost before running: 203 ms 
[2026-09-11T15:35:37.048] [INFO] debug-file - Finished :entry:default@BuildNativeWithCmake... after 1 ms 
[2026-09-11T15:35:37.049] [DEBUG] debug-file - Executing task :entry:default@MakePackInfo
[2026-09-11T15:35:37.052] [DEBUG] debug-file - Incremental task entry:default@MakePackInfo pre-execution cost: 3 ms .
[2026-09-11T15:35:37.052] [DEBUG] debug-file - entry : default@MakePackInfo cost memory 0.11647796630859375
[2026-09-11T15:35:37.053] [INFO] debug-file - UP-TO-DATE :entry:default@MakePackInfo...  
[2026-09-11T15:35:37.054] [DEBUG] debug-file - Executing task :entry:default@SyscapTransform
[2026-09-11T15:35:37.055] [DEBUG] debug-file - File: 'D:\HW\testproject\complete\7\entry\src\main\syscap.json' from 'sysCapJsonPath' is not exists, just ignore.
[2026-09-11T15:35:37.055] [DEBUG] debug-file - Task 'entry:default@SyscapTransform' cost while wrapping incremental declarations: 1 ms 
[2026-09-11T15:35:37.056] [DEBUG] debug-file - entry:default@SyscapTransform is not up-to-date, since the output file 'D:\HW\testproject\complete\7\entry\build\default\intermediates\syscap\default\rpcid.sc' does not exist.
[2026-09-11T15:35:37.057] [DEBUG] debug-file - Incremental task entry:default@SyscapTransform pre-execution cost: 2 ms .
[2026-09-11T15:35:37.057] [DEBUG] debug-file - entry : default@SyscapTransform cost memory 0.11646270751953125
[2026-09-11T15:35:37.057] [DEBUG] debug-file - runTaskFromQueue task cost before running: 212 ms 
[2026-09-11T15:35:37.057] [INFO] debug-file - Finished :entry:default@SyscapTransform... after 3 ms 
[2026-09-11T15:35:37.058] [DEBUG] debug-file - Executing task :entry:default@ProcessProfile
[2026-09-11T15:35:37.060] [DEBUG] debug-file - Task 'entry:default@ProcessProfile' cost while wrapping incremental declarations: 1 ms 
[2026-09-11T15:35:37.061] [DEBUG] debug-file - Incremental task entry:default@ProcessProfile pre-execution cost: 1 ms .
[2026-09-11T15:35:37.061] [DEBUG] debug-file - entry : default@ProcessProfile cost memory 0.13240814208984375
[2026-09-11T15:35:37.061] [INFO] debug-file - UP-TO-DATE :entry:default@ProcessProfile...  
[2026-09-11T15:35:37.062] [DEBUG] debug-file - Executing task :entry:default@ProcessRouterMap
[2026-09-11T15:35:37.063] [DEBUG] debug-file - Incremental task entry:default@ProcessRouterMap pre-execution cost: 1 ms .
[2026-09-11T15:35:37.063] [DEBUG] debug-file - entry : default@ProcessRouterMap cost memory 0.1353302001953125
[2026-09-11T15:35:37.064] [INFO] debug-file - UP-TO-DATE :entry:default@ProcessRouterMap...  
[2026-09-11T15:35:37.065] [DEBUG] debug-file - Executing task :entry:default@ProcessShareConfig
[2026-09-11T15:35:37.067] [DEBUG] debug-file - Incremental task entry:default@ProcessShareConfig pre-execution cost: 2 ms .
[2026-09-11T15:35:37.067] [DEBUG] debug-file - entry : default@ProcessShareConfig cost memory 0.11791229248046875
[2026-09-11T15:35:37.068] [INFO] debug-file - UP-TO-DATE :entry:default@ProcessShareConfig...  
[2026-09-11T15:35:37.068] [DEBUG] debug-file - Executing task :entry:default@ProcessStartupConfig
[2026-09-11T15:35:37.069] [DEBUG] debug-file - Task 'entry:default@ProcessStartupConfig' cost while wrapping incremental declarations: 1 ms 
[2026-09-11T15:35:37.070] [DEBUG] debug-file - entry:default@ProcessStartupConfig is not up-to-date, since the output file 'D:\HW\testproject\complete\7\entry\build\default\intermediates\startup\default\startup_config.json' does not exist.
[2026-09-11T15:35:37.070] [DEBUG] debug-file - Incremental task entry:default@ProcessStartupConfig pre-execution cost: 1 ms .
[2026-09-11T15:35:37.071] [DEBUG] debug-file - entry : default@ProcessStartupConfig cost memory 0.11151123046875
[2026-09-11T15:35:37.071] [DEBUG] debug-file - runTaskFromQueue task cost before running: 226 ms 
[2026-09-11T15:35:37.071] [INFO] debug-file - Finished :entry:default@ProcessStartupConfig... after 3 ms 
[2026-09-11T15:35:37.072] [DEBUG] debug-file - Executing task :entry:default@BuildNativeWithNinja
[2026-09-11T15:35:37.073] [DEBUG] debug-file - entry : default@BuildNativeWithNinja cost memory 0.01932525634765625
[2026-09-11T15:35:37.073] [DEBUG] debug-file - runTaskFromQueue task cost before running: 228 ms 
[2026-09-11T15:35:37.073] [INFO] debug-file - Finished :entry:default@BuildNativeWithNinja... after 1 ms 
[2026-09-11T15:35:37.075] [DEBUG] debug-file - restool module names: entry; moduleName=entry, taskName=default@ProcessResource
[2026-09-11T15:35:37.076] [DEBUG] debug-file - Executing task :entry:default@ProcessResource
[2026-09-11T15:35:37.076] [DEBUG] debug-file - Task 'entry:default@ProcessResource' cost while wrapping incremental declarations: 1 ms 
[2026-09-11T15:35:37.077] [DEBUG] debug-file - Incremental task entry:default@ProcessResource pre-execution cost: 1 ms .
[2026-09-11T15:35:37.077] [DEBUG] debug-file - entry : default@ProcessResource cost memory 0.1172637939453125
[2026-09-11T15:35:37.079] [INFO] debug-file - UP-TO-DATE :entry:default@ProcessResource...  
[2026-09-11T15:35:37.080] [DEBUG] debug-file - Executing task :entry:default@GenerateLoaderJson
[2026-09-11T15:35:37.081] [DEBUG] debug-file - Task 'entry:default@GenerateLoaderJson' cost while wrapping incremental declarations: 1 ms 
[2026-09-11T15:35:37.086] [DEBUG] debug-file - Incremental task entry:default@GenerateLoaderJson pre-execution cost: 4 ms .
[2026-09-11T15:35:37.087] [DEBUG] debug-file - entry : default@GenerateLoaderJson cost memory 0.339141845703125
[2026-09-11T15:35:37.090] [INFO] debug-file - UP-TO-DATE :entry:default@GenerateLoaderJson...  
[2026-09-11T15:35:37.091] [DEBUG] debug-file - Executing task :entry:default@ProcessLibs
[2026-09-11T15:35:37.092] [DEBUG] debug-file - Task 'entry:default@ProcessLibs' cost while wrapping incremental declarations: 1 ms 
[2026-09-11T15:35:37.099] [DEBUG] debug-file - Incremental task entry:default@ProcessLibs pre-execution cost: 6 ms .
[2026-09-11T15:35:37.100] [DEBUG] debug-file - entry : default@ProcessLibs cost memory 0.1202392578125
[2026-09-11T15:35:37.102] [INFO] debug-file - UP-TO-DATE :entry:default@ProcessLibs...  
[2026-09-11T15:35:37.106] [DEBUG] debug-file - restool module names: entry; moduleName=entry, taskName=default@CompileResource
[2026-09-11T15:35:37.107] [DEBUG] debug-file - Executing task :entry:default@CompileResource
[2026-09-11T15:35:37.113] [DEBUG] debug-file - Incremental task entry:default@CompileResource pre-execution cost: 5 ms .
[2026-09-11T15:35:37.113] [DEBUG] debug-file - entry : default@CompileResource cost memory 0.5100936889648438
[2026-09-11T15:35:37.114] [INFO] debug-file - UP-TO-DATE :entry:default@CompileResource...  
[2026-09-11T15:35:37.115] [DEBUG] debug-file - Executing task :entry:default@DoNativeStrip
[2026-09-11T15:35:37.115] [DEBUG] debug-file - File: 'D:\HW\testproject\complete\7\entry\build\default\intermediates\binxo\default' from 'doBinxoNativeLibs' is not exists, just ignore.
[2026-09-11T15:35:37.115] [DEBUG] debug-file - Task 'entry:default@DoNativeStrip' cost while wrapping incremental declarations: 1 ms 
[2026-09-11T15:35:37.116] [DEBUG] debug-file - Incremental task entry:default@DoNativeStrip pre-execution cost: 1 ms .
[2026-09-11T15:35:37.117] [DEBUG] debug-file - entry : default@DoNativeStrip cost memory 0.0733642578125
[2026-09-11T15:35:37.117] [INFO] debug-file - UP-TO-DATE :entry:default@DoNativeStrip...  
[2026-09-11T15:35:37.120] [DEBUG] debug-file - Executing task :entry:default@CompileArkTS
[2026-09-11T15:35:37.121] [DEBUG] debug-file - obfuscationOptions: undefined
[2026-09-11T15:35:37.122] [DEBUG] debug-file - Task 'entry:default@CompileArkTS' cost while wrapping incremental declarations: 1 ms 
[2026-09-11T15:35:37.128] [DEBUG] debug-file - entry:default@CompileArkTS is not up-to-date, since the input file 'D:\HW\testproject\complete\7\entry\src\main\ets' has been changed.
[2026-09-11T15:35:37.128] [DEBUG] debug-file - Incremental task entry:default@CompileArkTS pre-execution cost: 5 ms .
[2026-09-11T15:35:37.149] [DEBUG] debug-file - build config:
[2026-09-11T15:35:37.150] [DEBUG] debug-file - {
  moduleType: 'entry',
  perf: 0,
  targetName: '.default',
  packageManagerType: 'ohpm',
  localPropertiesPath: 'D:\\HW\\testproject\\complete\\7\\local.properties',
  isPreview: false,
  isOhosTest: false,
  isLocalTest: false,
  buildMode: 'Debug',
  hotReloadBuild: undefined,
  watchMode: 'false',
  aceProfilePath: 'D:\\HW\\testproject\\complete\\7\\entry\\build\\default\\intermediates\\res\\default\\resources\\base\\profile',
  etsLoaderPath: 'E:\\DevEco Studio\\sdk\\default\\openharmony\\ets\\build-tools\\ets-loader',
  modulePath: 'D:\\HW\\testproject\\complete\\7\\entry',
  testFrameworkPar: {
    testMode: undefined,
    coveragePathFilter: undefined,
    coverageMode: undefined
  },
  needCoverageInsert: false,
  debugLine: false,
  projectTopDir: 'D:\\HW\\testproject\\complete\\7',
  compileSdkVersion: 26,
  compatibleSdkVersion: 26,
  originCompatibleSdkVersion: '26.0.0',
  compatibleSdkVersionStage: undefined,
  bundleName: 'c***p',
  etsLoaderVersion: '26.0.0.105',
  etsLoaderReleaseType: 'Release',
  aotCompileMode: 'type',
  apPath: 'D:\\HW\\testproject\\complete\\7\\entry\\modules.ap',
  entryModuleName: 'entry',
  entryModuleVersion: '1.0.0',
  entryPackageName: 'entry',
  allModuleNameHash: '685f703c648acad85d1a88ed234c1575de43ec0c565e9dad05742a0c0778513b',
  externalApiPaths: [ 'E:\\DevEco Studio\\sdk\\default\\hms\\ets' ],
  compilerTypes: [],
  isCrossplatform: false,
  hvigorPluginFile: undefined,
  compilePluginPath: undefined,
  buildGeneratedProfilePath: 'D:\\HW\\testproject\\complete\\7\\entry\\build\\default\\generated\\profile\\default',
  bundleType: 'app',
  arkTSVersion: undefined,
  apiVersion: 26,
  needCompleteSourcesMap: false,
  isFaMode: false,
  buildDir: 'D:\\HW\\testproject\\complete\\7\\entry\\build',
  buildCacheProjectDir: 'D:\\HW\\testproject\\complete\\7',
  deviceTypes: [ 'phone' ],
  pkgContextInfo: {
    '@ohos/hypium': {
      packageName: '@ohos/hypium',
      bundleName: '*****',
      moduleName: '',
      version: '1.0.24',
      entryPath: 'index.js',
      isSO: false,
      dependencyAlias: ''
    },
    '@ohos/hamock': {
      packageName: '@ohos/hamock',
      bundleName: '*****',
      moduleName: '',
      version: '1.0.0',
      entryPath: 'index.ets',
      isSO: false,
      dependencyAlias: ''
    },
    entry: {
      packageName: 'entry',
      bundleName: '*****',
      moduleName: '',
      version: '',
      entryPath: 'src/main/',
      isSO: false,
      dependencyAlias: ''
    }
  },
  ohPackagePathMap: {},
  dependencyAliasMap: {},
  permission: { requestPermissions: undefined, definePermissions: undefined },
  useGetCurrentBundleName: false,
  projectArkOption: undefined,
  sourceMapDir: undefined,
  branchElimination: false,
  transformLib: undefined,
  tsImportSendable: false,
  resolveConflictMode: true,
  depName2RootPath: {},
  depName2DepInfo: {},
  depName2OhExports: {},
  rootPathSet: [ 'D:\\HW\\testproject\\complete\\7' ],
  useNativeResolver: true,
  shouldEmitJs: true,
  useUnifiedAst: false,
  useTscResolve: false,
  singleFileEmit: false,
  userProjectConfig: {
    autoLazyImport: false,
    allowEmptyBundleName: false,
    reExportCheckMode: 'noCheck',
    executionMode: 'memory',
    usePathPlaceholder: false,
    writeRollupCache: true,
    isExpandImportEnabled: false,
    expandImportExclude: '',
    lazyImportExclude: '',
    lazyImportInclude: '',
    ignoreCrossplatformCheck: false,
    isHarDeduplicateEnabled: false,
    skipOhModulesLint: false,
    enableStrictCheckOHModule: false,
    disableSendableCheckRules: [],
    useDeclarationFileSignature: false,
    customizedOptions: undefined,
    integratedHsp: false,
    tsImportSoCheck: false,
    isPreloadSoEnabled: false
  },
  executionMode: 'memory',
  arkCompileCachePath: 'D:\\HW\\testproject\\complete\\7\\entry\\build\\default\\cache\\default\\default@CompileArkTS\\esmodule',
  autoLazyFilter: undefined,
  isHarDeduplicateEnabled: false,
  intermediateHarDuplicateDirPath: 'D:\\HW\\testproject\\complete\\7\\entry\\build\\default\\intermediates\\har_duplicate\\default',
  autoLazyImport: false,
  allowEmptyBundleName: false,
  reExportCheckMode: 'noCheck',
  usePathPlaceholder: false,
  writeRollupCache: true,
  isExpandImportEnabled: false,
  expandImportExclude: '',
  lazyImportExclude: '',
  lazyImportInclude: '',
  ignoreCrossplatformCheck: false,
  skipOhModulesLint: false,
  enableStrictCheckOHModule: false,
  disableSendableCheckRules: [],
  useDeclarationFileSignature: false,
  customizedOptions: undefined,
  integratedHsp: false,
  tsImportSoCheck: false,
  isPreloadSoEnabled: false,
  strictMode: {
    caseSensitiveCheck: true,
    useNormalizedOHMUrl: true,
    noExternalImportByPath: true
  },
  useNormalizedOHMUrl: true,
  caseSensitiveCheck: true,
  strictCheckerOnly: false,
  aceModuleJsonPath: 'D:\\HW\\testproject\\complete\\7\\entry\\build\\default\\intermediates\\res\\default\\ark_module.json',
  appResource: 'D:\\HW\\testproject\\complete\\7\\entry\\build\\default\\intermediates\\res\\default\\ResourceTable.txt',
  rawFileResource: 'D:\\HW\\testproject\\complete\\7\\entry\\build\\default\\intermediates\\res\\default\\resources\\rawfile',
  resourceTableHash: 'd81a83941c07883d4327563ba2cfe0ac7f68042912820a1577b99d29cbd144cc',
  runtimeOS: 'HarmonyOS',
  sdkInfo: 'false:26:26.0.0.105:Release',
  aceModuleRoot: 'D:\\HW\\testproject\\complete\\7\\entry\\src\\main\\ets',
  compileMode: 'esmodule',
  aceSuperVisualPath: 'D:\\HW\\testproject\\complete\\7\\entry\\src\\main\\supervisual',
  aceBuildJson: 'D:\\HW\\testproject\\complete\\7\\entry\\build\\default\\intermediates\\loader\\default\\loader.json',
  cachePath: 'D:\\HW\\testproject\\complete\\7\\entry\\build\\default\\cache\\default\\default@CompileArkTS\\esmodule\\debug',
  aceModuleBuild: 'D:\\HW\\testproject\\complete\\7\\entry\\build\\default\\intermediates\\loader_out\\default\\ets',
  supportChunks: true,
  declaredFilesPath: undefined,
  shouldCollectDirectImportees: false,
  isByteCodeHarOptimize: false,
  expandImportPath: undefined,
  resourceTableTs: 'D:\\HW\\testproject\\complete\\7\\entry\\build\\default\\generated\\r\\default\\ResourceTable.ts',
  moduleMetaInfoFiles: [
    {
      filePath: 'D:\\HW\\testproject\\complete\\7\\entry\\build\\default\\generated\\r\\default\\ResourceTable.ts',
      ohmurl: '&entry/build/generated/r/ResourceTable&'
    }
  ],
  pkgNameToPkgBriefInfo: {
    entry: {
      pkgRoot: 'D:\\HW\\testproject\\complete\\7\\entry',
      originalSourceRoots: undefined,
      sourceRoots: [Array],
      pkgName: 'entry'
    }
  },
  projectModel: {
    'D:\\HW\\testproject\\complete\\7\\entry\\src\\main': {
      moduleName: 'entry',
      modulePkgPath: 'D:\\HW\\testproject\\complete\\7\\entry',
      belongProjectPath: 'D:\\HW\\testproject\\complete\\7'
    },
    'D:\\HW\\testproject\\complete\\7\\entry\\.test\\default\\intermediates\\src\\ohosTest\\ets': {
      moduleName: 'entry_test',
      modulePkgPath: 'D:\\HW\\testproject\\complete\\7\\entry',
      belongProjectPath: 'D:\\HW\\testproject\\complete\\7'
    },
    'D:\\HW\\testproject\\complete\\7\\entry\\src\\ohosTest': {
      moduleName: 'entry_test',
      modulePkgPath: 'D:\\HW\\testproject\\complete\\7\\entry',
      belongProjectPath: 'D:\\HW\\testproject\\complete\\7'
    },
    'D:\\HW\\testproject\\complete\\7\\entry': {
      moduleName: 'entry',
      modulePkgPath: 'D:\\HW\\testproject\\complete\\7\\entry',
      belongProjectPath: 'D:\\HW\\testproject\\complete\\7'
    },
    'D:\\HW\\testproject\\complete\\7': {
      moduleName: '7',
      modulePkgPath: 'D:\\HW\\testproject\\complete\\7',
      belongProjectPath: 'D:\\HW\\testproject\\complete\\7'
    }
  },
  pkgJsonFileHash: '7ab10e622b876a852aaa87f883a5ca46773dc428b9273d7582651c0540669143',
  allModulePaths: [ 'D:\\HW\\testproject\\complete\\7\\entry' ],
  routerMap: {},
  obfuscationOptions: undefined,
  byteCodeHarToDependencyKeys: undefined,
  compileBlockPkg: [],
  mockParams: {
    decorator: '@MockSetup',
    packageName: '@ohos/hamock',
    etsSourceRootPath: 'src/main/ets',
    mockConfigPath: 'D:\\HW\\testproject\\complete\\7\\entry\\src\\mock\\mock-config.json5',
    mockConfigKey2ModuleInfo: {},
    source2ModuleIdMap: {}
  },
  copyCodeResourceEnable: false,
  copyCodeResourceExcludes: [],
  copyCodeResourceIncludes: undefined,
  uiTransformOptimization: false,
  sdkPath: 'E:/DevEco Studio/sdk',
  needPreloadSoFileSet: {},
  preloadSoFilePath: 'D:\\HW\\testproject\\complete\\7\\entry\\build\\default\\intermediates\\preload\\default\\preload.json',
  useSourceHash: false,
  localModuleParamMap: {},
  otherPaths: {
    'entry/*': [
      '..\\*',
      '..\\..\\..\\build\\default\\generated\\profile\\default\\*'
    ]
  },
  collectImportersConfig: undefined
}
[2026-09-11T15:35:37.151] [DEBUG] debug-file - Compile arkts with external api path: E:\DevEco Studio\sdk\default\hms\ets
[2026-09-11T15:35:37.154] [DEBUG] debug-file - before submitting ArkTS compile task to worker pool, config.buildDir: D:\HW\testproject\complete\7\entry\build
[2026-09-11T15:35:37.155] [DEBUG] debug-file - default@CompileArkTS work[0] is submitted.
[2026-09-11T15:35:37.156] [DEBUG] debug-file - default@CompileArkTS work[0] is pushed to ready queue.
[2026-09-11T15:35:37.156] [DEBUG] debug-file - A work dispatched to worker[15] failed because unable to get work from ready queue.
[2026-09-11T15:35:37.156] [DEBUG] debug-file - A work dispatched to worker[14] failed because unable to get work from ready queue.
[2026-09-11T15:35:37.156] [DEBUG] debug-file - A work dispatched to worker[13] failed because unable to get work from ready queue.
[2026-09-11T15:35:37.156] [DEBUG] debug-file - A work dispatched to worker[12] failed because unable to get work from ready queue.
[2026-09-11T15:35:37.156] [DEBUG] debug-file - A work dispatched to worker[11] failed because unable to get work from ready queue.
[2026-09-11T15:35:37.156] [DEBUG] debug-file - A work dispatched to worker[10] failed because unable to get work from ready queue.
[2026-09-11T15:35:37.156] [DEBUG] debug-file - A work dispatched to worker[9] failed because unable to get work from ready queue.
[2026-09-11T15:35:37.156] [DEBUG] debug-file - A work dispatched to worker[8] failed because unable to get work from ready queue.
[2026-09-11T15:35:37.156] [DEBUG] debug-file - A work dispatched to worker[7] failed because unable to get work from ready queue.
[2026-09-11T15:35:37.157] [DEBUG] debug-file - A work dispatched to worker[6] failed because unable to get work from ready queue.
[2026-09-11T15:35:37.157] [DEBUG] debug-file - A work dispatched to worker[5] failed because unable to get work from ready queue.
[2026-09-11T15:35:37.157] [DEBUG] debug-file - Create  resident worker with id: 4.
[2026-09-11T15:35:37.159] [DEBUG] debug-file - default@CompileArkTS work[0] has been dispatched to worker[4].
[2026-09-11T15:35:37.159] [DEBUG] debug-file - default@CompileArkTS work[0] is dispatched.
[2026-09-11T15:35:37.159] [DEBUG] debug-file - entry : default@CompileArkTS cost memory -2.133636474609375
[2026-09-11T15:35:37.161] [DEBUG] debug-file - Executing task :entry:default@BuildJS
[2026-09-11T15:35:37.161] [DEBUG] debug-file - Task 'entry:default@BuildJS' cost while wrapping incremental declarations: 1 ms 
[2026-09-11T15:35:37.163] [DEBUG] debug-file - entry : default@BuildJS cost memory 0.11890411376953125
[2026-09-11T15:35:37.164] [DEBUG] debug-file - runTaskFromQueue task cost before running: 319 ms 
[2026-09-11T15:35:37.164] [INFO] debug-file - Finished :entry:default@BuildJS... after 3 ms 
[2026-09-11T15:35:37.165] [DEBUG] debug-file - Executing task :entry:default@CacheNativeLibs
[2026-09-11T15:35:37.165] [DEBUG] debug-file - File: 'D:\HW\testproject\complete\7\entry\build\default\intermediates\binxo\default' from 'cacheBinxoNativeLibs' is not exists, just ignore.
[2026-09-11T15:35:37.166] [DEBUG] debug-file - Task 'entry:default@CacheNativeLibs' cost while wrapping incremental declarations: 1 ms 
[2026-09-11T15:35:37.166] [DEBUG] debug-file - Incremental task entry:default@CacheNativeLibs pre-execution cost: 1 ms .
[2026-09-11T15:35:37.166] [DEBUG] debug-file - entry : default@CacheNativeLibs cost memory 0.0864410400390625
[2026-09-11T15:35:37.167] [INFO] debug-file - UP-TO-DATE :entry:default@CacheNativeLibs...  
[2026-09-11T15:35:47.502] [DEBUG] debug-file - worker[4] has one work done.
[2026-09-11T15:35:47.505] [DEBUG] debug-file - default@CompileArkTS work[0] done.
[2026-09-11T15:35:47.504] [DEBUG] debug-file - Ark compile task finished.finished time is 73183242860100
[2026-09-11T15:35:47.509] [INFO] debug-file - Finished :entry:default@CompileArkTS... after 6 s 723 ms 
[2026-09-11T15:35:47.511] [DEBUG] debug-file - Executing task :entry:default@GeneratePkgModuleJson
[2026-09-11T15:35:47.512] [DEBUG] debug-file - File: 'D:\HW\testproject\complete\7\entry\build\default\intermediates\preload\default\preload.json' from 'preloadSoJsonPath' is not exists, just ignore.
[2026-09-11T15:35:47.513] [DEBUG] debug-file - Error occurs while handling @Input 'shouldDeduplicateHar': The "data" argument must be of type string or an instance of Buffer, TypedArray, or DataView. Received undefined
[2026-09-11T15:35:47.513] [DEBUG] debug-file - Task 'entry:default@GeneratePkgModuleJson' cost while wrapping incremental declarations: 2 ms 
[2026-09-11T15:35:47.514] [DEBUG] debug-file - Incremental task entry:default@GeneratePkgModuleJson pre-execution cost: 1 ms .
[2026-09-11T15:35:47.514] [DEBUG] debug-file - entry : default@GeneratePkgModuleJson cost memory 0.08770751953125
[2026-09-11T15:35:47.515] [INFO] debug-file - UP-TO-DATE :entry:default@GeneratePkgModuleJson...  
[2026-09-11T15:35:47.516] [DEBUG] debug-file - Executing task :entry:default@ProcessCompiledResources
[2026-09-11T15:35:47.517] [DEBUG] debug-file - File: 'D:\HW\testproject\complete\7\entry\build\default\intermediates\preload\default\preload.json' from 'preloadSoJsonPath' is not exists, just ignore.
[2026-09-11T15:35:47.517] [DEBUG] debug-file - Task 'entry:default@ProcessCompiledResources' cost while wrapping incremental declarations: 1 ms 
[2026-09-11T15:35:47.517] [DEBUG] debug-file - entry : default@ProcessCompiledResources cost memory 0.050994873046875
[2026-09-11T15:35:47.518] [DEBUG] debug-file - runTaskFromQueue task cost before running: 10 s 673 ms 
[2026-09-11T15:35:47.518] [INFO] debug-file - Finished :entry:default@ProcessCompiledResources... after 2 ms 
[2026-09-11T15:35:47.520] [DEBUG] debug-file - Executing task :entry:default@PackageHap
[2026-09-11T15:35:47.526] [DEBUG] debug-file - entry:default@PackageHap is not up-to-date, since the input file 'D:\HW\testproject\complete\7\entry\build\default\intermediates\loader_out\default\ets' has been changed.
[2026-09-11T15:35:47.526] [DEBUG] debug-file - Incremental task entry:default@PackageHap pre-execution cost: 5 ms .
[2026-09-11T15:35:47.528] [DEBUG] debug-file - Use tool [E:\DevEco Studio\sdk\default\openharmony\toolchains\lib\app_packing_tool.jar]
 [
  'java',
  '-Dfile.encoding=GBK',
  '-jar',
  'E:\\DevEco Studio\\sdk\\default\\openharmony\\toolchains\\lib\\app_packing_tool.jar',
  '--mode',
  'hap',
  '--force',
  'true',
  '--lib-path',
  'D:\\HW\\testproject\\complete\\7\\entry\\build\\default\\intermediates\\stripped_native_libs\\default',
  '--json-path',
  'D:\\HW\\testproject\\complete\\7\\entry\\build\\default\\intermediates\\package\\default\\module.json',
  '--resources-path',
  'D:\\HW\\testproject\\complete\\7\\entry\\build\\default\\intermediates\\res\\default\\resources',
  '--index-path',
  'D:\\HW\\testproject\\complete\\7\\entry\\build\\default\\intermediates\\res\\default\\resources.index',
  '--pack-info-path',
  'D:\\HW\\testproject\\complete\\7\\entry\\build\\default\\outputs\\default\\pack.info',
  '--out-path',
  'D:\\HW\\testproject\\complete\\7\\entry\\build\\default\\outputs\\default\\entry-default-unsigned.hap',
  '--ets-path',
  'D:\\HW\\testproject\\complete\\7\\entry\\build\\default\\intermediates\\loader_out\\default\\ets',
  '--pkg-context-path',
  'D:\\HW\\testproject\\complete\\7\\entry\\build\\default\\intermediates\\loader\\default\\pkgContextInfo.json'
]
[2026-09-11T15:35:47.529] [DEBUG] debug-file - default@PackageHap work[1] is submitted.
[2026-09-11T15:35:47.530] [DEBUG] debug-file - default@PackageHap work[1] is pushed to ready queue.
[2026-09-11T15:35:47.530] [DEBUG] debug-file - default@PackageHap work[1] is not dispatched.
[2026-09-11T15:35:47.534] [DEBUG] debug-file - entry : default@PackageHap cost memory 0.46115875244140625
[2026-09-11T15:35:47.741] [DEBUG] debug-file - A work dispatched to worker[15] failed because unable to get work from ready queue.
[2026-09-11T15:35:47.741] [DEBUG] debug-file - Create  resident worker with id: 14.
[2026-09-11T15:35:47.743] [DEBUG] debug-file - default@PackageHap work[1] has been dispatched to worker[14].
[2026-09-11T15:35:48.052] [DEBUG] debug-file - A work dispatched to worker[4] failed because unable to get work from ready queue.
[2026-09-11T15:35:49.151] [DEBUG] debug-file - current process  memoryUsage: {
  rss: 598372352,
  heapTotal: 78856192,
  heapUsed: 50429504,
  external: 3958577,
  arrayBuffers: 18671
} os memoryUsage :14.218803405761719
[2026-09-11T15:35:49.916] [DEBUG] debug-file - worker[14] has one work done.
[2026-09-11T15:35:49.916] [DEBUG] debug-file - default@PackageHap work[1] done.
[2026-09-11T15:35:49.916] [DEBUG] debug-file - A work dispatched to worker[14] failed because unable to get work from ready queue.
[2026-09-11T15:35:49.919] [INFO] debug-file - Finished :entry:default@PackageHap... after 783 ms 
[2026-09-11T15:35:49.921] [DEBUG] debug-file - Executing task :entry:default@PackingCheck
[2026-09-11T15:35:49.925] [DEBUG] debug-file - entry : default@PackingCheck cost memory 0.36363983154296875
[2026-09-11T15:35:49.925] [DEBUG] debug-file - runTaskFromQueue task cost before running: 13 s 81 ms 
[2026-09-11T15:35:49.926] [INFO] debug-file - Finished :entry:default@PackingCheck... after 5 ms 
[2026-09-11T15:35:49.927] [DEBUG] debug-file - Executing task :entry:default@SignHap
[2026-09-11T15:35:49.927] [WARN] debug-file - Will skip sign 'hos_hap'. No signingConfigs profile is configured in current project.
             If needed, configure the signingConfigs in D:\HW\testproject\complete\7\build-profile.json5.
[2026-09-11T15:35:49.928] [DEBUG] debug-file - entry:default@SignHap is not up-to-date, since the input file 'D:\HW\testproject\complete\7\entry\build\default\outputs\default\entry-default-unsigned.hap' has been changed.
[2026-09-11T15:35:49.928] [DEBUG] debug-file - Incremental task entry:default@SignHap pre-execution cost: 1 ms .
[2026-09-11T15:35:49.929] [DEBUG] debug-file - entry : default@SignHap cost memory 0.07595062255859375
[2026-09-11T15:35:49.929] [DEBUG] debug-file - runTaskFromQueue task cost before running: 13 s 84 ms 
[2026-09-11T15:35:49.929] [INFO] debug-file - Finished :entry:default@SignHap... after 3 ms 
[2026-09-11T15:35:49.930] [DEBUG] debug-file - Executing task :entry:default@CollectDebugSymbol
[2026-09-11T15:35:49.932] [DEBUG] debug-file - entry : default@CollectDebugSymbol cost memory 0.0785980224609375
[2026-09-11T15:35:49.932] [DEBUG] debug-file - runTaskFromQueue task cost before running: 13 s 87 ms 
[2026-09-11T15:35:49.932] [INFO] debug-file - Finished :entry:default@CollectDebugSymbol... after 2 ms 
[2026-09-11T15:35:49.932] [DEBUG] debug-file - Executing task :entry:assembleHap
[2026-09-11T15:35:49.933] [DEBUG] debug-file - entry : assembleHap cost memory 0.0123748779296875
[2026-09-11T15:35:49.933] [DEBUG] debug-file - runTaskFromQueue task cost before running: 13 s 88 ms 
[2026-09-11T15:35:49.934] [INFO] debug-file - Finished :entry:assembleHap... after 1 ms 
[2026-09-11T15:35:49.934] [DEBUG] debug-file - Executing task ::MakeProjectPackInfo
[2026-09-11T15:35:49.938] [DEBUG] debug-file - Task ':MakeProjectPackInfo' cost while wrapping incremental declarations: 1 ms 
[2026-09-11T15:35:49.939] [DEBUG] debug-file - Incremental task :MakeProjectPackInfo pre-execution cost: 1 ms .
[2026-09-11T15:35:49.940] [DEBUG] debug-file - 7 : MakeProjectPackInfo cost memory 0.1656494140625
[2026-09-11T15:35:49.940] [INFO] debug-file - UP-TO-DATE ::MakeProjectPackInfo...  
[2026-09-11T15:35:49.941] [DEBUG] debug-file - Executing task ::ProcessProjectPrivacyProfile
[2026-09-11T15:35:49.944] [DEBUG] debug-file - Incremental task :ProcessProjectPrivacyProfile pre-execution cost: 2 ms .
[2026-09-11T15:35:49.944] [DEBUG] debug-file - 7 : ProcessProjectPrivacyProfile cost memory 0.08045196533203125
[2026-09-11T15:35:49.946] [INFO] debug-file - UP-TO-DATE ::ProcessProjectPrivacyProfile...  
[2026-09-11T15:35:49.946] [DEBUG] debug-file - Executing task ::GeneratePackRes
[2026-09-11T15:35:49.947] [DEBUG] debug-file - Incremental task :GeneratePackRes pre-execution cost: 1 ms .
[2026-09-11T15:35:49.947] [DEBUG] debug-file - 7 : GeneratePackRes cost memory 0.0410614013671875
[2026-09-11T15:35:49.947] [INFO] debug-file - UP-TO-DATE ::GeneratePackRes...  
[2026-09-11T15:35:49.947] [DEBUG] debug-file - Executing task ::PackageApp
[2026-09-11T15:35:49.951] [DEBUG] debug-file - Task ':PackageApp' cost while wrapping incremental declarations: 1 ms 
[2026-09-11T15:35:49.953] [DEBUG] debug-file - :PackageApp is not up-to-date, since the input file 'D:\HW\testproject\complete\7\entry\build\default\outputs\default\entry-default-unsigned.hap' has been changed.
[2026-09-11T15:35:49.954] [DEBUG] debug-file - Incremental task :PackageApp pre-execution cost: 2 ms .
[2026-09-11T15:35:49.962] [DEBUG] debug-file - Use tool [PackageApp]
 [
  'java',
  '-Dfile.encoding=GBK',
  '-jar',
  'E:\\DevEco Studio\\sdk\\default\\openharmony\\toolchains\\lib\\app_packing_tool.jar',
  '--mode',
  'app',
  '--pack-info-path',
  'D:\\HW\\testproject\\complete\\7\\build\\outputs\\default\\pack.info',
  '--hap-path',
  'D:\\HW\\testproject\\complete\\7\\entry\\build\\default\\outputs\\default\\app\\entry-default.hap',
  '--hsp-path',
  '',
  '--force',
  'true',
  '--out-path',
  'D:\\HW\\testproject\\complete\\7\\build\\outputs\\default\\7-default-unsigned.app',
  '--main-module-limit',
  '2',
  '--normal-module-limit',
  '2',
  '--pac-json-path',
  'D:\\HW\\testproject\\complete\\7\\build\\outputs\\default\\pac.json'
]
[2026-09-11T15:35:49.963] [DEBUG] debug-file - current process  memoryUsage: {
  rss: 600424448,
  heapTotal: 133603328,
  heapUsed: 118959408,
  external: 3965167,
  arrayBuffers: 29514
} os memoryUsage :14.214645385742188
[2026-09-11T15:35:50.883] [DEBUG] debug-file - 7 : PackageApp cost memory 0.46344757080078125
[2026-09-11T15:35:50.883] [DEBUG] debug-file - runTaskFromQueue task cost before running: 14 s 38 ms 
[2026-09-11T15:35:50.883] [INFO] debug-file - Finished ::PackageApp... after 936 ms 
[2026-09-11T15:35:50.884] [DEBUG] debug-file - Executing task ::SignPackagesFromApp
[2026-09-11T15:35:50.884] [DEBUG] debug-file - :SignPackagesFromApp is not up-to-date, since the input file 'D:\HW\testproject\complete\7\build\outputs\default\7-default-unsigned.app' has been changed.
[2026-09-11T15:35:50.885] [DEBUG] debug-file - Incremental task :SignPackagesFromApp pre-execution cost: 1 ms .
[2026-09-11T15:35:50.885] [DEBUG] debug-file - 7 : SignPackagesFromApp cost memory 0.0497283935546875
[2026-09-11T15:35:50.885] [DEBUG] debug-file - runTaskFromQueue task cost before running: 14 s 40 ms 
[2026-09-11T15:35:50.886] [INFO] debug-file - Finished ::SignPackagesFromApp... after 2 ms 
[2026-09-11T15:35:50.886] [DEBUG] debug-file - Executing task ::SignApp
[2026-09-11T15:35:50.886] [DEBUG] debug-file - signingConfigName of signApp is :  undefined
[2026-09-11T15:35:50.886] [WARN] debug-file - Will skip sign 'app'. No signingConfigs profile is configured in current project.
             If needed, configure the signingConfigs in D:\HW\testproject\complete\7\build-profile.json5.
[2026-09-11T15:35:50.887] [DEBUG] debug-file - :SignApp is not up-to-date, since the input file 'D:\HW\testproject\complete\7\build\outputs\default\7-default-unsigned.app' has been changed.
[2026-09-11T15:35:50.887] [DEBUG] debug-file - Incremental task :SignApp pre-execution cost: 1 ms .
[2026-09-11T15:35:50.887] [DEBUG] debug-file - 7 : SignApp cost memory 0.11279296875
[2026-09-11T15:35:50.887] [DEBUG] debug-file - runTaskFromQueue task cost before running: 14 s 43 ms 
[2026-09-11T15:35:50.888] [INFO] debug-file - Finished ::SignApp... after 2 ms 
[2026-09-11T15:35:50.888] [DEBUG] debug-file - Executing task ::assembleApp
[2026-09-11T15:35:50.888] [DEBUG] debug-file - 7 : assembleApp cost memory 0.01233673095703125
[2026-09-11T15:35:50.888] [DEBUG] debug-file - runTaskFromQueue task cost before running: 14 s 44 ms 
[2026-09-11T15:35:50.888] [INFO] debug-file - Finished ::assembleApp... after 1 ms 
[2026-09-11T15:35:50.889] [INFO] debug-file - BUILD SUCCESSFUL in 14 s 45 ms 
[2026-09-11T15:35:50.890] [DEBUG] debug-file - There is no need to refresh cache, since the incremental task entry:default@PreBuild is up-to-date.
[2026-09-11T15:35:50.890] [DEBUG] debug-file - Update task entry:default@CreateModuleInfo output file:D:\HW\testproject\complete\7\entry\build\default\generated\profile\default\ModuleInfo.ts cache.
[2026-09-11T15:35:50.890] [DEBUG] debug-file - Incremental task entry:default@CreateModuleInfo post-execution cost:1 ms .
[2026-09-11T15:35:50.890] [DEBUG] debug-file - There is no need to refresh cache, since the incremental task entry:default@GenerateMetadata is up-to-date.
[2026-09-11T15:35:50.890] [DEBUG] debug-file - There is no need to refresh cache, since the incremental task entry:default@MergeProfile is up-to-date.
[2026-09-11T15:35:50.890] [DEBUG] debug-file - There is no need to refresh cache, since the incremental task entry:default@CreateBuildProfile is up-to-date.
[2026-09-11T15:35:50.890] [DEBUG] debug-file - There is no need to refresh cache, since the incremental task entry:default@GeneratePkgContextInfo is up-to-date.
[2026-09-11T15:35:50.891] [DEBUG] debug-file - Update task entry:default@GeneratePkgSdkInfo output file:D:\HW\testproject\complete\7\entry\build\default\intermediates\loader\default\pkgSdkInfo.json cache.
[2026-09-11T15:35:50.891] [DEBUG] debug-file - Incremental task entry:default@GeneratePkgSdkInfo post-execution cost:1 ms .
[2026-09-11T15:35:50.891] [DEBUG] debug-file - Update task entry:default@ProcessIntegratedHsp output file:D:\HW\testproject\complete\7\build\cache\default\integrated_hsp\integratedHspCache.json cache.
[2026-09-11T15:35:50.891] [DEBUG] debug-file - Incremental task entry:default@ProcessIntegratedHsp post-execution cost:1 ms .
[2026-09-11T15:35:50.891] [DEBUG] debug-file - There is no need to refresh cache, since the incremental task entry:default@MakePackInfo is up-to-date.
[2026-09-11T15:35:50.891] [DEBUG] debug-file - Update task entry:default@SyscapTransform input file:E:\DevEco Studio\sdk\default\openharmony\toolchains\syscap_tool.exe cache by regenerate.
[2026-09-11T15:35:50.891] [DEBUG] debug-file - Update task entry:default@SyscapTransform input file:E:\DevEco Studio\sdk\default\openharmony\ets\api\device-define cache by regenerate.
[2026-09-11T15:35:50.892] [DEBUG] debug-file - Update task entry:default@SyscapTransform output file:D:\HW\testproject\complete\7\entry\build\default\intermediates\syscap\default\rpcid.sc cache.
[2026-09-11T15:35:50.892] [DEBUG] debug-file - Incremental task entry:default@SyscapTransform post-execution cost:2 ms .
[2026-09-11T15:35:50.893] [DEBUG] debug-file - There is no need to refresh cache, since the incremental task entry:default@ProcessProfile is up-to-date.
[2026-09-11T15:35:50.893] [DEBUG] debug-file - There is no need to refresh cache, since the incremental task entry:default@ProcessRouterMap is up-to-date.
[2026-09-11T15:35:50.893] [DEBUG] debug-file - There is no need to refresh cache, since the incremental task entry:default@ProcessShareConfig is up-to-date.
[2026-09-11T15:35:50.893] [DEBUG] debug-file - Update task entry:default@ProcessStartupConfig input file:D:\HW\testproject\complete\7\entry\build\default\intermediates\loader\default\pkgContextInfo.json cache by regenerate.
[2026-09-11T15:35:50.893] [DEBUG] debug-file - Update task entry:default@ProcessStartupConfig output file:D:\HW\testproject\complete\7\entry\build\default\intermediates\startup\default\startup_config.json cache.
[2026-09-11T15:35:50.893] [DEBUG] debug-file - Incremental task entry:default@ProcessStartupConfig post-execution cost:1 ms .
[2026-09-11T15:35:50.894] [DEBUG] debug-file - There is no need to refresh cache, since the incremental task entry:default@ProcessResource is up-to-date.
[2026-09-11T15:35:50.894] [DEBUG] debug-file - There is no need to refresh cache, since the incremental task entry:default@GenerateLoaderJson is up-to-date.
[2026-09-11T15:35:50.894] [DEBUG] debug-file - There is no need to refresh cache, since the incremental task entry:default@ProcessLibs is up-to-date.
[2026-09-11T15:35:50.894] [DEBUG] debug-file - There is no need to refresh cache, since the incremental task entry:default@CompileResource is up-to-date.
[2026-09-11T15:35:50.894] [DEBUG] debug-file - There is no need to refresh cache, since the incremental task entry:default@DoNativeStrip is up-to-date.
[2026-09-11T15:35:50.895] [DEBUG] debug-file - Update task entry:default@CompileArkTS input file:D:\HW\testproject\complete\7\entry\build\default\intermediates\loader\default cache by regenerate.
[2026-09-11T15:35:50.896] [DEBUG] debug-file - Update task entry:default@CompileArkTS input file:D:\HW\testproject\complete\7\entry\build\default\intermediates\res\default\resources\rawfile cache by regenerate.
[2026-09-11T15:35:50.896] [DEBUG] debug-file - Update task entry:default@CompileArkTS input file:D:\HW\testproject\complete\7\entry\build\default\intermediates\res\default\ResourceTable.txt cache by regenerate.
[2026-09-11T15:35:50.897] [DEBUG] debug-file - Update task entry:default@CompileArkTS input file:D:\HW\testproject\complete\7\entry\build\default\intermediates\res\default\ark_module.json cache by regenerate.
[2026-09-11T15:35:50.897] [DEBUG] debug-file - Update task entry:default@CompileArkTS input file:D:\HW\testproject\complete\7\entry\build\default\intermediates\res\default\resources\base\profile cache by regenerate.
[2026-09-11T15:35:50.897] [DEBUG] debug-file - Update task entry:default@CompileArkTS input file:D:\HW\testproject\complete\7\entry\src\main\ets cache from map.
[2026-09-11T15:35:50.897] [DEBUG] debug-file - Update task entry:default@CompileArkTS input file:D:\HW\testproject\complete\7\entry\build\default\intermediates\loader\default\pkgContextInfo.json cache by regenerate.
[2026-09-11T15:35:50.898] [DEBUG] debug-file - Update task entry:default@CompileArkTS input file:D:\HW\testproject\complete\7\entry\build\default\generated\profile\default\BuildProfile.ets cache by regenerate.
[2026-09-11T15:35:50.898] [DEBUG] debug-file - Update task entry:default@CompileArkTS input file:D:\HW\testproject\complete\7\entry\src\mock\mock-config.json5 cache by regenerate.
[2026-09-11T15:35:50.898] [DEBUG] debug-file - Update task entry:default@CompileArkTS output file:D:\HW\testproject\complete\7\entry\build\default\intermediates\loader_out\default\ets cache.
[2026-09-11T15:35:50.898] [DEBUG] debug-file - Incremental task entry:default@CompileArkTS post-execution cost:5 ms .
[2026-09-11T15:35:50.899] [DEBUG] debug-file - Update task entry:default@BuildJS input file:D:\HW\testproject\complete\7\entry\build\default\intermediates\loader\default cache by regenerate.
[2026-09-11T15:35:50.900] [DEBUG] debug-file - Update task entry:default@BuildJS input file:D:\HW\testproject\complete\7\entry\build\default\intermediates\res\default\resources\rawfile cache by regenerate.
[2026-09-11T15:35:50.900] [DEBUG] debug-file - Update task entry:default@BuildJS input file:D:\HW\testproject\complete\7\entry\build\default\intermediates\res\default\ResourceTable.txt cache by regenerate.
[2026-09-11T15:35:50.900] [DEBUG] debug-file - Update task entry:default@BuildJS input file:D:\HW\testproject\complete\7\entry\build\default\intermediates\res\default\ark_module.json cache by regenerate.
[2026-09-11T15:35:50.900] [DEBUG] debug-file - Update task entry:default@BuildJS input file:D:\HW\testproject\complete\7\entry\build\default\intermediates\res\default\resources\base\profile cache by regenerate.
[2026-09-11T15:35:50.901] [DEBUG] debug-file - Update task entry:default@BuildJS input file:D:\HW\testproject\complete\7\entry\build\default\intermediates\loader\default\pkgContextInfo.json cache by regenerate.
[2026-09-11T15:35:50.901] [DEBUG] debug-file - Update task entry:default@BuildJS output file:D:\HW\testproject\complete\7\entry\build\default\intermediates\loader_out\default\js cache.
[2026-09-11T15:35:50.901] [DEBUG] debug-file - Incremental task entry:default@BuildJS post-execution cost:3 ms .
[2026-09-11T15:35:50.901] [DEBUG] debug-file - There is no need to refresh cache, since the incremental task entry:default@CacheNativeLibs is up-to-date.
[2026-09-11T15:35:50.901] [DEBUG] debug-file - There is no need to refresh cache, since the incremental task entry:default@GeneratePkgModuleJson is up-to-date.
[2026-09-11T15:35:50.903] [DEBUG] debug-file - Incremental task entry:default@ProcessCompiledResources post-execution cost:1 ms .
[2026-09-11T15:35:50.904] [DEBUG] debug-file - Update task entry:default@PackageHap input file:D:\HW\testproject\complete\7\entry\build\default\outputs\default\pack.info cache by regenerate.
[2026-09-11T15:35:50.904] [DEBUG] debug-file - Update task entry:default@PackageHap input file:D:\HW\testproject\complete\7\entry\build\default\intermediates\stripped_native_libs\default cache by regenerate.
[2026-09-11T15:35:50.904] [DEBUG] debug-file - Update task entry:default@PackageHap input file:D:\HW\testproject\complete\7\entry\build\default\intermediates\res\default\module.json cache by regenerate.
[2026-09-11T15:35:50.905] [DEBUG] debug-file - Update task entry:default@PackageHap input file:D:\HW\testproject\complete\7\entry\build\default\intermediates\res\default\resources cache by regenerate.
[2026-09-11T15:35:50.906] [DEBUG] debug-file - Update task entry:default@PackageHap input file:D:\HW\testproject\complete\7\entry\build\default\intermediates\res\default\resources.index cache by regenerate.
[2026-09-11T15:35:50.906] [DEBUG] debug-file - Update task entry:default@PackageHap input file:D:\HW\testproject\complete\7\entry\build\default\intermediates\loader_out\default\ets cache from map.
[2026-09-11T15:35:50.906] [DEBUG] debug-file - Update task entry:default@PackageHap input file:D:\HW\testproject\complete\7\entry\build\default\intermediates\loader\default\pkgContextInfo.json cache by regenerate.
[2026-09-11T15:35:50.906] [DEBUG] debug-file - Update task entry:default@PackageHap input file:D:\HW\testproject\complete\7\entry\build\default\intermediates\package\default\module.json cache by regenerate.
[2026-09-11T15:35:50.907] [DEBUG] debug-file - Update task entry:default@PackageHap input file:D:\HW\testproject\complete\7\entry\build\default\intermediates\loader_out\default\ets\sourceMaps.map cache by regenerate.
[2026-09-11T15:35:50.907] [DEBUG] debug-file - Update task entry:default@PackageHap input file:D:\HW\testproject\complete\7\entry\build\default\generated\profile\default\BuildProfile.ets cache by regenerate.
[2026-09-11T15:35:50.907] [DEBUG] debug-file - Update task entry:default@PackageHap output file:D:\HW\testproject\complete\7\entry\build\default\outputs\default\entry-default-unsigned.hap cache.
[2026-09-11T15:35:50.907] [DEBUG] debug-file - Update task entry:default@PackageHap output file:D:\HW\testproject\complete\7\entry\build\default\intermediates\source_map\default\sourceMaps.map cache.
[2026-09-11T15:35:50.907] [DEBUG] debug-file - Update task entry:default@PackageHap output file:D:\HW\testproject\complete\7\entry\build\default\outputs\default\mapping\sourceMaps.map cache.
[2026-09-11T15:35:50.908] [DEBUG] debug-file - Incremental task entry:default@PackageHap post-execution cost:5 ms .
[2026-09-11T15:35:50.908] [DEBUG] debug-file - Update task entry:default@SignHap input file:D:\HW\testproject\complete\7\entry\build\default\outputs\default\entry-default-unsigned.hap cache from map.
[2026-09-11T15:35:50.908] [DEBUG] debug-file - Update task entry:default@SignHap output file:D:\HW\testproject\complete\7\entry\build\default\outputs\default\entry-default-signed.hap cache.
[2026-09-11T15:35:50.908] [DEBUG] debug-file - Incremental task entry:default@SignHap post-execution cost:1 ms .
[2026-09-11T15:35:50.909] [DEBUG] debug-file - Update task entry:default@CollectDebugSymbol input file:D:\HW\testproject\complete\7\entry\build\default\intermediates\loader_out\default\ets\sourceMaps.map cache by regenerate.
[2026-09-11T15:35:50.909] [DEBUG] debug-file - Update task entry:default@CollectDebugSymbol input file:D:\HW\testproject\complete\7\entry\build\default\intermediates\libs\default cache by regenerate.
[2026-09-11T15:35:50.909] [DEBUG] debug-file - Update task entry:default@CollectDebugSymbol output file:D:\HW\testproject\complete\7\entry\build\default\outputs\default\symbol cache.
[2026-09-11T15:35:50.910] [DEBUG] debug-file - Incremental task entry:default@CollectDebugSymbol post-execution cost:2 ms .
[2026-09-11T15:35:50.910] [DEBUG] debug-file - There is no need to refresh cache, since the incremental task :MakeProjectPackInfo is up-to-date.
[2026-09-11T15:35:50.910] [DEBUG] debug-file - There is no need to refresh cache, since the incremental task :ProcessProjectPrivacyProfile is up-to-date.
[2026-09-11T15:35:50.910] [DEBUG] debug-file - There is no need to refresh cache, since the incremental task :GeneratePackRes is up-to-date.
[2026-09-11T15:35:50.910] [DEBUG] debug-file - Update task :PackageApp input file:D:\HW\testproject\complete\7\build\outputs\default\pack.info cache by regenerate.
[2026-09-11T15:35:50.910] [DEBUG] debug-file - Update task :PackageApp input file:D:\HW\testproject\complete\7\entry\build\default\outputs\default\entry-default-unsigned.hap cache from map.
[2026-09-11T15:35:50.910] [DEBUG] debug-file - Update task :PackageApp input file:D:\HW\testproject\complete\7\build\outputs\default\pac.json cache by regenerate.
[2026-09-11T15:35:50.910] [DEBUG] debug-file - Update task :PackageApp output file:D:\HW\testproject\complete\7\build\outputs\default\7-default-unsigned.app cache.
[2026-09-11T15:35:50.910] [DEBUG] debug-file - Update task :PackageApp output file:D:\HW\testproject\complete\7\entry\build\default\outputs\default\app\entry-default.hap cache.
[2026-09-11T15:35:50.911] [DEBUG] debug-file - Update task :PackageApp output file:D:\HW\testproject\complete\7\build\outputs\default\symbol\debug cache.
[2026-09-11T15:35:50.911] [DEBUG] debug-file - Incremental task :PackageApp post-execution cost:1 ms .
[2026-09-11T15:35:50.911] [DEBUG] debug-file - Update task :SignPackagesFromApp input file:D:\HW\testproject\complete\7\build\outputs\default\7-default-unsigned.app cache from map.
[2026-09-11T15:35:50.911] [DEBUG] debug-file - Incremental task :SignPackagesFromApp post-execution cost:1 ms .
[2026-09-11T15:35:50.911] [DEBUG] debug-file - Update task :SignApp input file:D:\HW\testproject\complete\7\build\outputs\default\7-default-unsigned.app cache from map.
[2026-09-11T15:35:50.911] [DEBUG] debug-file - Update task :SignApp output file:D:\HW\testproject\complete\7\build\outputs\default\7-default-signed.app cache.
[2026-09-11T15:35:50.911] [DEBUG] debug-file - Incremental task :SignApp post-execution cost:1 ms .
[2026-09-11T15:35:50.926] [DEBUG] debug-file - Cleanup worker 14.
[2026-09-11T15:35:50.926] [DEBUG] debug-file - hvigor build process will be closed.
[2026-09-11T15:35:50.933] [DEBUG] debug-file - worker[14] exits with exit code 1.
[2026-09-11T15:35:50.933] [DEBUG] debug-file - Worker 14 has been cleaned up.
[2026-09-11T15:35:50.933] [DEBUG] debug-file - Current idle worker size: 1.
[2026-09-11T15:35:50.934] [DEBUG] debug-file - Current resident worker size: 1.
[2026-09-11T15:35:50.937] [DEBUG] debug-file - session manager: send message to worker process. WorkerThreadId: 0, data: {"type":"hvigor_failed","reason":"Server has disconnected."}
[2026-09-11T15:35:50.938] [DEBUG] debug-file - session manager: send message to worker process. WorkerThreadId: 0, data: {"type":"CloseWatch","reason":"Server has disconnected."}
[2026-09-11T15:35:50.937] [DEBUG] debug-file - watch worker: worker id should be larger than 0. Nothing will be sent to any worker thread.
[2026-09-11T15:35:50.938] [DEBUG] debug-file - ABORT_WORK sent to workers.
[2026-09-11T15:35:50.938] [DEBUG] debug-file - watch worker: worker id should be larger than 0. Nothing will be sent to any worker thread.
