[2026-09-10T14:39:44.593] [DEBUG] debug-file - env: nodejsVersion=v24.14.1
[2026-09-10T14:39:45.046] [DEBUG] debug-file - Hvigor init with startParameters:{
  hvigorfileTypeCheck: false,
  parallelExecution: true,
  incrementalExecution: true,
  printStackTrace: false,
  daemon: false,
  analyze: 0,
  logLevel: Level { level: 20000, levelStr: 'INFO', colour: 'green' },
  optimizationStrategy: 'memory',
  hotCompile: undefined,
  hotReloadBuild: undefined,
  customizedParam: undefined
}
[2026-09-10T14:39:49.396] [DEBUG] debug-file - Starting plugin build process
[2026-09-10T14:39:49.394] [DEBUG] debug-file - hvigorfile, require result:  { default: { system: [Function: appTasks], plugins: [] } }
[2026-09-10T14:39:49.602] [DEBUG] debug-file - App plugin register hook start...
[2026-09-10T14:39:49.609] [DEBUG] debug-file - Obtain build option for product 'default'in this build.
[2026-09-10T14:39:49.628] [DEBUG] debug-file - Start recording SDK configuration permission data.
[2026-09-10T14:39:49.680] [DEBUG] debug-file - failed to load cangjie to dynamically generate schemas: Error: Cannot find module '@ohos/cangjie-build-support/index'
Require stack:
- E:\DevEco Studio\tools\hvigor\hvigor-ohos-plugin\src\plugin\hooks\cangjie-register.js
- E:\DevEco Studio\tools\hvigor\hvigor-ohos-plugin\src\plugin\strategy\stage-init-strategy.js
- E:\DevEco Studio\tools\hvigor\hvigor-ohos-plugin\src\plugin\builder\abstract-plugin-builder.js
- E:\DevEco Studio\tools\hvigor\hvigor-ohos-plugin\src\plugin\builder\app-plugin-builder.js
- E:\DevEco Studio\tools\hvigor\hvigor-ohos-plugin\src\plugin\factory\plugin-factory.js
- E:\DevEco Studio\tools\hvigor\hvigor-ohos-plugin\index.js
- D:\HW\testproject\complete\2\hvigorfile.ts
- E:\DevEco Studio\tools\hvigor\hvigor\src\base\internal\lifecycle\configuration.js
- E:\DevEco Studio\tools\hvigor\hvigor\src\base\boot\index.js
- E:\DevEco Studio\tools\hvigor\hvigor\src\cli\main\cli.js
- E:\DevEco Studio\tools\hvigor\hvigor\bin\hvigor.js
[2026-09-10T14:39:49.671] [DEBUG] debug-file - Project task initialization takes 9 ms 
[2026-09-10T14:39:49.695] [DEBUG] debug-file - Start initialize module-target build option map, moduleName=entry, buildMode=debug
[2026-09-10T14:39:49.705] [DEBUG] debug-file - start to load updatedOhPackageInfo to the disk
[2026-09-10T14:39:49.740] [DEBUG] debug-file - entry : clean cost memory 0.15621185302734375
[2026-09-10T14:39:49.703] [DEBUG] debug-file - project has submodules:entry
[2026-09-10T14:39:44.594] [DEBUG] debug-file - env: hvigor-config.json5 content = {
  modelVersion: '6.0.1',
  dependencies: {},
  execution: {},
  logging: {},
  debugging: {},
  nodeOptions: {}
}
[2026-09-10T14:39:49.728] [DEBUG] debug-file - Start to initialize dependency information.
[2026-09-10T14:39:49.756] [DEBUG] debug-file - Create  resident worker with id: 0.
[2026-09-10T14:39:45.047] [DEBUG] debug-file - Since current hvigor version 6.26.4 differs from last hvigor version 
      undefined, delete file-cache.json and task-cache.json.
[2026-09-10T14:39:49.396] [DEBUG] debug-file - App plugin prepare start...
[2026-09-10T14:39:49.394] [DEBUG] debug-file - hvigorfile, binding system plugins [Function: appTasks]
[2026-09-10T14:39:49.619] [DEBUG] debug-file - No signingConfig found, initRemoteHspCache failed.
[2026-09-10T14:39:49.603] [DEBUG] debug-file - App plugin register hook end...
[2026-09-10T14:39:49.661] [DEBUG] debug-file - Sdk init in 41 ms 
[2026-09-10T14:39:49.671] [DEBUG] debug-file - hvigorfile, begin to bind custom plugins...
[2026-09-10T14:39:49.695] [DEBUG] debug-file - Target 'default' config initialized
[2026-09-10T14:39:49.712] [DEBUG] debug-file - load to the disk finished
[2026-09-10T14:39:49.740] [DEBUG] debug-file - runTaskFromQueue task cost before running: 4 s 702 ms 
[2026-09-10T14:39:44.596] [DEBUG] debug-file - env: daemon=false
[2026-09-10T14:39:49.730] [DEBUG] debug-file - Module entry Collected Dependency: 
[2026-09-10T14:39:49.758] [DEBUG] debug-file - Create  resident worker with id: 1.
[2026-09-10T14:39:45.047] [DEBUG] debug-file - Cache service initialization finished in 1 ms 
[2026-09-10T14:39:49.396] [DEBUG] debug-file - App plugin prepare end...
[2026-09-10T14:39:49.621] [DEBUG] debug-file - Local scan or download HarmonyOS sdk components toolchains,ets,js,native,previewer
[2026-09-10T14:39:49.603] [DEBUG] debug-file - Plugin build process completed
[2026-09-10T14:39:49.696] [DEBUG] debug-file - Target 'ohosTest' config initialized
[2026-09-10T14:39:49.714] [DEBUG] debug-file - Start to initialize dependency information.
[2026-09-10T14:39:49.671] [DEBUG] debug-file - hvigorfile, no custom plugins were found in D:\HW\testproject\complete\2\hvigorfile.ts
[2026-09-10T14:39:49.742] [INFO] debug-file - Finished :entry:clean... after 3 ms 
[2026-09-10T14:39:44.596] [DEBUG] debug-file - no-daemon, use the parent process.execArgv --max-old-space-size=8192,--max-semi-space-size=16,--expose-gc
[2026-09-10T14:39:45.048] [DEBUG] debug-file - hvigorfile, resolving D:\HW\testproject\complete\2\hvigorfile.ts
[2026-09-10T14:39:49.730] [DEBUG] debug-file - Module entry's total dependency: 0
[2026-09-10T14:39:49.760] [DEBUG] debug-file - Current worker pool is stopped or closed.
[2026-09-10T14:39:49.396] [DEBUG] debug-file - App plugin creating...
[2026-09-10T14:39:49.625] [DEBUG] debug-file - Local scan or download hmscore sdk components toolchains,ets,native
[2026-09-10T14:39:49.604] [DEBUG] debug-file - Start initialize project's product build option map with build mode debug.
[2026-09-10T14:39:49.696] [DEBUG] debug-file - Module 'entry' target 'default' build option initialized
[2026-09-10T14:39:49.726] [DEBUG] debug-file - Module 2 Collected Dependency: 
[2026-09-10T14:39:49.671] [DEBUG] debug-file - hvigorfile, resolve finished D:\HW\testproject\complete\2\hvigorfile.ts
[2026-09-10T14:39:49.742] [DEBUG] debug-file - Executing task ::clean
[2026-09-10T14:39:49.760] [DEBUG] debug-file - Clear worker 0.
[2026-09-10T14:39:49.735] [DEBUG] debug-file - Configuration phase cost:4 s 688 ms 
[2026-09-10T14:39:49.696] [DEBUG] debug-file - Module 'entry' target 'ohosTest' build option initialized
[2026-09-10T14:39:49.604] [DEBUG] debug-file - Picking option from product 'default' with build mode 'debug'.
[2026-09-10T14:39:49.726] [DEBUG] debug-file - Module 2's total dependency: 0
[2026-09-10T14:39:49.672] [DEBUG] debug-file - hvigorfile, resolving D:\HW\testproject\complete\2\entry\hvigorfile.ts
[2026-09-10T14:39:49.742] [DEBUG] debug-file - clean: Worker pool is inactive.
[2026-09-10T14:39:49.760] [DEBUG] debug-file - Clear worker 1.
[2026-09-10T14:39:49.737] [DEBUG] debug-file - Configuration task cost before running: 4 s 699 ms 
[2026-09-10T14:39:49.696] [DEBUG] debug-file - End initialize module-target build option map, moduleName=entry
[2026-09-10T14:39:49.605] [DEBUG] debug-file - Product 'default' build option initialized
[2026-09-10T14:39:49.678] [DEBUG] debug-file - hvigorfile, require result:  { default: { system: [Function: hapTasks], plugins: [] } }
[2026-09-10T14:39:49.743] [DEBUG] debug-file - 2 : clean cost memory 0.02017974853515625
[2026-09-10T14:39:49.738] [DEBUG] debug-file - Executing task :entry:clean
[2026-09-10T14:39:49.761] [DEBUG] debug-file - hvigor build process will be closed.
[2026-09-10T14:39:49.696] [DEBUG] debug-file - Start initialize module-target build option map, moduleName=entry, buildMode=release
[2026-09-10T14:39:49.605] [DEBUG] debug-file - End initialize project's product build option map with build mode 'debug'.
[2026-09-10T14:39:49.678] [DEBUG] debug-file - hvigorfile, binding system plugins [Function: hapTasks]
[2026-09-10T14:39:49.743] [DEBUG] debug-file - runTaskFromQueue task cost before running: 4 s 705 ms 
[2026-09-10T14:39:49.738] [DEBUG] debug-file - clean: Worker pool is inactive.
[2026-09-10T14:39:49.696] [DEBUG] debug-file - Target 'default' config initialized
[2026-09-10T14:39:49.678] [DEBUG] debug-file - Starting plugin build process
[2026-09-10T14:39:49.774] [DEBUG] debug-file - worker[0] exits with exit code 0.
[2026-09-10T14:39:49.743] [INFO] debug-file - Finished ::clean... after 1 ms 
[2026-09-10T14:39:49.696] [DEBUG] debug-file - Target 'ohosTest' config initialized
[2026-09-10T14:39:49.678] [DEBUG] debug-file - Hap plugin creating...
[2026-09-10T14:39:49.775] [DEBUG] debug-file - Worker 0 has been cleared.
[2026-09-10T14:39:49.775] [DEBUG] debug-file - Current idle worker size: 0.
[2026-09-10T14:39:49.743] [DEBUG] debug-file - Executing task :entry:init
[2026-09-10T14:39:49.696] [DEBUG] debug-file - Module 'entry' target 'default' build option initialized
[2026-09-10T14:39:49.775] [DEBUG] debug-file - Current busy worker size: 0.
[2026-09-10T14:39:49.744] [DEBUG] debug-file - entry : init cost memory 0.01583099365234375
[2026-09-10T14:39:49.696] [DEBUG] debug-file - Module 'entry' target 'ohosTest' build option initialized
[2026-09-10T14:39:49.775] [DEBUG] debug-file - worker[1] exits with exit code 0.
[2026-09-10T14:39:49.744] [DEBUG] debug-file - runTaskFromQueue task cost before running: 4 s 706 ms 
[2026-09-10T14:39:49.696] [DEBUG] debug-file - End initialize module-target build option map, moduleName=entry
[2026-09-10T14:39:49.775] [DEBUG] debug-file - Worker 1 has been cleared.
[2026-09-10T14:39:49.744] [INFO] debug-file - Finished :entry:init... after 1 ms 
[2026-09-10T14:39:49.696] [DEBUG] debug-file - Start initialize module-target build option map, moduleName=entry, buildMode=debug
[2026-09-10T14:39:49.775] [DEBUG] debug-file - Current idle worker size: 0.
[2026-09-10T14:39:49.744] [DEBUG] debug-file - Executing task ::init
[2026-09-10T14:39:49.696] [DEBUG] debug-file - Target 'default' config initialized
[2026-09-10T14:39:49.775] [DEBUG] debug-file - Current busy worker size: 0.
[2026-09-10T14:39:49.744] [DEBUG] debug-file - 2 : init cost memory 0.01253509521484375
[2026-09-10T14:39:49.778] [DEBUG] debug-file - Current worker pool is terminated.
[2026-09-10T14:39:49.744] [DEBUG] debug-file - runTaskFromQueue task cost before running: 4 s 706 ms 
[2026-09-10T14:39:49.697] [DEBUG] debug-file - Target 'ohosTest' config initialized
[2026-09-10T14:39:49.778] [DEBUG] debug-file - Current worker pool is terminated.
[2026-09-10T14:39:49.744] [INFO] debug-file - Finished ::init... after 1 ms 
[2026-09-10T14:39:49.697] [DEBUG] debug-file - Module 'entry' target 'default' build option initialized
[2026-09-10T14:39:49.746] [DEBUG] debug-file - Obtain build option for module 'entry' target 'default'in this build.
[2026-09-10T14:39:49.697] [DEBUG] debug-file - Module 'entry' target 'ohosTest' build option initialized
[2026-09-10T14:39:49.747] [DEBUG] debug-file - Obtain build option for module 'entry' target 'ohosTest'in this build.
[2026-09-10T14:39:49.697] [DEBUG] debug-file - End initialize module-target build option map, moduleName=entry
[2026-09-10T14:39:49.754] [DEBUG] debug-file - Since there is no instance or instance is terminated, create a new worker pool.
[2026-09-10T14:39:49.697] [DEBUG] debug-file - Obtain build option for module 'entry' target 'default'in this build.
[2026-09-10T14:39:49.754] [DEBUG] debug-file - Worker pool is initialized with config:  {
  minPoolNum: 2,
  maxPoolNum: undefined,
  maxCoreSize: undefined,
  cacheCapacity: undefined,
  cacheTtl: undefined
}
[2026-09-10T14:39:49.702] [DEBUG] debug-file - Module entry task initialization takes 4 ms 
[2026-09-10T14:39:49.702] [DEBUG] debug-file - Hap plugin register hook start...
[2026-09-10T14:39:49.702] [DEBUG] debug-file - Hap plugin register hook end...
[2026-09-10T14:39:49.702] [DEBUG] debug-file - Plugin build process completed
[2026-09-10T14:39:49.702] [DEBUG] debug-file - hvigorfile, begin to bind custom plugins...
[2026-09-10T14:39:49.702] [DEBUG] debug-file - hvigorfile, no custom plugins were found in D:\HW\testproject\complete\2\entry\hvigorfile.ts
[2026-09-10T14:39:49.702] [DEBUG] debug-file - hvigorfile, resolve finished D:\HW\testproject\complete\2\entry\hvigorfile.ts
[2026-09-10T14:45:10.845] [DEBUG] debug-file - env: nodejsVersion=v24.14.1
[2026-09-10T14:45:11.005] [DEBUG] debug-file - env: daemon=true
[2026-09-10T14:45:10.848] [DEBUG] debug-file - env: hvigor-config.json5 content = {
  modelVersion: '6.0.1',
  dependencies: {},
  execution: {},
  logging: {},
  debugging: {},
  nodeOptions: {}
}
[2026-09-10T14:45:12.511] [DEBUG] debug-file - hvigor java daemon: Starting java daemon. jvmXmxValue=512m, jarPath=E:\DevEco Studio\tools\hvigor\hvigor\lib\hvigor-java-daemon.jar
[2026-09-10T14:45:12.513] [DEBUG] debug-file - hvigor java daemon: Read cache file, 
    port=45050, pid=13908, sessionId exists=true
[2026-09-10T14:45:12.734] [DEBUG] debug-file - session manager: set active socket. socketId=hslh5DUuBS_jGaD_AAAB
[2026-09-10T14:45:12.987] [DEBUG] debug-file - hvigor java daemon: tryConnect success
[2026-09-10T14:45:14.218] [DEBUG] debug-file - watch worker: worker id should be larger than 0. Nothing will be sent to any worker thread.
[2026-09-10T14:45:14.231] [DEBUG] debug-file - Since there is no instance or instance is terminated, create a new worker pool.
[2026-09-10T14:45:14.232] [DEBUG] debug-file - Worker pool is initialized with config:  {
  minPoolNum: 2,
  maxPoolNum: undefined,
  maxCoreSize: undefined,
  cacheCapacity: undefined,
  cacheTtl: undefined
}
[2026-09-10T14:45:14.233] [DEBUG] debug-file - Create  resident worker with id: 0.
[2026-09-10T14:45:14.237] [DEBUG] debug-file - Create  resident worker with id: 1.
[2026-09-10T14:45:14.240] [DEBUG] debug-file - Workers' log level updated to INFO
[2026-09-10T14:45:14.253] [DEBUG] debug-file - Hvigor init with startParameters:{
  hvigorfileTypeCheck: false,
  parallelExecution: true,
  incrementalExecution: true,
  printStackTrace: false,
  daemon: true,
  analyze: 0,
  logLevel: Level { level: 20000, levelStr: 'INFO', colour: 'green' },
  optimizationStrategy: 'memory',
  hotCompile: undefined,
  hotReloadBuild: undefined,
  customizedParam: undefined
}
[2026-09-10T14:45:14.255] [DEBUG] debug-file - Cache service initialization finished in 2 ms 
[2026-09-10T14:45:14.258] [DEBUG] debug-file - hvigorfile, resolving D:\HW\testproject\complete\2\hvigorfile.ts
[2026-09-10T14:45:24.648] [DEBUG] debug-file - hvigorfile, require result:  { default: { plugins: [] } }
[2026-09-10T14:45:24.649] [DEBUG] debug-file - hvigorfile, binding system plugins null
[2026-09-10T14:45:24.651] [DEBUG] debug-file - Starting plugin build process
[2026-09-10T14:45:24.652] [DEBUG] debug-file - App plugin prepare start...
[2026-09-10T14:45:24.653] [DEBUG] debug-file - App plugin prepare end...
[2026-09-10T14:45:24.653] [DEBUG] debug-file - App plugin creating...
[2026-09-10T14:45:25.096] [DEBUG] debug-file - App plugin register hook start...
[2026-09-10T14:45:25.097] [DEBUG] debug-file - App plugin register hook end...
[2026-09-10T14:45:25.097] [DEBUG] debug-file - Plugin build process completed
[2026-09-10T14:45:25.099] [DEBUG] debug-file - Start initialize project's product build option map with build mode debug.
[2026-09-10T14:45:25.100] [DEBUG] debug-file - Picking option from product 'default' with build mode 'debug'.
[2026-09-10T14:45:25.101] [DEBUG] debug-file - Product 'default' build option initialized
[2026-09-10T14:45:25.102] [DEBUG] debug-file - End initialize project's product build option map with build mode 'debug'.
[2026-09-10T14:45:25.106] [DEBUG] debug-file - Obtain build option for product 'default'in this build.
[2026-09-10T14:45:25.122] [DEBUG] debug-file - No signingConfig found, initRemoteHspCache failed.
[2026-09-10T14:45:25.127] [DEBUG] debug-file - Local scan or download HarmonyOS sdk components toolchains,ets,js,native,previewer
[2026-09-10T14:45:25.133] [DEBUG] debug-file - Local scan or download hmscore sdk components toolchains,ets,native
[2026-09-10T14:45:25.137] [DEBUG] debug-file - Start recording SDK configuration permission data.
[2026-09-10T14:45:25.198] [DEBUG] debug-file - Sdk init in 73 ms 
[2026-09-10T14:45:25.212] [DEBUG] debug-file - Project task initialization takes 12 ms 
[2026-09-10T14:45:25.212] [DEBUG] debug-file - hvigorfile, begin to bind custom plugins...
[2026-09-10T14:45:25.213] [DEBUG] debug-file - hvigorfile, no custom plugins were found in D:\HW\testproject\complete\2\hvigorfile.ts
[2026-09-10T14:45:25.213] [DEBUG] debug-file - hvigorfile, resolve finished D:\HW\testproject\complete\2\hvigorfile.ts
[2026-09-10T14:45:25.215] [DEBUG] debug-file - hvigorfile, resolving D:\HW\testproject\complete\2\entry\hvigorfile.ts
[2026-09-10T14:45:25.229] [DEBUG] debug-file - hvigorfile, require result:  { default: { plugins: [] } }
[2026-09-10T14:45:25.230] [DEBUG] debug-file - hvigorfile, binding system plugins null
[2026-09-10T14:45:25.230] [DEBUG] debug-file - Starting plugin build process
[2026-09-10T14:45:25.231] [DEBUG] debug-file - Hap plugin creating...
[2026-09-10T14:45:25.234] [DEBUG] debug-file - failed to load cangjie to dynamically generate schemas: Error: Cannot find module '@ohos/cangjie-build-support/index'
Require stack:
- E:\DevEco Studio\tools\hvigor\hvigor-ohos-plugin\src\plugin\hooks\cangjie-register.js
- E:\DevEco Studio\tools\hvigor\hvigor-ohos-plugin\src\plugin\strategy\stage-init-strategy.js
- E:\DevEco Studio\tools\hvigor\hvigor-ohos-plugin\src\plugin\builder\abstract-plugin-builder.js
- E:\DevEco Studio\tools\hvigor\hvigor-ohos-plugin\src\plugin\builder\app-plugin-builder.js
- E:\DevEco Studio\tools\hvigor\hvigor-ohos-plugin\src\plugin\factory\plugin-factory.js
- E:\DevEco Studio\tools\hvigor\hvigor-ohos-plugin\index.js
- D:\HW\testproject\complete\2\hvigorfile.ts
- E:\DevEco Studio\tools\hvigor\hvigor\src\base\internal\lifecycle\configuration.js
- E:\DevEco Studio\tools\hvigor\hvigor\src\base\boot\index.js
- E:\DevEco Studio\tools\hvigor\hvigor\src\base\daemon\cluster\worker-process-lifecycle.js
- E:\DevEco Studio\tools\hvigor\hvigor\src\base\daemon\process\daemon-process-boot-script.js
[2026-09-10T14:45:25.262] [DEBUG] debug-file - Start initialize module-target build option map, moduleName=entry, buildMode=debug
[2026-09-10T14:45:25.263] [DEBUG] debug-file - Target 'default' config initialized
[2026-09-10T14:45:25.264] [DEBUG] debug-file - Target 'ohosTest' config initialized
[2026-09-10T14:45:25.264] [DEBUG] debug-file - Module 'entry' target 'default' build option initialized
[2026-09-10T14:45:25.264] [DEBUG] debug-file - Module 'entry' target 'ohosTest' build option initialized
[2026-09-10T14:45:25.265] [DEBUG] debug-file - End initialize module-target build option map, moduleName=entry
[2026-09-10T14:45:25.265] [DEBUG] debug-file - Start initialize module-target build option map, moduleName=entry, buildMode=release
[2026-09-10T14:45:25.265] [DEBUG] debug-file - Target 'default' config initialized
[2026-09-10T14:45:25.266] [DEBUG] debug-file - Target 'ohosTest' config initialized
[2026-09-10T14:45:25.266] [DEBUG] debug-file - Module 'entry' target 'default' build option initialized
[2026-09-10T14:45:25.266] [DEBUG] debug-file - Module 'entry' target 'ohosTest' build option initialized
[2026-09-10T14:45:25.266] [DEBUG] debug-file - End initialize module-target build option map, moduleName=entry
[2026-09-10T14:45:25.266] [DEBUG] debug-file - Start initialize module-target build option map, moduleName=entry, buildMode=debug
[2026-09-10T14:45:25.267] [DEBUG] debug-file - Target 'default' config initialized
[2026-09-10T14:45:25.267] [DEBUG] debug-file - Target 'ohosTest' config initialized
[2026-09-10T14:45:25.267] [DEBUG] debug-file - Module 'entry' target 'default' build option initialized
[2026-09-10T14:45:25.267] [DEBUG] debug-file - Module 'entry' target 'ohosTest' build option initialized
[2026-09-10T14:45:25.267] [DEBUG] debug-file - End initialize module-target build option map, moduleName=entry
[2026-09-10T14:45:25.268] [DEBUG] debug-file - Obtain build option for module 'entry' target 'default'in this build.
[2026-09-10T14:45:25.279] [DEBUG] debug-file - Module entry task initialization takes 9 ms 
[2026-09-10T14:45:25.279] [DEBUG] debug-file - Hap plugin register hook start...
[2026-09-10T14:45:25.280] [DEBUG] debug-file - Hap plugin register hook end...
[2026-09-10T14:45:25.280] [DEBUG] debug-file - Plugin build process completed
[2026-09-10T14:45:25.281] [DEBUG] debug-file - hvigorfile, begin to bind custom plugins...
[2026-09-10T14:45:25.281] [DEBUG] debug-file - hvigorfile, no custom plugins were found in D:\HW\testproject\complete\2\entry\hvigorfile.ts
[2026-09-10T14:45:25.282] [DEBUG] debug-file - hvigorfile, resolve finished D:\HW\testproject\complete\2\entry\hvigorfile.ts
[2026-09-10T14:45:25.332] [DEBUG] debug-file - hvigorfile, resolve hvigorfile dependencies in 49 ms 
[2026-09-10T14:45:25.333] [DEBUG] debug-file - project has submodules:entry
[2026-09-10T14:45:25.336] [DEBUG] debug-file - start to load updatedOhPackageInfo to the disk
[2026-09-10T14:45:25.340] [DEBUG] debug-file - load to the disk finished
[2026-09-10T14:45:25.342] [DEBUG] debug-file - Start to initialize dependency information.
[2026-09-10T14:45:25.359] [DEBUG] debug-file - Module 2 Collected Dependency: 
[2026-09-10T14:45:25.359] [DEBUG] debug-file - Module 2's total dependency: 0
[2026-09-10T14:45:25.363] [DEBUG] debug-file - Start to initialize dependency information.
[2026-09-10T14:45:25.369] [DEBUG] debug-file - Module entry Collected Dependency: 
[2026-09-10T14:45:25.369] [DEBUG] debug-file - Module entry's total dependency: 0
[2026-09-10T14:45:25.381] [DEBUG] debug-file - Configuration phase cost:11 s 125 ms 
[2026-09-10T14:45:25.387] [DEBUG] debug-file - Configuration task cost before running: 11 s 145 ms 
[2026-09-10T14:45:25.388] [DEBUG] debug-file - Executing task ::PreBuildApp
[2026-09-10T14:45:25.389] [DEBUG] debug-file - 2 : PreBuildApp cost memory 0.03594207763671875
[2026-09-10T14:45:25.389] [DEBUG] debug-file - runTaskFromQueue task cost before running: 11 s 148 ms 
[2026-09-10T14:45:25.392] [INFO] debug-file - Finished ::PreBuildApp... after 2 ms 
[2026-09-10T14:45:25.409] [DEBUG] debug-file - Executing task :entry:default@PreBuild
[2026-09-10T14:45:25.422] [DEBUG] debug-file - Task 'entry:default@PreBuild' cost while wrapping incremental declarations: 1 ms 
[2026-09-10T14:45:25.756] [DEBUG] debug-file - current product is not Atomic service.
[2026-09-10T14:45:25.758] [DEBUG] debug-file - Use tool [win32: JAVA_HOME, CLASSPATH]
 [ { JAVA_HOME: 'E:\\Java\\jdk-21.0.11' }, { CLASSPATH: undefined } ]
[2026-09-10T14:45:25.758] [DEBUG] debug-file - Use tool [win32: NODE_HOME]
 [ { NODE_HOME: undefined } ]
[2026-09-10T14:45:25.760] [DEBUG] debug-file - entry : default@PreBuild cost memory 15.187660217285156
[2026-09-10T14:45:25.760] [DEBUG] debug-file - runTaskFromQueue task cost before running: 11 s 519 ms 
[2026-09-10T14:45:25.764] [INFO] debug-file - Finished :entry:default@PreBuild... after 351 ms 
[2026-09-10T14:45:25.765] [DEBUG] debug-file - Executing task ::DuplicateDependencyCheck
[2026-09-10T14:45:25.765] [DEBUG] debug-file - 2 : DuplicateDependencyCheck cost memory 0.02068328857421875
[2026-09-10T14:45:25.766] [DEBUG] debug-file - runTaskFromQueue task cost before running: 11 s 524 ms 
[2026-09-10T14:45:25.767] [INFO] debug-file - Finished ::DuplicateDependencyCheck... after 1 ms 
[2026-09-10T14:45:25.769] [DEBUG] debug-file - Executing task :entry:default@CreateModuleInfo
[2026-09-10T14:45:25.769] [DEBUG] debug-file - Task 'entry:default@CreateModuleInfo' cost while wrapping incremental declarations: 1 ms 
[2026-09-10T14:45:25.770] [DEBUG] debug-file - entry : default@CreateModuleInfo cost memory 0.06423187255859375
[2026-09-10T14:45:25.770] [DEBUG] debug-file - runTaskFromQueue task cost before running: 11 s 529 ms 
[2026-09-10T14:45:25.771] [INFO] debug-file - Finished :entry:default@CreateModuleInfo... after 2 ms 
[2026-09-10T14:45:25.773] [DEBUG] debug-file - Executing task :entry:default@GenerateMetadata
[2026-09-10T14:45:25.775] [DEBUG] debug-file - Task 'entry:default@GenerateMetadata' cost while wrapping incremental declarations: 2 ms 
[2026-09-10T14:45:25.784] [DEBUG] debug-file - entry : default@GenerateMetadata cost memory 0.1210479736328125
[2026-09-10T14:45:25.785] [DEBUG] debug-file - runTaskFromQueue task cost before running: 11 s 543 ms 
[2026-09-10T14:45:25.786] [INFO] debug-file - Finished :entry:default@GenerateMetadata... after 12 ms 
[2026-09-10T14:45:25.794] [DEBUG] debug-file - Executing task :entry:default@ConfigureCmake
[2026-09-10T14:45:25.797] [DEBUG] debug-file - entry : default@ConfigureCmake cost memory 0.020416259765625
[2026-09-10T14:45:25.797] [DEBUG] debug-file - runTaskFromQueue task cost before running: 11 s 555 ms 
[2026-09-10T14:45:25.799] [INFO] debug-file - Finished :entry:default@ConfigureCmake... after 5 ms 
[2026-09-10T14:45:25.803] [DEBUG] debug-file - Executing task :entry:default@MergeProfile
[2026-09-10T14:45:25.805] [DEBUG] debug-file - Task 'entry:default@MergeProfile' cost while wrapping incremental declarations: 1 ms 
[2026-09-10T14:45:25.808] [DEBUG] debug-file - Change app api release type with 'Release'
[2026-09-10T14:45:25.809] [DEBUG] debug-file - Change app compile API version with '26.0.0.105'
[2026-09-10T14:45:25.809] [DEBUG] debug-file - Change app target API version with '260000026'
[2026-09-10T14:45:25.810] [DEBUG] debug-file - Change app minimum API version with '260000026'
[2026-09-10T14:45:25.810] [DEBUG] debug-file - Use cli appEnvironment
[2026-09-10T14:45:25.817] [DEBUG] debug-file - The permissions of moduleJson5 is null.
[2026-09-10T14:45:25.817] [DEBUG] debug-file - entry : default@MergeProfile cost memory 0.2152557373046875
[2026-09-10T14:45:25.818] [DEBUG] debug-file - runTaskFromQueue task cost before running: 11 s 576 ms 
[2026-09-10T14:45:25.819] [INFO] debug-file - Finished :entry:default@MergeProfile... after 15 ms 
[2026-09-10T14:45:25.822] [DEBUG] debug-file - Executing task :entry:default@CreateBuildProfile
[2026-09-10T14:45:25.824] [DEBUG] debug-file - Task 'entry:default@CreateBuildProfile' cost while wrapping incremental declarations: 2 ms 
[2026-09-10T14:45:25.828] [DEBUG] debug-file - entry : default@CreateBuildProfile cost memory 0.08844757080078125
[2026-09-10T14:45:25.828] [DEBUG] debug-file - runTaskFromQueue task cost before running: 11 s 587 ms 
[2026-09-10T14:45:25.829] [INFO] debug-file - Finished :entry:default@CreateBuildProfile... after 6 ms 
[2026-09-10T14:45:25.832] [DEBUG] debug-file - Executing task :entry:default@PreCheckSyscap
[2026-09-10T14:45:25.833] [DEBUG] debug-file - entry : default@PreCheckSyscap cost memory 0.035247802734375
[2026-09-10T14:45:25.834] [DEBUG] debug-file - runTaskFromQueue task cost before running: 11 s 592 ms 
[2026-09-10T14:45:25.835] [INFO] debug-file - Finished :entry:default@PreCheckSyscap... after 2 ms 
[2026-09-10T14:45:25.841] [DEBUG] debug-file - Executing task :entry:default@GeneratePkgContextInfo
[2026-09-10T14:45:25.854] [DEBUG] debug-file - Task 'entry:default@GeneratePkgContextInfo' cost while wrapping incremental declarations: 1 ms 
[2026-09-10T14:45:25.857] [DEBUG] debug-file - entry : default@GeneratePkgContextInfo cost memory 0.303131103515625
[2026-09-10T14:45:25.857] [DEBUG] debug-file - runTaskFromQueue task cost before running: 11 s 616 ms 
[2026-09-10T14:45:25.858] [INFO] debug-file - Finished :entry:default@GeneratePkgContextInfo... after 16 ms 
[2026-09-10T14:45:25.861] [DEBUG] debug-file - Executing task :entry:default@GeneratePkgSdkInfo
[2026-09-10T14:45:25.871] [DEBUG] debug-file - Task 'entry:default@GeneratePkgSdkInfo' cost while wrapping incremental declarations: 1 ms 
[2026-09-10T14:45:25.873] [DEBUG] debug-file - entry : default@GeneratePkgSdkInfo cost memory 0.1782379150390625
[2026-09-10T14:45:25.874] [DEBUG] debug-file - runTaskFromQueue task cost before running: 11 s 633 ms 
[2026-09-10T14:45:25.876] [INFO] debug-file - Finished :entry:default@GeneratePkgSdkInfo... after 14 ms 
[2026-09-10T14:45:25.895] [DEBUG] debug-file - Executing task :entry:default@ProcessIntegratedHsp
[2026-09-10T14:45:25.896] [DEBUG] debug-file - entry : default@ProcessIntegratedHsp cost memory 0.0430755615234375
[2026-09-10T14:45:25.897] [DEBUG] debug-file - runTaskFromQueue task cost before running: 11 s 655 ms 
[2026-09-10T14:45:25.897] [INFO] debug-file - Finished :entry:default@ProcessIntegratedHsp... after 2 ms 
[2026-09-10T14:45:25.899] [DEBUG] debug-file - Executing task :entry:default@BuildNativeWithCmake
[2026-09-10T14:45:25.899] [DEBUG] debug-file - entry : default@BuildNativeWithCmake cost memory 0.0214691162109375
[2026-09-10T14:45:25.900] [DEBUG] debug-file - runTaskFromQueue task cost before running: 11 s 658 ms 
[2026-09-10T14:45:25.900] [INFO] debug-file - Finished :entry:default@BuildNativeWithCmake... after 1 ms 
[2026-09-10T14:45:25.902] [DEBUG] debug-file - Executing task :entry:default@MakePackInfo
[2026-09-10T14:45:25.907] [DEBUG] debug-file - Module Pack Info:  {
  summary: {
    app: { bundleName: 'c***p', bundleType: 'app', version: [Object] },
    modules: [ [Object] ]
  },
  packages: [
    {
      deviceType: [Array],
      moduleType: 'entry',
      deliveryWithInstall: true,
      name: 'entry-default'
    }
  ]
}
[2026-09-10T14:45:25.912] [DEBUG] debug-file - entry : default@MakePackInfo cost memory 0.1633758544921875
[2026-09-10T14:45:25.912] [DEBUG] debug-file - runTaskFromQueue task cost before running: 11 s 671 ms 
[2026-09-10T14:45:25.915] [INFO] debug-file - Finished :entry:default@MakePackInfo... after 11 ms 
[2026-09-10T14:45:25.917] [DEBUG] debug-file - Executing task :entry:default@SyscapTransform
[2026-09-10T14:45:25.917] [DEBUG] debug-file - File: 'D:\HW\testproject\complete\2\entry\src\main\syscap.json' from 'sysCapJsonPath' is not exists, just ignore.
[2026-09-10T14:45:25.920] [DEBUG] debug-file - Task 'entry:default@SyscapTransform' cost while wrapping incremental declarations: 3 ms 
[2026-09-10T14:45:25.920] [DEBUG] debug-file - entry : default@SyscapTransform cost memory 0.07745361328125
[2026-09-10T14:45:25.921] [DEBUG] debug-file - runTaskFromQueue task cost before running: 11 s 679 ms 
[2026-09-10T14:45:25.921] [INFO] debug-file - Finished :entry:default@SyscapTransform... after 5 ms 
[2026-09-10T14:45:25.927] [DEBUG] debug-file - Executing task :entry:default@ProcessProfile
[2026-09-10T14:45:25.959] [DEBUG] debug-file - Task 'entry:default@ProcessProfile' cost while wrapping incremental declarations: 1 ms 
[2026-09-10T14:45:25.965] [DEBUG] debug-file - [
  'E:\\DevEco Studio\\tools\\node\\node.exe',
  'E:\\DevEco Studio\\sdk\\default\\openharmony\\ets\\build-tools\\ets-loader\\bin\\ark\\ts2abc.js',
  '--target-api-version',
  '26'
]
[2026-09-10T14:45:27.844] [DEBUG] debug-file - 24.0.0.0
[2026-09-10T14:45:27.849] [DEBUG] debug-file - No need to add fake ui ability because of not in preview process.
[2026-09-10T14:45:27.852] [DEBUG] debug-file - entry : default@ProcessProfile cost memory -7.512443542480469
[2026-09-10T14:45:27.852] [DEBUG] debug-file - runTaskFromQueue task cost before running: 13 s 611 ms 
[2026-09-10T14:45:27.853] [INFO] debug-file - Finished :entry:default@ProcessProfile... after 1 s 926 ms 
[2026-09-10T14:45:27.856] [DEBUG] debug-file - Executing task :entry:default@ProcessRouterMap
[2026-09-10T14:45:27.863] [DEBUG] debug-file - entry : default@ProcessRouterMap cost memory 0.10198974609375
[2026-09-10T14:45:27.863] [DEBUG] debug-file - runTaskFromQueue task cost before running: 13 s 622 ms 
[2026-09-10T14:45:27.864] [INFO] debug-file - Finished :entry:default@ProcessRouterMap... after 8 ms 
[2026-09-10T14:45:27.867] [DEBUG] debug-file - Executing task :entry:default@ProcessShareConfig
[2026-09-10T14:45:27.873] [DEBUG] debug-file - entry : default@ProcessShareConfig cost memory -0.40932464599609375
[2026-09-10T14:45:27.874] [DEBUG] debug-file - runTaskFromQueue task cost before running: 13 s 632 ms 
[2026-09-10T14:45:27.875] [INFO] debug-file - Finished :entry:default@ProcessShareConfig... after 7 ms 
[2026-09-10T14:45:27.877] [DEBUG] debug-file - Executing task :entry:default@ProcessStartupConfig
[2026-09-10T14:45:27.877] [DEBUG] debug-file - Task 'entry:default@ProcessStartupConfig' cost while wrapping incremental declarations: 1 ms 
[2026-09-10T14:45:27.880] [DEBUG] debug-file - entry : default@ProcessStartupConfig cost memory 0.11017608642578125
[2026-09-10T14:45:27.880] [DEBUG] debug-file - runTaskFromQueue task cost before running: 13 s 639 ms 
[2026-09-10T14:45:27.881] [INFO] debug-file - Finished :entry:default@ProcessStartupConfig... after 4 ms 
[2026-09-10T14:45:27.883] [DEBUG] debug-file - Executing task :entry:default@BuildNativeWithNinja
[2026-09-10T14:45:27.886] [DEBUG] debug-file - entry : default@BuildNativeWithNinja cost memory 0.0293731689453125
[2026-09-10T14:45:27.887] [DEBUG] debug-file - runTaskFromQueue task cost before running: 13 s 645 ms 
[2026-09-10T14:45:27.887] [INFO] debug-file - Finished :entry:default@BuildNativeWithNinja... after 4 ms 
[2026-09-10T14:45:27.890] [DEBUG] debug-file - restool module names: entry; moduleName=entry, taskName=default@ProcessResource
[2026-09-10T14:45:27.894] [DEBUG] debug-file - Executing task :entry:default@ProcessResource
[2026-09-10T14:45:27.895] [DEBUG] debug-file - Task 'entry:default@ProcessResource' cost while wrapping incremental declarations: 1 ms 
[2026-09-10T14:45:27.899] [DEBUG] debug-file - entry : default@ProcessResource cost memory 0.12728118896484375
[2026-09-10T14:45:27.901] [DEBUG] debug-file - runTaskFromQueue task cost before running: 13 s 659 ms 
[2026-09-10T14:45:27.907] [INFO] debug-file - Finished :entry:default@ProcessResource... after 8 ms 
[2026-09-10T14:45:27.915] [DEBUG] debug-file - Executing task :entry:default@GenerateLoaderJson
[2026-09-10T14:45:27.919] [DEBUG] debug-file - Task 'entry:default@GenerateLoaderJson' cost while wrapping incremental declarations: 1 ms 
[2026-09-10T14:45:27.933] [DEBUG] debug-file - entry : default@GenerateLoaderJson cost memory 0.4183197021484375
[2026-09-10T14:45:27.934] [DEBUG] debug-file - runTaskFromQueue task cost before running: 13 s 692 ms 
[2026-09-10T14:45:27.939] [INFO] debug-file - Finished :entry:default@GenerateLoaderJson... after 19 ms 
[2026-09-10T14:45:27.942] [DEBUG] debug-file - Executing task :entry:default@ProcessLibs
[2026-09-10T14:45:27.943] [DEBUG] debug-file - Task 'entry:default@ProcessLibs' cost while wrapping incremental declarations: 1 ms 
[2026-09-10T14:45:27.951] [DEBUG] debug-file - Worker dispatch failed, running processLibs on main thread.
[2026-09-10T14:45:27.954] [DEBUG] debug-file - entry : default@ProcessLibs cost memory 0.40740966796875
[2026-09-10T14:45:27.954] [DEBUG] debug-file - runTaskFromQueue task cost before running: 13 s 713 ms 
[2026-09-10T14:45:27.955] [INFO] debug-file - Finished :entry:default@ProcessLibs... after 13 ms 
[2026-09-10T14:45:27.959] [DEBUG] debug-file - restool module names: entry; moduleName=entry, taskName=default@CompileResource
[2026-09-10T14:45:27.963] [DEBUG] debug-file - Executing task :entry:default@CompileResource
[2026-09-10T14:45:27.977] [DEBUG] debug-file - Use tool [E:\DevEco Studio\sdk\default\openharmony\toolchains\restool.exe]
 [
  'E:\\DevEco Studio\\sdk\\default\\openharmony\\toolchains\\restool.exe',
  '-l',
  'D:\\HW\\testproject\\complete\\2\\entry\\build\\default\\intermediates\\res\\default\\resConfig.json'
]
[2026-09-10T14:45:27.981] [DEBUG] debug-file - current process  memoryUsage: {
  rss: 279310336,
  heapTotal: 168828928,
  heapUsed: 141372856,
  external: 3978121,
  arrayBuffers: 41894
} os memoryUsage :13.442192077636719
[2026-09-10T14:45:34.773] [DEBUG] debug-file - Info: Pack: normal pack mode

[2026-09-10T14:45:34.900] [DEBUG] debug-file - Info: hardware concurrency count is : 16
Info: thread count is : 16

[2026-09-10T14:45:34.900] [DEBUG] debug-file - Info: thread pool is started

[2026-09-10T14:45:34.904] [DEBUG] debug-file - Info: GenericCompiler::CompileFiles

[2026-09-10T14:45:36.528] [DEBUG] debug-file - Info: GenericCompiler::CompileFiles
Warning: 'D:\HW\testproject\complete\2\entry\src\main\resources\base\media\background.png' is defined repeatedly.

[2026-09-10T14:45:36.529] [DEBUG] debug-file - Warning: 'D:\HW\testproject\complete\2\entry\src\main\resources\base\media\layered_image.json' is defined repeatedly.
Warning: 'D:\HW\testproject\complete\2\entry\src\main\resources\base\media\foreground.png' is defined repeatedly.

[2026-09-10T14:45:36.530] [DEBUG] debug-file - Info: GenericCompiler::CompileFiles

[2026-09-10T14:45:36.543] [DEBUG] debug-file - 09-10 14:45:36.543 124332 161264 I C01400/SvgDecodeUtils: SvgDecodeUtils::IsSvgFormat probe svg format, path:D:\HW\testproject\complete\2\AppScope\resources\base\media\background.png.
09-10 14:45:36.543 124332 161264 E C01400/ImageTranscoderUtils: DecodeToRGBA IN

[2026-09-10T14:45:36.543] [DEBUG] debug-file - 09-10 14:45:36.543 124332 161264 I C01400/SvgDecodeUtils: SvgDecodeUtils::IsSvgFormat probe svg format, path:D:\HW\testproject\complete\2\AppScope\resources\base\media\background.png.
09-10 14:45:36.543 124332 161264 E C01400/ImageTranscoderUtils: ImageFilter IN D:\HW\testproject\complete\2\AppScope\resources\base\media\background.png

[2026-09-10T14:45:36.617] [DEBUG] debug-file - 09-10 14:45:36.616 124332 161264 I C01400/SvgDecodeUtils: SvgDecodeUtils::IsSvgFormat probe svg format, path:D:\HW\testproject\complete\2\AppScope\resources\base\media\foreground.png.
09-10 14:45:36.617 124332 161264 E C01400/ImageTranscoderUtils: DecodeToRGBA IN

[2026-09-10T14:45:36.617] [DEBUG] debug-file - 09-10 14:45:36.617 124332 161264 I C01400/SvgDecodeUtils: SvgDecodeUtils::IsSvgFormat probe svg format, path:D:\HW\testproject\complete\2\AppScope\resources\base\media\foreground.png.
09-10 14:45:36.617 124332 161264 E C01400/ImageTranscoderUtils: ImageFilter IN D:\HW\testproject\complete\2\AppScope\resources\base\media\foreground.png

[2026-09-10T14:45:36.685] [DEBUG] debug-file - Info: can't scale media json file.

[2026-09-10T14:45:36.686] [DEBUG] debug-file - Warning: The width or height of the png file referenced by the icon exceeds the limit (41 pixels)
at D:\HW\testproject\complete\2\AppScope\resources\base\media\background.png
Warning: The width or height of the png file referenced by the icon exceeds the limit (41 pixels)
at D:\HW\testproject\complete\2\AppScope\resources\base\media\foreground.png
Warning: D:\HW\testproject\complete\2\AppScope\resources\base\media\layered_image.json is not png format

[2026-09-10T14:45:36.688] [DEBUG] debug-file - Info: restool resources compile success.

[2026-09-10T14:45:36.689] [DEBUG] debug-file - Info: thread pool is stopped

[2026-09-10T14:45:36.804] [DEBUG] debug-file - entry : default@CompileResource cost memory -23.559814453125
[2026-09-10T14:45:36.805] [DEBUG] debug-file - runTaskFromQueue task cost before running: 22 s 563 ms 
[2026-09-10T14:45:36.807] [INFO] debug-file - Finished :entry:default@CompileResource... after 8 s 843 ms 
[2026-09-10T14:45:36.809] [DEBUG] debug-file - Executing task :entry:default@DoNativeStrip
[2026-09-10T14:45:36.810] [DEBUG] debug-file - File: 'D:\HW\testproject\complete\2\entry\build\default\intermediates\binxo\default' from 'doBinxoNativeLibs' is not exists, just ignore.
[2026-09-10T14:45:36.810] [DEBUG] debug-file - Task 'entry:default@DoNativeStrip' cost while wrapping incremental declarations: 1 ms 
[2026-09-10T14:45:36.815] [DEBUG] debug-file - entry : default@DoNativeStrip cost memory 0.07050323486328125
[2026-09-10T14:45:36.815] [DEBUG] debug-file - runTaskFromQueue task cost before running: 22 s 574 ms 
[2026-09-10T14:45:36.816] [INFO] debug-file - Finished :entry:default@DoNativeStrip... after 6 ms 
[2026-09-10T14:45:36.819] [DEBUG] debug-file - Executing task :entry:default@CompileArkTS
[2026-09-10T14:45:36.820] [DEBUG] debug-file - obfuscationOptions: undefined
[2026-09-10T14:45:36.822] [DEBUG] debug-file - Task 'entry:default@CompileArkTS' cost while wrapping incremental declarations: 1 ms 
[2026-09-10T14:45:36.856] [DEBUG] debug-file - build config:
[2026-09-10T14:45:36.857] [DEBUG] debug-file - {
  moduleType: 'entry',
  perf: 0,
  targetName: '.default',
  packageManagerType: 'ohpm',
  localPropertiesPath: 'D:\\HW\\testproject\\complete\\2\\local.properties',
  isPreview: false,
  isOhosTest: false,
  isLocalTest: false,
  buildMode: 'Debug',
  hotReloadBuild: undefined,
  watchMode: 'false',
  aceProfilePath: 'D:\\HW\\testproject\\complete\\2\\entry\\build\\default\\intermediates\\res\\default\\resources\\base\\profile',
  etsLoaderPath: 'E:\\DevEco Studio\\sdk\\default\\openharmony\\ets\\build-tools\\ets-loader',
  modulePath: 'D:\\HW\\testproject\\complete\\2\\entry',
  testFrameworkPar: {
    testMode: undefined,
    coveragePathFilter: undefined,
    coverageMode: undefined
  },
  needCoverageInsert: false,
  debugLine: false,
  projectTopDir: 'D:\\HW\\testproject\\complete\\2',
  compileSdkVersion: 26,
  compatibleSdkVersion: 26,
  originCompatibleSdkVersion: '26.0.0',
  compatibleSdkVersionStage: undefined,
  bundleName: 'c***p',
  etsLoaderVersion: '26.0.0.105',
  etsLoaderReleaseType: 'Release',
  aotCompileMode: 'type',
  apPath: 'D:\\HW\\testproject\\complete\\2\\entry\\modules.ap',
  entryModuleName: 'entry',
  entryModuleVersion: '1.0.0',
  entryPackageName: 'entry',
  allModuleNameHash: '0db9a45fe13120a4b1783449a4bd0741adbb3eb74a81fef29158e2a30f359c36',
  externalApiPaths: [ 'E:\\DevEco Studio\\sdk\\default\\hms\\ets' ],
  compilerTypes: [],
  isCrossplatform: false,
  hvigorPluginFile: undefined,
  compilePluginPath: undefined,
  buildGeneratedProfilePath: 'D:\\HW\\testproject\\complete\\2\\entry\\build\\default\\generated\\profile\\default',
  bundleType: 'app',
  arkTSVersion: undefined,
  apiVersion: 26,
  needCompleteSourcesMap: false,
  isFaMode: false,
  buildDir: 'D:\\HW\\testproject\\complete\\2\\entry\\build',
  buildCacheProjectDir: 'D:\\HW\\testproject\\complete\\2',
  deviceTypes: [ 'phone' ],
  pkgContextInfo: {
    '@ohos/hypium': {
      packageName: '@ohos/hypium',
      bundleName: '*****',
      moduleName: '',
      version: '1.0.24',
      entryPath: 'index.js',
      isSO: false,
      dependencyAlias: ''
    },
    '@ohos/hamock': {
      packageName: '@ohos/hamock',
      bundleName: '*****',
      moduleName: '',
      version: '1.0.0',
      entryPath: 'index.ets',
      isSO: false,
      dependencyAlias: ''
    },
    entry: {
      packageName: 'entry',
      bundleName: '*****',
      moduleName: '',
      version: '',
      entryPath: 'src/main/',
      isSO: false,
      dependencyAlias: ''
    }
  },
  ohPackagePathMap: {},
  dependencyAliasMap: {},
  permission: { requestPermissions: undefined, definePermissions: undefined },
  useGetCurrentBundleName: false,
  projectArkOption: undefined,
  sourceMapDir: undefined,
  branchElimination: false,
  transformLib: undefined,
  tsImportSendable: false,
  resolveConflictMode: true,
  depName2RootPath: {},
  depName2DepInfo: {},
  depName2OhExports: {},
  rootPathSet: [ 'D:\\HW\\testproject\\complete\\2' ],
  useNativeResolver: true,
  shouldEmitJs: true,
  useUnifiedAst: false,
  useTscResolve: false,
  singleFileEmit: false,
  userProjectConfig: {
    autoLazyImport: false,
    allowEmptyBundleName: false,
    reExportCheckMode: 'noCheck',
    executionMode: 'memory',
    usePathPlaceholder: false,
    writeRollupCache: true,
    isExpandImportEnabled: false,
    expandImportExclude: '',
    lazyImportExclude: '',
    lazyImportInclude: '',
    ignoreCrossplatformCheck: false,
    isHarDeduplicateEnabled: false,
    skipOhModulesLint: false,
    enableStrictCheckOHModule: false,
    disableSendableCheckRules: [],
    useDeclarationFileSignature: false,
    customizedOptions: undefined,
    integratedHsp: false,
    tsImportSoCheck: false,
    isPreloadSoEnabled: false
  },
  executionMode: 'memory',
  arkCompileCachePath: 'D:\\HW\\testproject\\complete\\2\\entry\\build\\default\\cache\\default\\default@CompileArkTS\\esmodule',
  autoLazyFilter: undefined,
  isHarDeduplicateEnabled: false,
  intermediateHarDuplicateDirPath: 'D:\\HW\\testproject\\complete\\2\\entry\\build\\default\\intermediates\\har_duplicate\\default',
  autoLazyImport: false,
  allowEmptyBundleName: false,
  reExportCheckMode: 'noCheck',
  usePathPlaceholder: false,
  writeRollupCache: true,
  isExpandImportEnabled: false,
  expandImportExclude: '',
  lazyImportExclude: '',
  lazyImportInclude: '',
  ignoreCrossplatformCheck: false,
  skipOhModulesLint: false,
  enableStrictCheckOHModule: false,
  disableSendableCheckRules: [],
  useDeclarationFileSignature: false,
  customizedOptions: undefined,
  integratedHsp: false,
  tsImportSoCheck: false,
  isPreloadSoEnabled: false,
  strictMode: {
    caseSensitiveCheck: true,
    useNormalizedOHMUrl: true,
    noExternalImportByPath: true
  },
  useNormalizedOHMUrl: true,
  caseSensitiveCheck: true,
  strictCheckerOnly: false,
  aceModuleJsonPath: 'D:\\HW\\testproject\\complete\\2\\entry\\build\\default\\intermediates\\res\\default\\ark_module.json',
  appResource: 'D:\\HW\\testproject\\complete\\2\\entry\\build\\default\\intermediates\\res\\default\\ResourceTable.txt',
  rawFileResource: 'D:\\HW\\testproject\\complete\\2\\entry\\build\\default\\intermediates\\res\\default\\resources\\rawfile',
  resourceTableHash: 'd81a83941c07883d4327563ba2cfe0ac7f68042912820a1577b99d29cbd144cc',
  runtimeOS: 'HarmonyOS',
  sdkInfo: 'false:26:26.0.0.105:Release',
  aceModuleRoot: 'D:\\HW\\testproject\\complete\\2\\entry\\src\\main\\ets',
  compileMode: 'esmodule',
  aceSuperVisualPath: 'D:\\HW\\testproject\\complete\\2\\entry\\src\\main\\supervisual',
  aceBuildJson: 'D:\\HW\\testproject\\complete\\2\\entry\\build\\default\\intermediates\\loader\\default\\loader.json',
  cachePath: 'D:\\HW\\testproject\\complete\\2\\entry\\build\\default\\cache\\default\\default@CompileArkTS\\esmodule\\debug',
  aceModuleBuild: 'D:\\HW\\testproject\\complete\\2\\entry\\build\\default\\intermediates\\loader_out\\default\\ets',
  supportChunks: true,
  declaredFilesPath: undefined,
  shouldCollectDirectImportees: false,
  isByteCodeHarOptimize: false,
  expandImportPath: undefined,
  resourceTableTs: 'D:\\HW\\testproject\\complete\\2\\entry\\build\\default\\generated\\r\\default\\ResourceTable.ts',
  moduleMetaInfoFiles: [
    {
      filePath: 'D:\\HW\\testproject\\complete\\2\\entry\\build\\default\\generated\\r\\default\\ResourceTable.ts',
      ohmurl: '&entry/build/generated/r/ResourceTable&'
    }
  ],
  pkgNameToPkgBriefInfo: {
    entry: {
      pkgRoot: 'D:\\HW\\testproject\\complete\\2\\entry',
      originalSourceRoots: undefined,
      sourceRoots: [Array],
      pkgName: 'entry'
    }
  },
  projectModel: {
    'D:\\HW\\testproject\\complete\\2\\entry\\src\\main': {
      moduleName: 'entry',
      modulePkgPath: 'D:\\HW\\testproject\\complete\\2\\entry',
      belongProjectPath: 'D:\\HW\\testproject\\complete\\2'
    },
    'D:\\HW\\testproject\\complete\\2\\entry\\.test\\default\\intermediates\\src\\ohosTest\\ets': {
      moduleName: 'entry_test',
      modulePkgPath: 'D:\\HW\\testproject\\complete\\2\\entry',
      belongProjectPath: 'D:\\HW\\testproject\\complete\\2'
    },
    'D:\\HW\\testproject\\complete\\2\\entry\\src\\ohosTest': {
      moduleName: 'entry_test',
      modulePkgPath: 'D:\\HW\\testproject\\complete\\2\\entry',
      belongProjectPath: 'D:\\HW\\testproject\\complete\\2'
    },
    'D:\\HW\\testproject\\complete\\2\\entry': {
      moduleName: 'entry',
      modulePkgPath: 'D:\\HW\\testproject\\complete\\2\\entry',
      belongProjectPath: 'D:\\HW\\testproject\\complete\\2'
    },
    'D:\\HW\\testproject\\complete\\2': {
      moduleName: '2',
      modulePkgPath: 'D:\\HW\\testproject\\complete\\2',
      belongProjectPath: 'D:\\HW\\testproject\\complete\\2'
    }
  },
  pkgJsonFileHash: '7ab10e622b876a852aaa87f883a5ca46773dc428b9273d7582651c0540669143',
  allModulePaths: [ 'D:\\HW\\testproject\\complete\\2\\entry' ],
  routerMap: {},
  obfuscationOptions: undefined,
  byteCodeHarToDependencyKeys: undefined,
  compileBlockPkg: [],
  mockParams: {
    decorator: '@MockSetup',
    packageName: '@ohos/hamock',
    etsSourceRootPath: 'src/main/ets',
    mockConfigPath: 'D:\\HW\\testproject\\complete\\2\\entry\\src\\mock\\mock-config.json5',
    mockConfigKey2ModuleInfo: {},
    source2ModuleIdMap: {}
  },
  copyCodeResourceEnable: false,
  copyCodeResourceExcludes: [],
  copyCodeResourceIncludes: undefined,
  uiTransformOptimization: false,
  sdkPath: 'E:/DevEco Studio/sdk',
  needPreloadSoFileSet: {},
  preloadSoFilePath: 'D:\\HW\\testproject\\complete\\2\\entry\\build\\default\\intermediates\\preload\\default\\preload.json',
  useSourceHash: false,
  localModuleParamMap: {},
  otherPaths: {
    'entry/*': [
      '..\\*',
      '..\\..\\..\\build\\default\\generated\\profile\\default\\*'
    ]
  },
  collectImportersConfig: undefined
}
[2026-09-10T14:45:36.857] [DEBUG] debug-file - Compile arkts with external api path: E:\DevEco Studio\sdk\default\hms\ets
[2026-09-10T14:45:36.860] [DEBUG] debug-file - before submitting ArkTS compile task to worker pool, config.buildDir: D:\HW\testproject\complete\2\entry\build
[2026-09-10T14:45:36.861] [DEBUG] debug-file - default@CompileArkTS work[0] is submitted.
[2026-09-10T14:45:36.862] [DEBUG] debug-file - default@CompileArkTS work[0] is pushed to ready queue.
[2026-09-10T14:45:36.862] [DEBUG] debug-file - default@CompileArkTS work[0] is not dispatched.
[2026-09-10T14:45:36.862] [DEBUG] debug-file - entry : default@CompileArkTS cost memory 0.20488739013671875
[2026-09-10T14:45:36.865] [DEBUG] debug-file - Executing task :entry:default@BuildJS
[2026-09-10T14:45:36.865] [DEBUG] debug-file - Task 'entry:default@BuildJS' cost while wrapping incremental declarations: 1 ms 
[2026-09-10T14:45:36.869] [DEBUG] debug-file - entry : default@BuildJS cost memory 0.14105987548828125
[2026-09-10T14:45:36.869] [DEBUG] debug-file - runTaskFromQueue task cost before running: 22 s 628 ms 
[2026-09-10T14:45:36.870] [INFO] debug-file - Finished :entry:default@BuildJS... after 5 ms 
[2026-09-10T14:45:36.872] [DEBUG] debug-file - Executing task :entry:default@CacheNativeLibs
[2026-09-10T14:45:36.873] [DEBUG] debug-file - File: 'D:\HW\testproject\complete\2\entry\build\default\intermediates\binxo\default' from 'cacheBinxoNativeLibs' is not exists, just ignore.
[2026-09-10T14:45:36.873] [DEBUG] debug-file - Task 'entry:default@CacheNativeLibs' cost while wrapping incremental declarations: 1 ms 
[2026-09-10T14:45:36.874] [DEBUG] debug-file - default@CacheNativeLibs work[1] is submitted.
[2026-09-10T14:45:36.874] [DEBUG] debug-file - default@CacheNativeLibs work[1] is pushed to ready queue.
[2026-09-10T14:45:36.874] [DEBUG] debug-file - default@CacheNativeLibs work[1] is not dispatched.
[2026-09-10T14:45:36.875] [DEBUG] debug-file - entry : default@CacheNativeLibs cost memory 0.087432861328125
[2026-09-10T14:45:37.076] [DEBUG] debug-file - A work dispatched to worker[15] failed because unable to get work from ready queue.
[2026-09-10T14:45:37.077] [DEBUG] debug-file - Create  resident worker with id: 14.
[2026-09-10T14:45:37.079] [DEBUG] debug-file - default@CacheNativeLibs work[1] has been dispatched to worker[14].
[2026-09-10T14:45:37.092] [DEBUG] debug-file - A work dispatched to worker[15] failed because unable to get work from ready queue.
[2026-09-10T14:45:37.092] [DEBUG] debug-file - A work dispatched to worker[14] failed because of worker busy.
[2026-09-10T14:45:37.092] [DEBUG] debug-file - A work dispatched to worker[13] failed because unable to get work from ready queue.
[2026-09-10T14:45:37.092] [DEBUG] debug-file - A work dispatched to worker[12] failed because unable to get work from ready queue.
[2026-09-10T14:45:37.093] [DEBUG] debug-file - A work dispatched to worker[11] failed because unable to get work from ready queue.
[2026-09-10T14:45:37.093] [DEBUG] debug-file - A work dispatched to worker[10] failed because unable to get work from ready queue.
[2026-09-10T14:45:37.093] [DEBUG] debug-file - A work dispatched to worker[9] failed because unable to get work from ready queue.
[2026-09-10T14:45:37.093] [DEBUG] debug-file - A work dispatched to worker[8] failed because unable to get work from ready queue.
[2026-09-10T14:45:37.093] [DEBUG] debug-file - A work dispatched to worker[7] failed because unable to get work from ready queue.
[2026-09-10T14:45:37.093] [DEBUG] debug-file - A work dispatched to worker[6] failed because unable to get work from ready queue.
[2026-09-10T14:45:37.093] [DEBUG] debug-file - A work dispatched to worker[5] failed because unable to get work from ready queue.
[2026-09-10T14:45:37.093] [DEBUG] debug-file - Create  resident worker with id: 4.
[2026-09-10T14:45:37.095] [DEBUG] debug-file - default@CompileArkTS work[0] has been dispatched to worker[4].
[2026-09-10T14:45:39.731] [DEBUG] debug-file - worker[14] has one work done.
[2026-09-10T14:45:39.732] [DEBUG] debug-file - default@CacheNativeLibs work[1] done.
[2026-09-10T14:45:39.734] [INFO] debug-file - Finished :entry:default@CacheNativeLibs... after 126 ms 
[2026-09-10T14:45:39.841] [DEBUG] debug-file - A work dispatched to worker[14] failed because unable to get work from ready queue.
[2026-09-10T14:46:03.734] [WARN] debug-file - [33mWARN: [33m[33mArkTS:WARN File: D:/HW/testproject/complete/2/entry/src/main/ets/pages/Index.ets:88:5
 'AlertDialog' has been deprecated.
[39m[39m
[33mWARN: [33m[33mArkTS:WARN File: D:/HW/testproject/complete/2/entry/src/main/ets/pages/Index.ets:88:17
 'show' has been deprecated.
[39m[39m
[33mWARN: [33m[33mArkTS:WARN File: D:/HW/testproject/complete/2/entry/src/main/ets/pages/Index.ets:111:5
 'ActionSheet' has been deprecated.
[39m[39m
[33mWARN: [33m[33mArkTS:WARN File: D:/HW/testproject/complete/2/entry/src/main/ets/pages/Index.ets:111:17
 'show' has been deprecated.
[39m[39m

[2026-09-10T14:46:03.735] [DEBUG] debug-file - Ark compile task finished.finished time is 183585474618600
[2026-09-10T14:46:03.737] [DEBUG] debug-file - worker[4] has one work done.
[2026-09-10T14:46:03.742] [DEBUG] debug-file - default@CompileArkTS work[0] done.
[2026-09-10T14:46:03.745] [INFO] debug-file - Finished :entry:default@CompileArkTS... after 12 s 111 ms 
[2026-09-10T14:46:03.747] [DEBUG] debug-file - Executing task :entry:default@GeneratePkgModuleJson
[2026-09-10T14:46:03.747] [DEBUG] debug-file - File: 'D:\HW\testproject\complete\2\entry\build\default\intermediates\preload\default\preload.json' from 'preloadSoJsonPath' is not exists, just ignore.
[2026-09-10T14:46:03.748] [DEBUG] debug-file - Error occurs while handling @Input 'shouldDeduplicateHar': The "data" argument must be of type string or an instance of Buffer, TypedArray, or DataView. Received undefined
[2026-09-10T14:46:03.748] [DEBUG] debug-file - Task 'entry:default@GeneratePkgModuleJson' cost while wrapping incremental declarations: 2 ms 
[2026-09-10T14:46:03.754] [DEBUG] debug-file - entry : default@GeneratePkgModuleJson cost memory 0.15233612060546875
[2026-09-10T14:46:03.755] [DEBUG] debug-file - runTaskFromQueue task cost before running: 49 s 513 ms 
[2026-09-10T14:46:03.755] [INFO] debug-file - Finished :entry:default@GeneratePkgModuleJson... after 8 ms 
[2026-09-10T14:46:03.757] [DEBUG] debug-file - Executing task :entry:default@ProcessCompiledResources
[2026-09-10T14:46:03.758] [DEBUG] debug-file - File: 'D:\HW\testproject\complete\2\entry\build\default\intermediates\preload\default\preload.json' from 'preloadSoJsonPath' is not exists, just ignore.
[2026-09-10T14:46:03.758] [DEBUG] debug-file - Task 'entry:default@ProcessCompiledResources' cost while wrapping incremental declarations: 1 ms 
[2026-09-10T14:46:03.759] [DEBUG] debug-file - entry : default@ProcessCompiledResources cost memory 0.062042236328125
[2026-09-10T14:46:03.759] [DEBUG] debug-file - runTaskFromQueue task cost before running: 49 s 518 ms 
[2026-09-10T14:46:03.760] [INFO] debug-file - Finished :entry:default@ProcessCompiledResources... after 3 ms 
[2026-09-10T14:46:03.764] [DEBUG] debug-file - Executing task :entry:default@PackageHap
[2026-09-10T14:46:03.773] [DEBUG] debug-file - Use tool [E:\DevEco Studio\sdk\default\openharmony\toolchains\lib\app_packing_tool.jar]
 [
  'java',
  '-Dfile.encoding=GBK',
  '-jar',
  'E:\\DevEco Studio\\sdk\\default\\openharmony\\toolchains\\lib\\app_packing_tool.jar',
  '--mode',
  'hap',
  '--force',
  'true',
  '--lib-path',
  'D:\\HW\\testproject\\complete\\2\\entry\\build\\default\\intermediates\\stripped_native_libs\\default',
  '--json-path',
  'D:\\HW\\testproject\\complete\\2\\entry\\build\\default\\intermediates\\package\\default\\module.json',
  '--resources-path',
  'D:\\HW\\testproject\\complete\\2\\entry\\build\\default\\intermediates\\res\\default\\resources',
  '--index-path',
  'D:\\HW\\testproject\\complete\\2\\entry\\build\\default\\intermediates\\res\\default\\resources.index',
  '--pack-info-path',
  'D:\\HW\\testproject\\complete\\2\\entry\\build\\default\\outputs\\default\\pack.info',
  '--out-path',
  'D:\\HW\\testproject\\complete\\2\\entry\\build\\default\\outputs\\default\\entry-default-unsigned.hap',
  '--ets-path',
  'D:\\HW\\testproject\\complete\\2\\entry\\build\\default\\intermediates\\loader_out\\default\\ets',
  '--pkg-context-path',
  'D:\\HW\\testproject\\complete\\2\\entry\\build\\default\\intermediates\\loader\\default\\pkgContextInfo.json'
]
[2026-09-10T14:46:03.775] [DEBUG] debug-file - default@PackageHap work[2] is submitted.
[2026-09-10T14:46:03.775] [DEBUG] debug-file - default@PackageHap work[2] is pushed to ready queue.
[2026-09-10T14:46:03.775] [DEBUG] debug-file - default@PackageHap work[2] is not dispatched.
[2026-09-10T14:46:03.782] [DEBUG] debug-file - entry : default@PackageHap cost memory -0.5150146484375
[2026-09-10T14:46:03.985] [DEBUG] debug-file - A work dispatched to worker[15] failed because unable to get work from ready queue.
[2026-09-10T14:46:03.986] [DEBUG] debug-file - default@PackageHap work[2] has been dispatched to worker[14].
[2026-09-10T14:46:04.282] [DEBUG] debug-file - A work dispatched to worker[4] failed because unable to get work from ready queue.
[2026-09-10T14:46:04.350] [DEBUG] debug-file - current process  memoryUsage: {
  rss: 644177920,
  heapTotal: 52641792,
  heapUsed: 47664768,
  external: 3958577,
  arrayBuffers: 18671
} os memoryUsage :13.706291198730469
[2026-09-10T14:46:08.558] [DEBUG] debug-file - worker[14] has one work done.
[2026-09-10T14:46:08.559] [DEBUG] debug-file - default@PackageHap work[2] done.
[2026-09-10T14:46:08.562] [INFO] debug-file - Finished :entry:default@PackageHap... after 4 s 234 ms 
[2026-09-10T14:46:08.566] [DEBUG] debug-file - Executing task :entry:default@PackingCheck
[2026-09-10T14:46:08.582] [DEBUG] debug-file - entry : default@PackingCheck cost memory 0.5348281860351562
[2026-09-10T14:46:08.583] [DEBUG] debug-file - runTaskFromQueue task cost before running: 54 s 341 ms 
[2026-09-10T14:46:08.583] [INFO] debug-file - Finished :entry:default@PackingCheck... after 17 ms 
[2026-09-10T14:46:08.589] [DEBUG] debug-file - Executing task :entry:default@SignHap
[2026-09-10T14:46:08.590] [WARN] debug-file - Will skip sign 'hos_hap'. No signingConfigs profile is configured in current project.
             If needed, configure the signingConfigs in D:\HW\testproject\complete\2\build-profile.json5.
[2026-09-10T14:46:08.595] [DEBUG] debug-file - entry : default@SignHap cost memory 0.08908843994140625
[2026-09-10T14:46:08.595] [DEBUG] debug-file - runTaskFromQueue task cost before running: 54 s 354 ms 
[2026-09-10T14:46:08.597] [INFO] debug-file - Finished :entry:default@SignHap... after 7 ms 
[2026-09-10T14:46:08.600] [DEBUG] debug-file - Executing task :entry:default@CollectDebugSymbol
[2026-09-10T14:46:08.602] [DEBUG] debug-file - entry : default@CollectDebugSymbol cost memory 0.0978240966796875
[2026-09-10T14:46:08.602] [DEBUG] debug-file - runTaskFromQueue task cost before running: 54 s 361 ms 
[2026-09-10T14:46:08.603] [INFO] debug-file - Finished :entry:default@CollectDebugSymbol... after 3 ms 
[2026-09-10T14:46:08.603] [DEBUG] debug-file - Executing task :entry:assembleHap
[2026-09-10T14:46:08.603] [DEBUG] debug-file - entry : assembleHap cost memory 0.01323699951171875
[2026-09-10T14:46:08.604] [DEBUG] debug-file - runTaskFromQueue task cost before running: 54 s 362 ms 
[2026-09-10T14:46:08.604] [INFO] debug-file - Finished :entry:assembleHap... after 1 ms 
[2026-09-10T14:46:08.605] [DEBUG] debug-file - Executing task ::MakeProjectPackInfo
[2026-09-10T14:46:08.610] [DEBUG] debug-file - Task ':MakeProjectPackInfo' cost while wrapping incremental declarations: 1 ms 
[2026-09-10T14:46:08.615] [DEBUG] debug-file - Project Pack Info: {
  summary: {
    app: { bundleName: 'c***p', bundleType: 'app', version: [Object] },
    modules: [ [Object] ]
  },
  packages: [
    {
      deviceType: [Array],
      moduleType: 'entry',
      deliveryWithInstall: true,
      name: 'entry-default'
    }
  ]
}
[2026-09-10T14:46:08.619] [DEBUG] debug-file - 2 : MakeProjectPackInfo cost memory 0.252105712890625
[2026-09-10T14:46:08.619] [DEBUG] debug-file - runTaskFromQueue task cost before running: 54 s 378 ms 
[2026-09-10T14:46:08.619] [INFO] debug-file - Finished ::MakeProjectPackInfo... after 14 ms 
[2026-09-10T14:46:08.620] [DEBUG] debug-file - Executing task ::ProcessProjectPrivacyProfile
[2026-09-10T14:46:08.636] [DEBUG] debug-file - 2 : ProcessProjectPrivacyProfile cost memory 0.1964569091796875
[2026-09-10T14:46:08.638] [DEBUG] debug-file - runTaskFromQueue task cost before running: 54 s 397 ms 
[2026-09-10T14:46:08.641] [INFO] debug-file - Finished ::ProcessProjectPrivacyProfile... after 19 ms 
[2026-09-10T14:46:08.642] [DEBUG] debug-file - Executing task ::GeneratePackRes
[2026-09-10T14:46:08.643] [DEBUG] debug-file - 2 : GeneratePackRes cost memory 0.02376556396484375
[2026-09-10T14:46:08.643] [DEBUG] debug-file - runTaskFromQueue task cost before running: 54 s 402 ms 
[2026-09-10T14:46:08.643] [INFO] debug-file - Finished ::GeneratePackRes... after 2 ms 
[2026-09-10T14:46:08.644] [DEBUG] debug-file - Executing task ::PackageApp
[2026-09-10T14:46:08.648] [DEBUG] debug-file - Task ':PackageApp' cost while wrapping incremental declarations: 1 ms 
[2026-09-10T14:46:08.659] [DEBUG] debug-file - A work dispatched to worker[14] failed because unable to get work from ready queue.
[2026-09-10T14:46:08.665] [DEBUG] debug-file - Use tool [PackageApp]
 [
  'java',
  '-Dfile.encoding=GBK',
  '-jar',
  'E:\\DevEco Studio\\sdk\\default\\openharmony\\toolchains\\lib\\app_packing_tool.jar',
  '--mode',
  'app',
  '--pack-info-path',
  'D:\\HW\\testproject\\complete\\2\\build\\outputs\\default\\pack.info',
  '--hap-path',
  'D:\\HW\\testproject\\complete\\2\\entry\\build\\default\\outputs\\default\\app\\entry-default.hap',
  '--hsp-path',
  '',
  '--force',
  'true',
  '--out-path',
  'D:\\HW\\testproject\\complete\\2\\build\\outputs\\default\\2-default-unsigned.app',
  '--main-module-limit',
  '2',
  '--normal-module-limit',
  '2',
  '--pac-json-path',
  'D:\\HW\\testproject\\complete\\2\\build\\outputs\\default\\pac.json'
]
[2026-09-10T14:46:08.667] [DEBUG] debug-file - current process  memoryUsage: {
  rss: 644792320,
  heapTotal: 121458688,
  heapUsed: 116029280,
  external: 3968351,
  arrayBuffers: 32700
} os memoryUsage :13.687419891357422
[2026-09-10T14:46:12.609] [DEBUG] debug-file - 2 : PackageApp cost memory 0.45311737060546875
[2026-09-10T14:46:12.610] [DEBUG] debug-file - runTaskFromQueue task cost before running: 58 s 368 ms 
[2026-09-10T14:46:12.610] [INFO] debug-file - Finished ::PackageApp... after 3 s 966 ms 
[2026-09-10T14:46:12.611] [DEBUG] debug-file - Executing task ::SignPackagesFromApp
[2026-09-10T14:46:12.614] [DEBUG] debug-file - 2 : SignPackagesFromApp cost memory 0.0321502685546875
[2026-09-10T14:46:12.614] [DEBUG] debug-file - runTaskFromQueue task cost before running: 58 s 372 ms 
[2026-09-10T14:46:12.615] [INFO] debug-file - Finished ::SignPackagesFromApp... after 4 ms 
[2026-09-10T14:46:12.615] [DEBUG] debug-file - Executing task ::SignApp
[2026-09-10T14:46:12.616] [DEBUG] debug-file - signingConfigName of signApp is :  undefined
[2026-09-10T14:46:12.616] [WARN] debug-file - Will skip sign 'app'. No signingConfigs profile is configured in current project.
             If needed, configure the signingConfigs in D:\HW\testproject\complete\2\build-profile.json5.
[2026-09-10T14:46:12.619] [DEBUG] debug-file - 2 : SignApp cost memory 0.09810638427734375
[2026-09-10T14:46:12.619] [DEBUG] debug-file - runTaskFromQueue task cost before running: 58 s 377 ms 
[2026-09-10T14:46:12.619] [INFO] debug-file - Finished ::SignApp... after 4 ms 
[2026-09-10T14:46:12.620] [DEBUG] debug-file - Executing task ::assembleApp
[2026-09-10T14:46:12.620] [DEBUG] debug-file - 2 : assembleApp cost memory 0.01305389404296875
[2026-09-10T14:46:12.620] [DEBUG] debug-file - runTaskFromQueue task cost before running: 58 s 378 ms 
[2026-09-10T14:46:12.620] [INFO] debug-file - Finished ::assembleApp... after 1 ms 
[2026-09-10T14:46:12.623] [INFO] debug-file - BUILD SUCCESSFUL in 58 s 381 ms 
[2026-09-10T14:46:12.628] [DEBUG] debug-file - Update task entry:default@PreBuild input file:D:\HW\testproject\complete\2\AppScope\app.json5 cache by regenerate.
[2026-09-10T14:46:12.629] [DEBUG] debug-file - Update task entry:default@PreBuild input file:D:\HW\testproject\complete\2\entry\src\main\module.json5 cache by regenerate.
[2026-09-10T14:46:12.630] [DEBUG] debug-file - Update task entry:default@PreBuild input file:D:\HW\testproject\complete\2\build-profile.json5 cache by regenerate.
[2026-09-10T14:46:12.631] [DEBUG] debug-file - Update task entry:default@PreBuild input file:D:\HW\testproject\complete\2\entry\build-profile.json5 cache by regenerate.
[2026-09-10T14:46:12.631] [DEBUG] debug-file - Update task entry:default@PreBuild input file:D:\HW\testproject\complete\2\entry\src\main\resources\base\profile\main_pages.json cache by regenerate.
[2026-09-10T14:46:12.632] [DEBUG] debug-file - Update task entry:default@PreBuild input file:D:\HW\testproject\complete\2\hvigor\hvigor-config.json5 cache by regenerate.
[2026-09-10T14:46:12.632] [DEBUG] debug-file - Update task entry:default@PreBuild input file:D:\HW\testproject\complete\2\entry\src\mock\mock-config.json5 cache by regenerate.
[2026-09-10T14:46:12.633] [DEBUG] debug-file - Update task entry:default@PreBuild input file:D:\HW\testproject\complete\2\entry\oh-package.json5 cache by regenerate.
[2026-09-10T14:46:12.634] [DEBUG] debug-file - Update task entry:default@PreBuild input file:D:\HW\testproject\complete\2\oh-package.json5 cache by regenerate.
[2026-09-10T14:46:12.634] [DEBUG] debug-file - Incremental task entry:default@PreBuild post-execution cost:10 ms .
[2026-09-10T14:46:12.635] [DEBUG] debug-file - Update task entry:default@CreateModuleInfo output file:D:\HW\testproject\complete\2\entry\build\default\generated\profile\default\ModuleInfo.ts cache.
[2026-09-10T14:46:12.635] [DEBUG] debug-file - Incremental task entry:default@CreateModuleInfo post-execution cost:1 ms .
[2026-09-10T14:46:12.635] [DEBUG] debug-file - Update task entry:default@GenerateMetadata input file:D:\HW\testproject\complete\2\entry\src\main\module.json5 cache by regenerate.
[2026-09-10T14:46:12.636] [DEBUG] debug-file - Update task entry:default@GenerateMetadata output file:D:\HW\testproject\complete\2\entry\build\default\intermediates\hap_metadata\default\output_metadata.json cache.
[2026-09-10T14:46:12.636] [DEBUG] debug-file - Incremental task entry:default@GenerateMetadata post-execution cost:1 ms .
[2026-09-10T14:46:12.636] [DEBUG] debug-file - Update task entry:default@MergeProfile input file:D:\HW\testproject\complete\2\AppScope\app.json5 cache by regenerate.
[2026-09-10T14:46:12.637] [DEBUG] debug-file - Update task entry:default@MergeProfile input file:D:\HW\testproject\complete\2\build-profile.json5 cache by regenerate.
[2026-09-10T14:46:12.637] [DEBUG] debug-file - Update task entry:default@MergeProfile input file:D:\HW\testproject\complete\2\entry\src\main\module.json5 cache by regenerate.
[2026-09-10T14:46:12.638] [DEBUG] debug-file - Update task entry:default@MergeProfile output file:D:\HW\testproject\complete\2\entry\build\default\intermediates\merge_profile\default\module.json cache.
[2026-09-10T14:46:12.639] [DEBUG] debug-file - Incremental task entry:default@MergeProfile post-execution cost:3 ms .
[2026-09-10T14:46:12.640] [DEBUG] debug-file - Update task entry:default@CreateBuildProfile input file:D:\HW\testproject\complete\2\AppScope\app.json5 cache by regenerate.
[2026-09-10T14:46:12.640] [DEBUG] debug-file - Update task entry:default@CreateBuildProfile input file:D:\HW\testproject\complete\2\build-profile.json5 cache by regenerate.
[2026-09-10T14:46:12.641] [DEBUG] debug-file - Update task entry:default@CreateBuildProfile output file:D:\HW\testproject\complete\2\entry\build\default\generated\profile\default\BuildProfile.ets cache.
[2026-09-10T14:46:12.642] [DEBUG] debug-file - Incremental task entry:default@CreateBuildProfile post-execution cost:3 ms .
[2026-09-10T14:46:12.642] [DEBUG] debug-file - Update task entry:default@GeneratePkgContextInfo output file:D:\HW\testproject\complete\2\entry\build\default\intermediates\loader\default\pkgContextInfo.json cache.
[2026-09-10T14:46:12.643] [DEBUG] debug-file - Incremental task entry:default@GeneratePkgContextInfo post-execution cost:1 ms .
[2026-09-10T14:46:12.643] [DEBUG] debug-file - Update task entry:default@GeneratePkgSdkInfo output file:D:\HW\testproject\complete\2\entry\build\default\intermediates\loader\default\pkgSdkInfo.json cache.
[2026-09-10T14:46:12.643] [DEBUG] debug-file - Incremental task entry:default@GeneratePkgSdkInfo post-execution cost:1 ms .
[2026-09-10T14:46:12.643] [DEBUG] debug-file - Update task entry:default@ProcessIntegratedHsp output file:D:\HW\testproject\complete\2\build\cache\default\integrated_hsp\integratedHspCache.json cache.
[2026-09-10T14:46:12.644] [DEBUG] debug-file - Incremental task entry:default@ProcessIntegratedHsp post-execution cost:1 ms .
[2026-09-10T14:46:12.644] [DEBUG] debug-file - Update task entry:default@MakePackInfo input file:D:\HW\testproject\complete\2\AppScope\app.json5 cache by regenerate.
[2026-09-10T14:46:12.645] [DEBUG] debug-file - Update task entry:default@MakePackInfo input file:D:\HW\testproject\complete\2\entry\src\main\module.json5 cache by regenerate.
[2026-09-10T14:46:12.645] [DEBUG] debug-file - Update task entry:default@MakePackInfo input file:D:\HW\testproject\complete\2\build-profile.json5 cache by regenerate.
[2026-09-10T14:46:12.646] [DEBUG] debug-file - Update task entry:default@MakePackInfo input file:D:\HW\testproject\complete\2\entry\src\main\resources\base\profile\backup_config.json cache by regenerate.
[2026-09-10T14:46:12.647] [DEBUG] debug-file - Update task entry:default@MakePackInfo output file:D:\HW\testproject\complete\2\entry\build\default\outputs\default\pack.info cache.
[2026-09-10T14:46:12.648] [DEBUG] debug-file - Incremental task entry:default@MakePackInfo post-execution cost:4 ms .
[2026-09-10T14:46:12.648] [DEBUG] debug-file - Update task entry:default@SyscapTransform input file:E:\DevEco Studio\sdk\default\openharmony\toolchains\syscap_tool.exe cache by regenerate.
[2026-09-10T14:46:12.648] [DEBUG] debug-file - Update task entry:default@SyscapTransform input file:E:\DevEco Studio\sdk\default\openharmony\ets\api\device-define cache by regenerate.
[2026-09-10T14:46:12.650] [DEBUG] debug-file - Update task entry:default@SyscapTransform output file:D:\HW\testproject\complete\2\entry\build\default\intermediates\syscap\default\rpcid.sc cache.
[2026-09-10T14:46:12.651] [DEBUG] debug-file - Incremental task entry:default@SyscapTransform post-execution cost:3 ms .
[2026-09-10T14:46:12.651] [DEBUG] debug-file - Update task entry:default@ProcessProfile input file:D:\HW\testproject\complete\2\entry\build\default\intermediates\merge_profile\default\module.json cache by regenerate.
[2026-09-10T14:46:12.651] [DEBUG] debug-file - Update task entry:default@ProcessProfile output file:D:\HW\testproject\complete\2\entry\build\default\intermediates\process_profile\default\module.json cache.
[2026-09-10T14:46:12.652] [DEBUG] debug-file - Incremental task entry:default@ProcessProfile post-execution cost:2 ms .
[2026-09-10T14:46:12.653] [DEBUG] debug-file - Update task entry:default@ProcessRouterMap input file:D:\HW\testproject\complete\2\entry\oh-package.json5 cache by regenerate.
[2026-09-10T14:46:12.654] [DEBUG] debug-file - Update task entry:default@ProcessRouterMap input file:D:\HW\testproject\complete\2\oh-package.json5 cache by regenerate.
[2026-09-10T14:46:12.655] [DEBUG] debug-file - Update task entry:default@ProcessRouterMap input file:D:\HW\testproject\complete\2\entry\src\main\module.json5 cache by regenerate.
[2026-09-10T14:46:12.656] [DEBUG] debug-file - Update task entry:default@ProcessRouterMap input file:D:\HW\testproject\complete\2\entry\build\default\intermediates\loader\default\pkgContextInfo.json cache by regenerate.
[2026-09-10T14:46:12.656] [DEBUG] debug-file - Update task entry:default@ProcessRouterMap output file:D:\HW\testproject\complete\2\entry\build\default\intermediates\router_map\default\temp-router-map.json cache.
[2026-09-10T14:46:12.657] [DEBUG] debug-file - Update task entry:default@ProcessRouterMap output file:D:\HW\testproject\complete\2\entry\build\default\intermediates\router_map\default\loader-router-map.json cache.
[2026-09-10T14:46:12.657] [DEBUG] debug-file - Incremental task entry:default@ProcessRouterMap post-execution cost:5 ms .
[2026-09-10T14:46:12.658] [DEBUG] debug-file - Update task entry:default@ProcessShareConfig input file:D:\HW\testproject\complete\2\entry\oh-package.json5 cache by regenerate.
[2026-09-10T14:46:12.658] [DEBUG] debug-file - Update task entry:default@ProcessShareConfig input file:D:\HW\testproject\complete\2\oh-package.json5 cache by regenerate.
[2026-09-10T14:46:12.658] [DEBUG] debug-file - Update task entry:default@ProcessShareConfig input file:D:\HW\testproject\complete\2\entry\src\main\module.json5 cache by regenerate.
[2026-09-10T14:46:12.659] [DEBUG] debug-file - Update task entry:default@ProcessShareConfig input file:D:\HW\testproject\complete\2\entry\build\default\intermediates\loader\default\pkgContextInfo.json cache by regenerate.
[2026-09-10T14:46:12.660] [DEBUG] debug-file - Update task entry:default@ProcessShareConfig output file:D:\HW\testproject\complete\2\entry\build\default\intermediates\share_config\default\temp-share-config.json cache.
[2026-09-10T14:46:12.661] [DEBUG] debug-file - Incremental task entry:default@ProcessShareConfig post-execution cost:4 ms .
[2026-09-10T14:46:12.662] [DEBUG] debug-file - Update task entry:default@ProcessStartupConfig input file:D:\HW\testproject\complete\2\entry\build\default\intermediates\loader\default\pkgContextInfo.json cache by regenerate.
[2026-09-10T14:46:12.663] [DEBUG] debug-file - Update task entry:default@ProcessStartupConfig output file:D:\HW\testproject\complete\2\entry\build\default\intermediates\startup\default\startup_config.json cache.
[2026-09-10T14:46:12.664] [DEBUG] debug-file - Incremental task entry:default@ProcessStartupConfig post-execution cost:4 ms .
[2026-09-10T14:46:12.665] [DEBUG] debug-file - Update task entry:default@ProcessResource output file:D:\HW\testproject\complete\2\entry\build\default\intermediates\res\default\resConfig.json cache.
[2026-09-10T14:46:12.665] [DEBUG] debug-file - Update task entry:default@ProcessResource output file:D:\HW\testproject\complete\2\entry\build\default\intermediates\res\default\opt-compression.json cache.
[2026-09-10T14:46:12.666] [DEBUG] debug-file - Incremental task entry:default@ProcessResource post-execution cost:1 ms .
[2026-09-10T14:46:12.668] [DEBUG] debug-file - Update task entry:default@GenerateLoaderJson input file:D:\HW\testproject\complete\2\entry\src\mock\mock-config.json5 cache by regenerate.
[2026-09-10T14:46:12.668] [DEBUG] debug-file - Update task entry:default@GenerateLoaderJson input file:D:\HW\testproject\complete\2\entry\build\default\intermediates\loader\default\pkgContextInfo.json cache by regenerate.
[2026-09-10T14:46:12.669] [DEBUG] debug-file - Update task entry:default@GenerateLoaderJson input file:D:\HW\testproject\complete\2\entry\build\default\intermediates\router_map\default\temp-router-map.json cache by regenerate.
[2026-09-10T14:46:12.670] [DEBUG] debug-file - Update task entry:default@GenerateLoaderJson output file:D:\HW\testproject\complete\2\entry\build\default\intermediates\loader\default\loader.json cache.
[2026-09-10T14:46:12.670] [DEBUG] debug-file - Incremental task entry:default@GenerateLoaderJson post-execution cost:5 ms .
[2026-09-10T14:46:12.671] [DEBUG] debug-file - Update task entry:default@ProcessLibs input file:D:\HW\testproject\complete\2\build-profile.json5 cache by regenerate.
[2026-09-10T14:46:12.671] [DEBUG] debug-file - Update task entry:default@ProcessLibs input file:D:\HW\testproject\complete\2\entry\build-profile.json5 cache by regenerate.
[2026-09-10T14:46:12.671] [DEBUG] debug-file - Update task entry:default@ProcessLibs output file:D:\HW\testproject\complete\2\entry\build\default\intermediates\libs\default cache.
[2026-09-10T14:46:12.672] [DEBUG] debug-file - Incremental task entry:default@ProcessLibs post-execution cost:3 ms .
[2026-09-10T14:46:12.675] [DEBUG] debug-file - Update task entry:default@CompileResource input file:D:\HW\testproject\complete\2\entry\src\main\resources cache by regenerate.
[2026-09-10T14:46:12.682] [DEBUG] debug-file - Update task entry:default@CompileResource input file:D:\HW\testproject\complete\2\AppScope\resources cache by regenerate.
[2026-09-10T14:46:12.687] [DEBUG] debug-file - Update task entry:default@CompileResource input file:D:\HW\testproject\complete\2\entry\build\default\intermediates\process_profile\default\module.json cache by regenerate.
[2026-09-10T14:46:12.688] [DEBUG] debug-file - Update task entry:default@CompileResource input file:D:\HW\testproject\complete\2\entry\build\default\intermediates\res\default\resConfig.json cache by regenerate.
[2026-09-10T14:46:12.689] [DEBUG] debug-file - Update task entry:default@CompileResource output file:D:\HW\testproject\complete\2\entry\build\default\intermediates\res\default cache.
[2026-09-10T14:46:12.697] [DEBUG] debug-file - Update task entry:default@CompileResource output file:D:\HW\testproject\complete\2\entry\build\default\generated\r\default\ResourceTable.h cache.
[2026-09-10T14:46:12.697] [DEBUG] debug-file - Update task entry:default@CompileResource output file:D:\HW\testproject\complete\2\entry\build\default\generated\r\default\ResourceTable.ts cache.
[2026-09-10T14:46:12.698] [DEBUG] debug-file - Update task entry:default@CompileResource output file:D:\HW\testproject\complete\2\entry\build\default\generated\r\default cache.
[2026-09-10T14:46:12.698] [DEBUG] debug-file - Incremental task entry:default@CompileResource post-execution cost:26 ms .
[2026-09-10T14:46:12.699] [DEBUG] debug-file - Update task entry:default@DoNativeStrip input file:D:\HW\testproject\complete\2\entry\build\default\intermediates\libs\default cache by regenerate.
[2026-09-10T14:46:12.699] [DEBUG] debug-file - Update task entry:default@DoNativeStrip output file:D:\HW\testproject\complete\2\entry\build\default\intermediates\stripped_native_libs\default cache.
[2026-09-10T14:46:12.699] [DEBUG] debug-file - Incremental task entry:default@DoNativeStrip post-execution cost:1 ms .
[2026-09-10T14:46:12.702] [DEBUG] debug-file - Update task entry:default@CompileArkTS input file:D:\HW\testproject\complete\2\entry\build\default\intermediates\loader\default cache by regenerate.
[2026-09-10T14:46:12.703] [DEBUG] debug-file - Update task entry:default@CompileArkTS input file:D:\HW\testproject\complete\2\entry\build\default\intermediates\res\default\resources\rawfile cache by regenerate.
[2026-09-10T14:46:12.704] [DEBUG] debug-file - Update task entry:default@CompileArkTS input file:D:\HW\testproject\complete\2\entry\build\default\intermediates\res\default\ResourceTable.txt cache by regenerate.
[2026-09-10T14:46:12.705] [DEBUG] debug-file - Update task entry:default@CompileArkTS input file:D:\HW\testproject\complete\2\entry\build\default\intermediates\res\default\ark_module.json cache by regenerate.
[2026-09-10T14:46:12.706] [DEBUG] debug-file - Update task entry:default@CompileArkTS input file:D:\HW\testproject\complete\2\entry\build\default\intermediates\res\default\resources\base\profile cache by regenerate.
[2026-09-10T14:46:12.707] [DEBUG] debug-file - Update task entry:default@CompileArkTS input file:D:\HW\testproject\complete\2\entry\src\main\ets cache by regenerate.
[2026-09-10T14:46:12.711] [DEBUG] debug-file - Update task entry:default@CompileArkTS input file:D:\HW\testproject\complete\2\entry\build\default\intermediates\loader\default\pkgContextInfo.json cache by regenerate.
[2026-09-10T14:46:12.712] [DEBUG] debug-file - Update task entry:default@CompileArkTS input file:D:\HW\testproject\complete\2\entry\build\default\generated\profile\default\BuildProfile.ets cache by regenerate.
[2026-09-10T14:46:12.712] [DEBUG] debug-file - Update task entry:default@CompileArkTS input file:D:\HW\testproject\complete\2\entry\src\mock\mock-config.json5 cache by regenerate.
[2026-09-10T14:46:12.712] [DEBUG] debug-file - Update task entry:default@CompileArkTS output file:D:\HW\testproject\complete\2\entry\build\default\intermediates\loader_out\default\ets cache.
[2026-09-10T14:46:12.713] [DEBUG] debug-file - Incremental task entry:default@CompileArkTS post-execution cost:14 ms .
[2026-09-10T14:46:12.715] [DEBUG] debug-file - Update task entry:default@BuildJS input file:D:\HW\testproject\complete\2\entry\build\default\intermediates\loader\default cache by regenerate.
[2026-09-10T14:46:12.716] [DEBUG] debug-file - Update task entry:default@BuildJS input file:D:\HW\testproject\complete\2\entry\build\default\intermediates\res\default\resources\rawfile cache by regenerate.
[2026-09-10T14:46:12.717] [DEBUG] debug-file - Update task entry:default@BuildJS input file:D:\HW\testproject\complete\2\entry\build\default\intermediates\res\default\ResourceTable.txt cache by regenerate.
[2026-09-10T14:46:12.717] [DEBUG] debug-file - Update task entry:default@BuildJS input file:D:\HW\testproject\complete\2\entry\build\default\intermediates\res\default\ark_module.json cache by regenerate.
[2026-09-10T14:46:12.718] [DEBUG] debug-file - Update task entry:default@BuildJS input file:D:\HW\testproject\complete\2\entry\build\default\intermediates\res\default\resources\base\profile cache by regenerate.
[2026-09-10T14:46:12.720] [DEBUG] debug-file - Update task entry:default@BuildJS input file:D:\HW\testproject\complete\2\entry\build\default\intermediates\loader\default\pkgContextInfo.json cache by regenerate.
[2026-09-10T14:46:12.721] [DEBUG] debug-file - Update task entry:default@BuildJS output file:D:\HW\testproject\complete\2\entry\build\default\intermediates\loader_out\default\js cache.
[2026-09-10T14:46:12.722] [DEBUG] debug-file - Incremental task entry:default@BuildJS post-execution cost:8 ms .
[2026-09-10T14:46:12.722] [DEBUG] debug-file - Update task entry:default@CacheNativeLibs input file:D:\HW\testproject\complete\2\entry\build\default\intermediates\stripped_native_libs\default cache by regenerate.
[2026-09-10T14:46:12.723] [DEBUG] debug-file - Update task entry:default@CacheNativeLibs input file:D:\HW\testproject\complete\2\entry\build\default\intermediates\libs\default cache by regenerate.
[2026-09-10T14:46:12.725] [DEBUG] debug-file - Update task entry:default@CacheNativeLibs output file:D:\HW\testproject\complete\2\entry\build\default\intermediates\patch\default\base_native_libs.json cache.
[2026-09-10T14:46:12.727] [DEBUG] debug-file - Update task entry:default@CacheNativeLibs output file:D:\HW\testproject\complete\2\entry\build\default\intermediates\patch\default\binxo_native_libs.json cache.
[2026-09-10T14:46:12.728] [DEBUG] debug-file - Incremental task entry:default@CacheNativeLibs post-execution cost:7 ms .
[2026-09-10T14:46:12.728] [DEBUG] debug-file - Update task entry:default@GeneratePkgModuleJson input file:D:\HW\testproject\complete\2\entry\build\default\intermediates\res\default\module.json cache by regenerate.
[2026-09-10T14:46:12.729] [DEBUG] debug-file - Update task entry:default@GeneratePkgModuleJson output file:D:\HW\testproject\complete\2\entry\build\default\intermediates\package\default\module.json cache.
[2026-09-10T14:46:12.729] [DEBUG] debug-file - Incremental task entry:default@GeneratePkgModuleJson post-execution cost:1 ms .
[2026-09-10T14:46:12.730] [DEBUG] debug-file - Incremental task entry:default@ProcessCompiledResources post-execution cost:1 ms .
[2026-09-10T14:46:12.731] [DEBUG] debug-file - Update task entry:default@PackageHap input file:D:\HW\testproject\complete\2\entry\build\default\outputs\default\pack.info cache by regenerate.
[2026-09-10T14:46:12.731] [DEBUG] debug-file - Update task entry:default@PackageHap input file:D:\HW\testproject\complete\2\entry\build\default\intermediates\stripped_native_libs\default cache by regenerate.
[2026-09-10T14:46:12.731] [DEBUG] debug-file - Update task entry:default@PackageHap input file:D:\HW\testproject\complete\2\entry\build\default\intermediates\res\default\module.json cache by regenerate.
[2026-09-10T14:46:12.732] [DEBUG] debug-file - Update task entry:default@PackageHap input file:D:\HW\testproject\complete\2\entry\build\default\intermediates\res\default\resources cache by regenerate.
[2026-09-10T14:46:12.736] [DEBUG] debug-file - Update task entry:default@PackageHap input file:D:\HW\testproject\complete\2\entry\build\default\intermediates\res\default\resources.index cache by regenerate.
[2026-09-10T14:46:12.737] [DEBUG] debug-file - Update task entry:default@PackageHap input file:D:\HW\testproject\complete\2\entry\build\default\intermediates\loader_out\default\ets cache by regenerate.
[2026-09-10T14:46:12.738] [DEBUG] debug-file - Update task entry:default@PackageHap input file:D:\HW\testproject\complete\2\entry\build\default\intermediates\loader\default\pkgContextInfo.json cache by regenerate.
[2026-09-10T14:46:12.739] [DEBUG] debug-file - Update task entry:default@PackageHap input file:D:\HW\testproject\complete\2\entry\build\default\intermediates\package\default\module.json cache by regenerate.
[2026-09-10T14:46:12.740] [DEBUG] debug-file - Update task entry:default@PackageHap input file:D:\HW\testproject\complete\2\entry\build\default\intermediates\loader_out\default\ets\sourceMaps.map cache by regenerate.
[2026-09-10T14:46:12.740] [DEBUG] debug-file - Update task entry:default@PackageHap input file:D:\HW\testproject\complete\2\entry\build\default\generated\profile\default\BuildProfile.ets cache by regenerate.
[2026-09-10T14:46:12.741] [DEBUG] debug-file - Update task entry:default@PackageHap output file:D:\HW\testproject\complete\2\entry\build\default\outputs\default\entry-default-unsigned.hap cache.
[2026-09-10T14:46:12.741] [DEBUG] debug-file - Update task entry:default@PackageHap output file:D:\HW\testproject\complete\2\entry\build\default\intermediates\source_map\default\sourceMaps.map cache.
[2026-09-10T14:46:12.742] [DEBUG] debug-file - Update task entry:default@PackageHap output file:D:\HW\testproject\complete\2\entry\build\default\outputs\default\mapping\sourceMaps.map cache.
[2026-09-10T14:46:12.743] [DEBUG] debug-file - Incremental task entry:default@PackageHap post-execution cost:14 ms .
[2026-09-10T14:46:12.743] [DEBUG] debug-file - Update task entry:default@SignHap input file:D:\HW\testproject\complete\2\entry\build\default\outputs\default\entry-default-unsigned.hap cache by regenerate.
[2026-09-10T14:46:12.744] [DEBUG] debug-file - Update task entry:default@SignHap output file:D:\HW\testproject\complete\2\entry\build\default\outputs\default\entry-default-signed.hap cache.
[2026-09-10T14:46:12.744] [DEBUG] debug-file - Incremental task entry:default@SignHap post-execution cost:2 ms .
[2026-09-10T14:46:12.745] [DEBUG] debug-file - Update task entry:default@CollectDebugSymbol input file:D:\HW\testproject\complete\2\entry\build\default\intermediates\loader_out\default\ets\sourceMaps.map cache by regenerate.
[2026-09-10T14:46:12.746] [DEBUG] debug-file - Update task entry:default@CollectDebugSymbol input file:D:\HW\testproject\complete\2\entry\build\default\intermediates\libs\default cache by regenerate.
[2026-09-10T14:46:12.746] [DEBUG] debug-file - Update task entry:default@CollectDebugSymbol output file:D:\HW\testproject\complete\2\entry\build\default\outputs\default\symbol cache.
[2026-09-10T14:46:12.747] [DEBUG] debug-file - Incremental task entry:default@CollectDebugSymbol post-execution cost:3 ms .
[2026-09-10T14:46:12.747] [DEBUG] debug-file - Update task :MakeProjectPackInfo input file:D:\HW\testproject\complete\2\entry\build\default\outputs\default\pack.info cache by regenerate.
[2026-09-10T14:46:12.748] [DEBUG] debug-file - Update task :MakeProjectPackInfo output file:D:\HW\testproject\complete\2\build\outputs\default\pack.info cache.
[2026-09-10T14:46:12.749] [DEBUG] debug-file - Incremental task :MakeProjectPackInfo post-execution cost:3 ms .
[2026-09-10T14:46:12.750] [DEBUG] debug-file - Update task :ProcessProjectPrivacyProfile output file:D:\HW\testproject\complete\2\build\outputs\default\pac.json cache.
[2026-09-10T14:46:12.751] [DEBUG] debug-file - Incremental task :ProcessProjectPrivacyProfile post-execution cost:2 ms .
[2026-09-10T14:46:12.751] [DEBUG] debug-file - Update task :GeneratePackRes input file:D:\HW\testproject\complete\2\build\outputs\default\pack.info cache by regenerate.
[2026-09-10T14:46:12.752] [DEBUG] debug-file - Incremental task :GeneratePackRes post-execution cost:2 ms .
[2026-09-10T14:46:12.753] [DEBUG] debug-file - Update task :PackageApp input file:D:\HW\testproject\complete\2\build\outputs\default\pack.info cache by regenerate.
[2026-09-10T14:46:12.754] [DEBUG] debug-file - Update task :PackageApp input file:D:\HW\testproject\complete\2\entry\build\default\outputs\default\entry-default-unsigned.hap cache by regenerate.
[2026-09-10T14:46:12.756] [DEBUG] debug-file - Update task :PackageApp input file:D:\HW\testproject\complete\2\build\outputs\default\pac.json cache by regenerate.
[2026-09-10T14:46:12.756] [DEBUG] debug-file - Update task :PackageApp output file:D:\HW\testproject\complete\2\build\outputs\default\2-default-unsigned.app cache.
[2026-09-10T14:46:12.757] [DEBUG] debug-file - Update task :PackageApp output file:D:\HW\testproject\complete\2\entry\build\default\outputs\default\app\entry-default.hap cache.
[2026-09-10T14:46:12.757] [DEBUG] debug-file - Update task :PackageApp output file:D:\HW\testproject\complete\2\build\outputs\default\symbol\debug cache.
[2026-09-10T14:46:12.757] [DEBUG] debug-file - Incremental task :PackageApp post-execution cost:5 ms .
[2026-09-10T14:46:12.757] [DEBUG] debug-file - Update task :SignPackagesFromApp input file:D:\HW\testproject\complete\2\build\outputs\default\2-default-unsigned.app cache by regenerate.
[2026-09-10T14:46:12.759] [DEBUG] debug-file - Incremental task :SignPackagesFromApp post-execution cost:2 ms .
[2026-09-10T14:46:12.759] [DEBUG] debug-file - Update task :SignApp input file:D:\HW\testproject\complete\2\build\outputs\default\2-default-unsigned.app cache by regenerate.
[2026-09-10T14:46:12.760] [DEBUG] debug-file - Update task :SignApp output file:D:\HW\testproject\complete\2\build\outputs\default\2-default-signed.app cache.
[2026-09-10T14:46:12.761] [DEBUG] debug-file - Incremental task :SignApp post-execution cost:2 ms .
[2026-09-10T14:46:12.800] [DEBUG] debug-file - Cleanup worker 0.
[2026-09-10T14:46:12.801] [DEBUG] debug-file - Cleanup worker 1.
[2026-09-10T14:46:12.802] [DEBUG] debug-file - Cleanup worker 14.
[2026-09-10T14:46:12.804] [DEBUG] debug-file - hvigor build process will be closed.
[2026-09-10T14:46:12.807] [DEBUG] debug-file - worker[0] exits with exit code 1.
[2026-09-10T14:46:12.807] [DEBUG] debug-file - Worker 0 has been cleaned up.
[2026-09-10T14:46:12.808] [DEBUG] debug-file - Current idle worker size: 1.
[2026-09-10T14:46:12.808] [DEBUG] debug-file - Current resident worker size: 3.
[2026-09-10T14:46:12.813] [DEBUG] debug-file - session manager: send message to worker process. WorkerThreadId: 0, data: {"type":"hvigor_failed","reason":"Server has disconnected."}
[2026-09-10T14:46:12.813] [DEBUG] debug-file - session manager: send message to worker process. WorkerThreadId: 0, data: {"type":"CloseWatch","reason":"Server has disconnected."}
[2026-09-10T14:46:12.808] [DEBUG] debug-file - worker[1] exits with exit code 1.
[2026-09-10T14:46:12.809] [DEBUG] debug-file - Worker 1 has been cleaned up.
[2026-09-10T14:46:12.809] [DEBUG] debug-file - Current idle worker size: 1.
[2026-09-10T14:46:12.809] [DEBUG] debug-file - Current resident worker size: 2.
[2026-09-10T14:46:12.810] [DEBUG] debug-file - worker[14] exits with exit code 1.
[2026-09-10T14:46:12.810] [DEBUG] debug-file - Worker 14 has been cleaned up.
[2026-09-10T14:46:12.810] [DEBUG] debug-file - Current idle worker size: 1.
[2026-09-10T14:46:12.810] [DEBUG] debug-file - Current resident worker size: 1.
[2026-09-10T14:46:12.813] [DEBUG] debug-file - watch worker: worker id should be larger than 0. Nothing will be sent to any worker thread.
[2026-09-10T14:46:12.814] [DEBUG] debug-file - ABORT_WORK sent to workers.
[2026-09-10T14:46:12.814] [DEBUG] debug-file - watch worker: worker id should be larger than 0. Nothing will be sent to any worker thread.
[2026-09-10T14:52:37.948] [DEBUG] debug-file - env: nodejsVersion=v24.14.1
[2026-09-10T14:52:37.993] [DEBUG] debug-file - env: daemon=true
[2026-09-10T14:52:37.949] [DEBUG] debug-file - env: hvigor-config.json5 content = {
  modelVersion: '6.0.1',
  dependencies: {},
  execution: {},
  logging: {},
  debugging: {},
  nodeOptions: {}
}
[2026-09-10T14:52:38.965] [DEBUG] debug-file - session manager: set active socket. socketId=rgM9OyGTS1vPBasgAAAD
[2026-09-10T14:52:38.979] [DEBUG] debug-file - watch worker: worker id should be larger than 0. Nothing will be sent to any worker thread.
[2026-09-10T14:52:38.987] [DEBUG] debug-file - Workers' log level updated to INFO
[2026-09-10T14:52:38.990] [DEBUG] debug-file - Hvigor init with startParameters:{
  hvigorfileTypeCheck: false,
  parallelExecution: true,
  incrementalExecution: true,
  printStackTrace: false,
  daemon: true,
  analyze: 0,
  logLevel: Level { level: 20000, levelStr: 'INFO', colour: 'green' },
  optimizationStrategy: 'memory',
  hotCompile: undefined,
  hotReloadBuild: undefined,
  customizedParam: undefined
}
[2026-09-10T14:52:38.999] [DEBUG] debug-file - Cache service initialization finished in 8 ms 
[2026-09-10T14:52:39.000] [DEBUG] debug-file - hvigorfile, resolving D:\HW\testproject\complete\2\hvigorfile.ts
[2026-09-10T14:52:39.010] [DEBUG] debug-file - hvigorfile, require result:  { default: { plugins: [] } }
[2026-09-10T14:52:39.010] [DEBUG] debug-file - hvigorfile, binding system plugins null
[2026-09-10T14:52:39.010] [DEBUG] debug-file - Starting plugin build process
[2026-09-10T14:52:39.010] [DEBUG] debug-file - App plugin prepare start...
[2026-09-10T14:52:39.010] [DEBUG] debug-file - App plugin prepare end...
[2026-09-10T14:52:39.010] [DEBUG] debug-file - App plugin creating...
[2026-09-10T14:52:39.017] [DEBUG] debug-file - App plugin register hook start...
[2026-09-10T14:52:39.018] [DEBUG] debug-file - App plugin register hook end...
[2026-09-10T14:52:39.018] [DEBUG] debug-file - Plugin build process completed
[2026-09-10T14:52:39.018] [DEBUG] debug-file - Start initialize project's product build option map with build mode debug.
[2026-09-10T14:52:39.018] [DEBUG] debug-file - Picking option from product 'default' with build mode 'debug'.
[2026-09-10T14:52:39.018] [DEBUG] debug-file - Product 'default' build option initialized
[2026-09-10T14:52:39.018] [DEBUG] debug-file - End initialize project's product build option map with build mode 'debug'.
[2026-09-10T14:52:39.019] [DEBUG] debug-file - Obtain build option for product 'default'in this build.
[2026-09-10T14:52:39.022] [DEBUG] debug-file - No signingConfig found, initRemoteHspCache failed.
[2026-09-10T14:52:39.024] [DEBUG] debug-file - Start recording SDK configuration permission data.
[2026-09-10T14:52:39.075] [DEBUG] debug-file - Sdk init in 53 ms 
[2026-09-10T14:52:39.078] [DEBUG] debug-file - Project task initialization takes 3 ms 
[2026-09-10T14:52:39.078] [DEBUG] debug-file - hvigorfile, begin to bind custom plugins...
[2026-09-10T14:52:39.078] [DEBUG] debug-file - hvigorfile, no custom plugins were found in D:\HW\testproject\complete\2\hvigorfile.ts
[2026-09-10T14:52:39.078] [DEBUG] debug-file - hvigorfile, resolve finished D:\HW\testproject\complete\2\hvigorfile.ts
[2026-09-10T14:52:39.079] [DEBUG] debug-file - hvigorfile, resolving D:\HW\testproject\complete\2\entry\hvigorfile.ts
[2026-09-10T14:52:39.084] [DEBUG] debug-file - hvigorfile, require result:  { default: { plugins: [] } }
[2026-09-10T14:52:39.085] [DEBUG] debug-file - hvigorfile, binding system plugins null
[2026-09-10T14:52:39.085] [DEBUG] debug-file - Starting plugin build process
[2026-09-10T14:52:39.085] [DEBUG] debug-file - Hap plugin creating...
[2026-09-10T14:52:39.086] [DEBUG] debug-file - failed to load cangjie to dynamically generate schemas: Error: Cannot find module '@ohos/cangjie-build-support/index'
Require stack:
- E:\DevEco Studio\tools\hvigor\hvigor-ohos-plugin\src\plugin\hooks\cangjie-register.js
- E:\DevEco Studio\tools\hvigor\hvigor-ohos-plugin\src\plugin\strategy\stage-init-strategy.js
- E:\DevEco Studio\tools\hvigor\hvigor-ohos-plugin\src\plugin\builder\abstract-plugin-builder.js
- E:\DevEco Studio\tools\hvigor\hvigor-ohos-plugin\src\plugin\builder\app-plugin-builder.js
- E:\DevEco Studio\tools\hvigor\hvigor-ohos-plugin\src\plugin\factory\plugin-factory.js
- E:\DevEco Studio\tools\hvigor\hvigor-ohos-plugin\index.js
- D:\HW\testproject\complete\2\hvigorfile.ts
- E:\DevEco Studio\tools\hvigor\hvigor\src\base\internal\lifecycle\configuration.js
- E:\DevEco Studio\tools\hvigor\hvigor\src\base\boot\index.js
- E:\DevEco Studio\tools\hvigor\hvigor\src\base\daemon\cluster\worker-process-lifecycle.js
- E:\DevEco Studio\tools\hvigor\hvigor\src\base\daemon\process\daemon-process-boot-script.js
[2026-09-10T14:52:39.089] [DEBUG] debug-file - Start initialize module-target build option map, moduleName=entry, buildMode=debug
[2026-09-10T14:52:39.089] [DEBUG] debug-file - Target 'default' config initialized
[2026-09-10T14:52:39.090] [DEBUG] debug-file - Target 'ohosTest' config initialized
[2026-09-10T14:52:39.090] [DEBUG] debug-file - Module 'entry' target 'default' build option initialized
[2026-09-10T14:52:39.090] [DEBUG] debug-file - Module 'entry' target 'ohosTest' build option initialized
[2026-09-10T14:52:39.090] [DEBUG] debug-file - End initialize module-target build option map, moduleName=entry
[2026-09-10T14:52:39.090] [DEBUG] debug-file - Start initialize module-target build option map, moduleName=entry, buildMode=release
[2026-09-10T14:52:39.090] [DEBUG] debug-file - Target 'default' config initialized
[2026-09-10T14:52:39.091] [DEBUG] debug-file - Target 'ohosTest' config initialized
[2026-09-10T14:52:39.091] [DEBUG] debug-file - Module 'entry' target 'default' build option initialized
[2026-09-10T14:52:39.091] [DEBUG] debug-file - Module 'entry' target 'ohosTest' build option initialized
[2026-09-10T14:52:39.091] [DEBUG] debug-file - End initialize module-target build option map, moduleName=entry
[2026-09-10T14:52:39.092] [DEBUG] debug-file - Start initialize module-target build option map, moduleName=entry, buildMode=debug
[2026-09-10T14:52:39.092] [DEBUG] debug-file - Target 'default' config initialized
[2026-09-10T14:52:39.092] [DEBUG] debug-file - Target 'ohosTest' config initialized
[2026-09-10T14:52:39.092] [DEBUG] debug-file - Module 'entry' target 'default' build option initialized
[2026-09-10T14:52:39.092] [DEBUG] debug-file - Module 'entry' target 'ohosTest' build option initialized
[2026-09-10T14:52:39.093] [DEBUG] debug-file - End initialize module-target build option map, moduleName=entry
[2026-09-10T14:52:39.093] [DEBUG] debug-file - Obtain build option for module 'entry' target 'default'in this build.
[2026-09-10T14:52:39.094] [DEBUG] debug-file - Module entry task initialization takes 2 ms 
[2026-09-10T14:52:39.095] [DEBUG] debug-file - Hap plugin register hook start...
[2026-09-10T14:52:39.095] [DEBUG] debug-file - Hap plugin register hook end...
[2026-09-10T14:52:39.095] [DEBUG] debug-file - Plugin build process completed
[2026-09-10T14:52:39.095] [DEBUG] debug-file - hvigorfile, begin to bind custom plugins...
[2026-09-10T14:52:39.095] [DEBUG] debug-file - hvigorfile, no custom plugins were found in D:\HW\testproject\complete\2\entry\hvigorfile.ts
[2026-09-10T14:52:39.095] [DEBUG] debug-file - hvigorfile, resolve finished D:\HW\testproject\complete\2\entry\hvigorfile.ts
[2026-09-10T14:52:39.129] [DEBUG] debug-file - hvigorfile, resolve hvigorfile dependencies in 34 ms 
[2026-09-10T14:52:39.129] [DEBUG] debug-file - project has submodules:entry
[2026-09-10T14:52:39.131] [DEBUG] debug-file - start to load updatedOhPackageInfo to the disk
[2026-09-10T14:52:39.133] [DEBUG] debug-file - load to the disk finished
[2026-09-10T14:52:39.134] [DEBUG] debug-file - Start to initialize dependency information.
[2026-09-10T14:52:39.139] [DEBUG] debug-file - Module 2 Collected Dependency: 
[2026-09-10T14:52:39.139] [DEBUG] debug-file - Module 2's total dependency: 0
[2026-09-10T14:52:39.140] [DEBUG] debug-file - Start to initialize dependency information.
[2026-09-10T14:52:39.142] [DEBUG] debug-file - Module entry Collected Dependency: 
[2026-09-10T14:52:39.142] [DEBUG] debug-file - Module entry's total dependency: 0
[2026-09-10T14:52:39.144] [DEBUG] debug-file - Configuration phase cost:145 ms 
[2026-09-10T14:52:39.145] [DEBUG] debug-file - Configuration task cost before running: 158 ms 
[2026-09-10T14:52:39.146] [DEBUG] debug-file - Executing task ::PreBuildApp
[2026-09-10T14:52:39.146] [DEBUG] debug-file - 2 : PreBuildApp cost memory 0.014739990234375
[2026-09-10T14:52:39.146] [DEBUG] debug-file - runTaskFromQueue task cost before running: 159 ms 
[2026-09-10T14:52:39.146] [INFO] debug-file - Finished ::PreBuildApp... after 1 ms 
[2026-09-10T14:52:39.152] [DEBUG] debug-file - Executing task :entry:default@PreBuild
[2026-09-10T14:52:39.157] [DEBUG] debug-file - Task 'entry:default@PreBuild' cost while wrapping incremental declarations: 1 ms 
[2026-09-10T14:52:39.165] [DEBUG] debug-file - Incremental task entry:default@PreBuild pre-execution cost: 7 ms .
[2026-09-10T14:52:39.166] [DEBUG] debug-file - entry : default@PreBuild cost memory 0.6700439453125
[2026-09-10T14:52:39.169] [INFO] debug-file - UP-TO-DATE :entry:default@PreBuild...  
[2026-09-10T14:52:39.169] [DEBUG] debug-file - Executing task ::DuplicateDependencyCheck
[2026-09-10T14:52:39.169] [DEBUG] debug-file - 2 : DuplicateDependencyCheck cost memory 0.01566314697265625
[2026-09-10T14:52:39.170] [DEBUG] debug-file - runTaskFromQueue task cost before running: 183 ms 
[2026-09-10T14:52:39.170] [INFO] debug-file - Finished ::DuplicateDependencyCheck... after 1 ms 
[2026-09-10T14:52:39.171] [DEBUG] debug-file - Executing task :entry:default@CreateModuleInfo
[2026-09-10T14:52:39.171] [DEBUG] debug-file - Task 'entry:default@CreateModuleInfo' cost while wrapping incremental declarations: 1 ms 
[2026-09-10T14:52:39.172] [DEBUG] debug-file - entry : default@CreateModuleInfo cost memory 0.04205322265625
[2026-09-10T14:52:39.172] [DEBUG] debug-file - runTaskFromQueue task cost before running: 185 ms 
[2026-09-10T14:52:39.172] [INFO] debug-file - Finished :entry:default@CreateModuleInfo... after 2 ms 
[2026-09-10T14:52:39.174] [DEBUG] debug-file - Executing task :entry:default@GenerateMetadata
[2026-09-10T14:52:39.175] [DEBUG] debug-file - Task 'entry:default@GenerateMetadata' cost while wrapping incremental declarations: 1 ms 
[2026-09-10T14:52:39.176] [DEBUG] debug-file - Incremental task entry:default@GenerateMetadata pre-execution cost: 2 ms .
[2026-09-10T14:52:39.177] [DEBUG] debug-file - entry : default@GenerateMetadata cost memory 0.09354400634765625
[2026-09-10T14:52:39.177] [INFO] debug-file - UP-TO-DATE :entry:default@GenerateMetadata...  
[2026-09-10T14:52:39.178] [DEBUG] debug-file - Executing task :entry:default@ConfigureCmake
[2026-09-10T14:52:39.178] [DEBUG] debug-file - entry : default@ConfigureCmake cost memory 0.01457977294921875
[2026-09-10T14:52:39.179] [DEBUG] debug-file - runTaskFromQueue task cost before running: 192 ms 
[2026-09-10T14:52:39.179] [INFO] debug-file - Finished :entry:default@ConfigureCmake... after 1 ms 
[2026-09-10T14:52:39.180] [DEBUG] debug-file - Executing task :entry:default@MergeProfile
[2026-09-10T14:52:39.180] [DEBUG] debug-file - Task 'entry:default@MergeProfile' cost while wrapping incremental declarations: 1 ms 
[2026-09-10T14:52:39.183] [DEBUG] debug-file - Incremental task entry:default@MergeProfile pre-execution cost: 2 ms .
[2026-09-10T14:52:39.183] [DEBUG] debug-file - entry : default@MergeProfile cost memory 0.12281036376953125
[2026-09-10T14:52:39.183] [INFO] debug-file - UP-TO-DATE :entry:default@MergeProfile...  
[2026-09-10T14:52:39.185] [DEBUG] debug-file - Executing task :entry:default@CreateBuildProfile
[2026-09-10T14:52:39.185] [DEBUG] debug-file - Task 'entry:default@CreateBuildProfile' cost while wrapping incremental declarations: 1 ms 
[2026-09-10T14:52:39.187] [DEBUG] debug-file - Incremental task entry:default@CreateBuildProfile pre-execution cost: 2 ms .
[2026-09-10T14:52:39.187] [DEBUG] debug-file - entry : default@CreateBuildProfile cost memory 0.1052703857421875
[2026-09-10T14:52:39.187] [INFO] debug-file - UP-TO-DATE :entry:default@CreateBuildProfile...  
[2026-09-10T14:52:39.189] [DEBUG] debug-file - Executing task :entry:default@PreCheckSyscap
[2026-09-10T14:52:39.189] [DEBUG] debug-file - entry : default@PreCheckSyscap cost memory 0.01528167724609375
[2026-09-10T14:52:39.189] [DEBUG] debug-file - runTaskFromQueue task cost before running: 202 ms 
[2026-09-10T14:52:39.189] [INFO] debug-file - Finished :entry:default@PreCheckSyscap... after 1 ms 
[2026-09-10T14:52:39.191] [DEBUG] debug-file - Executing task :entry:default@GeneratePkgContextInfo
[2026-09-10T14:52:39.195] [DEBUG] debug-file - Task 'entry:default@GeneratePkgContextInfo' cost while wrapping incremental declarations: 1 ms 
[2026-09-10T14:52:39.196] [DEBUG] debug-file - Incremental task entry:default@GeneratePkgContextInfo pre-execution cost: 1 ms .
[2026-09-10T14:52:39.196] [DEBUG] debug-file - entry : default@GeneratePkgContextInfo cost memory 0.20737457275390625
[2026-09-10T14:52:39.196] [INFO] debug-file - UP-TO-DATE :entry:default@GeneratePkgContextInfo...  
[2026-09-10T14:52:39.198] [DEBUG] debug-file - Executing task :entry:default@GeneratePkgSdkInfo
[2026-09-10T14:52:39.201] [DEBUG] debug-file - Task 'entry:default@GeneratePkgSdkInfo' cost while wrapping incremental declarations: 1 ms 
[2026-09-10T14:52:39.201] [DEBUG] debug-file - entry : default@GeneratePkgSdkInfo cost memory 0.1004180908203125
[2026-09-10T14:52:39.202] [DEBUG] debug-file - runTaskFromQueue task cost before running: 215 ms 
[2026-09-10T14:52:39.202] [INFO] debug-file - Finished :entry:default@GeneratePkgSdkInfo... after 4 ms 
[2026-09-10T14:52:39.205] [DEBUG] debug-file - Executing task :entry:default@ProcessIntegratedHsp
[2026-09-10T14:52:39.206] [DEBUG] debug-file - entry:default@ProcessIntegratedHsp is not up-to-date, since the output file 'D:\HW\testproject\complete\2\build\cache\default\integrated_hsp\integratedHspCache.json' does not exist.
[2026-09-10T14:52:39.206] [DEBUG] debug-file - Incremental task entry:default@ProcessIntegratedHsp pre-execution cost: 1 ms .
[2026-09-10T14:52:39.206] [DEBUG] debug-file - entry : default@ProcessIntegratedHsp cost memory 0.051422119140625
[2026-09-10T14:52:39.206] [DEBUG] debug-file - runTaskFromQueue task cost before running: 219 ms 
[2026-09-10T14:52:39.206] [INFO] debug-file - Finished :entry:default@ProcessIntegratedHsp... after 2 ms 
[2026-09-10T14:52:39.208] [DEBUG] debug-file - Executing task :entry:default@BuildNativeWithCmake
[2026-09-10T14:52:39.208] [DEBUG] debug-file - entry : default@BuildNativeWithCmake cost memory 0.01457977294921875
[2026-09-10T14:52:39.208] [DEBUG] debug-file - runTaskFromQueue task cost before running: 221 ms 
[2026-09-10T14:52:39.208] [INFO] debug-file - Finished :entry:default@BuildNativeWithCmake... after 1 ms 
[2026-09-10T14:52:39.210] [DEBUG] debug-file - Executing task :entry:default@MakePackInfo
[2026-09-10T14:52:39.213] [DEBUG] debug-file - Incremental task entry:default@MakePackInfo pre-execution cost: 3 ms .
[2026-09-10T14:52:39.213] [DEBUG] debug-file - entry : default@MakePackInfo cost memory 0.11450958251953125
[2026-09-10T14:52:39.214] [INFO] debug-file - UP-TO-DATE :entry:default@MakePackInfo...  
[2026-09-10T14:52:39.216] [DEBUG] debug-file - Executing task :entry:default@SyscapTransform
[2026-09-10T14:52:39.216] [DEBUG] debug-file - File: 'D:\HW\testproject\complete\2\entry\src\main\syscap.json' from 'sysCapJsonPath' is not exists, just ignore.
[2026-09-10T14:52:39.217] [DEBUG] debug-file - Task 'entry:default@SyscapTransform' cost while wrapping incremental declarations: 1 ms 
[2026-09-10T14:52:39.218] [DEBUG] debug-file - entry:default@SyscapTransform is not up-to-date, since the output file 'D:\HW\testproject\complete\2\entry\build\default\intermediates\syscap\default\rpcid.sc' does not exist.
[2026-09-10T14:52:39.218] [DEBUG] debug-file - Incremental task entry:default@SyscapTransform pre-execution cost: 2 ms .
[2026-09-10T14:52:39.219] [DEBUG] debug-file - entry : default@SyscapTransform cost memory 0.12010955810546875
[2026-09-10T14:52:39.219] [DEBUG] debug-file - runTaskFromQueue task cost before running: 232 ms 
[2026-09-10T14:52:39.219] [INFO] debug-file - Finished :entry:default@SyscapTransform... after 4 ms 
[2026-09-10T14:52:39.220] [DEBUG] debug-file - Executing task :entry:default@ProcessProfile
[2026-09-10T14:52:39.224] [DEBUG] debug-file - Task 'entry:default@ProcessProfile' cost while wrapping incremental declarations: 1 ms 
[2026-09-10T14:52:39.225] [DEBUG] debug-file - Incremental task entry:default@ProcessProfile pre-execution cost: 1 ms .
[2026-09-10T14:52:39.225] [DEBUG] debug-file - entry : default@ProcessProfile cost memory 0.13356781005859375
[2026-09-10T14:52:39.225] [INFO] debug-file - UP-TO-DATE :entry:default@ProcessProfile...  
[2026-09-10T14:52:39.227] [DEBUG] debug-file - Executing task :entry:default@ProcessRouterMap
[2026-09-10T14:52:39.231] [DEBUG] debug-file - Incremental task entry:default@ProcessRouterMap pre-execution cost: 4 ms .
[2026-09-10T14:52:39.231] [DEBUG] debug-file - entry : default@ProcessRouterMap cost memory -3.4342727661132812
[2026-09-10T14:52:39.232] [INFO] debug-file - UP-TO-DATE :entry:default@ProcessRouterMap...  
[2026-09-10T14:52:39.234] [DEBUG] debug-file - Executing task :entry:default@ProcessShareConfig
[2026-09-10T14:52:39.237] [DEBUG] debug-file - Incremental task entry:default@ProcessShareConfig pre-execution cost: 3 ms .
[2026-09-10T14:52:39.237] [DEBUG] debug-file - entry : default@ProcessShareConfig cost memory 0.119232177734375
[2026-09-10T14:52:39.237] [INFO] debug-file - UP-TO-DATE :entry:default@ProcessShareConfig...  
[2026-09-10T14:52:39.238] [DEBUG] debug-file - Executing task :entry:default@ProcessStartupConfig
[2026-09-10T14:52:39.238] [DEBUG] debug-file - Task 'entry:default@ProcessStartupConfig' cost while wrapping incremental declarations: 1 ms 
[2026-09-10T14:52:39.239] [DEBUG] debug-file - entry:default@ProcessStartupConfig is not up-to-date, since the output file 'D:\HW\testproject\complete\2\entry\build\default\intermediates\startup\default\startup_config.json' does not exist.
[2026-09-10T14:52:39.239] [DEBUG] debug-file - Incremental task entry:default@ProcessStartupConfig pre-execution cost: 1 ms .
[2026-09-10T14:52:39.240] [DEBUG] debug-file - entry : default@ProcessStartupConfig cost memory 0.11380767822265625
[2026-09-10T14:52:39.240] [DEBUG] debug-file - runTaskFromQueue task cost before running: 253 ms 
[2026-09-10T14:52:39.241] [INFO] debug-file - Finished :entry:default@ProcessStartupConfig... after 2 ms 
[2026-09-10T14:52:39.241] [DEBUG] debug-file - Executing task :entry:default@BuildNativeWithNinja
[2026-09-10T14:52:39.242] [DEBUG] debug-file - entry : default@BuildNativeWithNinja cost memory 0.01947784423828125
[2026-09-10T14:52:39.242] [DEBUG] debug-file - runTaskFromQueue task cost before running: 255 ms 
[2026-09-10T14:52:39.242] [INFO] debug-file - Finished :entry:default@BuildNativeWithNinja... after 1 ms 
[2026-09-10T14:52:39.243] [DEBUG] debug-file - restool module names: entry; moduleName=entry, taskName=default@ProcessResource
[2026-09-10T14:52:39.244] [DEBUG] debug-file - Executing task :entry:default@ProcessResource
[2026-09-10T14:52:39.244] [DEBUG] debug-file - Task 'entry:default@ProcessResource' cost while wrapping incremental declarations: 1 ms 
[2026-09-10T14:52:39.246] [DEBUG] debug-file - Incremental task entry:default@ProcessResource pre-execution cost: 1 ms .
[2026-09-10T14:52:39.246] [DEBUG] debug-file - entry : default@ProcessResource cost memory 0.11344146728515625
[2026-09-10T14:52:39.248] [INFO] debug-file - UP-TO-DATE :entry:default@ProcessResource...  
[2026-09-10T14:52:39.249] [DEBUG] debug-file - Executing task :entry:default@GenerateLoaderJson
[2026-09-10T14:52:39.251] [DEBUG] debug-file - Task 'entry:default@GenerateLoaderJson' cost while wrapping incremental declarations: 1 ms 
[2026-09-10T14:52:39.257] [DEBUG] debug-file - Incremental task entry:default@GenerateLoaderJson pre-execution cost: 4 ms .
[2026-09-10T14:52:39.257] [DEBUG] debug-file - entry : default@GenerateLoaderJson cost memory 0.32568359375
[2026-09-10T14:52:39.261] [INFO] debug-file - UP-TO-DATE :entry:default@GenerateLoaderJson...  
[2026-09-10T14:52:39.262] [DEBUG] debug-file - Executing task :entry:default@ProcessLibs
[2026-09-10T14:52:39.263] [DEBUG] debug-file - Task 'entry:default@ProcessLibs' cost while wrapping incremental declarations: 1 ms 
[2026-09-10T14:52:39.266] [DEBUG] debug-file - Incremental task entry:default@ProcessLibs pre-execution cost: 3 ms .
[2026-09-10T14:52:39.266] [DEBUG] debug-file - entry : default@ProcessLibs cost memory 0.0935821533203125
[2026-09-10T14:52:39.267] [INFO] debug-file - UP-TO-DATE :entry:default@ProcessLibs...  
[2026-09-10T14:52:39.268] [DEBUG] debug-file - restool module names: entry; moduleName=entry, taskName=default@CompileResource
[2026-09-10T14:52:39.269] [DEBUG] debug-file - Executing task :entry:default@CompileResource
[2026-09-10T14:52:39.297] [DEBUG] debug-file - Incremental task entry:default@CompileResource pre-execution cost: 26 ms .
[2026-09-10T14:52:39.297] [DEBUG] debug-file - entry : default@CompileResource cost memory 0.527496337890625
[2026-09-10T14:52:39.300] [INFO] debug-file - UP-TO-DATE :entry:default@CompileResource...  
[2026-09-10T14:52:39.302] [DEBUG] debug-file - Executing task :entry:default@DoNativeStrip
[2026-09-10T14:52:39.303] [DEBUG] debug-file - File: 'D:\HW\testproject\complete\2\entry\build\default\intermediates\binxo\default' from 'doBinxoNativeLibs' is not exists, just ignore.
[2026-09-10T14:52:39.304] [DEBUG] debug-file - Task 'entry:default@DoNativeStrip' cost while wrapping incremental declarations: 2 ms 
[2026-09-10T14:52:39.306] [DEBUG] debug-file - Incremental task entry:default@DoNativeStrip pre-execution cost: 2 ms .
[2026-09-10T14:52:39.307] [DEBUG] debug-file - entry : default@DoNativeStrip cost memory 0.07512664794921875
[2026-09-10T14:52:39.307] [INFO] debug-file - UP-TO-DATE :entry:default@DoNativeStrip...  
[2026-09-10T14:52:39.309] [DEBUG] debug-file - Executing task :entry:default@CompileArkTS
[2026-09-10T14:52:39.309] [DEBUG] debug-file - obfuscationOptions: undefined
[2026-09-10T14:52:39.311] [DEBUG] debug-file - Task 'entry:default@CompileArkTS' cost while wrapping incremental declarations: 1 ms 
[2026-09-10T14:52:39.329] [DEBUG] debug-file - Incremental task entry:default@CompileArkTS pre-execution cost: 14 ms .
[2026-09-10T14:52:39.329] [DEBUG] debug-file - entry : default@CompileArkTS cost memory 0.4587860107421875
[2026-09-10T14:52:39.332] [INFO] debug-file - UP-TO-DATE :entry:default@CompileArkTS...  
[2026-09-10T14:52:39.333] [DEBUG] debug-file - Executing task :entry:default@BuildJS
[2026-09-10T14:52:39.334] [DEBUG] debug-file - Task 'entry:default@BuildJS' cost while wrapping incremental declarations: 1 ms 
[2026-09-10T14:52:39.343] [DEBUG] debug-file - entry : default@BuildJS cost memory 0.13761138916015625
[2026-09-10T14:52:39.344] [DEBUG] debug-file - runTaskFromQueue task cost before running: 357 ms 
[2026-09-10T14:52:39.345] [INFO] debug-file - Finished :entry:default@BuildJS... after 11 ms 
[2026-09-10T14:52:39.348] [DEBUG] debug-file - Executing task :entry:default@CacheNativeLibs
[2026-09-10T14:52:39.349] [DEBUG] debug-file - File: 'D:\HW\testproject\complete\2\entry\build\default\intermediates\binxo\default' from 'cacheBinxoNativeLibs' is not exists, just ignore.
[2026-09-10T14:52:39.351] [DEBUG] debug-file - Task 'entry:default@CacheNativeLibs' cost while wrapping incremental declarations: 3 ms 
[2026-09-10T14:52:39.356] [DEBUG] debug-file - Incremental task entry:default@CacheNativeLibs pre-execution cost: 5 ms .
[2026-09-10T14:52:39.357] [DEBUG] debug-file - entry : default@CacheNativeLibs cost memory 0.08797454833984375
[2026-09-10T14:52:39.358] [INFO] debug-file - UP-TO-DATE :entry:default@CacheNativeLibs...  
[2026-09-10T14:52:39.363] [DEBUG] debug-file - Executing task :entry:default@GeneratePkgModuleJson
[2026-09-10T14:52:39.365] [DEBUG] debug-file - File: 'D:\HW\testproject\complete\2\entry\build\default\intermediates\preload\default\preload.json' from 'preloadSoJsonPath' is not exists, just ignore.
[2026-09-10T14:52:39.366] [DEBUG] debug-file - Error occurs while handling @Input 'shouldDeduplicateHar': The "data" argument must be of type string or an instance of Buffer, TypedArray, or DataView. Received undefined
[2026-09-10T14:52:39.367] [DEBUG] debug-file - Task 'entry:default@GeneratePkgModuleJson' cost while wrapping incremental declarations: 3 ms 
[2026-09-10T14:52:39.372] [DEBUG] debug-file - Incremental task entry:default@GeneratePkgModuleJson pre-execution cost: 4 ms .
[2026-09-10T14:52:39.372] [DEBUG] debug-file - entry : default@GeneratePkgModuleJson cost memory 0.0846099853515625
[2026-09-10T14:52:39.373] [INFO] debug-file - UP-TO-DATE :entry:default@GeneratePkgModuleJson...  
[2026-09-10T14:52:39.375] [DEBUG] debug-file - Executing task :entry:default@ProcessCompiledResources
[2026-09-10T14:52:39.375] [DEBUG] debug-file - File: 'D:\HW\testproject\complete\2\entry\build\default\intermediates\preload\default\preload.json' from 'preloadSoJsonPath' is not exists, just ignore.
[2026-09-10T14:52:39.375] [DEBUG] debug-file - Task 'entry:default@ProcessCompiledResources' cost while wrapping incremental declarations: 1 ms 
[2026-09-10T14:52:39.376] [DEBUG] debug-file - entry : default@ProcessCompiledResources cost memory 0.050933837890625
[2026-09-10T14:52:39.376] [DEBUG] debug-file - runTaskFromQueue task cost before running: 389 ms 
[2026-09-10T14:52:39.376] [INFO] debug-file - Finished :entry:default@ProcessCompiledResources... after 2 ms 
[2026-09-10T14:52:39.379] [DEBUG] debug-file - Executing task :entry:default@PackageHap
[2026-09-10T14:52:39.394] [DEBUG] debug-file - Incremental task entry:default@PackageHap pre-execution cost: 10 ms .
[2026-09-10T14:52:39.395] [DEBUG] debug-file - entry : default@PackageHap cost memory -3.0317764282226562
[2026-09-10T14:52:39.396] [INFO] debug-file - UP-TO-DATE :entry:default@PackageHap...  
[2026-09-10T14:52:39.398] [DEBUG] debug-file - Executing task :entry:default@PackingCheck
[2026-09-10T14:52:39.403] [DEBUG] debug-file - entry : default@PackingCheck cost memory 0.319427490234375
[2026-09-10T14:52:39.403] [DEBUG] debug-file - runTaskFromQueue task cost before running: 416 ms 
[2026-09-10T14:52:39.403] [INFO] debug-file - Finished :entry:default@PackingCheck... after 6 ms 
[2026-09-10T14:52:39.404] [DEBUG] debug-file - Executing task :entry:default@SignHap
[2026-09-10T14:52:39.405] [WARN] debug-file - Will skip sign 'hos_hap'. No signingConfigs profile is configured in current project.
             If needed, configure the signingConfigs in D:\HW\testproject\complete\2\build-profile.json5.
[2026-09-10T14:52:39.406] [DEBUG] debug-file - entry:default@SignHap is not up-to-date, since the output file 'D:\HW\testproject\complete\2\entry\build\default\outputs\default\entry-default-signed.hap' does not exist.
[2026-09-10T14:52:39.406] [DEBUG] debug-file - Incremental task entry:default@SignHap pre-execution cost: 2 ms .
[2026-09-10T14:52:39.407] [DEBUG] debug-file - entry : default@SignHap cost memory 0.07404327392578125
[2026-09-10T14:52:39.407] [DEBUG] debug-file - runTaskFromQueue task cost before running: 420 ms 
[2026-09-10T14:52:39.408] [INFO] debug-file - Finished :entry:default@SignHap... after 3 ms 
[2026-09-10T14:52:39.410] [DEBUG] debug-file - Executing task :entry:default@CollectDebugSymbol
[2026-09-10T14:52:39.412] [DEBUG] debug-file - entry : default@CollectDebugSymbol cost memory 0.07921600341796875
[2026-09-10T14:52:39.412] [DEBUG] debug-file - runTaskFromQueue task cost before running: 425 ms 
[2026-09-10T14:52:39.412] [INFO] debug-file - Finished :entry:default@CollectDebugSymbol... after 3 ms 
[2026-09-10T14:52:39.413] [DEBUG] debug-file - Executing task :entry:assembleHap
[2026-09-10T14:52:39.413] [DEBUG] debug-file - entry : assembleHap cost memory 0.0124053955078125
[2026-09-10T14:52:39.413] [DEBUG] debug-file - runTaskFromQueue task cost before running: 426 ms 
[2026-09-10T14:52:39.414] [INFO] debug-file - Finished :entry:assembleHap... after 1 ms 
[2026-09-10T14:52:39.414] [DEBUG] debug-file - Executing task ::MakeProjectPackInfo
[2026-09-10T14:52:39.418] [DEBUG] debug-file - Task ':MakeProjectPackInfo' cost while wrapping incremental declarations: 1 ms 
[2026-09-10T14:52:39.419] [DEBUG] debug-file - Incremental task :MakeProjectPackInfo pre-execution cost: 1 ms .
[2026-09-10T14:52:39.420] [DEBUG] debug-file - 2 : MakeProjectPackInfo cost memory 0.14789581298828125
[2026-09-10T14:52:39.420] [INFO] debug-file - UP-TO-DATE ::MakeProjectPackInfo...  
[2026-09-10T14:52:39.420] [DEBUG] debug-file - Executing task ::ProcessProjectPrivacyProfile
[2026-09-10T14:52:39.423] [DEBUG] debug-file - Incremental task :ProcessProjectPrivacyProfile pre-execution cost: 2 ms .
[2026-09-10T14:52:39.424] [DEBUG] debug-file - 2 : ProcessProjectPrivacyProfile cost memory 0.08335113525390625
[2026-09-10T14:52:39.425] [INFO] debug-file - UP-TO-DATE ::ProcessProjectPrivacyProfile...  
[2026-09-10T14:52:39.425] [DEBUG] debug-file - Executing task ::GeneratePackRes
[2026-09-10T14:52:39.426] [DEBUG] debug-file - Incremental task :GeneratePackRes pre-execution cost: 1 ms .
[2026-09-10T14:52:39.426] [DEBUG] debug-file - 2 : GeneratePackRes cost memory 0.04082489013671875
[2026-09-10T14:52:39.427] [INFO] debug-file - UP-TO-DATE ::GeneratePackRes...  
[2026-09-10T14:52:39.427] [DEBUG] debug-file - Executing task ::PackageApp
[2026-09-10T14:52:39.430] [DEBUG] debug-file - Task ':PackageApp' cost while wrapping incremental declarations: 1 ms 
[2026-09-10T14:52:39.433] [DEBUG] debug-file - :PackageApp is not up-to-date, since the output file 'D:\HW\testproject\complete\2\build\outputs\default\symbol\debug' does not exist.
[2026-09-10T14:52:39.433] [DEBUG] debug-file - Incremental task :PackageApp pre-execution cost: 3 ms .
[2026-09-10T14:52:39.442] [DEBUG] debug-file - Use tool [PackageApp]
 [
  'java',
  '-Dfile.encoding=GBK',
  '-jar',
  'E:\\DevEco Studio\\sdk\\default\\openharmony\\toolchains\\lib\\app_packing_tool.jar',
  '--mode',
  'app',
  '--pack-info-path',
  'D:\\HW\\testproject\\complete\\2\\build\\outputs\\default\\pack.info',
  '--hap-path',
  'D:\\HW\\testproject\\complete\\2\\entry\\build\\default\\outputs\\default\\app\\entry-default.hap',
  '--hsp-path',
  '',
  '--force',
  'true',
  '--out-path',
  'D:\\HW\\testproject\\complete\\2\\build\\outputs\\default\\2-default-unsigned.app',
  '--main-module-limit',
  '2',
  '--normal-module-limit',
  '2',
  '--pac-json-path',
  'D:\\HW\\testproject\\complete\\2\\build\\outputs\\default\\pac.json'
]
[2026-09-10T14:52:39.442] [DEBUG] debug-file - current process  memoryUsage: {
  rss: 505348096,
  heapTotal: 132329472,
  heapUsed: 122768824,
  external: 3977897,
  arrayBuffers: 42246
} os memoryUsage :14.649890899658203
[2026-09-10T14:52:40.228] [DEBUG] debug-file - 2 : PackageApp cost memory 0.4128875732421875
[2026-09-10T14:52:40.228] [DEBUG] debug-file - runTaskFromQueue task cost before running: 1 s 241 ms 
[2026-09-10T14:52:40.229] [INFO] debug-file - Finished ::PackageApp... after 802 ms 
[2026-09-10T14:52:40.229] [DEBUG] debug-file - Executing task ::SignPackagesFromApp
[2026-09-10T14:52:40.230] [DEBUG] debug-file - :SignPackagesFromApp is not up-to-date, since the input file 'D:\HW\testproject\complete\2\build\outputs\default\2-default-unsigned.app' has been changed.
[2026-09-10T14:52:40.230] [DEBUG] debug-file - Incremental task :SignPackagesFromApp pre-execution cost: 1 ms .
[2026-09-10T14:52:40.231] [DEBUG] debug-file - 2 : SignPackagesFromApp cost memory 0.05510711669921875
[2026-09-10T14:52:40.231] [DEBUG] debug-file - runTaskFromQueue task cost before running: 1 s 244 ms 
[2026-09-10T14:52:40.231] [INFO] debug-file - Finished ::SignPackagesFromApp... after 2 ms 
[2026-09-10T14:52:40.231] [DEBUG] debug-file - Executing task ::SignApp
[2026-09-10T14:52:40.232] [DEBUG] debug-file - signingConfigName of signApp is :  undefined
[2026-09-10T14:52:40.232] [WARN] debug-file - Will skip sign 'app'. No signingConfigs profile is configured in current project.
             If needed, configure the signingConfigs in D:\HW\testproject\complete\2\build-profile.json5.
[2026-09-10T14:52:40.233] [DEBUG] debug-file - :SignApp is not up-to-date, since the input file 'D:\HW\testproject\complete\2\build\outputs\default\2-default-unsigned.app' has been changed.
[2026-09-10T14:52:40.233] [DEBUG] debug-file - Incremental task :SignApp pre-execution cost: 1 ms .
[2026-09-10T14:52:40.234] [DEBUG] debug-file - 2 : SignApp cost memory 0.1102142333984375
[2026-09-10T14:52:40.234] [DEBUG] debug-file - runTaskFromQueue task cost before running: 1 s 247 ms 
[2026-09-10T14:52:40.234] [INFO] debug-file - Finished ::SignApp... after 3 ms 
[2026-09-10T14:52:40.234] [DEBUG] debug-file - Executing task ::assembleApp
[2026-09-10T14:52:40.235] [DEBUG] debug-file - 2 : assembleApp cost memory 0.01235198974609375
[2026-09-10T14:52:40.235] [DEBUG] debug-file - runTaskFromQueue task cost before running: 1 s 248 ms 
[2026-09-10T14:52:40.235] [INFO] debug-file - Finished ::assembleApp... after 1 ms 
[2026-09-10T14:52:40.236] [INFO] debug-file - BUILD SUCCESSFUL in 1 s 249 ms 
[2026-09-10T14:52:40.236] [DEBUG] debug-file - There is no need to refresh cache, since the incremental task entry:default@PreBuild is up-to-date.
[2026-09-10T14:52:40.236] [DEBUG] debug-file - Update task entry:default@CreateModuleInfo output file:D:\HW\testproject\complete\2\entry\build\default\generated\profile\default\ModuleInfo.ts cache.
[2026-09-10T14:52:40.237] [DEBUG] debug-file - Incremental task entry:default@CreateModuleInfo post-execution cost:1 ms .
[2026-09-10T14:52:40.237] [DEBUG] debug-file - There is no need to refresh cache, since the incremental task entry:default@GenerateMetadata is up-to-date.
[2026-09-10T14:52:40.237] [DEBUG] debug-file - There is no need to refresh cache, since the incremental task entry:default@MergeProfile is up-to-date.
[2026-09-10T14:52:40.237] [DEBUG] debug-file - There is no need to refresh cache, since the incremental task entry:default@CreateBuildProfile is up-to-date.
[2026-09-10T14:52:40.237] [DEBUG] debug-file - There is no need to refresh cache, since the incremental task entry:default@GeneratePkgContextInfo is up-to-date.
[2026-09-10T14:52:40.237] [DEBUG] debug-file - Update task entry:default@GeneratePkgSdkInfo output file:D:\HW\testproject\complete\2\entry\build\default\intermediates\loader\default\pkgSdkInfo.json cache.
[2026-09-10T14:52:40.237] [DEBUG] debug-file - Incremental task entry:default@GeneratePkgSdkInfo post-execution cost:1 ms .
[2026-09-10T14:52:40.238] [DEBUG] debug-file - Update task entry:default@ProcessIntegratedHsp output file:D:\HW\testproject\complete\2\build\cache\default\integrated_hsp\integratedHspCache.json cache.
[2026-09-10T14:52:40.238] [DEBUG] debug-file - Incremental task entry:default@ProcessIntegratedHsp post-execution cost:1 ms .
[2026-09-10T14:52:40.238] [DEBUG] debug-file - There is no need to refresh cache, since the incremental task entry:default@MakePackInfo is up-to-date.
[2026-09-10T14:52:40.238] [DEBUG] debug-file - Update task entry:default@SyscapTransform input file:E:\DevEco Studio\sdk\default\openharmony\toolchains\syscap_tool.exe cache by regenerate.
[2026-09-10T14:52:40.238] [DEBUG] debug-file - Update task entry:default@SyscapTransform input file:E:\DevEco Studio\sdk\default\openharmony\ets\api\device-define cache by regenerate.
[2026-09-10T14:52:40.239] [DEBUG] debug-file - Update task entry:default@SyscapTransform output file:D:\HW\testproject\complete\2\entry\build\default\intermediates\syscap\default\rpcid.sc cache.
[2026-09-10T14:52:40.240] [DEBUG] debug-file - Incremental task entry:default@SyscapTransform post-execution cost:2 ms .
[2026-09-10T14:52:40.240] [DEBUG] debug-file - There is no need to refresh cache, since the incremental task entry:default@ProcessProfile is up-to-date.
[2026-09-10T14:52:40.240] [DEBUG] debug-file - There is no need to refresh cache, since the incremental task entry:default@ProcessRouterMap is up-to-date.
[2026-09-10T14:52:40.240] [DEBUG] debug-file - There is no need to refresh cache, since the incremental task entry:default@ProcessShareConfig is up-to-date.
[2026-09-10T14:52:40.240] [DEBUG] debug-file - Update task entry:default@ProcessStartupConfig input file:D:\HW\testproject\complete\2\entry\build\default\intermediates\loader\default\pkgContextInfo.json cache by regenerate.
[2026-09-10T14:52:40.241] [DEBUG] debug-file - Update task entry:default@ProcessStartupConfig output file:D:\HW\testproject\complete\2\entry\build\default\intermediates\startup\default\startup_config.json cache.
[2026-09-10T14:52:40.241] [DEBUG] debug-file - Incremental task entry:default@ProcessStartupConfig post-execution cost:2 ms .
[2026-09-10T14:52:40.241] [DEBUG] debug-file - There is no need to refresh cache, since the incremental task entry:default@ProcessResource is up-to-date.
[2026-09-10T14:52:40.241] [DEBUG] debug-file - There is no need to refresh cache, since the incremental task entry:default@GenerateLoaderJson is up-to-date.
[2026-09-10T14:52:40.241] [DEBUG] debug-file - There is no need to refresh cache, since the incremental task entry:default@ProcessLibs is up-to-date.
[2026-09-10T14:52:40.241] [DEBUG] debug-file - There is no need to refresh cache, since the incremental task entry:default@CompileResource is up-to-date.
[2026-09-10T14:52:40.241] [DEBUG] debug-file - There is no need to refresh cache, since the incremental task entry:default@DoNativeStrip is up-to-date.
[2026-09-10T14:52:40.241] [DEBUG] debug-file - There is no need to refresh cache, since the incremental task entry:default@CompileArkTS is up-to-date.
[2026-09-10T14:52:40.243] [DEBUG] debug-file - Update task entry:default@BuildJS input file:D:\HW\testproject\complete\2\entry\build\default\intermediates\loader\default cache by regenerate.
[2026-09-10T14:52:40.243] [DEBUG] debug-file - Update task entry:default@BuildJS input file:D:\HW\testproject\complete\2\entry\build\default\intermediates\res\default\resources\rawfile cache by regenerate.
[2026-09-10T14:52:40.244] [DEBUG] debug-file - Update task entry:default@BuildJS input file:D:\HW\testproject\complete\2\entry\build\default\intermediates\res\default\ResourceTable.txt cache by regenerate.
[2026-09-10T14:52:40.244] [DEBUG] debug-file - Update task entry:default@BuildJS input file:D:\HW\testproject\complete\2\entry\build\default\intermediates\res\default\ark_module.json cache by regenerate.
[2026-09-10T14:52:40.244] [DEBUG] debug-file - Update task entry:default@BuildJS input file:D:\HW\testproject\complete\2\entry\build\default\intermediates\res\default\resources\base\profile cache by regenerate.
[2026-09-10T14:52:40.245] [DEBUG] debug-file - Update task entry:default@BuildJS input file:D:\HW\testproject\complete\2\entry\build\default\intermediates\loader\default\pkgContextInfo.json cache by regenerate.
[2026-09-10T14:52:40.246] [DEBUG] debug-file - Update task entry:default@BuildJS output file:D:\HW\testproject\complete\2\entry\build\default\intermediates\loader_out\default\js cache.
[2026-09-10T14:52:40.246] [DEBUG] debug-file - Incremental task entry:default@BuildJS post-execution cost:5 ms .
[2026-09-10T14:52:40.246] [DEBUG] debug-file - There is no need to refresh cache, since the incremental task entry:default@CacheNativeLibs is up-to-date.
[2026-09-10T14:52:40.246] [DEBUG] debug-file - There is no need to refresh cache, since the incremental task entry:default@GeneratePkgModuleJson is up-to-date.
[2026-09-10T14:52:40.247] [DEBUG] debug-file - Incremental task entry:default@ProcessCompiledResources post-execution cost:1 ms .
[2026-09-10T14:52:40.247] [DEBUG] debug-file - There is no need to refresh cache, since the incremental task entry:default@PackageHap is up-to-date.
[2026-09-10T14:52:40.247] [DEBUG] debug-file - Update task entry:default@SignHap input file:D:\HW\testproject\complete\2\entry\build\default\outputs\default\entry-default-unsigned.hap cache by regenerate.
[2026-09-10T14:52:40.247] [DEBUG] debug-file - Update task entry:default@SignHap output file:D:\HW\testproject\complete\2\entry\build\default\outputs\default\entry-default-signed.hap cache.
[2026-09-10T14:52:40.248] [DEBUG] debug-file - Incremental task entry:default@SignHap post-execution cost:1 ms .
[2026-09-10T14:52:40.249] [DEBUG] debug-file - Update task entry:default@CollectDebugSymbol input file:D:\HW\testproject\complete\2\entry\build\default\intermediates\loader_out\default\ets\sourceMaps.map cache by regenerate.
[2026-09-10T14:52:40.249] [DEBUG] debug-file - Update task entry:default@CollectDebugSymbol input file:D:\HW\testproject\complete\2\entry\build\default\intermediates\libs\default cache by regenerate.
[2026-09-10T14:52:40.249] [DEBUG] debug-file - Update task entry:default@CollectDebugSymbol output file:D:\HW\testproject\complete\2\entry\build\default\outputs\default\symbol cache.
[2026-09-10T14:52:40.250] [DEBUG] debug-file - Incremental task entry:default@CollectDebugSymbol post-execution cost:3 ms .
[2026-09-10T14:52:40.250] [DEBUG] debug-file - There is no need to refresh cache, since the incremental task :MakeProjectPackInfo is up-to-date.
[2026-09-10T14:52:40.250] [DEBUG] debug-file - There is no need to refresh cache, since the incremental task :ProcessProjectPrivacyProfile is up-to-date.
[2026-09-10T14:52:40.250] [DEBUG] debug-file - There is no need to refresh cache, since the incremental task :GeneratePackRes is up-to-date.
[2026-09-10T14:52:40.250] [DEBUG] debug-file - Update task :PackageApp input file:D:\HW\testproject\complete\2\build\outputs\default\pack.info cache by regenerate.
[2026-09-10T14:52:40.251] [DEBUG] debug-file - Update task :PackageApp input file:D:\HW\testproject\complete\2\entry\build\default\outputs\default\entry-default-unsigned.hap cache by regenerate.
[2026-09-10T14:52:40.251] [DEBUG] debug-file - Update task :PackageApp input file:D:\HW\testproject\complete\2\build\outputs\default\pac.json cache by regenerate.
[2026-09-10T14:52:40.251] [DEBUG] debug-file - Update task :PackageApp output file:D:\HW\testproject\complete\2\build\outputs\default\2-default-unsigned.app cache.
[2026-09-10T14:52:40.252] [DEBUG] debug-file - Update task :PackageApp output file:D:\HW\testproject\complete\2\entry\build\default\outputs\default\app\entry-default.hap cache.
[2026-09-10T14:52:40.252] [DEBUG] debug-file - Update task :PackageApp output file:D:\HW\testproject\complete\2\build\outputs\default\symbol\debug cache.
[2026-09-10T14:52:40.252] [DEBUG] debug-file - Incremental task :PackageApp post-execution cost:3 ms .
[2026-09-10T14:52:40.253] [DEBUG] debug-file - Update task :SignPackagesFromApp input file:D:\HW\testproject\complete\2\build\outputs\default\2-default-unsigned.app cache from map.
[2026-09-10T14:52:40.253] [DEBUG] debug-file - Incremental task :SignPackagesFromApp post-execution cost:1 ms .
[2026-09-10T14:52:40.253] [DEBUG] debug-file - Update task :SignApp input file:D:\HW\testproject\complete\2\build\outputs\default\2-default-unsigned.app cache from map.
[2026-09-10T14:52:40.253] [DEBUG] debug-file - Update task :SignApp output file:D:\HW\testproject\complete\2\build\outputs\default\2-default-signed.app cache.
[2026-09-10T14:52:40.254] [DEBUG] debug-file - Incremental task :SignApp post-execution cost:1 ms .
[2026-09-10T14:52:40.280] [DEBUG] debug-file - session manager: send message to worker process. WorkerThreadId: 0, data: {"type":"hvigor_failed","reason":"Server has disconnected."}
[2026-09-10T14:52:40.281] [DEBUG] debug-file - session manager: send message to worker process. WorkerThreadId: 0, data: {"type":"CloseWatch","reason":"Server has disconnected."}
[2026-09-10T14:52:40.269] [DEBUG] debug-file - hvigor build process will be closed.
[2026-09-10T14:52:40.281] [DEBUG] debug-file - watch worker: worker id should be larger than 0. Nothing will be sent to any worker thread.
[2026-09-10T14:52:40.281] [DEBUG] debug-file - ABORT_WORK sent to workers.
[2026-09-10T14:52:40.282] [DEBUG] debug-file - watch worker: worker id should be larger than 0. Nothing will be sent to any worker thread.
[2026-09-10T14:54:55.911] [DEBUG] debug-file - env: daemon=true
[2026-09-10T14:54:55.857] [DEBUG] debug-file - env: nodejsVersion=v24.14.1
[2026-09-10T14:54:55.859] [DEBUG] debug-file - env: hvigor-config.json5 content = {
  modelVersion: '6.0.1',
  dependencies: {},
  execution: {},
  logging: {},
  debugging: {},
  nodeOptions: {}
}
[2026-09-10T14:54:56.773] [DEBUG] debug-file - session manager: set active socket. socketId=HAFCkkzifd0PB23SAAAF
[2026-09-10T14:54:56.797] [DEBUG] debug-file - watch worker: worker id should be larger than 0. Nothing will be sent to any worker thread.
[2026-09-10T14:54:56.808] [DEBUG] debug-file - Workers' log level updated to INFO
[2026-09-10T14:54:56.817] [DEBUG] debug-file - Hvigor init with startParameters:{
  hvigorfileTypeCheck: false,
  parallelExecution: true,
  incrementalExecution: true,
  printStackTrace: false,
  daemon: true,
  analyze: 0,
  logLevel: Level { level: 20000, levelStr: 'INFO', colour: 'green' },
  optimizationStrategy: 'memory',
  hotCompile: undefined,
  hotReloadBuild: undefined,
  customizedParam: undefined
}
[2026-09-10T14:54:56.831] [DEBUG] debug-file - Cache service initialization finished in 14 ms 
[2026-09-10T14:54:56.835] [DEBUG] debug-file - hvigorfile, resolving D:\HW\testproject\complete\2\hvigorfile.ts
[2026-09-10T14:54:56.861] [DEBUG] debug-file - hvigorfile, require result:  { default: { plugins: [] } }
[2026-09-10T14:54:56.861] [DEBUG] debug-file - hvigorfile, binding system plugins null
[2026-09-10T14:54:56.861] [DEBUG] debug-file - Starting plugin build process
[2026-09-10T14:54:56.861] [DEBUG] debug-file - App plugin prepare start...
[2026-09-10T14:54:56.863] [DEBUG] debug-file - App plugin prepare end...
[2026-09-10T14:54:56.864] [DEBUG] debug-file - App plugin creating...
[2026-09-10T14:54:56.883] [DEBUG] debug-file - App plugin register hook start...
[2026-09-10T14:54:56.885] [DEBUG] debug-file - App plugin register hook end...
[2026-09-10T14:54:56.885] [DEBUG] debug-file - Plugin build process completed
[2026-09-10T14:54:56.886] [DEBUG] debug-file - Start initialize project's product build option map with build mode debug.
[2026-09-10T14:54:56.886] [DEBUG] debug-file - Picking option from product 'default' with build mode 'debug'.
[2026-09-10T14:54:56.886] [DEBUG] debug-file - Product 'default' build option initialized
[2026-09-10T14:54:56.888] [DEBUG] debug-file - End initialize project's product build option map with build mode 'debug'.
[2026-09-10T14:54:56.889] [DEBUG] debug-file - Obtain build option for product 'default'in this build.
[2026-09-10T14:54:56.900] [DEBUG] debug-file - No signingConfig found, initRemoteHspCache failed.
[2026-09-10T14:54:56.906] [DEBUG] debug-file - Start recording SDK configuration permission data.
[2026-09-10T14:54:57.074] [DEBUG] debug-file - Sdk init in 172 ms 
[2026-09-10T14:54:57.087] [DEBUG] debug-file - Project task initialization takes 12 ms 
[2026-09-10T14:54:57.087] [DEBUG] debug-file - hvigorfile, begin to bind custom plugins...
[2026-09-10T14:54:57.087] [DEBUG] debug-file - hvigorfile, no custom plugins were found in D:\HW\testproject\complete\2\hvigorfile.ts
[2026-09-10T14:54:57.087] [DEBUG] debug-file - hvigorfile, resolve finished D:\HW\testproject\complete\2\hvigorfile.ts
[2026-09-10T14:54:57.091] [DEBUG] debug-file - hvigorfile, resolving D:\HW\testproject\complete\2\entry\hvigorfile.ts
[2026-09-10T14:54:57.124] [DEBUG] debug-file - hvigorfile, require result:  { default: { plugins: [] } }
[2026-09-10T14:54:57.125] [DEBUG] debug-file - hvigorfile, binding system plugins null
[2026-09-10T14:54:57.127] [DEBUG] debug-file - Starting plugin build process
[2026-09-10T14:54:57.128] [DEBUG] debug-file - Hap plugin creating...
[2026-09-10T14:54:57.132] [DEBUG] debug-file - failed to load cangjie to dynamically generate schemas: Error: Cannot find module '@ohos/cangjie-build-support/index'
Require stack:
- E:\DevEco Studio\tools\hvigor\hvigor-ohos-plugin\src\plugin\hooks\cangjie-register.js
- E:\DevEco Studio\tools\hvigor\hvigor-ohos-plugin\src\plugin\strategy\stage-init-strategy.js
- E:\DevEco Studio\tools\hvigor\hvigor-ohos-plugin\src\plugin\builder\abstract-plugin-builder.js
- E:\DevEco Studio\tools\hvigor\hvigor-ohos-plugin\src\plugin\builder\app-plugin-builder.js
- E:\DevEco Studio\tools\hvigor\hvigor-ohos-plugin\src\plugin\factory\plugin-factory.js
- E:\DevEco Studio\tools\hvigor\hvigor-ohos-plugin\index.js
- D:\HW\testproject\complete\2\hvigorfile.ts
- E:\DevEco Studio\tools\hvigor\hvigor\src\base\internal\lifecycle\configuration.js
- E:\DevEco Studio\tools\hvigor\hvigor\src\base\boot\index.js
- E:\DevEco Studio\tools\hvigor\hvigor\src\base\daemon\cluster\worker-process-lifecycle.js
- E:\DevEco Studio\tools\hvigor\hvigor\src\base\daemon\process\daemon-process-boot-script.js
[2026-09-10T14:54:57.141] [DEBUG] debug-file - Start initialize module-target build option map, moduleName=entry, buildMode=debug
[2026-09-10T14:54:57.145] [DEBUG] debug-file - Target 'default' config initialized
[2026-09-10T14:54:57.146] [DEBUG] debug-file - Target 'ohosTest' config initialized
[2026-09-10T14:54:57.147] [DEBUG] debug-file - Module 'entry' target 'default' build option initialized
[2026-09-10T14:54:57.152] [DEBUG] debug-file - Module 'entry' target 'ohosTest' build option initialized
[2026-09-10T14:54:57.152] [DEBUG] debug-file - End initialize module-target build option map, moduleName=entry
[2026-09-10T14:54:57.153] [DEBUG] debug-file - Start initialize module-target build option map, moduleName=entry, buildMode=release
[2026-09-10T14:54:57.153] [DEBUG] debug-file - Target 'default' config initialized
[2026-09-10T14:54:57.159] [DEBUG] debug-file - Target 'ohosTest' config initialized
[2026-09-10T14:54:57.161] [DEBUG] debug-file - Module 'entry' target 'default' build option initialized
[2026-09-10T14:54:57.162] [DEBUG] debug-file - Module 'entry' target 'ohosTest' build option initialized
[2026-09-10T14:54:57.162] [DEBUG] debug-file - End initialize module-target build option map, moduleName=entry
[2026-09-10T14:54:57.162] [DEBUG] debug-file - Start initialize module-target build option map, moduleName=entry, buildMode=debug
[2026-09-10T14:54:57.162] [DEBUG] debug-file - Target 'default' config initialized
[2026-09-10T14:54:57.169] [DEBUG] debug-file - Target 'ohosTest' config initialized
[2026-09-10T14:54:57.169] [DEBUG] debug-file - Module 'entry' target 'default' build option initialized
[2026-09-10T14:54:57.169] [DEBUG] debug-file - Module 'entry' target 'ohosTest' build option initialized
[2026-09-10T14:54:57.169] [DEBUG] debug-file - End initialize module-target build option map, moduleName=entry
[2026-09-10T14:54:57.175] [DEBUG] debug-file - Obtain build option for module 'entry' target 'default'in this build.
[2026-09-10T14:54:57.191] [DEBUG] debug-file - Module entry task initialization takes 10 ms 
[2026-09-10T14:54:57.192] [DEBUG] debug-file - Hap plugin register hook start...
[2026-09-10T14:54:57.192] [DEBUG] debug-file - Hap plugin register hook end...
[2026-09-10T14:54:57.193] [DEBUG] debug-file - Plugin build process completed
[2026-09-10T14:54:57.193] [DEBUG] debug-file - hvigorfile, begin to bind custom plugins...
[2026-09-10T14:54:57.193] [DEBUG] debug-file - hvigorfile, no custom plugins were found in D:\HW\testproject\complete\2\entry\hvigorfile.ts
[2026-09-10T14:54:57.193] [DEBUG] debug-file - hvigorfile, resolve finished D:\HW\testproject\complete\2\entry\hvigorfile.ts
[2026-09-10T14:54:57.834] [DEBUG] debug-file - hvigorfile, resolve hvigorfile dependencies in 639 ms 
[2026-09-10T14:54:57.843] [DEBUG] debug-file - project has submodules:entry
[2026-09-10T14:54:57.855] [DEBUG] debug-file - start to load updatedOhPackageInfo to the disk
[2026-09-10T14:54:57.870] [DEBUG] debug-file - load to the disk finished
[2026-09-10T14:54:57.877] [DEBUG] debug-file - Start to initialize dependency information.
[2026-09-10T14:54:57.930] [DEBUG] debug-file - Module 2 Collected Dependency: 
[2026-09-10T14:54:57.931] [DEBUG] debug-file - Module 2's total dependency: 0
[2026-09-10T14:54:57.940] [DEBUG] debug-file - Start to initialize dependency information.
[2026-09-10T14:54:58.002] [DEBUG] debug-file - Module entry Collected Dependency: 
[2026-09-10T14:54:58.003] [DEBUG] debug-file - Module entry's total dependency: 0
[2026-09-10T14:54:58.068] [DEBUG] debug-file - Configuration phase cost:1 s 234 ms 
[2026-09-10T14:54:58.102] [DEBUG] debug-file - Configuration task cost before running: 1 s 293 ms 
[2026-09-10T14:54:58.113] [DEBUG] debug-file - Executing task ::PreBuildApp
[2026-09-10T14:54:58.114] [DEBUG] debug-file - 2 : PreBuildApp cost memory 0.01480865478515625
[2026-09-10T14:54:58.120] [DEBUG] debug-file - runTaskFromQueue task cost before running: 1 s 311 ms 
[2026-09-10T14:54:58.126] [INFO] debug-file - Finished ::PreBuildApp... after 8 ms 
[2026-09-10T14:54:58.169] [DEBUG] debug-file - Executing task :entry:default@PreBuild
[2026-09-10T14:54:58.192] [DEBUG] debug-file - Task 'entry:default@PreBuild' cost while wrapping incremental declarations: 5 ms 
[2026-09-10T14:54:58.287] [DEBUG] debug-file - Incremental task entry:default@PreBuild pre-execution cost: 51 ms .
[2026-09-10T14:54:58.287] [DEBUG] debug-file - entry : default@PreBuild cost memory 0.552978515625
[2026-09-10T14:54:58.338] [INFO] debug-file - UP-TO-DATE :entry:default@PreBuild...  
[2026-09-10T14:54:58.338] [DEBUG] debug-file - Executing task ::DuplicateDependencyCheck
[2026-09-10T14:54:58.339] [DEBUG] debug-file - 2 : DuplicateDependencyCheck cost memory 0.0137786865234375
[2026-09-10T14:54:58.339] [DEBUG] debug-file - runTaskFromQueue task cost before running: 1 s 530 ms 
[2026-09-10T14:54:58.349] [INFO] debug-file - Finished ::DuplicateDependencyCheck... after 1 ms 
[2026-09-10T14:54:58.358] [DEBUG] debug-file - Executing task :entry:default@CreateModuleInfo
[2026-09-10T14:54:58.362] [DEBUG] debug-file - Task 'entry:default@CreateModuleInfo' cost while wrapping incremental declarations: 1 ms 
[2026-09-10T14:54:58.372] [DEBUG] debug-file - entry : default@CreateModuleInfo cost memory 0.0399017333984375
[2026-09-10T14:54:58.373] [DEBUG] debug-file - runTaskFromQueue task cost before running: 1 s 564 ms 
[2026-09-10T14:54:58.374] [INFO] debug-file - Finished :entry:default@CreateModuleInfo... after 15 ms 
[2026-09-10T14:54:58.389] [DEBUG] debug-file - Executing task :entry:default@GenerateMetadata
[2026-09-10T14:54:58.409] [DEBUG] debug-file - Task 'entry:default@GenerateMetadata' cost while wrapping incremental declarations: 20 ms 
[2026-09-10T14:54:58.436] [DEBUG] debug-file - Incremental task entry:default@GenerateMetadata pre-execution cost: 23 ms .
[2026-09-10T14:54:58.469] [DEBUG] debug-file - entry : default@GenerateMetadata cost memory 0.0763702392578125
[2026-09-10T14:54:58.471] [INFO] debug-file - UP-TO-DATE :entry:default@GenerateMetadata...  
[2026-09-10T14:54:58.533] [DEBUG] debug-file - Executing task :entry:default@ConfigureCmake
[2026-09-10T14:54:58.534] [DEBUG] debug-file - entry : default@ConfigureCmake cost memory 0.01448822021484375
[2026-09-10T14:54:58.535] [DEBUG] debug-file - runTaskFromQueue task cost before running: 1 s 726 ms 
[2026-09-10T14:54:58.545] [INFO] debug-file - Finished :entry:default@ConfigureCmake... after 3 ms 
[2026-09-10T14:54:58.695] [DEBUG] debug-file - Executing task :entry:default@MergeProfile
[2026-09-10T14:54:58.697] [DEBUG] debug-file - Task 'entry:default@MergeProfile' cost while wrapping incremental declarations: 1 ms 
[2026-09-10T14:54:58.821] [DEBUG] debug-file - Incremental task entry:default@MergeProfile pre-execution cost: 45 ms .
[2026-09-10T14:54:58.844] [DEBUG] debug-file - entry : default@MergeProfile cost memory 0.12601470947265625
[2026-09-10T14:54:58.847] [INFO] debug-file - UP-TO-DATE :entry:default@MergeProfile...  
[2026-09-10T14:54:58.869] [DEBUG] debug-file - Executing task :entry:default@CreateBuildProfile
[2026-09-10T14:54:58.898] [DEBUG] debug-file - Task 'entry:default@CreateBuildProfile' cost while wrapping incremental declarations: 1 ms 
[2026-09-10T14:54:58.914] [DEBUG] debug-file - Incremental task entry:default@CreateBuildProfile pre-execution cost: 16 ms .
[2026-09-10T14:54:58.915] [DEBUG] debug-file - entry : default@CreateBuildProfile cost memory 0.09461212158203125
[2026-09-10T14:54:58.930] [INFO] debug-file - UP-TO-DATE :entry:default@CreateBuildProfile...  
[2026-09-10T14:54:58.931] [DEBUG] debug-file - Executing task :entry:default@PreCheckSyscap
[2026-09-10T14:54:58.932] [DEBUG] debug-file - entry : default@PreCheckSyscap cost memory 0.01517486572265625
[2026-09-10T14:54:58.946] [DEBUG] debug-file - runTaskFromQueue task cost before running: 2 s 137 ms 
[2026-09-10T14:54:58.960] [INFO] debug-file - Finished :entry:default@PreCheckSyscap... after 15 ms 
[2026-09-10T14:54:59.025] [DEBUG] debug-file - Executing task :entry:default@GeneratePkgContextInfo
[2026-09-10T14:54:59.123] [DEBUG] debug-file - Task 'entry:default@GeneratePkgContextInfo' cost while wrapping incremental declarations: 1 ms 
[2026-09-10T14:54:59.219] [DEBUG] debug-file - Incremental task entry:default@GeneratePkgContextInfo pre-execution cost: 95 ms .
[2026-09-10T14:54:59.258] [DEBUG] debug-file - entry : default@GeneratePkgContextInfo cost memory 0.17986297607421875
[2026-09-10T14:54:59.260] [INFO] debug-file - UP-TO-DATE :entry:default@GeneratePkgContextInfo...  
[2026-09-10T14:54:59.284] [DEBUG] debug-file - Executing task :entry:default@GeneratePkgSdkInfo
[2026-09-10T14:54:59.426] [DEBUG] debug-file - Task 'entry:default@GeneratePkgSdkInfo' cost while wrapping incremental declarations: 1 ms 
[2026-09-10T14:54:59.428] [DEBUG] debug-file - entry : default@GeneratePkgSdkInfo cost memory 0.10704803466796875
[2026-09-10T14:54:59.466] [DEBUG] debug-file - runTaskFromQueue task cost before running: 2 s 657 ms 
[2026-09-10T14:54:59.468] [INFO] debug-file - Finished :entry:default@GeneratePkgSdkInfo... after 183 ms 
[2026-09-10T14:54:59.969] [DEBUG] debug-file - Executing task :entry:default@ProcessIntegratedHsp
[2026-09-10T14:55:00.517] [DEBUG] debug-file - entry:default@ProcessIntegratedHsp is not up-to-date, since the output file 'D:\HW\testproject\complete\2\build\cache\default\integrated_hsp\integratedHspCache.json' does not exist.
[2026-09-10T14:55:00.673] [DEBUG] debug-file - Incremental task entry:default@ProcessIntegratedHsp pre-execution cost: 157 ms .
[2026-09-10T14:55:00.675] [DEBUG] debug-file - entry : default@ProcessIntegratedHsp cost memory 0.058319091796875
[2026-09-10T14:55:00.676] [DEBUG] debug-file - runTaskFromQueue task cost before running: 3 s 867 ms 
[2026-09-10T14:55:00.752] [INFO] debug-file - Finished :entry:default@ProcessIntegratedHsp... after 707 ms 
[2026-09-10T14:55:00.890] [DEBUG] debug-file - Executing task :entry:default@BuildNativeWithCmake
[2026-09-10T14:55:00.892] [DEBUG] debug-file - entry : default@BuildNativeWithCmake cost memory 0.01439666748046875
[2026-09-10T14:55:00.892] [DEBUG] debug-file - runTaskFromQueue task cost before running: 4 s 83 ms 
[2026-09-10T14:55:00.892] [INFO] debug-file - Finished :entry:default@BuildNativeWithCmake... after 2 ms 
[2026-09-10T14:55:01.080] [DEBUG] debug-file - Executing task :entry:default@MakePackInfo
[2026-09-10T14:55:01.551] [DEBUG] debug-file - Incremental task entry:default@MakePackInfo pre-execution cost: 412 ms .
[2026-09-10T14:55:01.641] [DEBUG] debug-file - entry : default@MakePackInfo cost memory 0.1150054931640625
[2026-09-10T14:55:01.710] [INFO] debug-file - UP-TO-DATE :entry:default@MakePackInfo...  
[2026-09-10T14:55:01.955] [DEBUG] debug-file - Executing task :entry:default@SyscapTransform
[2026-09-10T14:55:01.956] [DEBUG] debug-file - File: 'D:\HW\testproject\complete\2\entry\src\main\syscap.json' from 'sysCapJsonPath' is not exists, just ignore.
[2026-09-10T14:55:02.028] [DEBUG] debug-file - Task 'entry:default@SyscapTransform' cost while wrapping incremental declarations: 72 ms 
[2026-09-10T14:55:02.126] [DEBUG] debug-file - entry:default@SyscapTransform is not up-to-date, since the output file 'D:\HW\testproject\complete\2\entry\build\default\intermediates\syscap\default\rpcid.sc' does not exist.
[2026-09-10T14:55:02.158] [DEBUG] debug-file - Incremental task entry:default@SyscapTransform pre-execution cost: 81 ms .
[2026-09-10T14:55:02.159] [DEBUG] debug-file - entry : default@SyscapTransform cost memory 0.11675262451171875
[2026-09-10T14:55:02.159] [DEBUG] debug-file - runTaskFromQueue task cost before running: 5 s 350 ms 
[2026-09-10T14:55:02.160] [INFO] debug-file - Finished :entry:default@SyscapTransform... after 351 ms 
[2026-09-10T14:55:02.185] [DEBUG] debug-file - Executing task :entry:default@ProcessProfile
[2026-09-10T14:55:02.200] [DEBUG] debug-file - Task 'entry:default@ProcessProfile' cost while wrapping incremental declarations: 1 ms 
[2026-09-10T14:55:02.214] [DEBUG] debug-file - Incremental task entry:default@ProcessProfile pre-execution cost: 14 ms .
[2026-09-10T14:55:02.215] [DEBUG] debug-file - entry : default@ProcessProfile cost memory 0.12865447998046875
[2026-09-10T14:55:02.215] [INFO] debug-file - UP-TO-DATE :entry:default@ProcessProfile...  
[2026-09-10T14:55:02.238] [DEBUG] debug-file - Executing task :entry:default@ProcessRouterMap
[2026-09-10T14:55:02.326] [DEBUG] debug-file - Incremental task entry:default@ProcessRouterMap pre-execution cost: 44 ms .
[2026-09-10T14:55:02.327] [DEBUG] debug-file - entry : default@ProcessRouterMap cost memory 0.1387176513671875
[2026-09-10T14:55:02.345] [INFO] debug-file - UP-TO-DATE :entry:default@ProcessRouterMap...  
[2026-09-10T14:55:02.358] [DEBUG] debug-file - Executing task :entry:default@ProcessShareConfig
[2026-09-10T14:55:02.436] [DEBUG] debug-file - Incremental task entry:default@ProcessShareConfig pre-execution cost: 58 ms .
[2026-09-10T14:55:02.436] [DEBUG] debug-file - entry : default@ProcessShareConfig cost memory 0.1102752685546875
[2026-09-10T14:55:02.467] [INFO] debug-file - UP-TO-DATE :entry:default@ProcessShareConfig...  
[2026-09-10T14:55:02.504] [DEBUG] debug-file - Executing task :entry:default@ProcessStartupConfig
[2026-09-10T14:55:02.505] [DEBUG] debug-file - Task 'entry:default@ProcessStartupConfig' cost while wrapping incremental declarations: 1 ms 
[2026-09-10T14:55:02.610] [DEBUG] debug-file - entry:default@ProcessStartupConfig is not up-to-date, since the output file 'D:\HW\testproject\complete\2\entry\build\default\intermediates\startup\default\startup_config.json' does not exist.
[2026-09-10T14:55:02.611] [DEBUG] debug-file - Incremental task entry:default@ProcessStartupConfig pre-execution cost: 35 ms .
[2026-09-10T14:55:02.612] [DEBUG] debug-file - entry : default@ProcessStartupConfig cost memory 0.11220550537109375
[2026-09-10T14:55:02.646] [DEBUG] debug-file - runTaskFromQueue task cost before running: 5 s 837 ms 
[2026-09-10T14:55:02.817] [INFO] debug-file - Finished :entry:default@ProcessStartupConfig... after 142 ms 
[2026-09-10T14:55:02.952] [DEBUG] debug-file - Executing task :entry:default@BuildNativeWithNinja
[2026-09-10T14:55:02.986] [DEBUG] debug-file - entry : default@BuildNativeWithNinja cost memory 0.01929473876953125
[2026-09-10T14:55:02.988] [DEBUG] debug-file - runTaskFromQueue task cost before running: 6 s 178 ms 
[2026-09-10T14:55:03.033] [INFO] debug-file - Finished :entry:default@BuildNativeWithNinja... after 36 ms 
[2026-09-10T14:55:03.170] [DEBUG] debug-file - restool module names: entry; moduleName=entry, taskName=default@ProcessResource
[2026-09-10T14:55:03.246] [DEBUG] debug-file - Executing task :entry:default@ProcessResource
[2026-09-10T14:55:03.247] [DEBUG] debug-file - Task 'entry:default@ProcessResource' cost while wrapping incremental declarations: 1 ms 
[2026-09-10T14:55:03.326] [DEBUG] debug-file - Incremental task entry:default@ProcessResource pre-execution cost: 27 ms .
[2026-09-10T14:55:03.328] [DEBUG] debug-file - entry : default@ProcessResource cost memory 0.113433837890625
[2026-09-10T14:55:03.404] [INFO] debug-file - UP-TO-DATE :entry:default@ProcessResource...  
[2026-09-10T14:55:03.460] [DEBUG] debug-file - Executing task :entry:default@GenerateLoaderJson
[2026-09-10T14:55:03.499] [DEBUG] debug-file - Task 'entry:default@GenerateLoaderJson' cost while wrapping incremental declarations: 1 ms 
[2026-09-10T14:55:04.665] [DEBUG] debug-file - Incremental task entry:default@GenerateLoaderJson pre-execution cost: 336 ms .
[2026-09-10T14:55:04.665] [DEBUG] debug-file - entry : default@GenerateLoaderJson cost memory -3.2154541015625
[2026-09-10T14:55:04.862] [INFO] debug-file - UP-TO-DATE :entry:default@GenerateLoaderJson...  
[2026-09-10T14:55:04.874] [DEBUG] debug-file - Executing task :entry:default@ProcessLibs
[2026-09-10T14:55:04.888] [DEBUG] debug-file - Task 'entry:default@ProcessLibs' cost while wrapping incremental declarations: 1 ms 
[2026-09-10T14:55:04.981] [DEBUG] debug-file - Incremental task entry:default@ProcessLibs pre-execution cost: 93 ms .
[2026-09-10T14:55:04.983] [DEBUG] debug-file - entry : default@ProcessLibs cost memory 0.10668182373046875
[2026-09-10T14:55:05.003] [INFO] debug-file - UP-TO-DATE :entry:default@ProcessLibs...  
[2026-09-10T14:55:05.039] [DEBUG] debug-file - restool module names: entry; moduleName=entry, taskName=default@CompileResource
[2026-09-10T14:55:05.080] [DEBUG] debug-file - Executing task :entry:default@CompileResource
[2026-09-10T14:55:08.069] [DEBUG] debug-file - Incremental task entry:default@CompileResource pre-execution cost: 2 s 557 ms .
[2026-09-10T14:55:08.069] [DEBUG] debug-file - entry : default@CompileResource cost memory -0.022064208984375
[2026-09-10T14:55:08.154] [INFO] debug-file - UP-TO-DATE :entry:default@CompileResource...  
[2026-09-10T14:55:08.191] [DEBUG] debug-file - Executing task :entry:default@DoNativeStrip
[2026-09-10T14:55:08.220] [DEBUG] debug-file - File: 'D:\HW\testproject\complete\2\entry\build\default\intermediates\binxo\default' from 'doBinxoNativeLibs' is not exists, just ignore.
[2026-09-10T14:55:08.222] [DEBUG] debug-file - Task 'entry:default@DoNativeStrip' cost while wrapping incremental declarations: 31 ms 
[2026-09-10T14:55:08.305] [DEBUG] debug-file - Incremental task entry:default@DoNativeStrip pre-execution cost: 56 ms .
[2026-09-10T14:55:08.306] [DEBUG] debug-file - entry : default@DoNativeStrip cost memory 0.07415008544921875
[2026-09-10T14:55:08.333] [INFO] debug-file - UP-TO-DATE :entry:default@DoNativeStrip...  
[2026-09-10T14:55:08.450] [DEBUG] debug-file - Executing task :entry:default@CompileArkTS
[2026-09-10T14:55:08.451] [DEBUG] debug-file - obfuscationOptions: undefined
[2026-09-10T14:55:08.607] [DEBUG] debug-file - Task 'entry:default@CompileArkTS' cost while wrapping incremental declarations: 1 ms 
[2026-09-10T14:55:08.977] [DEBUG] debug-file - Incremental task entry:default@CompileArkTS pre-execution cost: 344 ms .
[2026-09-10T14:55:08.992] [DEBUG] debug-file - entry : default@CompileArkTS cost memory -0.42650604248046875
[2026-09-10T14:55:09.074] [INFO] debug-file - UP-TO-DATE :entry:default@CompileArkTS...  
[2026-09-10T14:55:09.087] [DEBUG] debug-file - Executing task :entry:default@BuildJS
[2026-09-10T14:55:09.088] [DEBUG] debug-file - Task 'entry:default@BuildJS' cost while wrapping incremental declarations: 1 ms 
[2026-09-10T14:55:09.105] [DEBUG] debug-file - entry : default@BuildJS cost memory 0.1197357177734375
[2026-09-10T14:55:09.105] [DEBUG] debug-file - runTaskFromQueue task cost before running: 12 s 296 ms 
[2026-09-10T14:55:09.111] [INFO] debug-file - Finished :entry:default@BuildJS... after 19 ms 
[2026-09-10T14:55:09.132] [DEBUG] debug-file - Executing task :entry:default@CacheNativeLibs
[2026-09-10T14:55:09.133] [DEBUG] debug-file - File: 'D:\HW\testproject\complete\2\entry\build\default\intermediates\binxo\default' from 'cacheBinxoNativeLibs' is not exists, just ignore.
[2026-09-10T14:55:09.145] [DEBUG] debug-file - Task 'entry:default@CacheNativeLibs' cost while wrapping incremental declarations: 1 ms 
[2026-09-10T14:55:09.160] [DEBUG] debug-file - Incremental task entry:default@CacheNativeLibs pre-execution cost: 15 ms .
[2026-09-10T14:55:09.177] [DEBUG] debug-file - entry : default@CacheNativeLibs cost memory 0.08654022216796875
[2026-09-10T14:55:09.178] [INFO] debug-file - UP-TO-DATE :entry:default@CacheNativeLibs...  
[2026-09-10T14:55:09.193] [DEBUG] debug-file - Executing task :entry:default@GeneratePkgModuleJson
[2026-09-10T14:55:09.217] [DEBUG] debug-file - File: 'D:\HW\testproject\complete\2\entry\build\default\intermediates\preload\default\preload.json' from 'preloadSoJsonPath' is not exists, just ignore.
[2026-09-10T14:55:09.218] [DEBUG] debug-file - Error occurs while handling @Input 'shouldDeduplicateHar': The "data" argument must be of type string or an instance of Buffer, TypedArray, or DataView. Received undefined
[2026-09-10T14:55:09.218] [DEBUG] debug-file - Task 'entry:default@GeneratePkgModuleJson' cost while wrapping incremental declarations: 25 ms 
[2026-09-10T14:55:09.241] [DEBUG] debug-file - Incremental task entry:default@GeneratePkgModuleJson pre-execution cost: 2 ms .
[2026-09-10T14:55:09.258] [DEBUG] debug-file - entry : default@GeneratePkgModuleJson cost memory 0.084197998046875
[2026-09-10T14:55:09.259] [INFO] debug-file - UP-TO-DATE :entry:default@GeneratePkgModuleJson...  
[2026-09-10T14:55:09.277] [DEBUG] debug-file - Executing task :entry:default@ProcessCompiledResources
[2026-09-10T14:55:09.278] [DEBUG] debug-file - File: 'D:\HW\testproject\complete\2\entry\build\default\intermediates\preload\default\preload.json' from 'preloadSoJsonPath' is not exists, just ignore.
[2026-09-10T14:55:09.290] [DEBUG] debug-file - Task 'entry:default@ProcessCompiledResources' cost while wrapping incremental declarations: 12 ms 
[2026-09-10T14:55:09.291] [DEBUG] debug-file - entry : default@ProcessCompiledResources cost memory 0.0510711669921875
[2026-09-10T14:55:09.302] [DEBUG] debug-file - runTaskFromQueue task cost before running: 12 s 482 ms 
[2026-09-10T14:55:09.313] [INFO] debug-file - Finished :entry:default@ProcessCompiledResources... after 15 ms 
[2026-09-10T14:55:09.381] [DEBUG] debug-file - Executing task :entry:default@PackageHap
[2026-09-10T14:55:10.066] [DEBUG] debug-file - Incremental task entry:default@PackageHap pre-execution cost: 438 ms .
[2026-09-10T14:55:10.066] [DEBUG] debug-file - entry : default@PackageHap cost memory 0.29290771484375
[2026-09-10T14:55:10.122] [INFO] debug-file - UP-TO-DATE :entry:default@PackageHap...  
[2026-09-10T14:55:10.439] [DEBUG] debug-file - Executing task :entry:default@PackingCheck
[2026-09-10T14:55:11.879] [DEBUG] debug-file - entry : default@PackingCheck cost memory 0.29476165771484375
[2026-09-10T14:55:11.880] [DEBUG] debug-file - runTaskFromQueue task cost before running: 15 s 71 ms 
[2026-09-10T14:55:11.880] [INFO] debug-file - Finished :entry:default@PackingCheck... after 1 s 442 ms 
[2026-09-10T14:55:11.916] [DEBUG] debug-file - Executing task :entry:default@SignHap
[2026-09-10T14:55:11.922] [WARN] debug-file - Will skip sign 'hos_hap'. No signingConfigs profile is configured in current project.
             If needed, configure the signingConfigs in D:\HW\testproject\complete\2\build-profile.json5.
[2026-09-10T14:55:11.985] [DEBUG] debug-file - entry:default@SignHap is not up-to-date, since the output file 'D:\HW\testproject\complete\2\entry\build\default\outputs\default\entry-default-signed.hap' does not exist.
[2026-09-10T14:55:11.987] [DEBUG] debug-file - Incremental task entry:default@SignHap pre-execution cost: 36 ms .
[2026-09-10T14:55:12.075] [DEBUG] debug-file - entry : default@SignHap cost memory 0.07244873046875
[2026-09-10T14:55:12.076] [DEBUG] debug-file - runTaskFromQueue task cost before running: 15 s 267 ms 
[2026-09-10T14:55:12.097] [INFO] debug-file - Finished :entry:default@SignHap... after 160 ms 
[2026-09-10T14:55:12.324] [DEBUG] debug-file - Executing task :entry:default@CollectDebugSymbol
[2026-09-10T14:55:12.388] [DEBUG] debug-file - entry : default@CollectDebugSymbol cost memory 0.0784759521484375
[2026-09-10T14:55:12.442] [DEBUG] debug-file - runTaskFromQueue task cost before running: 15 s 633 ms 
[2026-09-10T14:55:12.443] [INFO] debug-file - Finished :entry:default@CollectDebugSymbol... after 119 ms 
[2026-09-10T14:55:12.444] [DEBUG] debug-file - Executing task :entry:assembleHap
[2026-09-10T14:55:12.488] [DEBUG] debug-file - entry : assembleHap cost memory 0.0123291015625
[2026-09-10T14:55:12.490] [DEBUG] debug-file - runTaskFromQueue task cost before running: 15 s 680 ms 
[2026-09-10T14:55:12.490] [INFO] debug-file - Finished :entry:assembleHap... after 46 ms 
[2026-09-10T14:55:12.490] [DEBUG] debug-file - Executing task ::MakeProjectPackInfo
[2026-09-10T14:55:12.583] [DEBUG] debug-file - Task ':MakeProjectPackInfo' cost while wrapping incremental declarations: 1 ms 
[2026-09-10T14:55:12.609] [DEBUG] debug-file - Incremental task :MakeProjectPackInfo pre-execution cost: 25 ms .
[2026-09-10T14:55:12.609] [DEBUG] debug-file - 2 : MakeProjectPackInfo cost memory 0.138885498046875
[2026-09-10T14:55:12.630] [INFO] debug-file - UP-TO-DATE ::MakeProjectPackInfo...  
[2026-09-10T14:55:12.631] [DEBUG] debug-file - Executing task ::ProcessProjectPrivacyProfile
[2026-09-10T14:55:12.707] [DEBUG] debug-file - Incremental task :ProcessProjectPrivacyProfile pre-execution cost: 31 ms .
[2026-09-10T14:55:12.718] [DEBUG] debug-file - 2 : ProcessProjectPrivacyProfile cost memory 0.0859222412109375
[2026-09-10T14:55:12.732] [INFO] debug-file - UP-TO-DATE ::ProcessProjectPrivacyProfile...  
[2026-09-10T14:55:12.733] [DEBUG] debug-file - Executing task ::GeneratePackRes
[2026-09-10T14:55:12.746] [DEBUG] debug-file - Incremental task :GeneratePackRes pre-execution cost: 2 ms .
[2026-09-10T14:55:12.747] [DEBUG] debug-file - 2 : GeneratePackRes cost memory 0.04132843017578125
[2026-09-10T14:55:12.747] [INFO] debug-file - UP-TO-DATE ::GeneratePackRes...  
[2026-09-10T14:55:12.760] [DEBUG] debug-file - Executing task ::PackageApp
[2026-09-10T14:55:12.935] [DEBUG] debug-file - Task ':PackageApp' cost while wrapping incremental declarations: 1 ms 
[2026-09-10T14:55:12.996] [DEBUG] debug-file - :PackageApp is not up-to-date, since the output file 'D:\HW\testproject\complete\2\build\outputs\default\symbol\debug' does not exist.
[2026-09-10T14:55:13.003] [DEBUG] debug-file - Incremental task :PackageApp pre-execution cost: 67 ms .
[2026-09-10T14:55:13.338] [DEBUG] debug-file - Use tool [PackageApp]
 [
  'java',
  '-Dfile.encoding=GBK',
  '-jar',
  'E:\\DevEco Studio\\sdk\\default\\openharmony\\toolchains\\lib\\app_packing_tool.jar',
  '--mode',
  'app',
  '--pack-info-path',
  'D:\\HW\\testproject\\complete\\2\\build\\outputs\\default\\pack.info',
  '--hap-path',
  'D:\\HW\\testproject\\complete\\2\\entry\\build\\default\\outputs\\default\\app\\entry-default.hap',
  '--hsp-path',
  '',
  '--force',
  'true',
  '--out-path',
  'D:\\HW\\testproject\\complete\\2\\build\\outputs\\default\\2-default-unsigned.app',
  '--main-module-limit',
  '2',
  '--normal-module-limit',
  '2',
  '--pac-json-path',
  'D:\\HW\\testproject\\complete\\2\\build\\outputs\\default\\pac.json'
]
[2026-09-10T14:55:13.339] [DEBUG] debug-file - current process  memoryUsage: {
  rss: 509231104,
  heapTotal: 129298432,
  heapUsed: 125839176,
  external: 3978227,
  arrayBuffers: 42576
} os memoryUsage :15.093376159667969
[2026-09-10T14:55:15.417] [DEBUG] debug-file - 2 : PackageApp cost memory -0.34337615966796875
[2026-09-10T14:55:15.418] [DEBUG] debug-file - runTaskFromQueue task cost before running: 18 s 608 ms 
[2026-09-10T14:55:15.419] [INFO] debug-file - Finished ::PackageApp... after 2 s 658 ms 
[2026-09-10T14:55:15.419] [DEBUG] debug-file - Executing task ::SignPackagesFromApp
[2026-09-10T14:55:15.590] [DEBUG] debug-file - :SignPackagesFromApp is not up-to-date, since the input file 'D:\HW\testproject\complete\2\build\outputs\default\2-default-unsigned.app' has been changed.
[2026-09-10T14:55:15.590] [DEBUG] debug-file - Incremental task :SignPackagesFromApp pre-execution cost: 89 ms .
[2026-09-10T14:55:15.609] [DEBUG] debug-file - 2 : SignPackagesFromApp cost memory 0.0497894287109375
[2026-09-10T14:55:15.624] [DEBUG] debug-file - runTaskFromQueue task cost before running: 18 s 800 ms 
[2026-09-10T14:55:15.672] [INFO] debug-file - Finished ::SignPackagesFromApp... after 191 ms 
[2026-09-10T14:55:15.675] [DEBUG] debug-file - Executing task ::SignApp
[2026-09-10T14:55:15.691] [DEBUG] debug-file - signingConfigName of signApp is :  undefined
[2026-09-10T14:55:15.692] [WARN] debug-file - Will skip sign 'app'. No signingConfigs profile is configured in current project.
             If needed, configure the signingConfigs in D:\HW\testproject\complete\2\build-profile.json5.
[2026-09-10T14:55:15.759] [DEBUG] debug-file - :SignApp is not up-to-date, since the input file 'D:\HW\testproject\complete\2\build\outputs\default\2-default-unsigned.app' has been changed.
[2026-09-10T14:55:15.762] [DEBUG] debug-file - Incremental task :SignApp pre-execution cost: 60 ms .
[2026-09-10T14:55:15.779] [DEBUG] debug-file - 2 : SignApp cost memory 0.11382293701171875
[2026-09-10T14:55:15.783] [DEBUG] debug-file - runTaskFromQueue task cost before running: 18 s 973 ms 
[2026-09-10T14:55:15.784] [INFO] debug-file - Finished ::SignApp... after 110 ms 
[2026-09-10T14:55:15.793] [DEBUG] debug-file - Executing task ::assembleApp
[2026-09-10T14:55:15.794] [DEBUG] debug-file - 2 : assembleApp cost memory 0.01227569580078125
[2026-09-10T14:55:15.797] [DEBUG] debug-file - runTaskFromQueue task cost before running: 18 s 988 ms 
[2026-09-10T14:55:15.797] [INFO] debug-file - Finished ::assembleApp... after 5 ms 
[2026-09-10T14:55:15.883] [INFO] debug-file - BUILD SUCCESSFUL in 19 s 74 ms 
[2026-09-10T14:55:15.884] [DEBUG] debug-file - There is no need to refresh cache, since the incremental task entry:default@PreBuild is up-to-date.
[2026-09-10T14:55:15.913] [DEBUG] debug-file - Update task entry:default@CreateModuleInfo output file:D:\HW\testproject\complete\2\entry\build\default\generated\profile\default\ModuleInfo.ts cache.
[2026-09-10T14:55:15.914] [DEBUG] debug-file - Incremental task entry:default@CreateModuleInfo post-execution cost:30 ms .
[2026-09-10T14:55:15.915] [DEBUG] debug-file - There is no need to refresh cache, since the incremental task entry:default@GenerateMetadata is up-to-date.
[2026-09-10T14:55:15.915] [DEBUG] debug-file - There is no need to refresh cache, since the incremental task entry:default@MergeProfile is up-to-date.
[2026-09-10T14:55:15.915] [DEBUG] debug-file - There is no need to refresh cache, since the incremental task entry:default@CreateBuildProfile is up-to-date.
[2026-09-10T14:55:15.915] [DEBUG] debug-file - There is no need to refresh cache, since the incremental task entry:default@GeneratePkgContextInfo is up-to-date.
[2026-09-10T14:55:15.928] [DEBUG] debug-file - Update task entry:default@GeneratePkgSdkInfo output file:D:\HW\testproject\complete\2\entry\build\default\intermediates\loader\default\pkgSdkInfo.json cache.
[2026-09-10T14:55:15.937] [DEBUG] debug-file - Incremental task entry:default@GeneratePkgSdkInfo post-execution cost:22 ms .
[2026-09-10T14:55:15.939] [DEBUG] debug-file - Update task entry:default@ProcessIntegratedHsp output file:D:\HW\testproject\complete\2\build\cache\default\integrated_hsp\integratedHspCache.json cache.
[2026-09-10T14:55:15.940] [DEBUG] debug-file - Incremental task entry:default@ProcessIntegratedHsp post-execution cost:2 ms .
[2026-09-10T14:55:15.953] [DEBUG] debug-file - There is no need to refresh cache, since the incremental task entry:default@MakePackInfo is up-to-date.
[2026-09-10T14:55:15.955] [DEBUG] debug-file - Update task entry:default@SyscapTransform input file:E:\DevEco Studio\sdk\default\openharmony\toolchains\syscap_tool.exe cache by regenerate.
[2026-09-10T14:55:15.957] [DEBUG] debug-file - Update task entry:default@SyscapTransform input file:E:\DevEco Studio\sdk\default\openharmony\ets\api\device-define cache by regenerate.
[2026-09-10T14:55:16.088] [DEBUG] debug-file - Update task entry:default@SyscapTransform output file:D:\HW\testproject\complete\2\entry\build\default\intermediates\syscap\default\rpcid.sc cache.
[2026-09-10T14:55:16.089] [DEBUG] debug-file - Incremental task entry:default@SyscapTransform post-execution cost:136 ms .
[2026-09-10T14:55:16.137] [DEBUG] debug-file - There is no need to refresh cache, since the incremental task entry:default@ProcessProfile is up-to-date.
[2026-09-10T14:55:16.157] [DEBUG] debug-file - There is no need to refresh cache, since the incremental task entry:default@ProcessRouterMap is up-to-date.
[2026-09-10T14:55:16.158] [DEBUG] debug-file - There is no need to refresh cache, since the incremental task entry:default@ProcessShareConfig is up-to-date.
[2026-09-10T14:55:16.159] [DEBUG] debug-file - Update task entry:default@ProcessStartupConfig input file:D:\HW\testproject\complete\2\entry\build\default\intermediates\loader\default\pkgContextInfo.json cache by regenerate.
[2026-09-10T14:55:16.180] [DEBUG] debug-file - Update task entry:default@ProcessStartupConfig output file:D:\HW\testproject\complete\2\entry\build\default\intermediates\startup\default\startup_config.json cache.
[2026-09-10T14:55:16.182] [DEBUG] debug-file - Incremental task entry:default@ProcessStartupConfig post-execution cost:24 ms .
[2026-09-10T14:55:16.189] [DEBUG] debug-file - There is no need to refresh cache, since the incremental task entry:default@ProcessResource is up-to-date.
[2026-09-10T14:55:16.209] [DEBUG] debug-file - There is no need to refresh cache, since the incremental task entry:default@GenerateLoaderJson is up-to-date.
[2026-09-10T14:55:16.209] [DEBUG] debug-file - There is no need to refresh cache, since the incremental task entry:default@ProcessLibs is up-to-date.
[2026-09-10T14:55:16.209] [DEBUG] debug-file - There is no need to refresh cache, since the incremental task entry:default@CompileResource is up-to-date.
[2026-09-10T14:55:16.244] [DEBUG] debug-file - There is no need to refresh cache, since the incremental task entry:default@DoNativeStrip is up-to-date.
[2026-09-10T14:55:16.244] [DEBUG] debug-file - There is no need to refresh cache, since the incremental task entry:default@CompileArkTS is up-to-date.
[2026-09-10T14:55:16.308] [DEBUG] debug-file - Update task entry:default@BuildJS input file:D:\HW\testproject\complete\2\entry\build\default\intermediates\loader\default cache by regenerate.
[2026-09-10T14:55:16.323] [DEBUG] debug-file - Update task entry:default@BuildJS input file:D:\HW\testproject\complete\2\entry\build\default\intermediates\res\default\resources\rawfile cache by regenerate.
[2026-09-10T14:55:16.342] [DEBUG] debug-file - Update task entry:default@BuildJS input file:D:\HW\testproject\complete\2\entry\build\default\intermediates\res\default\ResourceTable.txt cache by regenerate.
[2026-09-10T14:55:16.446] [DEBUG] debug-file - Update task entry:default@BuildJS input file:D:\HW\testproject\complete\2\entry\build\default\intermediates\res\default\ark_module.json cache by regenerate.
[2026-09-10T14:55:16.456] [DEBUG] debug-file - Update task entry:default@BuildJS input file:D:\HW\testproject\complete\2\entry\build\default\intermediates\res\default\resources\base\profile cache by regenerate.
[2026-09-10T14:55:16.458] [DEBUG] debug-file - Update task entry:default@BuildJS input file:D:\HW\testproject\complete\2\entry\build\default\intermediates\loader\default\pkgContextInfo.json cache by regenerate.
[2026-09-10T14:55:16.988] [DEBUG] debug-file - Update task entry:default@BuildJS output file:D:\HW\testproject\complete\2\entry\build\default\intermediates\loader_out\default\js cache.
[2026-09-10T14:55:16.989] [DEBUG] debug-file - Incremental task entry:default@BuildJS post-execution cost:701 ms .
[2026-09-10T14:55:16.989] [DEBUG] debug-file - There is no need to refresh cache, since the incremental task entry:default@CacheNativeLibs is up-to-date.
[2026-09-10T14:55:16.989] [DEBUG] debug-file - There is no need to refresh cache, since the incremental task entry:default@GeneratePkgModuleJson is up-to-date.
[2026-09-10T14:55:16.989] [DEBUG] debug-file - Incremental task entry:default@ProcessCompiledResources post-execution cost:1 ms .
[2026-09-10T14:55:16.989] [DEBUG] debug-file - There is no need to refresh cache, since the incremental task entry:default@PackageHap is up-to-date.
[2026-09-10T14:55:16.990] [DEBUG] debug-file - Update task entry:default@SignHap input file:D:\HW\testproject\complete\2\entry\build\default\outputs\default\entry-default-unsigned.hap cache by regenerate.
[2026-09-10T14:55:16.990] [DEBUG] debug-file - Update task entry:default@SignHap output file:D:\HW\testproject\complete\2\entry\build\default\outputs\default\entry-default-signed.hap cache.
[2026-09-10T14:55:16.991] [DEBUG] debug-file - Incremental task entry:default@SignHap post-execution cost:2 ms .
[2026-09-10T14:55:18.425] [DEBUG] debug-file - Update task entry:default@CollectDebugSymbol input file:D:\HW\testproject\complete\2\entry\build\default\intermediates\loader_out\default\ets\sourceMaps.map cache by regenerate.
[2026-09-10T14:55:18.425] [DEBUG] debug-file - Update task entry:default@CollectDebugSymbol input file:D:\HW\testproject\complete\2\entry\build\default\intermediates\libs\default cache by regenerate.
[2026-09-10T14:55:18.612] [DEBUG] debug-file - Update task entry:default@CollectDebugSymbol output file:D:\HW\testproject\complete\2\entry\build\default\outputs\default\symbol cache.
[2026-09-10T14:55:18.613] [DEBUG] debug-file - Incremental task entry:default@CollectDebugSymbol post-execution cost:1 s 622 ms .
[2026-09-10T14:55:19.151] [DEBUG] debug-file - There is no need to refresh cache, since the incremental task :MakeProjectPackInfo is up-to-date.
[2026-09-10T14:55:19.151] [DEBUG] debug-file - There is no need to refresh cache, since the incremental task :ProcessProjectPrivacyProfile is up-to-date.
[2026-09-10T14:55:19.152] [DEBUG] debug-file - There is no need to refresh cache, since the incremental task :GeneratePackRes is up-to-date.
[2026-09-10T14:55:19.152] [DEBUG] debug-file - Update task :PackageApp input file:D:\HW\testproject\complete\2\build\outputs\default\pack.info cache by regenerate.
[2026-09-10T14:55:19.344] [DEBUG] debug-file - Update task :PackageApp input file:D:\HW\testproject\complete\2\entry\build\default\outputs\default\entry-default-unsigned.hap cache by regenerate.
[2026-09-10T14:55:19.396] [DEBUG] debug-file - Update task :PackageApp input file:D:\HW\testproject\complete\2\build\outputs\default\pac.json cache by regenerate.
[2026-09-10T14:55:19.402] [DEBUG] debug-file - Update task :PackageApp output file:D:\HW\testproject\complete\2\build\outputs\default\2-default-unsigned.app cache.
[2026-09-10T14:55:19.430] [DEBUG] debug-file - Update task :PackageApp output file:D:\HW\testproject\complete\2\entry\build\default\outputs\default\app\entry-default.hap cache.
[2026-09-10T14:55:19.431] [DEBUG] debug-file - Update task :PackageApp output file:D:\HW\testproject\complete\2\build\outputs\default\symbol\debug cache.
[2026-09-10T14:55:19.432] [DEBUG] debug-file - Incremental task :PackageApp post-execution cost:280 ms .
[2026-09-10T14:55:19.432] [DEBUG] debug-file - Update task :SignPackagesFromApp input file:D:\HW\testproject\complete\2\build\outputs\default\2-default-unsigned.app cache from map.
[2026-09-10T14:55:19.432] [DEBUG] debug-file - Incremental task :SignPackagesFromApp post-execution cost:1 ms .
[2026-09-10T14:55:19.449] [DEBUG] debug-file - Update task :SignApp input file:D:\HW\testproject\complete\2\build\outputs\default\2-default-unsigned.app cache from map.
[2026-09-10T14:55:19.449] [DEBUG] debug-file - Update task :SignApp output file:D:\HW\testproject\complete\2\build\outputs\default\2-default-signed.app cache.
[2026-09-10T14:55:19.449] [DEBUG] debug-file - Incremental task :SignApp post-execution cost:1 ms .
[2026-09-10T14:55:20.168] [DEBUG] debug-file - session manager: send message to worker process. WorkerThreadId: 0, data: {"type":"hvigor_failed","reason":"Server has disconnected."}
[2026-09-10T14:55:20.199] [DEBUG] debug-file - session manager: send message to worker process. WorkerThreadId: 0, data: {"type":"CloseWatch","reason":"Server has disconnected."}
[2026-09-10T14:55:19.791] [DEBUG] debug-file - hvigor build process will be closed.
[2026-09-10T14:55:20.171] [DEBUG] debug-file - watch worker: worker id should be larger than 0. Nothing will be sent to any worker thread.
[2026-09-10T14:55:20.171] [DEBUG] debug-file - ABORT_WORK sent to workers.
[2026-09-10T14:55:21.429] [DEBUG] debug-file - watch worker: worker id should be larger than 0. Nothing will be sent to any worker thread.
[2026-09-10T14:58:51.567] [DEBUG] debug-file - env: nodejsVersion=v24.14.1
[2026-09-10T14:58:51.636] [DEBUG] debug-file - env: daemon=true
[2026-09-10T14:58:51.570] [DEBUG] debug-file - env: hvigor-config.json5 content = {
  modelVersion: '6.0.1',
  dependencies: {},
  execution: {},
  logging: {},
  debugging: {},
  nodeOptions: {}
}
[2026-09-10T14:58:52.749] [DEBUG] debug-file - session manager: set active socket. socketId=E1CDn8qOxREHWvrhAAAH
[2026-09-10T14:58:52.766] [DEBUG] debug-file - watch worker: worker id should be larger than 0. Nothing will be sent to any worker thread.
[2026-09-10T14:58:52.774] [DEBUG] debug-file - Workers' log level updated to INFO
[2026-09-10T14:58:52.777] [DEBUG] debug-file - Hvigor init with startParameters:{
  hvigorfileTypeCheck: false,
  parallelExecution: true,
  incrementalExecution: true,
  printStackTrace: false,
  daemon: true,
  analyze: 0,
  logLevel: Level { level: 20000, levelStr: 'INFO', colour: 'green' },
  optimizationStrategy: 'memory',
  hotCompile: undefined,
  hotReloadBuild: undefined,
  customizedParam: undefined
}
[2026-09-10T14:58:52.787] [DEBUG] debug-file - Cache service initialization finished in 10 ms 
[2026-09-10T14:58:52.789] [DEBUG] debug-file - hvigorfile, resolving D:\HW\testproject\complete\2\hvigorfile.ts
[2026-09-10T14:58:52.803] [DEBUG] debug-file - hvigorfile, require result:  { default: { plugins: [] } }
[2026-09-10T14:58:52.804] [DEBUG] debug-file - hvigorfile, binding system plugins null
[2026-09-10T14:58:52.804] [DEBUG] debug-file - Starting plugin build process
[2026-09-10T14:58:52.804] [DEBUG] debug-file - App plugin prepare start...
[2026-09-10T14:58:52.805] [DEBUG] debug-file - App plugin prepare end...
[2026-09-10T14:58:52.805] [DEBUG] debug-file - App plugin creating...
[2026-09-10T14:58:52.816] [DEBUG] debug-file - App plugin register hook start...
[2026-09-10T14:58:52.816] [DEBUG] debug-file - App plugin register hook end...
[2026-09-10T14:58:52.816] [DEBUG] debug-file - Plugin build process completed
[2026-09-10T14:58:52.817] [DEBUG] debug-file - Start initialize project's product build option map with build mode debug.
[2026-09-10T14:58:52.817] [DEBUG] debug-file - Picking option from product 'default' with build mode 'debug'.
[2026-09-10T14:58:52.817] [DEBUG] debug-file - Product 'default' build option initialized
[2026-09-10T14:58:52.818] [DEBUG] debug-file - End initialize project's product build option map with build mode 'debug'.
[2026-09-10T14:58:52.819] [DEBUG] debug-file - Obtain build option for product 'default'in this build.
[2026-09-10T14:58:52.828] [DEBUG] debug-file - No signingConfig found, initRemoteHspCache failed.
[2026-09-10T14:58:52.834] [DEBUG] debug-file - Start recording SDK configuration permission data.
[2026-09-10T14:58:52.893] [DEBUG] debug-file - Sdk init in 63 ms 
[2026-09-10T14:58:52.899] [DEBUG] debug-file - Project task initialization takes 6 ms 
[2026-09-10T14:58:52.899] [DEBUG] debug-file - hvigorfile, begin to bind custom plugins...
[2026-09-10T14:58:52.899] [DEBUG] debug-file - hvigorfile, no custom plugins were found in D:\HW\testproject\complete\2\hvigorfile.ts
[2026-09-10T14:58:52.899] [DEBUG] debug-file - hvigorfile, resolve finished D:\HW\testproject\complete\2\hvigorfile.ts
[2026-09-10T14:58:52.901] [DEBUG] debug-file - hvigorfile, resolving D:\HW\testproject\complete\2\entry\hvigorfile.ts
[2026-09-10T14:58:52.909] [DEBUG] debug-file - hvigorfile, require result:  { default: { plugins: [] } }
[2026-09-10T14:58:52.910] [DEBUG] debug-file - hvigorfile, binding system plugins null
[2026-09-10T14:58:52.910] [DEBUG] debug-file - Starting plugin build process
[2026-09-10T14:58:52.910] [DEBUG] debug-file - Hap plugin creating...
[2026-09-10T14:58:52.912] [DEBUG] debug-file - failed to load cangjie to dynamically generate schemas: Error: Cannot find module '@ohos/cangjie-build-support/index'
Require stack:
- E:\DevEco Studio\tools\hvigor\hvigor-ohos-plugin\src\plugin\hooks\cangjie-register.js
- E:\DevEco Studio\tools\hvigor\hvigor-ohos-plugin\src\plugin\strategy\stage-init-strategy.js
- E:\DevEco Studio\tools\hvigor\hvigor-ohos-plugin\src\plugin\builder\abstract-plugin-builder.js
- E:\DevEco Studio\tools\hvigor\hvigor-ohos-plugin\src\plugin\builder\app-plugin-builder.js
- E:\DevEco Studio\tools\hvigor\hvigor-ohos-plugin\src\plugin\factory\plugin-factory.js
- E:\DevEco Studio\tools\hvigor\hvigor-ohos-plugin\index.js
- D:\HW\testproject\complete\2\hvigorfile.ts
- E:\DevEco Studio\tools\hvigor\hvigor\src\base\internal\lifecycle\configuration.js
- E:\DevEco Studio\tools\hvigor\hvigor\src\base\boot\index.js
- E:\DevEco Studio\tools\hvigor\hvigor\src\base\daemon\cluster\worker-process-lifecycle.js
- E:\DevEco Studio\tools\hvigor\hvigor\src\base\daemon\process\daemon-process-boot-script.js
[2026-09-10T14:58:52.915] [DEBUG] debug-file - Start initialize module-target build option map, moduleName=entry, buildMode=debug
[2026-09-10T14:58:52.915] [DEBUG] debug-file - Target 'default' config initialized
[2026-09-10T14:58:52.915] [DEBUG] debug-file - Target 'ohosTest' config initialized
[2026-09-10T14:58:52.916] [DEBUG] debug-file - Module 'entry' target 'default' build option initialized
[2026-09-10T14:58:52.916] [DEBUG] debug-file - Module 'entry' target 'ohosTest' build option initialized
[2026-09-10T14:58:52.916] [DEBUG] debug-file - End initialize module-target build option map, moduleName=entry
[2026-09-10T14:58:52.916] [DEBUG] debug-file - Start initialize module-target build option map, moduleName=entry, buildMode=release
[2026-09-10T14:58:52.917] [DEBUG] debug-file - Target 'default' config initialized
[2026-09-10T14:58:52.917] [DEBUG] debug-file - Target 'ohosTest' config initialized
[2026-09-10T14:58:52.917] [DEBUG] debug-file - Module 'entry' target 'default' build option initialized
[2026-09-10T14:58:52.917] [DEBUG] debug-file - Module 'entry' target 'ohosTest' build option initialized
[2026-09-10T14:58:52.918] [DEBUG] debug-file - End initialize module-target build option map, moduleName=entry
[2026-09-10T14:58:52.918] [DEBUG] debug-file - Start initialize module-target build option map, moduleName=entry, buildMode=debug
[2026-09-10T14:58:52.918] [DEBUG] debug-file - Target 'default' config initialized
[2026-09-10T14:58:52.918] [DEBUG] debug-file - Target 'ohosTest' config initialized
[2026-09-10T14:58:52.918] [DEBUG] debug-file - Module 'entry' target 'default' build option initialized
[2026-09-10T14:58:52.918] [DEBUG] debug-file - Module 'entry' target 'ohosTest' build option initialized
[2026-09-10T14:58:52.918] [DEBUG] debug-file - End initialize module-target build option map, moduleName=entry
[2026-09-10T14:58:52.918] [DEBUG] debug-file - Obtain build option for module 'entry' target 'default'in this build.
[2026-09-10T14:58:52.920] [DEBUG] debug-file - Module entry task initialization takes 1 ms 
[2026-09-10T14:58:52.921] [DEBUG] debug-file - Hap plugin register hook start...
[2026-09-10T14:58:52.921] [DEBUG] debug-file - Hap plugin register hook end...
[2026-09-10T14:58:52.921] [DEBUG] debug-file - Plugin build process completed
[2026-09-10T14:58:52.921] [DEBUG] debug-file - hvigorfile, begin to bind custom plugins...
[2026-09-10T14:58:52.921] [DEBUG] debug-file - hvigorfile, no custom plugins were found in D:\HW\testproject\complete\2\entry\hvigorfile.ts
[2026-09-10T14:58:52.921] [DEBUG] debug-file - hvigorfile, resolve finished D:\HW\testproject\complete\2\entry\hvigorfile.ts
[2026-09-10T14:58:53.002] [DEBUG] debug-file - hvigorfile, resolve hvigorfile dependencies in 81 ms 
[2026-09-10T14:58:53.002] [DEBUG] debug-file - project has submodules:entry
[2026-09-10T14:58:53.006] [DEBUG] debug-file - start to load updatedOhPackageInfo to the disk
[2026-09-10T14:58:53.012] [DEBUG] debug-file - load to the disk finished
[2026-09-10T14:58:53.014] [DEBUG] debug-file - Start to initialize dependency information.
[2026-09-10T14:58:53.027] [DEBUG] debug-file - Module 2 Collected Dependency: 
[2026-09-10T14:58:53.027] [DEBUG] debug-file - Module 2's total dependency: 0
[2026-09-10T14:58:53.028] [DEBUG] debug-file - Start to initialize dependency information.
[2026-09-10T14:58:53.034] [DEBUG] debug-file - Module entry Collected Dependency: 
[2026-09-10T14:58:53.034] [DEBUG] debug-file - Module entry's total dependency: 0
[2026-09-10T14:58:53.038] [DEBUG] debug-file - Configuration phase cost:251 ms 
[2026-09-10T14:58:53.040] [DEBUG] debug-file - Configuration task cost before running: 266 ms 
[2026-09-10T14:58:53.040] [DEBUG] debug-file - Executing task ::PreBuildApp
[2026-09-10T14:58:53.042] [DEBUG] debug-file - 2 : PreBuildApp cost memory 0.0146942138671875
[2026-09-10T14:58:53.042] [DEBUG] debug-file - runTaskFromQueue task cost before running: 268 ms 
[2026-09-10T14:58:53.042] [INFO] debug-file - Finished ::PreBuildApp... after 2 ms 
[2026-09-10T14:58:53.051] [DEBUG] debug-file - Executing task :entry:default@PreBuild
[2026-09-10T14:58:53.061] [DEBUG] debug-file - Task 'entry:default@PreBuild' cost while wrapping incremental declarations: 1 ms 
[2026-09-10T14:58:53.079] [DEBUG] debug-file - Incremental task entry:default@PreBuild pre-execution cost: 10 ms .
[2026-09-10T14:58:53.079] [DEBUG] debug-file - entry : default@PreBuild cost memory 0.5757522583007812
[2026-09-10T14:58:53.086] [INFO] debug-file - UP-TO-DATE :entry:default@PreBuild...  
[2026-09-10T14:58:53.087] [DEBUG] debug-file - Executing task ::DuplicateDependencyCheck
[2026-09-10T14:58:53.087] [DEBUG] debug-file - 2 : DuplicateDependencyCheck cost memory 0.01385498046875
[2026-09-10T14:58:53.087] [DEBUG] debug-file - runTaskFromQueue task cost before running: 313 ms 
[2026-09-10T14:58:53.088] [INFO] debug-file - Finished ::DuplicateDependencyCheck... after 1 ms 
[2026-09-10T14:58:53.089] [DEBUG] debug-file - Executing task :entry:default@CreateModuleInfo
[2026-09-10T14:58:53.089] [DEBUG] debug-file - Task 'entry:default@CreateModuleInfo' cost while wrapping incremental declarations: 1 ms 
[2026-09-10T14:58:53.090] [DEBUG] debug-file - entry : default@CreateModuleInfo cost memory 0.03997802734375
[2026-09-10T14:58:53.090] [DEBUG] debug-file - runTaskFromQueue task cost before running: 315 ms 
[2026-09-10T14:58:53.090] [INFO] debug-file - Finished :entry:default@CreateModuleInfo... after 1 ms 
[2026-09-10T14:58:53.091] [DEBUG] debug-file - Executing task :entry:default@GenerateMetadata
[2026-09-10T14:58:53.092] [DEBUG] debug-file - Task 'entry:default@GenerateMetadata' cost while wrapping incremental declarations: 1 ms 
[2026-09-10T14:58:53.093] [DEBUG] debug-file - Incremental task entry:default@GenerateMetadata pre-execution cost: 2 ms .
[2026-09-10T14:58:53.093] [DEBUG] debug-file - entry : default@GenerateMetadata cost memory 0.07532501220703125
[2026-09-10T14:58:53.093] [INFO] debug-file - UP-TO-DATE :entry:default@GenerateMetadata...  
[2026-09-10T14:58:53.094] [DEBUG] debug-file - Executing task :entry:default@ConfigureCmake
[2026-09-10T14:58:53.095] [DEBUG] debug-file - entry : default@ConfigureCmake cost memory 0.01450347900390625
[2026-09-10T14:58:53.095] [DEBUG] debug-file - runTaskFromQueue task cost before running: 321 ms 
[2026-09-10T14:58:53.095] [INFO] debug-file - Finished :entry:default@ConfigureCmake... after 1 ms 
[2026-09-10T14:58:53.096] [DEBUG] debug-file - Executing task :entry:default@MergeProfile
[2026-09-10T14:58:53.096] [DEBUG] debug-file - Task 'entry:default@MergeProfile' cost while wrapping incremental declarations: 1 ms 
[2026-09-10T14:58:53.098] [DEBUG] debug-file - Incremental task entry:default@MergeProfile pre-execution cost: 1 ms .
[2026-09-10T14:58:53.098] [DEBUG] debug-file - entry : default@MergeProfile cost memory 0.11859893798828125
[2026-09-10T14:58:53.098] [INFO] debug-file - UP-TO-DATE :entry:default@MergeProfile...  
[2026-09-10T14:58:53.100] [DEBUG] debug-file - Executing task :entry:default@CreateBuildProfile
[2026-09-10T14:58:53.100] [DEBUG] debug-file - Task 'entry:default@CreateBuildProfile' cost while wrapping incremental declarations: 1 ms 
[2026-09-10T14:58:53.102] [DEBUG] debug-file - Incremental task entry:default@CreateBuildProfile pre-execution cost: 1 ms .
[2026-09-10T14:58:53.102] [DEBUG] debug-file - entry : default@CreateBuildProfile cost memory 0.09391021728515625
[2026-09-10T14:58:53.102] [INFO] debug-file - UP-TO-DATE :entry:default@CreateBuildProfile...  
[2026-09-10T14:58:53.104] [DEBUG] debug-file - Executing task :entry:default@PreCheckSyscap
[2026-09-10T14:58:53.104] [DEBUG] debug-file - entry : default@PreCheckSyscap cost memory 0.01520538330078125
[2026-09-10T14:58:53.104] [DEBUG] debug-file - runTaskFromQueue task cost before running: 330 ms 
[2026-09-10T14:58:53.105] [INFO] debug-file - Finished :entry:default@PreCheckSyscap... after 1 ms 
[2026-09-10T14:58:53.106] [DEBUG] debug-file - Executing task :entry:default@GeneratePkgContextInfo
[2026-09-10T14:58:53.111] [DEBUG] debug-file - Task 'entry:default@GeneratePkgContextInfo' cost while wrapping incremental declarations: 1 ms 
[2026-09-10T14:58:53.112] [DEBUG] debug-file - Incremental task entry:default@GeneratePkgContextInfo pre-execution cost: 1 ms .
[2026-09-10T14:58:53.113] [DEBUG] debug-file - entry : default@GeneratePkgContextInfo cost memory 0.19417572021484375
[2026-09-10T14:58:53.113] [INFO] debug-file - UP-TO-DATE :entry:default@GeneratePkgContextInfo...  
[2026-09-10T14:58:53.115] [DEBUG] debug-file - Executing task :entry:default@GeneratePkgSdkInfo
[2026-09-10T14:58:53.119] [DEBUG] debug-file - Task 'entry:default@GeneratePkgSdkInfo' cost while wrapping incremental declarations: 1 ms 
[2026-09-10T14:58:53.120] [DEBUG] debug-file - entry : default@GeneratePkgSdkInfo cost memory 0.09947967529296875
[2026-09-10T14:58:53.120] [DEBUG] debug-file - runTaskFromQueue task cost before running: 346 ms 
[2026-09-10T14:58:53.121] [INFO] debug-file - Finished :entry:default@GeneratePkgSdkInfo... after 5 ms 
[2026-09-10T14:58:53.126] [DEBUG] debug-file - Executing task :entry:default@ProcessIntegratedHsp
[2026-09-10T14:58:53.127] [DEBUG] debug-file - entry:default@ProcessIntegratedHsp is not up-to-date, since the output file 'D:\HW\testproject\complete\2\build\cache\default\integrated_hsp\integratedHspCache.json' does not exist.
[2026-09-10T14:58:53.128] [DEBUG] debug-file - Incremental task entry:default@ProcessIntegratedHsp pre-execution cost: 1 ms .
[2026-09-10T14:58:53.128] [DEBUG] debug-file - entry : default@ProcessIntegratedHsp cost memory 0.0498046875
[2026-09-10T14:58:53.128] [DEBUG] debug-file - runTaskFromQueue task cost before running: 354 ms 
[2026-09-10T14:58:53.129] [INFO] debug-file - Finished :entry:default@ProcessIntegratedHsp... after 3 ms 
[2026-09-10T14:58:53.131] [DEBUG] debug-file - Executing task :entry:default@BuildNativeWithCmake
[2026-09-10T14:58:53.131] [DEBUG] debug-file - entry : default@BuildNativeWithCmake cost memory 0.0145416259765625
[2026-09-10T14:58:53.132] [DEBUG] debug-file - runTaskFromQueue task cost before running: 357 ms 
[2026-09-10T14:58:53.132] [INFO] debug-file - Finished :entry:default@BuildNativeWithCmake... after 1 ms 
[2026-09-10T14:58:53.133] [DEBUG] debug-file - Executing task :entry:default@MakePackInfo
[2026-09-10T14:58:53.137] [DEBUG] debug-file - Incremental task entry:default@MakePackInfo pre-execution cost: 3 ms .
[2026-09-10T14:58:53.138] [DEBUG] debug-file - entry : default@MakePackInfo cost memory 0.10684967041015625
[2026-09-10T14:58:53.139] [INFO] debug-file - UP-TO-DATE :entry:default@MakePackInfo...  
[2026-09-10T14:58:53.140] [DEBUG] debug-file - Executing task :entry:default@SyscapTransform
[2026-09-10T14:58:53.140] [DEBUG] debug-file - File: 'D:\HW\testproject\complete\2\entry\src\main\syscap.json' from 'sysCapJsonPath' is not exists, just ignore.
[2026-09-10T14:58:53.141] [DEBUG] debug-file - Task 'entry:default@SyscapTransform' cost while wrapping incremental declarations: 1 ms 
[2026-09-10T14:58:53.151] [DEBUG] debug-file - entry:default@SyscapTransform is not up-to-date, since the output file 'D:\HW\testproject\complete\2\entry\build\default\intermediates\syscap\default\rpcid.sc' does not exist.
[2026-09-10T14:58:53.153] [DEBUG] debug-file - Incremental task entry:default@SyscapTransform pre-execution cost: 12 ms .
[2026-09-10T14:58:53.155] [DEBUG] debug-file - entry : default@SyscapTransform cost memory 0.113677978515625
[2026-09-10T14:58:53.155] [DEBUG] debug-file - runTaskFromQueue task cost before running: 381 ms 
[2026-09-10T14:58:53.157] [INFO] debug-file - Finished :entry:default@SyscapTransform... after 15 ms 
[2026-09-10T14:58:53.162] [DEBUG] debug-file - Executing task :entry:default@ProcessProfile
[2026-09-10T14:58:53.172] [DEBUG] debug-file - Task 'entry:default@ProcessProfile' cost while wrapping incremental declarations: 1 ms 
[2026-09-10T14:58:53.175] [DEBUG] debug-file - Incremental task entry:default@ProcessProfile pre-execution cost: 3 ms .
[2026-09-10T14:58:53.175] [DEBUG] debug-file - entry : default@ProcessProfile cost memory 0.1316986083984375
[2026-09-10T14:58:53.176] [INFO] debug-file - UP-TO-DATE :entry:default@ProcessProfile...  
[2026-09-10T14:58:53.178] [DEBUG] debug-file - Executing task :entry:default@ProcessRouterMap
[2026-09-10T14:58:53.181] [DEBUG] debug-file - Incremental task entry:default@ProcessRouterMap pre-execution cost: 3 ms .
[2026-09-10T14:58:53.182] [DEBUG] debug-file - entry : default@ProcessRouterMap cost memory 0.130126953125
[2026-09-10T14:58:53.183] [INFO] debug-file - UP-TO-DATE :entry:default@ProcessRouterMap...  
[2026-09-10T14:58:53.185] [DEBUG] debug-file - Executing task :entry:default@ProcessShareConfig
[2026-09-10T14:58:53.189] [DEBUG] debug-file - Incremental task entry:default@ProcessShareConfig pre-execution cost: 3 ms .
[2026-09-10T14:58:53.190] [DEBUG] debug-file - entry : default@ProcessShareConfig cost memory 0.10872650146484375
[2026-09-10T14:58:53.190] [INFO] debug-file - UP-TO-DATE :entry:default@ProcessShareConfig...  
[2026-09-10T14:58:53.193] [DEBUG] debug-file - Executing task :entry:default@ProcessStartupConfig
[2026-09-10T14:58:53.193] [DEBUG] debug-file - Task 'entry:default@ProcessStartupConfig' cost while wrapping incremental declarations: 1 ms 
[2026-09-10T14:58:53.195] [DEBUG] debug-file - entry:default@ProcessStartupConfig is not up-to-date, since the output file 'D:\HW\testproject\complete\2\entry\build\default\intermediates\startup\default\startup_config.json' does not exist.
[2026-09-10T14:58:53.195] [DEBUG] debug-file - Incremental task entry:default@ProcessStartupConfig pre-execution cost: 1 ms .
[2026-09-10T14:58:53.196] [DEBUG] debug-file - entry : default@ProcessStartupConfig cost memory 0.11231231689453125
[2026-09-10T14:58:53.196] [DEBUG] debug-file - runTaskFromQueue task cost before running: 422 ms 
[2026-09-10T14:58:53.197] [INFO] debug-file - Finished :entry:default@ProcessStartupConfig... after 4 ms 
[2026-09-10T14:58:53.198] [DEBUG] debug-file - Executing task :entry:default@BuildNativeWithNinja
[2026-09-10T14:58:53.199] [DEBUG] debug-file - entry : default@BuildNativeWithNinja cost memory 0.019378662109375
[2026-09-10T14:58:53.199] [DEBUG] debug-file - runTaskFromQueue task cost before running: 425 ms 
[2026-09-10T14:58:53.200] [INFO] debug-file - Finished :entry:default@BuildNativeWithNinja... after 1 ms 
[2026-09-10T14:58:53.202] [DEBUG] debug-file - restool module names: entry; moduleName=entry, taskName=default@ProcessResource
[2026-09-10T14:58:53.204] [DEBUG] debug-file - Executing task :entry:default@ProcessResource
[2026-09-10T14:58:53.205] [DEBUG] debug-file - Task 'entry:default@ProcessResource' cost while wrapping incremental declarations: 1 ms 
[2026-09-10T14:58:53.207] [DEBUG] debug-file - Incremental task entry:default@ProcessResource pre-execution cost: 2 ms .
[2026-09-10T14:58:53.208] [DEBUG] debug-file - entry : default@ProcessResource cost memory 0.11307525634765625
[2026-09-10T14:58:53.211] [INFO] debug-file - UP-TO-DATE :entry:default@ProcessResource...  
[2026-09-10T14:58:53.213] [DEBUG] debug-file - Executing task :entry:default@GenerateLoaderJson
[2026-09-10T14:58:53.215] [DEBUG] debug-file - Task 'entry:default@GenerateLoaderJson' cost while wrapping incremental declarations: 1 ms 
[2026-09-10T14:58:53.225] [DEBUG] debug-file - Incremental task entry:default@GenerateLoaderJson pre-execution cost: 8 ms .
[2026-09-10T14:58:53.226] [DEBUG] debug-file - entry : default@GenerateLoaderJson cost memory -3.1629791259765625
[2026-09-10T14:58:53.230] [INFO] debug-file - UP-TO-DATE :entry:default@GenerateLoaderJson...  
[2026-09-10T14:58:53.232] [DEBUG] debug-file - Executing task :entry:default@ProcessLibs
[2026-09-10T14:58:53.232] [DEBUG] debug-file - Task 'entry:default@ProcessLibs' cost while wrapping incremental declarations: 1 ms 
[2026-09-10T14:58:53.236] [DEBUG] debug-file - Incremental task entry:default@ProcessLibs pre-execution cost: 3 ms .
[2026-09-10T14:58:53.236] [DEBUG] debug-file - entry : default@ProcessLibs cost memory 0.09468841552734375
[2026-09-10T14:58:53.238] [INFO] debug-file - UP-TO-DATE :entry:default@ProcessLibs...  
[2026-09-10T14:58:53.241] [DEBUG] debug-file - restool module names: entry; moduleName=entry, taskName=default@CompileResource
[2026-09-10T14:58:53.242] [DEBUG] debug-file - Executing task :entry:default@CompileResource
[2026-09-10T14:58:53.259] [DEBUG] debug-file - Incremental task entry:default@CompileResource pre-execution cost: 16 ms .
[2026-09-10T14:58:53.260] [DEBUG] debug-file - entry : default@CompileResource cost memory 0.49472808837890625
[2026-09-10T14:58:53.261] [INFO] debug-file - UP-TO-DATE :entry:default@CompileResource...  
[2026-09-10T14:58:53.262] [DEBUG] debug-file - Executing task :entry:default@DoNativeStrip
[2026-09-10T14:58:53.263] [DEBUG] debug-file - File: 'D:\HW\testproject\complete\2\entry\build\default\intermediates\binxo\default' from 'doBinxoNativeLibs' is not exists, just ignore.
[2026-09-10T14:58:53.263] [DEBUG] debug-file - Task 'entry:default@DoNativeStrip' cost while wrapping incremental declarations: 1 ms 
[2026-09-10T14:58:53.264] [DEBUG] debug-file - Incremental task entry:default@DoNativeStrip pre-execution cost: 1 ms .
[2026-09-10T14:58:53.264] [DEBUG] debug-file - entry : default@DoNativeStrip cost memory 0.07376861572265625
[2026-09-10T14:58:53.265] [INFO] debug-file - UP-TO-DATE :entry:default@DoNativeStrip...  
[2026-09-10T14:58:53.266] [DEBUG] debug-file - Executing task :entry:default@CompileArkTS
[2026-09-10T14:58:53.267] [DEBUG] debug-file - obfuscationOptions: undefined
[2026-09-10T14:58:53.268] [DEBUG] debug-file - Task 'entry:default@CompileArkTS' cost while wrapping incremental declarations: 1 ms 
[2026-09-10T14:58:53.281] [DEBUG] debug-file - Incremental task entry:default@CompileArkTS pre-execution cost: 10 ms .
[2026-09-10T14:58:53.281] [DEBUG] debug-file - entry : default@CompileArkTS cost memory 0.44008636474609375
[2026-09-10T14:58:53.283] [INFO] debug-file - UP-TO-DATE :entry:default@CompileArkTS...  
[2026-09-10T14:58:53.286] [DEBUG] debug-file - Executing task :entry:default@BuildJS
[2026-09-10T14:58:53.286] [DEBUG] debug-file - Task 'entry:default@BuildJS' cost while wrapping incremental declarations: 1 ms 
[2026-09-10T14:58:53.292] [DEBUG] debug-file - entry : default@BuildJS cost memory 0.11919403076171875
[2026-09-10T14:58:53.292] [DEBUG] debug-file - runTaskFromQueue task cost before running: 518 ms 
[2026-09-10T14:58:53.292] [INFO] debug-file - Finished :entry:default@BuildJS... after 7 ms 
[2026-09-10T14:58:53.294] [DEBUG] debug-file - Executing task :entry:default@CacheNativeLibs
[2026-09-10T14:58:53.295] [DEBUG] debug-file - File: 'D:\HW\testproject\complete\2\entry\build\default\intermediates\binxo\default' from 'cacheBinxoNativeLibs' is not exists, just ignore.
[2026-09-10T14:58:53.295] [DEBUG] debug-file - Task 'entry:default@CacheNativeLibs' cost while wrapping incremental declarations: 1 ms 
[2026-09-10T14:58:53.297] [DEBUG] debug-file - Incremental task entry:default@CacheNativeLibs pre-execution cost: 2 ms .
[2026-09-10T14:58:53.297] [DEBUG] debug-file - entry : default@CacheNativeLibs cost memory 0.08704376220703125
[2026-09-10T14:58:53.298] [INFO] debug-file - UP-TO-DATE :entry:default@CacheNativeLibs...  
[2026-09-10T14:58:53.299] [DEBUG] debug-file - Executing task :entry:default@GeneratePkgModuleJson
[2026-09-10T14:58:53.300] [DEBUG] debug-file - File: 'D:\HW\testproject\complete\2\entry\build\default\intermediates\preload\default\preload.json' from 'preloadSoJsonPath' is not exists, just ignore.
[2026-09-10T14:58:53.300] [DEBUG] debug-file - Error occurs while handling @Input 'shouldDeduplicateHar': The "data" argument must be of type string or an instance of Buffer, TypedArray, or DataView. Received undefined
[2026-09-10T14:58:53.300] [DEBUG] debug-file - Task 'entry:default@GeneratePkgModuleJson' cost while wrapping incremental declarations: 1 ms 
[2026-09-10T14:58:53.301] [DEBUG] debug-file - Incremental task entry:default@GeneratePkgModuleJson pre-execution cost: 2 ms .
[2026-09-10T14:58:53.302] [DEBUG] debug-file - entry : default@GeneratePkgModuleJson cost memory 0.0848541259765625
[2026-09-10T14:58:53.302] [INFO] debug-file - UP-TO-DATE :entry:default@GeneratePkgModuleJson...  
[2026-09-10T14:58:53.306] [DEBUG] debug-file - Executing task :entry:default@ProcessCompiledResources
[2026-09-10T14:58:53.306] [DEBUG] debug-file - File: 'D:\HW\testproject\complete\2\entry\build\default\intermediates\preload\default\preload.json' from 'preloadSoJsonPath' is not exists, just ignore.
[2026-09-10T14:58:53.307] [DEBUG] debug-file - Task 'entry:default@ProcessCompiledResources' cost while wrapping incremental declarations: 1 ms 
[2026-09-10T14:58:53.308] [DEBUG] debug-file - entry : default@ProcessCompiledResources cost memory 0.0514678955078125
[2026-09-10T14:58:53.308] [DEBUG] debug-file - runTaskFromQueue task cost before running: 534 ms 
[2026-09-10T14:58:53.309] [INFO] debug-file - Finished :entry:default@ProcessCompiledResources... after 3 ms 
[2026-09-10T14:58:53.311] [DEBUG] debug-file - Executing task :entry:default@PackageHap
[2026-09-10T14:58:53.333] [DEBUG] debug-file - Incremental task entry:default@PackageHap pre-execution cost: 20 ms .
[2026-09-10T14:58:53.333] [DEBUG] debug-file - entry : default@PackageHap cost memory 0.281951904296875
[2026-09-10T14:58:53.336] [INFO] debug-file - UP-TO-DATE :entry:default@PackageHap...  
[2026-09-10T14:58:53.339] [DEBUG] debug-file - Executing task :entry:default@PackingCheck
[2026-09-10T14:58:53.352] [DEBUG] debug-file - entry : default@PackingCheck cost memory 0.30857086181640625
[2026-09-10T14:58:53.352] [DEBUG] debug-file - runTaskFromQueue task cost before running: 578 ms 
[2026-09-10T14:58:53.352] [INFO] debug-file - Finished :entry:default@PackingCheck... after 14 ms 
[2026-09-10T14:58:53.353] [DEBUG] debug-file - Executing task :entry:default@SignHap
[2026-09-10T14:58:53.354] [WARN] debug-file - Will skip sign 'hos_hap'. No signingConfigs profile is configured in current project.
             If needed, configure the signingConfigs in D:\HW\testproject\complete\2\build-profile.json5.
[2026-09-10T14:58:53.356] [DEBUG] debug-file - entry:default@SignHap is not up-to-date, since the output file 'D:\HW\testproject\complete\2\entry\build\default\outputs\default\entry-default-signed.hap' does not exist.
[2026-09-10T14:58:53.356] [DEBUG] debug-file - Incremental task entry:default@SignHap pre-execution cost: 2 ms .
[2026-09-10T14:58:53.357] [DEBUG] debug-file - entry : default@SignHap cost memory 0.07279205322265625
[2026-09-10T14:58:53.358] [DEBUG] debug-file - runTaskFromQueue task cost before running: 583 ms 
[2026-09-10T14:58:53.359] [INFO] debug-file - Finished :entry:default@SignHap... after 5 ms 
[2026-09-10T14:58:53.362] [DEBUG] debug-file - Executing task :entry:default@CollectDebugSymbol
[2026-09-10T14:58:53.366] [DEBUG] debug-file - entry : default@CollectDebugSymbol cost memory 0.079071044921875
[2026-09-10T14:58:53.367] [DEBUG] debug-file - runTaskFromQueue task cost before running: 592 ms 
[2026-09-10T14:58:53.367] [INFO] debug-file - Finished :entry:default@CollectDebugSymbol... after 5 ms 
[2026-09-10T14:58:53.367] [DEBUG] debug-file - Executing task :entry:assembleHap
[2026-09-10T14:58:53.367] [DEBUG] debug-file - entry : assembleHap cost memory 0.01238250732421875
[2026-09-10T14:58:53.368] [DEBUG] debug-file - runTaskFromQueue task cost before running: 593 ms 
[2026-09-10T14:58:53.368] [INFO] debug-file - Finished :entry:assembleHap... after 1 ms 
[2026-09-10T14:58:53.368] [DEBUG] debug-file - Executing task ::MakeProjectPackInfo
[2026-09-10T14:58:53.371] [DEBUG] debug-file - Task ':MakeProjectPackInfo' cost while wrapping incremental declarations: 1 ms 
[2026-09-10T14:58:53.372] [DEBUG] debug-file - Incremental task :MakeProjectPackInfo pre-execution cost: 1 ms .
[2026-09-10T14:58:53.372] [DEBUG] debug-file - 2 : MakeProjectPackInfo cost memory 0.138153076171875
[2026-09-10T14:58:53.376] [INFO] debug-file - UP-TO-DATE ::MakeProjectPackInfo...  
[2026-09-10T14:58:53.376] [DEBUG] debug-file - Executing task ::ProcessProjectPrivacyProfile
[2026-09-10T14:58:53.382] [DEBUG] debug-file - Incremental task :ProcessProjectPrivacyProfile pre-execution cost: 2 ms .
[2026-09-10T14:58:53.382] [DEBUG] debug-file - 2 : ProcessProjectPrivacyProfile cost memory 0.0796661376953125
[2026-09-10T14:58:53.383] [INFO] debug-file - UP-TO-DATE ::ProcessProjectPrivacyProfile...  
[2026-09-10T14:58:53.384] [DEBUG] debug-file - Executing task ::GeneratePackRes
[2026-09-10T14:58:53.384] [DEBUG] debug-file - Incremental task :GeneratePackRes pre-execution cost: 1 ms .
[2026-09-10T14:58:53.384] [DEBUG] debug-file - 2 : GeneratePackRes cost memory 0.04045867919921875
[2026-09-10T14:58:53.385] [INFO] debug-file - UP-TO-DATE ::GeneratePackRes...  
[2026-09-10T14:58:53.385] [DEBUG] debug-file - Executing task ::PackageApp
[2026-09-10T14:58:53.389] [DEBUG] debug-file - Task ':PackageApp' cost while wrapping incremental declarations: 1 ms 
[2026-09-10T14:58:53.393] [DEBUG] debug-file - :PackageApp is not up-to-date, since the output file 'D:\HW\testproject\complete\2\build\outputs\default\symbol\debug' does not exist.
[2026-09-10T14:58:53.393] [DEBUG] debug-file - Incremental task :PackageApp pre-execution cost: 4 ms .
[2026-09-10T14:58:53.400] [DEBUG] debug-file - Use tool [PackageApp]
 [
  'java',
  '-Dfile.encoding=GBK',
  '-jar',
  'E:\\DevEco Studio\\sdk\\default\\openharmony\\toolchains\\lib\\app_packing_tool.jar',
  '--mode',
  'app',
  '--pack-info-path',
  'D:\\HW\\testproject\\complete\\2\\build\\outputs\\default\\pack.info',
  '--hap-path',
  'D:\\HW\\testproject\\complete\\2\\entry\\build\\default\\outputs\\default\\app\\entry-default.hap',
  '--hsp-path',
  '',
  '--force',
  'true',
  '--out-path',
  'D:\\HW\\testproject\\complete\\2\\build\\outputs\\default\\2-default-unsigned.app',
  '--main-module-limit',
  '2',
  '--normal-module-limit',
  '2',
  '--pac-json-path',
  'D:\\HW\\testproject\\complete\\2\\build\\outputs\\default\\pac.json'
]
[2026-09-10T14:58:53.400] [DEBUG] debug-file - current process  memoryUsage: {
  rss: 509337600,
  heapTotal: 136454144,
  heapUsed: 118653608,
  external: 3971163,
  arrayBuffers: 37712
} os memoryUsage :14.69586181640625
[2026-09-10T14:58:54.424] [DEBUG] debug-file - 2 : PackageApp cost memory 0.44074249267578125
[2026-09-10T14:58:54.424] [DEBUG] debug-file - runTaskFromQueue task cost before running: 1 s 650 ms 
[2026-09-10T14:58:54.425] [INFO] debug-file - Finished ::PackageApp... after 1 s 40 ms 
[2026-09-10T14:58:54.425] [DEBUG] debug-file - Executing task ::SignPackagesFromApp
[2026-09-10T14:58:54.427] [DEBUG] debug-file - :SignPackagesFromApp is not up-to-date, since the input file 'D:\HW\testproject\complete\2\build\outputs\default\2-default-unsigned.app' has been changed.
[2026-09-10T14:58:54.427] [DEBUG] debug-file - Incremental task :SignPackagesFromApp pre-execution cost: 2 ms .
[2026-09-10T14:58:54.427] [DEBUG] debug-file - 2 : SignPackagesFromApp cost memory 0.04998779296875
[2026-09-10T14:58:54.428] [DEBUG] debug-file - runTaskFromQueue task cost before running: 1 s 654 ms 
[2026-09-10T14:58:54.428] [INFO] debug-file - Finished ::SignPackagesFromApp... after 3 ms 
[2026-09-10T14:58:54.429] [DEBUG] debug-file - Executing task ::SignApp
[2026-09-10T14:58:54.429] [DEBUG] debug-file - signingConfigName of signApp is :  undefined
[2026-09-10T14:58:54.429] [WARN] debug-file - Will skip sign 'app'. No signingConfigs profile is configured in current project.
             If needed, configure the signingConfigs in D:\HW\testproject\complete\2\build-profile.json5.
[2026-09-10T14:58:54.430] [DEBUG] debug-file - :SignApp is not up-to-date, since the input file 'D:\HW\testproject\complete\2\build\outputs\default\2-default-unsigned.app' has been changed.
[2026-09-10T14:58:54.430] [DEBUG] debug-file - Incremental task :SignApp pre-execution cost: 1 ms .
[2026-09-10T14:58:54.431] [DEBUG] debug-file - 2 : SignApp cost memory 0.11132049560546875
[2026-09-10T14:58:54.431] [DEBUG] debug-file - runTaskFromQueue task cost before running: 1 s 656 ms 
[2026-09-10T14:58:54.431] [INFO] debug-file - Finished ::SignApp... after 2 ms 
[2026-09-10T14:58:54.431] [DEBUG] debug-file - Executing task ::assembleApp
[2026-09-10T14:58:54.431] [DEBUG] debug-file - 2 : assembleApp cost memory 0.01235198974609375
[2026-09-10T14:58:54.431] [DEBUG] debug-file - runTaskFromQueue task cost before running: 1 s 657 ms 
[2026-09-10T14:58:54.431] [INFO] debug-file - Finished ::assembleApp... after 1 ms 
[2026-09-10T14:58:54.432] [INFO] debug-file - BUILD SUCCESSFUL in 1 s 658 ms 
[2026-09-10T14:58:54.433] [DEBUG] debug-file - There is no need to refresh cache, since the incremental task entry:default@PreBuild is up-to-date.
[2026-09-10T14:58:54.433] [DEBUG] debug-file - Update task entry:default@CreateModuleInfo output file:D:\HW\testproject\complete\2\entry\build\default\generated\profile\default\ModuleInfo.ts cache.
[2026-09-10T14:58:54.433] [DEBUG] debug-file - Incremental task entry:default@CreateModuleInfo post-execution cost:1 ms .
[2026-09-10T14:58:54.433] [DEBUG] debug-file - There is no need to refresh cache, since the incremental task entry:default@GenerateMetadata is up-to-date.
[2026-09-10T14:58:54.433] [DEBUG] debug-file - There is no need to refresh cache, since the incremental task entry:default@MergeProfile is up-to-date.
[2026-09-10T14:58:54.433] [DEBUG] debug-file - There is no need to refresh cache, since the incremental task entry:default@CreateBuildProfile is up-to-date.
[2026-09-10T14:58:54.433] [DEBUG] debug-file - There is no need to refresh cache, since the incremental task entry:default@GeneratePkgContextInfo is up-to-date.
[2026-09-10T14:58:54.433] [DEBUG] debug-file - Update task entry:default@GeneratePkgSdkInfo output file:D:\HW\testproject\complete\2\entry\build\default\intermediates\loader\default\pkgSdkInfo.json cache.
[2026-09-10T14:58:54.433] [DEBUG] debug-file - Incremental task entry:default@GeneratePkgSdkInfo post-execution cost:1 ms .
[2026-09-10T14:58:54.434] [DEBUG] debug-file - Update task entry:default@ProcessIntegratedHsp output file:D:\HW\testproject\complete\2\build\cache\default\integrated_hsp\integratedHspCache.json cache.
[2026-09-10T14:58:54.434] [DEBUG] debug-file - Incremental task entry:default@ProcessIntegratedHsp post-execution cost:1 ms .
[2026-09-10T14:58:54.434] [DEBUG] debug-file - There is no need to refresh cache, since the incremental task entry:default@MakePackInfo is up-to-date.
[2026-09-10T14:58:54.434] [DEBUG] debug-file - Update task entry:default@SyscapTransform input file:E:\DevEco Studio\sdk\default\openharmony\toolchains\syscap_tool.exe cache by regenerate.
[2026-09-10T14:58:54.434] [DEBUG] debug-file - Update task entry:default@SyscapTransform input file:E:\DevEco Studio\sdk\default\openharmony\ets\api\device-define cache by regenerate.
[2026-09-10T14:58:54.435] [DEBUG] debug-file - Update task entry:default@SyscapTransform output file:D:\HW\testproject\complete\2\entry\build\default\intermediates\syscap\default\rpcid.sc cache.
[2026-09-10T14:58:54.436] [DEBUG] debug-file - Incremental task entry:default@SyscapTransform post-execution cost:2 ms .
[2026-09-10T14:58:54.436] [DEBUG] debug-file - There is no need to refresh cache, since the incremental task entry:default@ProcessProfile is up-to-date.
[2026-09-10T14:58:54.436] [DEBUG] debug-file - There is no need to refresh cache, since the incremental task entry:default@ProcessRouterMap is up-to-date.
[2026-09-10T14:58:54.436] [DEBUG] debug-file - There is no need to refresh cache, since the incremental task entry:default@ProcessShareConfig is up-to-date.
[2026-09-10T14:58:54.436] [DEBUG] debug-file - Update task entry:default@ProcessStartupConfig input file:D:\HW\testproject\complete\2\entry\build\default\intermediates\loader\default\pkgContextInfo.json cache by regenerate.
[2026-09-10T14:58:54.436] [DEBUG] debug-file - Update task entry:default@ProcessStartupConfig output file:D:\HW\testproject\complete\2\entry\build\default\intermediates\startup\default\startup_config.json cache.
[2026-09-10T14:58:54.437] [DEBUG] debug-file - Incremental task entry:default@ProcessStartupConfig post-execution cost:1 ms .
[2026-09-10T14:58:54.437] [DEBUG] debug-file - There is no need to refresh cache, since the incremental task entry:default@ProcessResource is up-to-date.
[2026-09-10T14:58:54.437] [DEBUG] debug-file - There is no need to refresh cache, since the incremental task entry:default@GenerateLoaderJson is up-to-date.
[2026-09-10T14:58:54.437] [DEBUG] debug-file - There is no need to refresh cache, since the incremental task entry:default@ProcessLibs is up-to-date.
[2026-09-10T14:58:54.437] [DEBUG] debug-file - There is no need to refresh cache, since the incremental task entry:default@CompileResource is up-to-date.
[2026-09-10T14:58:54.437] [DEBUG] debug-file - There is no need to refresh cache, since the incremental task entry:default@DoNativeStrip is up-to-date.
[2026-09-10T14:58:54.437] [DEBUG] debug-file - There is no need to refresh cache, since the incremental task entry:default@CompileArkTS is up-to-date.
[2026-09-10T14:58:54.438] [DEBUG] debug-file - Update task entry:default@BuildJS input file:D:\HW\testproject\complete\2\entry\build\default\intermediates\loader\default cache by regenerate.
[2026-09-10T14:58:54.439] [DEBUG] debug-file - Update task entry:default@BuildJS input file:D:\HW\testproject\complete\2\entry\build\default\intermediates\res\default\resources\rawfile cache by regenerate.
[2026-09-10T14:58:54.439] [DEBUG] debug-file - Update task entry:default@BuildJS input file:D:\HW\testproject\complete\2\entry\build\default\intermediates\res\default\ResourceTable.txt cache by regenerate.
[2026-09-10T14:58:54.440] [DEBUG] debug-file - Update task entry:default@BuildJS input file:D:\HW\testproject\complete\2\entry\build\default\intermediates\res\default\ark_module.json cache by regenerate.
[2026-09-10T14:58:54.440] [DEBUG] debug-file - Update task entry:default@BuildJS input file:D:\HW\testproject\complete\2\entry\build\default\intermediates\res\default\resources\base\profile cache by regenerate.
[2026-09-10T14:58:54.441] [DEBUG] debug-file - Update task entry:default@BuildJS input file:D:\HW\testproject\complete\2\entry\build\default\intermediates\loader\default\pkgContextInfo.json cache by regenerate.
[2026-09-10T14:58:54.441] [DEBUG] debug-file - Update task entry:default@BuildJS output file:D:\HW\testproject\complete\2\entry\build\default\intermediates\loader_out\default\js cache.
[2026-09-10T14:58:54.441] [DEBUG] debug-file - Incremental task entry:default@BuildJS post-execution cost:5 ms .
[2026-09-10T14:58:54.441] [DEBUG] debug-file - There is no need to refresh cache, since the incremental task entry:default@CacheNativeLibs is up-to-date.
[2026-09-10T14:58:54.442] [DEBUG] debug-file - There is no need to refresh cache, since the incremental task entry:default@GeneratePkgModuleJson is up-to-date.
[2026-09-10T14:58:54.442] [DEBUG] debug-file - Incremental task entry:default@ProcessCompiledResources post-execution cost:1 ms .
[2026-09-10T14:58:54.442] [DEBUG] debug-file - There is no need to refresh cache, since the incremental task entry:default@PackageHap is up-to-date.
[2026-09-10T14:58:54.442] [DEBUG] debug-file - Update task entry:default@SignHap input file:D:\HW\testproject\complete\2\entry\build\default\outputs\default\entry-default-unsigned.hap cache by regenerate.
[2026-09-10T14:58:54.442] [DEBUG] debug-file - Update task entry:default@SignHap output file:D:\HW\testproject\complete\2\entry\build\default\outputs\default\entry-default-signed.hap cache.
[2026-09-10T14:58:54.443] [DEBUG] debug-file - Incremental task entry:default@SignHap post-execution cost:1 ms .
[2026-09-10T14:58:54.443] [DEBUG] debug-file - Update task entry:default@CollectDebugSymbol input file:D:\HW\testproject\complete\2\entry\build\default\intermediates\loader_out\default\ets\sourceMaps.map cache by regenerate.
[2026-09-10T14:58:54.444] [DEBUG] debug-file - Update task entry:default@CollectDebugSymbol input file:D:\HW\testproject\complete\2\entry\build\default\intermediates\libs\default cache by regenerate.
[2026-09-10T14:58:54.444] [DEBUG] debug-file - Update task entry:default@CollectDebugSymbol output file:D:\HW\testproject\complete\2\entry\build\default\outputs\default\symbol cache.
[2026-09-10T14:58:54.445] [DEBUG] debug-file - Incremental task entry:default@CollectDebugSymbol post-execution cost:2 ms .
[2026-09-10T14:58:54.445] [DEBUG] debug-file - There is no need to refresh cache, since the incremental task :MakeProjectPackInfo is up-to-date.
[2026-09-10T14:58:54.445] [DEBUG] debug-file - There is no need to refresh cache, since the incremental task :ProcessProjectPrivacyProfile is up-to-date.
[2026-09-10T14:58:54.445] [DEBUG] debug-file - There is no need to refresh cache, since the incremental task :GeneratePackRes is up-to-date.
[2026-09-10T14:58:54.445] [DEBUG] debug-file - Update task :PackageApp input file:D:\HW\testproject\complete\2\build\outputs\default\pack.info cache by regenerate.
[2026-09-10T14:58:54.445] [DEBUG] debug-file - Update task :PackageApp input file:D:\HW\testproject\complete\2\entry\build\default\outputs\default\entry-default-unsigned.hap cache by regenerate.
[2026-09-10T14:58:54.446] [DEBUG] debug-file - Update task :PackageApp input file:D:\HW\testproject\complete\2\build\outputs\default\pac.json cache by regenerate.
[2026-09-10T14:58:54.446] [DEBUG] debug-file - Update task :PackageApp output file:D:\HW\testproject\complete\2\build\outputs\default\2-default-unsigned.app cache.
[2026-09-10T14:58:54.446] [DEBUG] debug-file - Update task :PackageApp output file:D:\HW\testproject\complete\2\entry\build\default\outputs\default\app\entry-default.hap cache.
[2026-09-10T14:58:54.446] [DEBUG] debug-file - Update task :PackageApp output file:D:\HW\testproject\complete\2\build\outputs\default\symbol\debug cache.
[2026-09-10T14:58:54.447] [DEBUG] debug-file - Incremental task :PackageApp post-execution cost:2 ms .
[2026-09-10T14:58:54.447] [DEBUG] debug-file - Update task :SignPackagesFromApp input file:D:\HW\testproject\complete\2\build\outputs\default\2-default-unsigned.app cache from map.
[2026-09-10T14:58:54.447] [DEBUG] debug-file - Incremental task :SignPackagesFromApp post-execution cost:1 ms .
[2026-09-10T14:58:54.447] [DEBUG] debug-file - Update task :SignApp input file:D:\HW\testproject\complete\2\build\outputs\default\2-default-unsigned.app cache from map.
[2026-09-10T14:58:54.447] [DEBUG] debug-file - Update task :SignApp output file:D:\HW\testproject\complete\2\build\outputs\default\2-default-signed.app cache.
[2026-09-10T14:58:54.448] [DEBUG] debug-file - Incremental task :SignApp post-execution cost:1 ms .
[2026-09-10T14:58:54.476] [DEBUG] debug-file - session manager: send message to worker process. WorkerThreadId: 0, data: {"type":"hvigor_failed","reason":"Server has disconnected."}
[2026-09-10T14:58:54.477] [DEBUG] debug-file - session manager: send message to worker process. WorkerThreadId: 0, data: {"type":"CloseWatch","reason":"Server has disconnected."}
[2026-09-10T14:58:54.467] [DEBUG] debug-file - hvigor build process will be closed.
[2026-09-10T14:58:54.477] [DEBUG] debug-file - watch worker: worker id should be larger than 0. Nothing will be sent to any worker thread.
[2026-09-10T14:58:54.477] [DEBUG] debug-file - ABORT_WORK sent to workers.
[2026-09-10T14:58:54.479] [DEBUG] debug-file - watch worker: worker id should be larger than 0. Nothing will be sent to any worker thread.
[2026-09-10T15:02:58.877] [DEBUG] debug-file - env: nodejsVersion=v24.14.1
[2026-09-10T15:02:58.928] [DEBUG] debug-file - env: daemon=true
[2026-09-10T15:02:58.880] [DEBUG] debug-file - env: hvigor-config.json5 content = {
  modelVersion: '6.0.1',
  dependencies: {},
  execution: {},
  logging: {},
  debugging: {},
  nodeOptions: {}
}
[2026-09-10T15:02:59.921] [DEBUG] debug-file - session manager: set active socket. socketId=ZMMqxp9wxGG_8yAbAAAJ
[2026-09-10T15:02:59.936] [DEBUG] debug-file - watch worker: worker id should be larger than 0. Nothing will be sent to any worker thread.
[2026-09-10T15:02:59.942] [DEBUG] debug-file - Workers' log level updated to INFO
[2026-09-10T15:02:59.945] [DEBUG] debug-file - Hvigor init with startParameters:{
  hvigorfileTypeCheck: false,
  parallelExecution: true,
  incrementalExecution: true,
  printStackTrace: false,
  daemon: true,
  analyze: 0,
  logLevel: Level { level: 20000, levelStr: 'INFO', colour: 'green' },
  optimizationStrategy: 'memory',
  hotCompile: undefined,
  hotReloadBuild: undefined,
  customizedParam: undefined
}
[2026-09-10T15:02:59.951] [DEBUG] debug-file - Cache service initialization finished in 6 ms 
[2026-09-10T15:02:59.952] [DEBUG] debug-file - hvigorfile, resolving D:\HW\testproject\complete\2\hvigorfile.ts
[2026-09-10T15:02:59.959] [DEBUG] debug-file - hvigorfile, require result:  { default: { plugins: [] } }
[2026-09-10T15:02:59.959] [DEBUG] debug-file - hvigorfile, binding system plugins null
[2026-09-10T15:02:59.959] [DEBUG] debug-file - Starting plugin build process
[2026-09-10T15:02:59.959] [DEBUG] debug-file - App plugin prepare start...
[2026-09-10T15:02:59.959] [DEBUG] debug-file - App plugin prepare end...
[2026-09-10T15:02:59.959] [DEBUG] debug-file - App plugin creating...
[2026-09-10T15:02:59.965] [DEBUG] debug-file - App plugin register hook start...
[2026-09-10T15:02:59.965] [DEBUG] debug-file - App plugin register hook end...
[2026-09-10T15:02:59.965] [DEBUG] debug-file - Plugin build process completed
[2026-09-10T15:02:59.966] [DEBUG] debug-file - Start initialize project's product build option map with build mode debug.
[2026-09-10T15:02:59.966] [DEBUG] debug-file - Picking option from product 'default' with build mode 'debug'.
[2026-09-10T15:02:59.966] [DEBUG] debug-file - Product 'default' build option initialized
[2026-09-10T15:02:59.966] [DEBUG] debug-file - End initialize project's product build option map with build mode 'debug'.
[2026-09-10T15:02:59.967] [DEBUG] debug-file - Obtain build option for product 'default'in this build.
[2026-09-10T15:02:59.971] [DEBUG] debug-file - No signingConfig found, initRemoteHspCache failed.
[2026-09-10T15:02:59.974] [DEBUG] debug-file - Start recording SDK configuration permission data.
[2026-09-10T15:03:00.011] [DEBUG] debug-file - Sdk init in 40 ms 
[2026-09-10T15:03:00.015] [DEBUG] debug-file - Project task initialization takes 3 ms 
[2026-09-10T15:03:00.015] [DEBUG] debug-file - hvigorfile, begin to bind custom plugins...
[2026-09-10T15:03:00.015] [DEBUG] debug-file - hvigorfile, no custom plugins were found in D:\HW\testproject\complete\2\hvigorfile.ts
[2026-09-10T15:03:00.015] [DEBUG] debug-file - hvigorfile, resolve finished D:\HW\testproject\complete\2\hvigorfile.ts
[2026-09-10T15:03:00.016] [DEBUG] debug-file - hvigorfile, resolving D:\HW\testproject\complete\2\entry\hvigorfile.ts
[2026-09-10T15:03:00.024] [DEBUG] debug-file - hvigorfile, require result:  { default: { plugins: [] } }
[2026-09-10T15:03:00.025] [DEBUG] debug-file - hvigorfile, binding system plugins null
[2026-09-10T15:03:00.025] [DEBUG] debug-file - Starting plugin build process
[2026-09-10T15:03:00.026] [DEBUG] debug-file - Hap plugin creating...
[2026-09-10T15:03:00.027] [DEBUG] debug-file - failed to load cangjie to dynamically generate schemas: Error: Cannot find module '@ohos/cangjie-build-support/index'
Require stack:
- E:\DevEco Studio\tools\hvigor\hvigor-ohos-plugin\src\plugin\hooks\cangjie-register.js
- E:\DevEco Studio\tools\hvigor\hvigor-ohos-plugin\src\plugin\strategy\stage-init-strategy.js
- E:\DevEco Studio\tools\hvigor\hvigor-ohos-plugin\src\plugin\builder\abstract-plugin-builder.js
- E:\DevEco Studio\tools\hvigor\hvigor-ohos-plugin\src\plugin\builder\app-plugin-builder.js
- E:\DevEco Studio\tools\hvigor\hvigor-ohos-plugin\src\plugin\factory\plugin-factory.js
- E:\DevEco Studio\tools\hvigor\hvigor-ohos-plugin\index.js
- D:\HW\testproject\complete\2\hvigorfile.ts
- E:\DevEco Studio\tools\hvigor\hvigor\src\base\internal\lifecycle\configuration.js
- E:\DevEco Studio\tools\hvigor\hvigor\src\base\boot\index.js
- E:\DevEco Studio\tools\hvigor\hvigor\src\base\daemon\cluster\worker-process-lifecycle.js
- E:\DevEco Studio\tools\hvigor\hvigor\src\base\daemon\process\daemon-process-boot-script.js
[2026-09-10T15:03:00.030] [DEBUG] debug-file - Start initialize module-target build option map, moduleName=entry, buildMode=debug
[2026-09-10T15:03:00.030] [DEBUG] debug-file - Target 'default' config initialized
[2026-09-10T15:03:00.031] [DEBUG] debug-file - Target 'ohosTest' config initialized
[2026-09-10T15:03:00.031] [DEBUG] debug-file - Module 'entry' target 'default' build option initialized
[2026-09-10T15:03:00.031] [DEBUG] debug-file - Module 'entry' target 'ohosTest' build option initialized
[2026-09-10T15:03:00.031] [DEBUG] debug-file - End initialize module-target build option map, moduleName=entry
[2026-09-10T15:03:00.031] [DEBUG] debug-file - Start initialize module-target build option map, moduleName=entry, buildMode=release
[2026-09-10T15:03:00.031] [DEBUG] debug-file - Target 'default' config initialized
[2026-09-10T15:03:00.032] [DEBUG] debug-file - Target 'ohosTest' config initialized
[2026-09-10T15:03:00.032] [DEBUG] debug-file - Module 'entry' target 'default' build option initialized
[2026-09-10T15:03:00.033] [DEBUG] debug-file - Module 'entry' target 'ohosTest' build option initialized
[2026-09-10T15:03:00.033] [DEBUG] debug-file - End initialize module-target build option map, moduleName=entry
[2026-09-10T15:03:00.033] [DEBUG] debug-file - Start initialize module-target build option map, moduleName=entry, buildMode=debug
[2026-09-10T15:03:00.033] [DEBUG] debug-file - Target 'default' config initialized
[2026-09-10T15:03:00.033] [DEBUG] debug-file - Target 'ohosTest' config initialized
[2026-09-10T15:03:00.033] [DEBUG] debug-file - Module 'entry' target 'default' build option initialized
[2026-09-10T15:03:00.034] [DEBUG] debug-file - Module 'entry' target 'ohosTest' build option initialized
[2026-09-10T15:03:00.034] [DEBUG] debug-file - End initialize module-target build option map, moduleName=entry
[2026-09-10T15:03:00.034] [DEBUG] debug-file - Obtain build option for module 'entry' target 'default'in this build.
[2026-09-10T15:03:00.038] [DEBUG] debug-file - Module entry task initialization takes 4 ms 
[2026-09-10T15:03:00.039] [DEBUG] debug-file - Hap plugin register hook start...
[2026-09-10T15:03:00.039] [DEBUG] debug-file - Hap plugin register hook end...
[2026-09-10T15:03:00.039] [DEBUG] debug-file - Plugin build process completed
[2026-09-10T15:03:00.039] [DEBUG] debug-file - hvigorfile, begin to bind custom plugins...
[2026-09-10T15:03:00.039] [DEBUG] debug-file - hvigorfile, no custom plugins were found in D:\HW\testproject\complete\2\entry\hvigorfile.ts
[2026-09-10T15:03:00.039] [DEBUG] debug-file - hvigorfile, resolve finished D:\HW\testproject\complete\2\entry\hvigorfile.ts
[2026-09-10T15:03:00.086] [DEBUG] debug-file - hvigorfile, resolve hvigorfile dependencies in 46 ms 
[2026-09-10T15:03:00.086] [DEBUG] debug-file - project has submodules:entry
[2026-09-10T15:03:00.088] [DEBUG] debug-file - start to load updatedOhPackageInfo to the disk
[2026-09-10T15:03:00.091] [DEBUG] debug-file - load to the disk finished
[2026-09-10T15:03:00.092] [DEBUG] debug-file - Start to initialize dependency information.
[2026-09-10T15:03:00.100] [DEBUG] debug-file - Module 2 Collected Dependency: 
[2026-09-10T15:03:00.101] [DEBUG] debug-file - Module 2's total dependency: 0
[2026-09-10T15:03:00.102] [DEBUG] debug-file - Start to initialize dependency information.
[2026-09-10T15:03:00.105] [DEBUG] debug-file - Module entry Collected Dependency: 
[2026-09-10T15:03:00.105] [DEBUG] debug-file - Module entry's total dependency: 0
[2026-09-10T15:03:00.108] [DEBUG] debug-file - Configuration phase cost:157 ms 
[2026-09-10T15:03:00.110] [DEBUG] debug-file - Configuration task cost before running: 168 ms 
[2026-09-10T15:03:00.110] [DEBUG] debug-file - Executing task ::PreBuildApp
[2026-09-10T15:03:00.111] [DEBUG] debug-file - 2 : PreBuildApp cost memory 0.0144195556640625
[2026-09-10T15:03:00.111] [DEBUG] debug-file - runTaskFromQueue task cost before running: 169 ms 
[2026-09-10T15:03:00.112] [INFO] debug-file - Finished ::PreBuildApp... after 1 ms 
[2026-09-10T15:03:00.119] [DEBUG] debug-file - Executing task :entry:default@PreBuild
[2026-09-10T15:03:00.124] [DEBUG] debug-file - Task 'entry:default@PreBuild' cost while wrapping incremental declarations: 1 ms 
[2026-09-10T15:03:00.135] [DEBUG] debug-file - Incremental task entry:default@PreBuild pre-execution cost: 7 ms .
[2026-09-10T15:03:00.135] [DEBUG] debug-file - entry : default@PreBuild cost memory -2.845794677734375
[2026-09-10T15:03:00.139] [INFO] debug-file - UP-TO-DATE :entry:default@PreBuild...  
[2026-09-10T15:03:00.140] [DEBUG] debug-file - Executing task ::DuplicateDependencyCheck
[2026-09-10T15:03:00.140] [DEBUG] debug-file - 2 : DuplicateDependencyCheck cost memory 0.01380157470703125
[2026-09-10T15:03:00.140] [DEBUG] debug-file - runTaskFromQueue task cost before running: 198 ms 
[2026-09-10T15:03:00.141] [INFO] debug-file - Finished ::DuplicateDependencyCheck... after 1 ms 
[2026-09-10T15:03:00.142] [DEBUG] debug-file - Executing task :entry:default@CreateModuleInfo
[2026-09-10T15:03:00.143] [DEBUG] debug-file - Task 'entry:default@CreateModuleInfo' cost while wrapping incremental declarations: 1 ms 
[2026-09-10T15:03:00.143] [DEBUG] debug-file - entry : default@CreateModuleInfo cost memory 0.039337158203125
[2026-09-10T15:03:00.143] [DEBUG] debug-file - runTaskFromQueue task cost before running: 201 ms 
[2026-09-10T15:03:00.144] [INFO] debug-file - Finished :entry:default@CreateModuleInfo... after 2 ms 
[2026-09-10T15:03:00.146] [DEBUG] debug-file - Executing task :entry:default@GenerateMetadata
[2026-09-10T15:03:00.147] [DEBUG] debug-file - Task 'entry:default@GenerateMetadata' cost while wrapping incremental declarations: 1 ms 
[2026-09-10T15:03:00.148] [DEBUG] debug-file - Incremental task entry:default@GenerateMetadata pre-execution cost: 2 ms .
[2026-09-10T15:03:00.148] [DEBUG] debug-file - entry : default@GenerateMetadata cost memory 0.07614898681640625
[2026-09-10T15:03:00.149] [INFO] debug-file - UP-TO-DATE :entry:default@GenerateMetadata...  
[2026-09-10T15:03:00.150] [DEBUG] debug-file - Executing task :entry:default@ConfigureCmake
[2026-09-10T15:03:00.151] [DEBUG] debug-file - entry : default@ConfigureCmake cost memory 0.01451873779296875
[2026-09-10T15:03:00.151] [DEBUG] debug-file - runTaskFromQueue task cost before running: 209 ms 
[2026-09-10T15:03:00.151] [INFO] debug-file - Finished :entry:default@ConfigureCmake... after 1 ms 
[2026-09-10T15:03:00.154] [DEBUG] debug-file - Executing task :entry:default@MergeProfile
[2026-09-10T15:03:00.155] [DEBUG] debug-file - Task 'entry:default@MergeProfile' cost while wrapping incremental declarations: 1 ms 
[2026-09-10T15:03:00.157] [DEBUG] debug-file - Incremental task entry:default@MergeProfile pre-execution cost: 3 ms .
[2026-09-10T15:03:00.158] [DEBUG] debug-file - entry : default@MergeProfile cost memory 0.1236419677734375
[2026-09-10T15:03:00.158] [INFO] debug-file - UP-TO-DATE :entry:default@MergeProfile...  
[2026-09-10T15:03:00.160] [DEBUG] debug-file - Executing task :entry:default@CreateBuildProfile
[2026-09-10T15:03:00.161] [DEBUG] debug-file - Task 'entry:default@CreateBuildProfile' cost while wrapping incremental declarations: 1 ms 
[2026-09-10T15:03:00.164] [DEBUG] debug-file - Incremental task entry:default@CreateBuildProfile pre-execution cost: 2 ms .
[2026-09-10T15:03:00.164] [DEBUG] debug-file - entry : default@CreateBuildProfile cost memory 0.0935516357421875
[2026-09-10T15:03:00.164] [INFO] debug-file - UP-TO-DATE :entry:default@CreateBuildProfile...  
[2026-09-10T15:03:00.166] [DEBUG] debug-file - Executing task :entry:default@PreCheckSyscap
[2026-09-10T15:03:00.166] [DEBUG] debug-file - entry : default@PreCheckSyscap cost memory 0.01505279541015625
[2026-09-10T15:03:00.167] [DEBUG] debug-file - runTaskFromQueue task cost before running: 225 ms 
[2026-09-10T15:03:00.167] [INFO] debug-file - Finished :entry:default@PreCheckSyscap... after 1 ms 
[2026-09-10T15:03:00.169] [DEBUG] debug-file - Executing task :entry:default@GeneratePkgContextInfo
[2026-09-10T15:03:00.174] [DEBUG] debug-file - Task 'entry:default@GeneratePkgContextInfo' cost while wrapping incremental declarations: 1 ms 
[2026-09-10T15:03:00.175] [DEBUG] debug-file - Incremental task entry:default@GeneratePkgContextInfo pre-execution cost: 1 ms .
[2026-09-10T15:03:00.175] [DEBUG] debug-file - entry : default@GeneratePkgContextInfo cost memory 0.18608856201171875
[2026-09-10T15:03:00.175] [INFO] debug-file - UP-TO-DATE :entry:default@GeneratePkgContextInfo...  
[2026-09-10T15:03:00.177] [DEBUG] debug-file - Executing task :entry:default@GeneratePkgSdkInfo
[2026-09-10T15:03:00.181] [DEBUG] debug-file - Task 'entry:default@GeneratePkgSdkInfo' cost while wrapping incremental declarations: 1 ms 
[2026-09-10T15:03:00.182] [DEBUG] debug-file - entry : default@GeneratePkgSdkInfo cost memory 0.10550689697265625
[2026-09-10T15:03:00.183] [DEBUG] debug-file - runTaskFromQueue task cost before running: 240 ms 
[2026-09-10T15:03:00.183] [INFO] debug-file - Finished :entry:default@GeneratePkgSdkInfo... after 6 ms 
[2026-09-10T15:03:00.188] [DEBUG] debug-file - Executing task :entry:default@ProcessIntegratedHsp
[2026-09-10T15:03:00.188] [DEBUG] debug-file - entry:default@ProcessIntegratedHsp is not up-to-date, since the output file 'D:\HW\testproject\complete\2\build\cache\default\integrated_hsp\integratedHspCache.json' does not exist.
[2026-09-10T15:03:00.189] [DEBUG] debug-file - Incremental task entry:default@ProcessIntegratedHsp pre-execution cost: 1 ms .
[2026-09-10T15:03:00.189] [DEBUG] debug-file - entry : default@ProcessIntegratedHsp cost memory 0.04930877685546875
[2026-09-10T15:03:00.189] [DEBUG] debug-file - runTaskFromQueue task cost before running: 247 ms 
[2026-09-10T15:03:00.189] [INFO] debug-file - Finished :entry:default@ProcessIntegratedHsp... after 2 ms 
[2026-09-10T15:03:00.191] [DEBUG] debug-file - Executing task :entry:default@BuildNativeWithCmake
[2026-09-10T15:03:00.191] [DEBUG] debug-file - entry : default@BuildNativeWithCmake cost memory 0.01451873779296875
[2026-09-10T15:03:00.192] [DEBUG] debug-file - runTaskFromQueue task cost before running: 250 ms 
[2026-09-10T15:03:00.192] [INFO] debug-file - Finished :entry:default@BuildNativeWithCmake... after 1 ms 
[2026-09-10T15:03:00.194] [DEBUG] debug-file - Executing task :entry:default@MakePackInfo
[2026-09-10T15:03:00.210] [DEBUG] debug-file - Incremental task entry:default@MakePackInfo pre-execution cost: 15 ms .
[2026-09-10T15:03:00.210] [DEBUG] debug-file - entry : default@MakePackInfo cost memory 0.10619354248046875
[2026-09-10T15:03:00.214] [INFO] debug-file - UP-TO-DATE :entry:default@MakePackInfo...  
[2026-09-10T15:03:00.216] [DEBUG] debug-file - Executing task :entry:default@SyscapTransform
[2026-09-10T15:03:00.217] [DEBUG] debug-file - File: 'D:\HW\testproject\complete\2\entry\src\main\syscap.json' from 'sysCapJsonPath' is not exists, just ignore.
[2026-09-10T15:03:00.218] [DEBUG] debug-file - Task 'entry:default@SyscapTransform' cost while wrapping incremental declarations: 2 ms 
[2026-09-10T15:03:00.223] [DEBUG] debug-file - entry:default@SyscapTransform is not up-to-date, since the output file 'D:\HW\testproject\complete\2\entry\build\default\intermediates\syscap\default\rpcid.sc' does not exist.
[2026-09-10T15:03:00.223] [DEBUG] debug-file - Incremental task entry:default@SyscapTransform pre-execution cost: 5 ms .
[2026-09-10T15:03:00.223] [DEBUG] debug-file - entry : default@SyscapTransform cost memory 0.11205291748046875
[2026-09-10T15:03:00.223] [DEBUG] debug-file - runTaskFromQueue task cost before running: 281 ms 
[2026-09-10T15:03:00.224] [INFO] debug-file - Finished :entry:default@SyscapTransform... after 8 ms 
[2026-09-10T15:03:00.226] [DEBUG] debug-file - Executing task :entry:default@ProcessProfile
[2026-09-10T15:03:00.229] [DEBUG] debug-file - Task 'entry:default@ProcessProfile' cost while wrapping incremental declarations: 1 ms 
[2026-09-10T15:03:00.230] [DEBUG] debug-file - Incremental task entry:default@ProcessProfile pre-execution cost: 1 ms .
[2026-09-10T15:03:00.230] [DEBUG] debug-file - entry : default@ProcessProfile cost memory 0.12677764892578125
[2026-09-10T15:03:00.230] [INFO] debug-file - UP-TO-DATE :entry:default@ProcessProfile...  
[2026-09-10T15:03:00.232] [DEBUG] debug-file - Executing task :entry:default@ProcessRouterMap
[2026-09-10T15:03:00.236] [DEBUG] debug-file - Incremental task entry:default@ProcessRouterMap pre-execution cost: 3 ms .
[2026-09-10T15:03:00.236] [DEBUG] debug-file - entry : default@ProcessRouterMap cost memory 0.12769317626953125
[2026-09-10T15:03:00.237] [INFO] debug-file - UP-TO-DATE :entry:default@ProcessRouterMap...  
[2026-09-10T15:03:00.239] [DEBUG] debug-file - Executing task :entry:default@ProcessShareConfig
[2026-09-10T15:03:00.242] [DEBUG] debug-file - Incremental task entry:default@ProcessShareConfig pre-execution cost: 2 ms .
[2026-09-10T15:03:00.242] [DEBUG] debug-file - entry : default@ProcessShareConfig cost memory 0.10657501220703125
[2026-09-10T15:03:00.243] [INFO] debug-file - UP-TO-DATE :entry:default@ProcessShareConfig...  
[2026-09-10T15:03:00.245] [DEBUG] debug-file - Executing task :entry:default@ProcessStartupConfig
[2026-09-10T15:03:00.246] [DEBUG] debug-file - Task 'entry:default@ProcessStartupConfig' cost while wrapping incremental declarations: 1 ms 
[2026-09-10T15:03:00.248] [DEBUG] debug-file - entry:default@ProcessStartupConfig is not up-to-date, since the output file 'D:\HW\testproject\complete\2\entry\build\default\intermediates\startup\default\startup_config.json' does not exist.
[2026-09-10T15:03:00.249] [DEBUG] debug-file - Incremental task entry:default@ProcessStartupConfig pre-execution cost: 2 ms .
[2026-09-10T15:03:00.250] [DEBUG] debug-file - entry : default@ProcessStartupConfig cost memory 0.11222076416015625
[2026-09-10T15:03:00.250] [DEBUG] debug-file - runTaskFromQueue task cost before running: 308 ms 
[2026-09-10T15:03:00.250] [INFO] debug-file - Finished :entry:default@ProcessStartupConfig... after 5 ms 
[2026-09-10T15:03:00.252] [DEBUG] debug-file - Executing task :entry:default@BuildNativeWithNinja
[2026-09-10T15:03:00.253] [DEBUG] debug-file - entry : default@BuildNativeWithNinja cost memory 0.0196075439453125
[2026-09-10T15:03:00.253] [DEBUG] debug-file - runTaskFromQueue task cost before running: 311 ms 
[2026-09-10T15:03:00.253] [INFO] debug-file - Finished :entry:default@BuildNativeWithNinja... after 1 ms 
[2026-09-10T15:03:00.255] [DEBUG] debug-file - restool module names: entry; moduleName=entry, taskName=default@ProcessResource
[2026-09-10T15:03:00.257] [DEBUG] debug-file - Executing task :entry:default@ProcessResource
[2026-09-10T15:03:00.257] [DEBUG] debug-file - Task 'entry:default@ProcessResource' cost while wrapping incremental declarations: 1 ms 
[2026-09-10T15:03:00.258] [DEBUG] debug-file - Incremental task entry:default@ProcessResource pre-execution cost: 2 ms .
[2026-09-10T15:03:00.259] [DEBUG] debug-file - entry : default@ProcessResource cost memory 0.111785888671875
[2026-09-10T15:03:00.261] [INFO] debug-file - UP-TO-DATE :entry:default@ProcessResource...  
[2026-09-10T15:03:00.263] [DEBUG] debug-file - Executing task :entry:default@GenerateLoaderJson
[2026-09-10T15:03:00.264] [DEBUG] debug-file - Task 'entry:default@GenerateLoaderJson' cost while wrapping incremental declarations: 1 ms 
[2026-09-10T15:03:00.272] [DEBUG] debug-file - Incremental task entry:default@GenerateLoaderJson pre-execution cost: 5 ms .
[2026-09-10T15:03:00.272] [DEBUG] debug-file - entry : default@GenerateLoaderJson cost memory 0.3156890869140625
[2026-09-10T15:03:00.275] [INFO] debug-file - UP-TO-DATE :entry:default@GenerateLoaderJson...  
[2026-09-10T15:03:00.277] [DEBUG] debug-file - Executing task :entry:default@ProcessLibs
[2026-09-10T15:03:00.277] [DEBUG] debug-file - Task 'entry:default@ProcessLibs' cost while wrapping incremental declarations: 1 ms 
[2026-09-10T15:03:00.279] [DEBUG] debug-file - Incremental task entry:default@ProcessLibs pre-execution cost: 2 ms .
[2026-09-10T15:03:00.279] [DEBUG] debug-file - entry : default@ProcessLibs cost memory 0.091949462890625
[2026-09-10T15:03:00.280] [INFO] debug-file - UP-TO-DATE :entry:default@ProcessLibs...  
[2026-09-10T15:03:00.282] [DEBUG] debug-file - restool module names: entry; moduleName=entry, taskName=default@CompileResource
[2026-09-10T15:03:00.282] [DEBUG] debug-file - Executing task :entry:default@CompileResource
[2026-09-10T15:03:00.293] [DEBUG] debug-file - Incremental task entry:default@CompileResource pre-execution cost: 11 ms .
[2026-09-10T15:03:00.294] [DEBUG] debug-file - entry : default@CompileResource cost memory 0.4898223876953125
[2026-09-10T15:03:00.295] [INFO] debug-file - UP-TO-DATE :entry:default@CompileResource...  
[2026-09-10T15:03:00.296] [DEBUG] debug-file - Executing task :entry:default@DoNativeStrip
[2026-09-10T15:03:00.297] [DEBUG] debug-file - File: 'D:\HW\testproject\complete\2\entry\build\default\intermediates\binxo\default' from 'doBinxoNativeLibs' is not exists, just ignore.
[2026-09-10T15:03:00.297] [DEBUG] debug-file - Task 'entry:default@DoNativeStrip' cost while wrapping incremental declarations: 1 ms 
[2026-09-10T15:03:00.298] [DEBUG] debug-file - Incremental task entry:default@DoNativeStrip pre-execution cost: 1 ms .
[2026-09-10T15:03:00.298] [DEBUG] debug-file - entry : default@DoNativeStrip cost memory 0.0704803466796875
[2026-09-10T15:03:00.298] [INFO] debug-file - UP-TO-DATE :entry:default@DoNativeStrip...  
[2026-09-10T15:03:00.300] [DEBUG] debug-file - Executing task :entry:default@CompileArkTS
[2026-09-10T15:03:00.300] [DEBUG] debug-file - obfuscationOptions: undefined
[2026-09-10T15:03:00.302] [DEBUG] debug-file - Task 'entry:default@CompileArkTS' cost while wrapping incremental declarations: 1 ms 
[2026-09-10T15:03:00.315] [DEBUG] debug-file - Incremental task entry:default@CompileArkTS pre-execution cost: 12 ms .
[2026-09-10T15:03:00.315] [DEBUG] debug-file - entry : default@CompileArkTS cost memory 0.2164154052734375
[2026-09-10T15:03:00.319] [INFO] debug-file - UP-TO-DATE :entry:default@CompileArkTS...  
[2026-09-10T15:03:00.321] [DEBUG] debug-file - Executing task :entry:default@BuildJS
[2026-09-10T15:03:00.321] [DEBUG] debug-file - Task 'entry:default@BuildJS' cost while wrapping incremental declarations: 1 ms 
[2026-09-10T15:03:00.325] [DEBUG] debug-file - entry : default@BuildJS cost memory 0.120086669921875
[2026-09-10T15:03:00.325] [DEBUG] debug-file - runTaskFromQueue task cost before running: 383 ms 
[2026-09-10T15:03:00.325] [INFO] debug-file - Finished :entry:default@BuildJS... after 4 ms 
[2026-09-10T15:03:00.327] [DEBUG] debug-file - Executing task :entry:default@CacheNativeLibs
[2026-09-10T15:03:00.327] [DEBUG] debug-file - File: 'D:\HW\testproject\complete\2\entry\build\default\intermediates\binxo\default' from 'cacheBinxoNativeLibs' is not exists, just ignore.
[2026-09-10T15:03:00.327] [DEBUG] debug-file - Task 'entry:default@CacheNativeLibs' cost while wrapping incremental declarations: 1 ms 
[2026-09-10T15:03:00.329] [DEBUG] debug-file - Incremental task entry:default@CacheNativeLibs pre-execution cost: 2 ms .
[2026-09-10T15:03:00.329] [DEBUG] debug-file - entry : default@CacheNativeLibs cost memory 0.08591461181640625
[2026-09-10T15:03:00.329] [INFO] debug-file - UP-TO-DATE :entry:default@CacheNativeLibs...  
[2026-09-10T15:03:00.331] [DEBUG] debug-file - Executing task :entry:default@GeneratePkgModuleJson
[2026-09-10T15:03:00.331] [DEBUG] debug-file - File: 'D:\HW\testproject\complete\2\entry\build\default\intermediates\preload\default\preload.json' from 'preloadSoJsonPath' is not exists, just ignore.
[2026-09-10T15:03:00.332] [DEBUG] debug-file - Error occurs while handling @Input 'shouldDeduplicateHar': The "data" argument must be of type string or an instance of Buffer, TypedArray, or DataView. Received undefined
[2026-09-10T15:03:00.332] [DEBUG] debug-file - Task 'entry:default@GeneratePkgModuleJson' cost while wrapping incremental declarations: 1 ms 
[2026-09-10T15:03:00.333] [DEBUG] debug-file - Incremental task entry:default@GeneratePkgModuleJson pre-execution cost: 1 ms .
[2026-09-10T15:03:00.333] [DEBUG] debug-file - entry : default@GeneratePkgModuleJson cost memory 0.08929443359375
[2026-09-10T15:03:00.333] [INFO] debug-file - UP-TO-DATE :entry:default@GeneratePkgModuleJson...  
[2026-09-10T15:03:00.334] [DEBUG] debug-file - Executing task :entry:default@ProcessCompiledResources
[2026-09-10T15:03:00.335] [DEBUG] debug-file - File: 'D:\HW\testproject\complete\2\entry\build\default\intermediates\preload\default\preload.json' from 'preloadSoJsonPath' is not exists, just ignore.
[2026-09-10T15:03:00.335] [DEBUG] debug-file - Task 'entry:default@ProcessCompiledResources' cost while wrapping incremental declarations: 1 ms 
[2026-09-10T15:03:00.335] [DEBUG] debug-file - entry : default@ProcessCompiledResources cost memory 0.0507659912109375
[2026-09-10T15:03:00.336] [DEBUG] debug-file - runTaskFromQueue task cost before running: 393 ms 
[2026-09-10T15:03:00.336] [INFO] debug-file - Finished :entry:default@ProcessCompiledResources... after 2 ms 
[2026-09-10T15:03:00.337] [DEBUG] debug-file - Executing task :entry:default@PackageHap
[2026-09-10T15:03:00.355] [DEBUG] debug-file - Incremental task entry:default@PackageHap pre-execution cost: 16 ms .
[2026-09-10T15:03:00.355] [DEBUG] debug-file - entry : default@PackageHap cost memory 0.27789306640625
[2026-09-10T15:03:00.357] [INFO] debug-file - UP-TO-DATE :entry:default@PackageHap...  
[2026-09-10T15:03:00.358] [DEBUG] debug-file - Executing task :entry:default@PackingCheck
[2026-09-10T15:03:00.364] [DEBUG] debug-file - entry : default@PackingCheck cost memory 0.2975616455078125
[2026-09-10T15:03:00.364] [DEBUG] debug-file - runTaskFromQueue task cost before running: 422 ms 
[2026-09-10T15:03:00.364] [INFO] debug-file - Finished :entry:default@PackingCheck... after 6 ms 
[2026-09-10T15:03:00.365] [DEBUG] debug-file - Executing task :entry:default@SignHap
[2026-09-10T15:03:00.366] [WARN] debug-file - Will skip sign 'hos_hap'. No signingConfigs profile is configured in current project.
             If needed, configure the signingConfigs in D:\HW\testproject\complete\2\build-profile.json5.
[2026-09-10T15:03:00.367] [DEBUG] debug-file - entry:default@SignHap is not up-to-date, since the output file 'D:\HW\testproject\complete\2\entry\build\default\outputs\default\entry-default-signed.hap' does not exist.
[2026-09-10T15:03:00.368] [DEBUG] debug-file - Incremental task entry:default@SignHap pre-execution cost: 2 ms .
[2026-09-10T15:03:00.368] [DEBUG] debug-file - entry : default@SignHap cost memory 0.0811920166015625
[2026-09-10T15:03:00.369] [DEBUG] debug-file - runTaskFromQueue task cost before running: 427 ms 
[2026-09-10T15:03:00.370] [INFO] debug-file - Finished :entry:default@SignHap... after 4 ms 
[2026-09-10T15:03:00.372] [DEBUG] debug-file - Executing task :entry:default@CollectDebugSymbol
[2026-09-10T15:03:00.373] [DEBUG] debug-file - entry : default@CollectDebugSymbol cost memory 0.07854461669921875
[2026-09-10T15:03:00.374] [DEBUG] debug-file - runTaskFromQueue task cost before running: 431 ms 
[2026-09-10T15:03:00.374] [INFO] debug-file - Finished :entry:default@CollectDebugSymbol... after 2 ms 
[2026-09-10T15:03:00.374] [DEBUG] debug-file - Executing task :entry:assembleHap
[2026-09-10T15:03:00.374] [DEBUG] debug-file - entry : assembleHap cost memory 0.0123291015625
[2026-09-10T15:03:00.375] [DEBUG] debug-file - runTaskFromQueue task cost before running: 432 ms 
[2026-09-10T15:03:00.375] [INFO] debug-file - Finished :entry:assembleHap... after 1 ms 
[2026-09-10T15:03:00.375] [DEBUG] debug-file - Executing task ::MakeProjectPackInfo
[2026-09-10T15:03:00.379] [DEBUG] debug-file - Task ':MakeProjectPackInfo' cost while wrapping incremental declarations: 1 ms 
[2026-09-10T15:03:00.380] [DEBUG] debug-file - Incremental task :MakeProjectPackInfo pre-execution cost: 1 ms .
[2026-09-10T15:03:00.380] [DEBUG] debug-file - 2 : MakeProjectPackInfo cost memory 0.148651123046875
[2026-09-10T15:03:00.380] [INFO] debug-file - UP-TO-DATE ::MakeProjectPackInfo...  
[2026-09-10T15:03:00.381] [DEBUG] debug-file - Executing task ::ProcessProjectPrivacyProfile
[2026-09-10T15:03:00.383] [DEBUG] debug-file - Incremental task :ProcessProjectPrivacyProfile pre-execution cost: 1 ms .
[2026-09-10T15:03:00.383] [DEBUG] debug-file - 2 : ProcessProjectPrivacyProfile cost memory 0.07878875732421875
[2026-09-10T15:03:00.384] [INFO] debug-file - UP-TO-DATE ::ProcessProjectPrivacyProfile...  
[2026-09-10T15:03:00.385] [DEBUG] debug-file - Executing task ::GeneratePackRes
[2026-09-10T15:03:00.386] [DEBUG] debug-file - Incremental task :GeneratePackRes pre-execution cost: 1 ms .
[2026-09-10T15:03:00.386] [DEBUG] debug-file - 2 : GeneratePackRes cost memory 0.04022979736328125
[2026-09-10T15:03:00.388] [INFO] debug-file - UP-TO-DATE ::GeneratePackRes...  
[2026-09-10T15:03:00.388] [DEBUG] debug-file - Executing task ::PackageApp
[2026-09-10T15:03:00.391] [DEBUG] debug-file - Task ':PackageApp' cost while wrapping incremental declarations: 1 ms 
[2026-09-10T15:03:00.393] [DEBUG] debug-file - :PackageApp is not up-to-date, since the output file 'D:\HW\testproject\complete\2\build\outputs\default\symbol\debug' does not exist.
[2026-09-10T15:03:00.394] [DEBUG] debug-file - Incremental task :PackageApp pre-execution cost: 3 ms .
[2026-09-10T15:03:00.405] [DEBUG] debug-file - Use tool [PackageApp]
 [
  'java',
  '-Dfile.encoding=GBK',
  '-jar',
  'E:\\DevEco Studio\\sdk\\default\\openharmony\\toolchains\\lib\\app_packing_tool.jar',
  '--mode',
  'app',
  '--pack-info-path',
  'D:\\HW\\testproject\\complete\\2\\build\\outputs\\default\\pack.info',
  '--hap-path',
  'D:\\HW\\testproject\\complete\\2\\entry\\build\\default\\outputs\\default\\app\\entry-default.hap',
  '--hsp-path',
  '',
  '--force',
  'true',
  '--out-path',
  'D:\\HW\\testproject\\complete\\2\\build\\outputs\\default\\2-default-unsigned.app',
  '--main-module-limit',
  '2',
  '--normal-module-limit',
  '2',
  '--pac-json-path',
  'D:\\HW\\testproject\\complete\\2\\build\\outputs\\default\\pac.json'
]
[2026-09-10T15:03:00.405] [DEBUG] debug-file - current process  memoryUsage: {
  rss: 274874368,
  heapTotal: 146280448,
  heapUsed: 123119544,
  external: 3971493,
  arrayBuffers: 42650
} os memoryUsage :14.335197448730469
[2026-09-10T15:03:01.408] [DEBUG] debug-file - 2 : PackageApp cost memory -8.23291015625
[2026-09-10T15:03:01.409] [DEBUG] debug-file - runTaskFromQueue task cost before running: 1 s 467 ms 
[2026-09-10T15:03:01.409] [INFO] debug-file - Finished ::PackageApp... after 1 s 21 ms 
[2026-09-10T15:03:01.409] [DEBUG] debug-file - Executing task ::SignPackagesFromApp
[2026-09-10T15:03:01.411] [DEBUG] debug-file - :SignPackagesFromApp is not up-to-date, since the input file 'D:\HW\testproject\complete\2\build\outputs\default\2-default-unsigned.app' has been changed.
[2026-09-10T15:03:01.411] [DEBUG] debug-file - Incremental task :SignPackagesFromApp pre-execution cost: 2 ms .
[2026-09-10T15:03:01.411] [DEBUG] debug-file - 2 : SignPackagesFromApp cost memory 0.05927276611328125
[2026-09-10T15:03:01.411] [DEBUG] debug-file - runTaskFromQueue task cost before running: 1 s 469 ms 
[2026-09-10T15:03:01.412] [INFO] debug-file - Finished ::SignPackagesFromApp... after 3 ms 
[2026-09-10T15:03:01.412] [DEBUG] debug-file - Executing task ::SignApp
[2026-09-10T15:03:01.412] [DEBUG] debug-file - signingConfigName of signApp is :  undefined
[2026-09-10T15:03:01.412] [WARN] debug-file - Will skip sign 'app'. No signingConfigs profile is configured in current project.
             If needed, configure the signingConfigs in D:\HW\testproject\complete\2\build-profile.json5.
[2026-09-10T15:03:01.413] [DEBUG] debug-file - :SignApp is not up-to-date, since the input file 'D:\HW\testproject\complete\2\build\outputs\default\2-default-unsigned.app' has been changed.
[2026-09-10T15:03:01.414] [DEBUG] debug-file - Incremental task :SignApp pre-execution cost: 1 ms .
[2026-09-10T15:03:01.414] [DEBUG] debug-file - 2 : SignApp cost memory 0.11499786376953125
[2026-09-10T15:03:01.414] [DEBUG] debug-file - runTaskFromQueue task cost before running: 1 s 472 ms 
[2026-09-10T15:03:01.415] [INFO] debug-file - Finished ::SignApp... after 3 ms 
[2026-09-10T15:03:01.415] [DEBUG] debug-file - Executing task ::assembleApp
[2026-09-10T15:03:01.415] [DEBUG] debug-file - 2 : assembleApp cost memory 0.01235198974609375
[2026-09-10T15:03:01.415] [DEBUG] debug-file - runTaskFromQueue task cost before running: 1 s 473 ms 
[2026-09-10T15:03:01.415] [INFO] debug-file - Finished ::assembleApp... after 1 ms 
[2026-09-10T15:03:01.416] [INFO] debug-file - BUILD SUCCESSFUL in 1 s 474 ms 
[2026-09-10T15:03:01.417] [DEBUG] debug-file - There is no need to refresh cache, since the incremental task entry:default@PreBuild is up-to-date.
[2026-09-10T15:03:01.417] [DEBUG] debug-file - Update task entry:default@CreateModuleInfo output file:D:\HW\testproject\complete\2\entry\build\default\generated\profile\default\ModuleInfo.ts cache.
[2026-09-10T15:03:01.418] [DEBUG] debug-file - Incremental task entry:default@CreateModuleInfo post-execution cost:1 ms .
[2026-09-10T15:03:01.418] [DEBUG] debug-file - There is no need to refresh cache, since the incremental task entry:default@GenerateMetadata is up-to-date.
[2026-09-10T15:03:01.418] [DEBUG] debug-file - There is no need to refresh cache, since the incremental task entry:default@MergeProfile is up-to-date.
[2026-09-10T15:03:01.418] [DEBUG] debug-file - There is no need to refresh cache, since the incremental task entry:default@CreateBuildProfile is up-to-date.
[2026-09-10T15:03:01.418] [DEBUG] debug-file - There is no need to refresh cache, since the incremental task entry:default@GeneratePkgContextInfo is up-to-date.
[2026-09-10T15:03:01.418] [DEBUG] debug-file - Update task entry:default@GeneratePkgSdkInfo output file:D:\HW\testproject\complete\2\entry\build\default\intermediates\loader\default\pkgSdkInfo.json cache.
[2026-09-10T15:03:01.418] [DEBUG] debug-file - Incremental task entry:default@GeneratePkgSdkInfo post-execution cost:1 ms .
[2026-09-10T15:03:01.418] [DEBUG] debug-file - Update task entry:default@ProcessIntegratedHsp output file:D:\HW\testproject\complete\2\build\cache\default\integrated_hsp\integratedHspCache.json cache.
[2026-09-10T15:03:01.419] [DEBUG] debug-file - Incremental task entry:default@ProcessIntegratedHsp post-execution cost:1 ms .
[2026-09-10T15:03:01.419] [DEBUG] debug-file - There is no need to refresh cache, since the incremental task entry:default@MakePackInfo is up-to-date.
[2026-09-10T15:03:01.419] [DEBUG] debug-file - Update task entry:default@SyscapTransform input file:E:\DevEco Studio\sdk\default\openharmony\toolchains\syscap_tool.exe cache by regenerate.
[2026-09-10T15:03:01.419] [DEBUG] debug-file - Update task entry:default@SyscapTransform input file:E:\DevEco Studio\sdk\default\openharmony\ets\api\device-define cache by regenerate.
[2026-09-10T15:03:01.421] [DEBUG] debug-file - Update task entry:default@SyscapTransform output file:D:\HW\testproject\complete\2\entry\build\default\intermediates\syscap\default\rpcid.sc cache.
[2026-09-10T15:03:01.421] [DEBUG] debug-file - Incremental task entry:default@SyscapTransform post-execution cost:3 ms .
[2026-09-10T15:03:01.421] [DEBUG] debug-file - There is no need to refresh cache, since the incremental task entry:default@ProcessProfile is up-to-date.
[2026-09-10T15:03:01.421] [DEBUG] debug-file - There is no need to refresh cache, since the incremental task entry:default@ProcessRouterMap is up-to-date.
[2026-09-10T15:03:01.421] [DEBUG] debug-file - There is no need to refresh cache, since the incremental task entry:default@ProcessShareConfig is up-to-date.
[2026-09-10T15:03:01.422] [DEBUG] debug-file - Update task entry:default@ProcessStartupConfig input file:D:\HW\testproject\complete\2\entry\build\default\intermediates\loader\default\pkgContextInfo.json cache by regenerate.
[2026-09-10T15:03:01.422] [DEBUG] debug-file - Update task entry:default@ProcessStartupConfig output file:D:\HW\testproject\complete\2\entry\build\default\intermediates\startup\default\startup_config.json cache.
[2026-09-10T15:03:01.422] [DEBUG] debug-file - Incremental task entry:default@ProcessStartupConfig post-execution cost:1 ms .
[2026-09-10T15:03:01.422] [DEBUG] debug-file - There is no need to refresh cache, since the incremental task entry:default@ProcessResource is up-to-date.
[2026-09-10T15:03:01.422] [DEBUG] debug-file - There is no need to refresh cache, since the incremental task entry:default@GenerateLoaderJson is up-to-date.
[2026-09-10T15:03:01.422] [DEBUG] debug-file - There is no need to refresh cache, since the incremental task entry:default@ProcessLibs is up-to-date.
[2026-09-10T15:03:01.423] [DEBUG] debug-file - There is no need to refresh cache, since the incremental task entry:default@CompileResource is up-to-date.
[2026-09-10T15:03:01.423] [DEBUG] debug-file - There is no need to refresh cache, since the incremental task entry:default@DoNativeStrip is up-to-date.
[2026-09-10T15:03:01.423] [DEBUG] debug-file - There is no need to refresh cache, since the incremental task entry:default@CompileArkTS is up-to-date.
[2026-09-10T15:03:01.424] [DEBUG] debug-file - Update task entry:default@BuildJS input file:D:\HW\testproject\complete\2\entry\build\default\intermediates\loader\default cache by regenerate.
[2026-09-10T15:03:01.425] [DEBUG] debug-file - Update task entry:default@BuildJS input file:D:\HW\testproject\complete\2\entry\build\default\intermediates\res\default\resources\rawfile cache by regenerate.
[2026-09-10T15:03:01.425] [DEBUG] debug-file - Update task entry:default@BuildJS input file:D:\HW\testproject\complete\2\entry\build\default\intermediates\res\default\ResourceTable.txt cache by regenerate.
[2026-09-10T15:03:01.425] [DEBUG] debug-file - Update task entry:default@BuildJS input file:D:\HW\testproject\complete\2\entry\build\default\intermediates\res\default\ark_module.json cache by regenerate.
[2026-09-10T15:03:01.426] [DEBUG] debug-file - Update task entry:default@BuildJS input file:D:\HW\testproject\complete\2\entry\build\default\intermediates\res\default\resources\base\profile cache by regenerate.
[2026-09-10T15:03:01.427] [DEBUG] debug-file - Update task entry:default@BuildJS input file:D:\HW\testproject\complete\2\entry\build\default\intermediates\loader\default\pkgContextInfo.json cache by regenerate.
[2026-09-10T15:03:01.428] [DEBUG] debug-file - Update task entry:default@BuildJS output file:D:\HW\testproject\complete\2\entry\build\default\intermediates\loader_out\default\js cache.
[2026-09-10T15:03:01.428] [DEBUG] debug-file - Incremental task entry:default@BuildJS post-execution cost:6 ms .
[2026-09-10T15:03:01.428] [DEBUG] debug-file - There is no need to refresh cache, since the incremental task entry:default@CacheNativeLibs is up-to-date.
[2026-09-10T15:03:01.429] [DEBUG] debug-file - There is no need to refresh cache, since the incremental task entry:default@GeneratePkgModuleJson is up-to-date.
[2026-09-10T15:03:01.429] [DEBUG] debug-file - Incremental task entry:default@ProcessCompiledResources post-execution cost:1 ms .
[2026-09-10T15:03:01.429] [DEBUG] debug-file - There is no need to refresh cache, since the incremental task entry:default@PackageHap is up-to-date.
[2026-09-10T15:03:01.430] [DEBUG] debug-file - Update task entry:default@SignHap input file:D:\HW\testproject\complete\2\entry\build\default\outputs\default\entry-default-unsigned.hap cache by regenerate.
[2026-09-10T15:03:01.430] [DEBUG] debug-file - Update task entry:default@SignHap output file:D:\HW\testproject\complete\2\entry\build\default\outputs\default\entry-default-signed.hap cache.
[2026-09-10T15:03:01.431] [DEBUG] debug-file - Incremental task entry:default@SignHap post-execution cost:2 ms .
[2026-09-10T15:03:01.432] [DEBUG] debug-file - Update task entry:default@CollectDebugSymbol input file:D:\HW\testproject\complete\2\entry\build\default\intermediates\loader_out\default\ets\sourceMaps.map cache by regenerate.
[2026-09-10T15:03:01.432] [DEBUG] debug-file - Update task entry:default@CollectDebugSymbol input file:D:\HW\testproject\complete\2\entry\build\default\intermediates\libs\default cache by regenerate.
[2026-09-10T15:03:01.433] [DEBUG] debug-file - Update task entry:default@CollectDebugSymbol output file:D:\HW\testproject\complete\2\entry\build\default\outputs\default\symbol cache.
[2026-09-10T15:03:01.433] [DEBUG] debug-file - Incremental task entry:default@CollectDebugSymbol post-execution cost:3 ms .
[2026-09-10T15:03:01.433] [DEBUG] debug-file - There is no need to refresh cache, since the incremental task :MakeProjectPackInfo is up-to-date.
[2026-09-10T15:03:01.433] [DEBUG] debug-file - There is no need to refresh cache, since the incremental task :ProcessProjectPrivacyProfile is up-to-date.
[2026-09-10T15:03:01.433] [DEBUG] debug-file - There is no need to refresh cache, since the incremental task :GeneratePackRes is up-to-date.
[2026-09-10T15:03:01.433] [DEBUG] debug-file - Update task :PackageApp input file:D:\HW\testproject\complete\2\build\outputs\default\pack.info cache by regenerate.
[2026-09-10T15:03:01.434] [DEBUG] debug-file - Update task :PackageApp input file:D:\HW\testproject\complete\2\entry\build\default\outputs\default\entry-default-unsigned.hap cache by regenerate.
[2026-09-10T15:03:01.434] [DEBUG] debug-file - Update task :PackageApp input file:D:\HW\testproject\complete\2\build\outputs\default\pac.json cache by regenerate.
[2026-09-10T15:03:01.434] [DEBUG] debug-file - Update task :PackageApp output file:D:\HW\testproject\complete\2\build\outputs\default\2-default-unsigned.app cache.
[2026-09-10T15:03:01.435] [DEBUG] debug-file - Update task :PackageApp output file:D:\HW\testproject\complete\2\entry\build\default\outputs\default\app\entry-default.hap cache.
[2026-09-10T15:03:01.435] [DEBUG] debug-file - Update task :PackageApp output file:D:\HW\testproject\complete\2\build\outputs\default\symbol\debug cache.
[2026-09-10T15:03:01.436] [DEBUG] debug-file - Incremental task :PackageApp post-execution cost:3 ms .
[2026-09-10T15:03:01.436] [DEBUG] debug-file - Update task :SignPackagesFromApp input file:D:\HW\testproject\complete\2\build\outputs\default\2-default-unsigned.app cache from map.
[2026-09-10T15:03:01.436] [DEBUG] debug-file - Incremental task :SignPackagesFromApp post-execution cost:1 ms .
[2026-09-10T15:03:01.436] [DEBUG] debug-file - Update task :SignApp input file:D:\HW\testproject\complete\2\build\outputs\default\2-default-unsigned.app cache from map.
[2026-09-10T15:03:01.436] [DEBUG] debug-file - Update task :SignApp output file:D:\HW\testproject\complete\2\build\outputs\default\2-default-signed.app cache.
[2026-09-10T15:03:01.437] [DEBUG] debug-file - Incremental task :SignApp post-execution cost:1 ms .
[2026-09-10T15:03:01.451] [DEBUG] debug-file - hvigor build process will be closed.
[2026-09-10T15:03:01.460] [DEBUG] debug-file - session manager: send message to worker process. WorkerThreadId: 0, data: {"type":"hvigor_failed","reason":"Server has disconnected."}
[2026-09-10T15:03:01.461] [DEBUG] debug-file - session manager: send message to worker process. WorkerThreadId: 0, data: {"type":"CloseWatch","reason":"Server has disconnected."}
[2026-09-10T15:03:01.461] [DEBUG] debug-file - watch worker: worker id should be larger than 0. Nothing will be sent to any worker thread.
[2026-09-10T15:03:01.461] [DEBUG] debug-file - ABORT_WORK sent to workers.
[2026-09-10T15:03:01.462] [DEBUG] debug-file - watch worker: worker id should be larger than 0. Nothing will be sent to any worker thread.
[2026-09-10T15:05:34.561] [DEBUG] debug-file - env: nodejsVersion=v24.14.1
[2026-09-10T15:05:34.649] [DEBUG] debug-file - env: daemon=true
[2026-09-10T15:05:34.567] [DEBUG] debug-file - env: hvigor-config.json5 content = {
  modelVersion: '6.0.1',
  dependencies: {},
  execution: {},
  logging: {},
  debugging: {},
  nodeOptions: {}
}
[2026-09-10T15:05:36.250] [DEBUG] debug-file - session manager: set active socket. socketId=tBVn9siFltiOjCJPAAAL
[2026-09-10T15:05:36.274] [DEBUG] debug-file - watch worker: worker id should be larger than 0. Nothing will be sent to any worker thread.
[2026-09-10T15:05:36.282] [DEBUG] debug-file - Workers' log level updated to INFO
[2026-09-10T15:05:36.286] [DEBUG] debug-file - Hvigor init with startParameters:{
  hvigorfileTypeCheck: false,
  parallelExecution: true,
  incrementalExecution: true,
  printStackTrace: false,
  daemon: true,
  analyze: 0,
  logLevel: Level { level: 20000, levelStr: 'INFO', colour: 'green' },
  optimizationStrategy: 'memory',
  hotCompile: undefined,
  hotReloadBuild: undefined,
  customizedParam: undefined
}
[2026-09-10T15:05:36.293] [DEBUG] debug-file - Cache service initialization finished in 7 ms 
[2026-09-10T15:05:36.294] [DEBUG] debug-file - hvigorfile, resolving D:\HW\testproject\complete\2\hvigorfile.ts
[2026-09-10T15:05:36.305] [DEBUG] debug-file - hvigorfile, require result:  { default: { plugins: [] } }
[2026-09-10T15:05:36.306] [DEBUG] debug-file - hvigorfile, binding system plugins null
[2026-09-10T15:05:36.306] [DEBUG] debug-file - Starting plugin build process
[2026-09-10T15:05:36.306] [DEBUG] debug-file - App plugin prepare start...
[2026-09-10T15:05:36.306] [DEBUG] debug-file - App plugin prepare end...
[2026-09-10T15:05:36.307] [DEBUG] debug-file - App plugin creating...
[2026-09-10T15:05:36.324] [DEBUG] debug-file - App plugin register hook start...
[2026-09-10T15:05:36.324] [DEBUG] debug-file - App plugin register hook end...
[2026-09-10T15:05:36.324] [DEBUG] debug-file - Plugin build process completed
[2026-09-10T15:05:36.325] [DEBUG] debug-file - Start initialize project's product build option map with build mode debug.
[2026-09-10T15:05:36.325] [DEBUG] debug-file - Picking option from product 'default' with build mode 'debug'.
[2026-09-10T15:05:36.326] [DEBUG] debug-file - Product 'default' build option initialized
[2026-09-10T15:05:36.326] [DEBUG] debug-file - End initialize project's product build option map with build mode 'debug'.
[2026-09-10T15:05:36.327] [DEBUG] debug-file - Obtain build option for product 'default'in this build.
[2026-09-10T15:05:36.334] [DEBUG] debug-file - No signingConfig found, initRemoteHspCache failed.
[2026-09-10T15:05:36.340] [DEBUG] debug-file - Start recording SDK configuration permission data.
[2026-09-10T15:05:36.432] [DEBUG] debug-file - Sdk init in 96 ms 
[2026-09-10T15:05:36.437] [DEBUG] debug-file - Project task initialization takes 5 ms 
[2026-09-10T15:05:36.437] [DEBUG] debug-file - hvigorfile, begin to bind custom plugins...
[2026-09-10T15:05:36.437] [DEBUG] debug-file - hvigorfile, no custom plugins were found in D:\HW\testproject\complete\2\hvigorfile.ts
[2026-09-10T15:05:36.437] [DEBUG] debug-file - hvigorfile, resolve finished D:\HW\testproject\complete\2\hvigorfile.ts
[2026-09-10T15:05:36.438] [DEBUG] debug-file - hvigorfile, resolving D:\HW\testproject\complete\2\entry\hvigorfile.ts
[2026-09-10T15:05:36.446] [DEBUG] debug-file - hvigorfile, require result:  { default: { plugins: [] } }
[2026-09-10T15:05:36.447] [DEBUG] debug-file - hvigorfile, binding system plugins null
[2026-09-10T15:05:36.447] [DEBUG] debug-file - Starting plugin build process
[2026-09-10T15:05:36.447] [DEBUG] debug-file - Hap plugin creating...
[2026-09-10T15:05:36.449] [DEBUG] debug-file - failed to load cangjie to dynamically generate schemas: Error: Cannot find module '@ohos/cangjie-build-support/index'
Require stack:
- E:\DevEco Studio\tools\hvigor\hvigor-ohos-plugin\src\plugin\hooks\cangjie-register.js
- E:\DevEco Studio\tools\hvigor\hvigor-ohos-plugin\src\plugin\strategy\stage-init-strategy.js
- E:\DevEco Studio\tools\hvigor\hvigor-ohos-plugin\src\plugin\builder\abstract-plugin-builder.js
- E:\DevEco Studio\tools\hvigor\hvigor-ohos-plugin\src\plugin\builder\app-plugin-builder.js
- E:\DevEco Studio\tools\hvigor\hvigor-ohos-plugin\src\plugin\factory\plugin-factory.js
- E:\DevEco Studio\tools\hvigor\hvigor-ohos-plugin\index.js
- D:\HW\testproject\complete\2\hvigorfile.ts
- E:\DevEco Studio\tools\hvigor\hvigor\src\base\internal\lifecycle\configuration.js
- E:\DevEco Studio\tools\hvigor\hvigor\src\base\boot\index.js
- E:\DevEco Studio\tools\hvigor\hvigor\src\base\daemon\cluster\worker-process-lifecycle.js
- E:\DevEco Studio\tools\hvigor\hvigor\src\base\daemon\process\daemon-process-boot-script.js
[2026-09-10T15:05:36.452] [DEBUG] debug-file - Start initialize module-target build option map, moduleName=entry, buildMode=debug
[2026-09-10T15:05:36.452] [DEBUG] debug-file - Target 'default' config initialized
[2026-09-10T15:05:36.453] [DEBUG] debug-file - Target 'ohosTest' config initialized
[2026-09-10T15:05:36.454] [DEBUG] debug-file - Module 'entry' target 'default' build option initialized
[2026-09-10T15:05:36.454] [DEBUG] debug-file - Module 'entry' target 'ohosTest' build option initialized
[2026-09-10T15:05:36.454] [DEBUG] debug-file - End initialize module-target build option map, moduleName=entry
[2026-09-10T15:05:36.455] [DEBUG] debug-file - Start initialize module-target build option map, moduleName=entry, buildMode=release
[2026-09-10T15:05:36.456] [DEBUG] debug-file - Target 'default' config initialized
[2026-09-10T15:05:36.457] [DEBUG] debug-file - Target 'ohosTest' config initialized
[2026-09-10T15:05:36.458] [DEBUG] debug-file - Module 'entry' target 'default' build option initialized
[2026-09-10T15:05:36.458] [DEBUG] debug-file - Module 'entry' target 'ohosTest' build option initialized
[2026-09-10T15:05:36.458] [DEBUG] debug-file - End initialize module-target build option map, moduleName=entry
[2026-09-10T15:05:36.458] [DEBUG] debug-file - Start initialize module-target build option map, moduleName=entry, buildMode=debug
[2026-09-10T15:05:36.458] [DEBUG] debug-file - Target 'default' config initialized
[2026-09-10T15:05:36.459] [DEBUG] debug-file - Target 'ohosTest' config initialized
[2026-09-10T15:05:36.460] [DEBUG] debug-file - Module 'entry' target 'default' build option initialized
[2026-09-10T15:05:36.460] [DEBUG] debug-file - Module 'entry' target 'ohosTest' build option initialized
[2026-09-10T15:05:36.461] [DEBUG] debug-file - End initialize module-target build option map, moduleName=entry
[2026-09-10T15:05:36.461] [DEBUG] debug-file - Obtain build option for module 'entry' target 'default'in this build.
[2026-09-10T15:05:36.468] [DEBUG] debug-file - Module entry task initialization takes 4 ms 
[2026-09-10T15:05:36.469] [DEBUG] debug-file - Hap plugin register hook start...
[2026-09-10T15:05:36.469] [DEBUG] debug-file - Hap plugin register hook end...
[2026-09-10T15:05:36.469] [DEBUG] debug-file - Plugin build process completed
[2026-09-10T15:05:36.469] [DEBUG] debug-file - hvigorfile, begin to bind custom plugins...
[2026-09-10T15:05:36.470] [DEBUG] debug-file - hvigorfile, no custom plugins were found in D:\HW\testproject\complete\2\entry\hvigorfile.ts
[2026-09-10T15:05:36.470] [DEBUG] debug-file - hvigorfile, resolve finished D:\HW\testproject\complete\2\entry\hvigorfile.ts
[2026-09-10T15:05:36.553] [DEBUG] debug-file - hvigorfile, resolve hvigorfile dependencies in 83 ms 
[2026-09-10T15:05:36.554] [DEBUG] debug-file - project has submodules:entry
[2026-09-10T15:05:36.557] [DEBUG] debug-file - start to load updatedOhPackageInfo to the disk
[2026-09-10T15:05:36.561] [DEBUG] debug-file - load to the disk finished
[2026-09-10T15:05:36.563] [DEBUG] debug-file - Start to initialize dependency information.
[2026-09-10T15:05:36.575] [DEBUG] debug-file - Module 2 Collected Dependency: 
[2026-09-10T15:05:36.576] [DEBUG] debug-file - Module 2's total dependency: 0
[2026-09-10T15:05:36.576] [DEBUG] debug-file - Start to initialize dependency information.
[2026-09-10T15:05:36.578] [DEBUG] debug-file - Module entry Collected Dependency: 
[2026-09-10T15:05:36.578] [DEBUG] debug-file - Module entry's total dependency: 0
[2026-09-10T15:05:36.582] [DEBUG] debug-file - Configuration phase cost:289 ms 
[2026-09-10T15:05:36.584] [DEBUG] debug-file - Configuration task cost before running: 301 ms 
[2026-09-10T15:05:36.584] [DEBUG] debug-file - Executing task ::PreBuildApp
[2026-09-10T15:05:36.585] [DEBUG] debug-file - 2 : PreBuildApp cost memory 0.0145111083984375
[2026-09-10T15:05:36.585] [DEBUG] debug-file - runTaskFromQueue task cost before running: 302 ms 
[2026-09-10T15:05:36.585] [INFO] debug-file - Finished ::PreBuildApp... after 1 ms 
[2026-09-10T15:05:36.591] [DEBUG] debug-file - Executing task :entry:default@PreBuild
[2026-09-10T15:05:36.598] [DEBUG] debug-file - Task 'entry:default@PreBuild' cost while wrapping incremental declarations: 1 ms 
[2026-09-10T15:05:36.614] [DEBUG] debug-file - Incremental task entry:default@PreBuild pre-execution cost: 11 ms .
[2026-09-10T15:05:36.614] [DEBUG] debug-file - entry : default@PreBuild cost memory 0.56072998046875
[2026-09-10T15:05:36.618] [INFO] debug-file - UP-TO-DATE :entry:default@PreBuild...  
[2026-09-10T15:05:36.619] [DEBUG] debug-file - Executing task ::DuplicateDependencyCheck
[2026-09-10T15:05:36.619] [DEBUG] debug-file - 2 : DuplicateDependencyCheck cost memory 0.0137939453125
[2026-09-10T15:05:36.619] [DEBUG] debug-file - runTaskFromQueue task cost before running: 337 ms 
[2026-09-10T15:05:36.619] [INFO] debug-file - Finished ::DuplicateDependencyCheck... after 1 ms 
[2026-09-10T15:05:36.621] [DEBUG] debug-file - Executing task :entry:default@CreateModuleInfo
[2026-09-10T15:05:36.621] [DEBUG] debug-file - Task 'entry:default@CreateModuleInfo' cost while wrapping incremental declarations: 1 ms 
[2026-09-10T15:05:36.622] [DEBUG] debug-file - entry : default@CreateModuleInfo cost memory 0.03936767578125
[2026-09-10T15:05:36.622] [DEBUG] debug-file - runTaskFromQueue task cost before running: 340 ms 
[2026-09-10T15:05:36.622] [INFO] debug-file - Finished :entry:default@CreateModuleInfo... after 2 ms 
[2026-09-10T15:05:36.624] [DEBUG] debug-file - Executing task :entry:default@GenerateMetadata
[2026-09-10T15:05:36.625] [DEBUG] debug-file - Task 'entry:default@GenerateMetadata' cost while wrapping incremental declarations: 1 ms 
[2026-09-10T15:05:36.626] [DEBUG] debug-file - Incremental task entry:default@GenerateMetadata pre-execution cost: 1 ms .
[2026-09-10T15:05:36.626] [DEBUG] debug-file - entry : default@GenerateMetadata cost memory 0.07415008544921875
[2026-09-10T15:05:36.626] [INFO] debug-file - UP-TO-DATE :entry:default@GenerateMetadata...  
[2026-09-10T15:05:36.628] [DEBUG] debug-file - Executing task :entry:default@ConfigureCmake
[2026-09-10T15:05:36.629] [DEBUG] debug-file - entry : default@ConfigureCmake cost memory 0.01444244384765625
[2026-09-10T15:05:36.630] [DEBUG] debug-file - runTaskFromQueue task cost before running: 347 ms 
[2026-09-10T15:05:36.630] [INFO] debug-file - Finished :entry:default@ConfigureCmake... after 2 ms 
[2026-09-10T15:05:36.633] [DEBUG] debug-file - Executing task :entry:default@MergeProfile
[2026-09-10T15:05:36.633] [DEBUG] debug-file - Task 'entry:default@MergeProfile' cost while wrapping incremental declarations: 1 ms 
[2026-09-10T15:05:36.635] [DEBUG] debug-file - Incremental task entry:default@MergeProfile pre-execution cost: 2 ms .
[2026-09-10T15:05:36.635] [DEBUG] debug-file - entry : default@MergeProfile cost memory 0.11669921875
[2026-09-10T15:05:36.636] [INFO] debug-file - UP-TO-DATE :entry:default@MergeProfile...  
[2026-09-10T15:05:36.637] [DEBUG] debug-file - Executing task :entry:default@CreateBuildProfile
[2026-09-10T15:05:36.638] [DEBUG] debug-file - Task 'entry:default@CreateBuildProfile' cost while wrapping incremental declarations: 1 ms 
[2026-09-10T15:05:36.640] [DEBUG] debug-file - Incremental task entry:default@CreateBuildProfile pre-execution cost: 2 ms .
[2026-09-10T15:05:36.640] [DEBUG] debug-file - entry : default@CreateBuildProfile cost memory 0.09336090087890625
[2026-09-10T15:05:36.640] [INFO] debug-file - UP-TO-DATE :entry:default@CreateBuildProfile...  
[2026-09-10T15:05:36.642] [DEBUG] debug-file - Executing task :entry:default@PreCheckSyscap
[2026-09-10T15:05:36.642] [DEBUG] debug-file - entry : default@PreCheckSyscap cost memory 0.01514434814453125
[2026-09-10T15:05:36.643] [DEBUG] debug-file - runTaskFromQueue task cost before running: 360 ms 
[2026-09-10T15:05:36.643] [INFO] debug-file - Finished :entry:default@PreCheckSyscap... after 1 ms 
[2026-09-10T15:05:36.645] [DEBUG] debug-file - Executing task :entry:default@GeneratePkgContextInfo
[2026-09-10T15:05:36.650] [DEBUG] debug-file - Task 'entry:default@GeneratePkgContextInfo' cost while wrapping incremental declarations: 1 ms 
[2026-09-10T15:05:36.651] [DEBUG] debug-file - Incremental task entry:default@GeneratePkgContextInfo pre-execution cost: 1 ms .
[2026-09-10T15:05:36.651] [DEBUG] debug-file - entry : default@GeneratePkgContextInfo cost memory 0.199737548828125
[2026-09-10T15:05:36.652] [INFO] debug-file - UP-TO-DATE :entry:default@GeneratePkgContextInfo...  
[2026-09-10T15:05:36.653] [DEBUG] debug-file - Executing task :entry:default@GeneratePkgSdkInfo
[2026-09-10T15:05:36.657] [DEBUG] debug-file - Task 'entry:default@GeneratePkgSdkInfo' cost while wrapping incremental declarations: 1 ms 
[2026-09-10T15:05:36.658] [DEBUG] debug-file - entry : default@GeneratePkgSdkInfo cost memory 0.09798431396484375
[2026-09-10T15:05:36.658] [DEBUG] debug-file - runTaskFromQueue task cost before running: 376 ms 
[2026-09-10T15:05:36.658] [INFO] debug-file - Finished :entry:default@GeneratePkgSdkInfo... after 5 ms 
[2026-09-10T15:05:36.664] [DEBUG] debug-file - Executing task :entry:default@ProcessIntegratedHsp
[2026-09-10T15:05:36.664] [DEBUG] debug-file - entry:default@ProcessIntegratedHsp is not up-to-date, since the output file 'D:\HW\testproject\complete\2\build\cache\default\integrated_hsp\integratedHspCache.json' does not exist.
[2026-09-10T15:05:36.664] [DEBUG] debug-file - Incremental task entry:default@ProcessIntegratedHsp pre-execution cost: 1 ms .
[2026-09-10T15:05:36.664] [DEBUG] debug-file - entry : default@ProcessIntegratedHsp cost memory 0.04927825927734375
[2026-09-10T15:05:36.665] [DEBUG] debug-file - runTaskFromQueue task cost before running: 382 ms 
[2026-09-10T15:05:36.665] [INFO] debug-file - Finished :entry:default@ProcessIntegratedHsp... after 2 ms 
[2026-09-10T15:05:36.666] [DEBUG] debug-file - Executing task :entry:default@BuildNativeWithCmake
[2026-09-10T15:05:36.666] [DEBUG] debug-file - entry : default@BuildNativeWithCmake cost memory 0.01444244384765625
[2026-09-10T15:05:36.666] [DEBUG] debug-file - runTaskFromQueue task cost before running: 384 ms 
[2026-09-10T15:05:36.667] [INFO] debug-file - Finished :entry:default@BuildNativeWithCmake... after 1 ms 
[2026-09-10T15:05:36.668] [DEBUG] debug-file - Executing task :entry:default@MakePackInfo
[2026-09-10T15:05:36.674] [DEBUG] debug-file - Incremental task entry:default@MakePackInfo pre-execution cost: 5 ms .
[2026-09-10T15:05:36.674] [DEBUG] debug-file - entry : default@MakePackInfo cost memory 0.10556793212890625
[2026-09-10T15:05:36.675] [INFO] debug-file - UP-TO-DATE :entry:default@MakePackInfo...  
[2026-09-10T15:05:36.677] [DEBUG] debug-file - Executing task :entry:default@SyscapTransform
[2026-09-10T15:05:36.678] [DEBUG] debug-file - File: 'D:\HW\testproject\complete\2\entry\src\main\syscap.json' from 'sysCapJsonPath' is not exists, just ignore.
[2026-09-10T15:05:36.680] [DEBUG] debug-file - Task 'entry:default@SyscapTransform' cost while wrapping incremental declarations: 3 ms 
[2026-09-10T15:05:36.682] [DEBUG] debug-file - entry:default@SyscapTransform is not up-to-date, since the output file 'D:\HW\testproject\complete\2\entry\build\default\intermediates\syscap\default\rpcid.sc' does not exist.
[2026-09-10T15:05:36.682] [DEBUG] debug-file - Incremental task entry:default@SyscapTransform pre-execution cost: 2 ms .
[2026-09-10T15:05:36.683] [DEBUG] debug-file - entry : default@SyscapTransform cost memory 0.11138153076171875
[2026-09-10T15:05:36.683] [DEBUG] debug-file - runTaskFromQueue task cost before running: 401 ms 
[2026-09-10T15:05:36.683] [INFO] debug-file - Finished :entry:default@SyscapTransform... after 6 ms 
[2026-09-10T15:05:36.686] [DEBUG] debug-file - Executing task :entry:default@ProcessProfile
[2026-09-10T15:05:36.689] [DEBUG] debug-file - Task 'entry:default@ProcessProfile' cost while wrapping incremental declarations: 1 ms 
[2026-09-10T15:05:36.690] [DEBUG] debug-file - Incremental task entry:default@ProcessProfile pre-execution cost: 1 ms .
[2026-09-10T15:05:36.690] [DEBUG] debug-file - entry : default@ProcessProfile cost memory 0.130462646484375
[2026-09-10T15:05:36.690] [INFO] debug-file - UP-TO-DATE :entry:default@ProcessProfile...  
[2026-09-10T15:05:36.693] [DEBUG] debug-file - Executing task :entry:default@ProcessRouterMap
[2026-09-10T15:05:36.697] [DEBUG] debug-file - Incremental task entry:default@ProcessRouterMap pre-execution cost: 4 ms .
[2026-09-10T15:05:36.697] [DEBUG] debug-file - entry : default@ProcessRouterMap cost memory 0.127105712890625
[2026-09-10T15:05:36.698] [INFO] debug-file - UP-TO-DATE :entry:default@ProcessRouterMap...  
[2026-09-10T15:05:36.700] [DEBUG] debug-file - Executing task :entry:default@ProcessShareConfig
[2026-09-10T15:05:36.704] [DEBUG] debug-file - Incremental task entry:default@ProcessShareConfig pre-execution cost: 3 ms .
[2026-09-10T15:05:36.704] [DEBUG] debug-file - entry : default@ProcessShareConfig cost memory 0.10565948486328125
[2026-09-10T15:05:36.705] [INFO] debug-file - UP-TO-DATE :entry:default@ProcessShareConfig...  
[2026-09-10T15:05:36.706] [DEBUG] debug-file - Executing task :entry:default@ProcessStartupConfig
[2026-09-10T15:05:36.707] [DEBUG] debug-file - Task 'entry:default@ProcessStartupConfig' cost while wrapping incremental declarations: 1 ms 
[2026-09-10T15:05:36.708] [DEBUG] debug-file - entry:default@ProcessStartupConfig is not up-to-date, since the output file 'D:\HW\testproject\complete\2\entry\build\default\intermediates\startup\default\startup_config.json' does not exist.
[2026-09-10T15:05:36.708] [DEBUG] debug-file - Incremental task entry:default@ProcessStartupConfig pre-execution cost: 1 ms .
[2026-09-10T15:05:36.709] [DEBUG] debug-file - entry : default@ProcessStartupConfig cost memory 0.1104278564453125
[2026-09-10T15:05:36.709] [DEBUG] debug-file - runTaskFromQueue task cost before running: 427 ms 
[2026-09-10T15:05:36.710] [INFO] debug-file - Finished :entry:default@ProcessStartupConfig... after 3 ms 
[2026-09-10T15:05:36.711] [DEBUG] debug-file - Executing task :entry:default@BuildNativeWithNinja
[2026-09-10T15:05:36.714] [DEBUG] debug-file - entry : default@BuildNativeWithNinja cost memory -5.107666015625
[2026-09-10T15:05:36.715] [DEBUG] debug-file - runTaskFromQueue task cost before running: 432 ms 
[2026-09-10T15:05:36.716] [INFO] debug-file - Finished :entry:default@BuildNativeWithNinja... after 4 ms 
[2026-09-10T15:05:36.718] [DEBUG] debug-file - restool module names: entry; moduleName=entry, taskName=default@ProcessResource
[2026-09-10T15:05:36.720] [DEBUG] debug-file - Executing task :entry:default@ProcessResource
[2026-09-10T15:05:36.721] [DEBUG] debug-file - Task 'entry:default@ProcessResource' cost while wrapping incremental declarations: 1 ms 
[2026-09-10T15:05:36.722] [DEBUG] debug-file - Incremental task entry:default@ProcessResource pre-execution cost: 1 ms .
[2026-09-10T15:05:36.722] [DEBUG] debug-file - entry : default@ProcessResource cost memory 0.109832763671875
[2026-09-10T15:05:36.726] [INFO] debug-file - UP-TO-DATE :entry:default@ProcessResource...  
[2026-09-10T15:05:36.728] [DEBUG] debug-file - Executing task :entry:default@GenerateLoaderJson
[2026-09-10T15:05:36.729] [DEBUG] debug-file - Task 'entry:default@GenerateLoaderJson' cost while wrapping incremental declarations: 1 ms 
[2026-09-10T15:05:36.743] [DEBUG] debug-file - Incremental task entry:default@GenerateLoaderJson pre-execution cost: 8 ms .
[2026-09-10T15:05:36.743] [DEBUG] debug-file - entry : default@GenerateLoaderJson cost memory 0.3137359619140625
[2026-09-10T15:05:36.748] [INFO] debug-file - UP-TO-DATE :entry:default@GenerateLoaderJson...  
[2026-09-10T15:05:36.749] [DEBUG] debug-file - Executing task :entry:default@ProcessLibs
[2026-09-10T15:05:36.750] [DEBUG] debug-file - Task 'entry:default@ProcessLibs' cost while wrapping incremental declarations: 1 ms 
[2026-09-10T15:05:36.753] [DEBUG] debug-file - Incremental task entry:default@ProcessLibs pre-execution cost: 3 ms .
[2026-09-10T15:05:36.753] [DEBUG] debug-file - entry : default@ProcessLibs cost memory 0.092041015625
[2026-09-10T15:05:36.755] [INFO] debug-file - UP-TO-DATE :entry:default@ProcessLibs...  
[2026-09-10T15:05:36.758] [DEBUG] debug-file - restool module names: entry; moduleName=entry, taskName=default@CompileResource
[2026-09-10T15:05:36.759] [DEBUG] debug-file - Executing task :entry:default@CompileResource
[2026-09-10T15:05:36.776] [DEBUG] debug-file - Incremental task entry:default@CompileResource pre-execution cost: 16 ms .
[2026-09-10T15:05:36.777] [DEBUG] debug-file - entry : default@CompileResource cost memory 0.48126983642578125
[2026-09-10T15:05:36.779] [INFO] debug-file - UP-TO-DATE :entry:default@CompileResource...  
[2026-09-10T15:05:36.781] [DEBUG] debug-file - Executing task :entry:default@DoNativeStrip
[2026-09-10T15:05:36.782] [DEBUG] debug-file - File: 'D:\HW\testproject\complete\2\entry\build\default\intermediates\binxo\default' from 'doBinxoNativeLibs' is not exists, just ignore.
[2026-09-10T15:05:36.782] [DEBUG] debug-file - Task 'entry:default@DoNativeStrip' cost while wrapping incremental declarations: 1 ms 
[2026-09-10T15:05:36.784] [DEBUG] debug-file - Incremental task entry:default@DoNativeStrip pre-execution cost: 2 ms .
[2026-09-10T15:05:36.784] [DEBUG] debug-file - entry : default@DoNativeStrip cost memory 0.07341766357421875
[2026-09-10T15:05:36.785] [INFO] debug-file - UP-TO-DATE :entry:default@DoNativeStrip...  
[2026-09-10T15:05:36.787] [DEBUG] debug-file - Executing task :entry:default@CompileArkTS
[2026-09-10T15:05:36.788] [DEBUG] debug-file - obfuscationOptions: undefined
[2026-09-10T15:05:36.790] [DEBUG] debug-file - Task 'entry:default@CompileArkTS' cost while wrapping incremental declarations: 1 ms 
[2026-09-10T15:05:36.809] [DEBUG] debug-file - Incremental task entry:default@CompileArkTS pre-execution cost: 14 ms .
[2026-09-10T15:05:36.809] [DEBUG] debug-file - entry : default@CompileArkTS cost memory 0.43721771240234375
[2026-09-10T15:05:36.816] [INFO] debug-file - UP-TO-DATE :entry:default@CompileArkTS...  
[2026-09-10T15:05:36.818] [DEBUG] debug-file - Executing task :entry:default@BuildJS
[2026-09-10T15:05:36.820] [DEBUG] debug-file - Task 'entry:default@BuildJS' cost while wrapping incremental declarations: 1 ms 
[2026-09-10T15:05:36.825] [DEBUG] debug-file - entry : default@BuildJS cost memory 0.1181793212890625
[2026-09-10T15:05:36.826] [DEBUG] debug-file - runTaskFromQueue task cost before running: 543 ms 
[2026-09-10T15:05:36.826] [INFO] debug-file - Finished :entry:default@BuildJS... after 8 ms 
[2026-09-10T15:05:36.828] [DEBUG] debug-file - Executing task :entry:default@CacheNativeLibs
[2026-09-10T15:05:36.828] [DEBUG] debug-file - File: 'D:\HW\testproject\complete\2\entry\build\default\intermediates\binxo\default' from 'cacheBinxoNativeLibs' is not exists, just ignore.
[2026-09-10T15:05:36.829] [DEBUG] debug-file - Task 'entry:default@CacheNativeLibs' cost while wrapping incremental declarations: 1 ms 
[2026-09-10T15:05:36.832] [DEBUG] debug-file - Incremental task entry:default@CacheNativeLibs pre-execution cost: 3 ms .
[2026-09-10T15:05:36.832] [DEBUG] debug-file - entry : default@CacheNativeLibs cost memory 0.085845947265625
[2026-09-10T15:05:36.832] [INFO] debug-file - UP-TO-DATE :entry:default@CacheNativeLibs...  
[2026-09-10T15:05:36.834] [DEBUG] debug-file - Executing task :entry:default@GeneratePkgModuleJson
[2026-09-10T15:05:36.835] [DEBUG] debug-file - File: 'D:\HW\testproject\complete\2\entry\build\default\intermediates\preload\default\preload.json' from 'preloadSoJsonPath' is not exists, just ignore.
[2026-09-10T15:05:36.836] [DEBUG] debug-file - Error occurs while handling @Input 'shouldDeduplicateHar': The "data" argument must be of type string or an instance of Buffer, TypedArray, or DataView. Received undefined
[2026-09-10T15:05:36.836] [DEBUG] debug-file - Task 'entry:default@GeneratePkgModuleJson' cost while wrapping incremental declarations: 2 ms 
[2026-09-10T15:05:36.837] [DEBUG] debug-file - Incremental task entry:default@GeneratePkgModuleJson pre-execution cost: 1 ms .
[2026-09-10T15:05:36.838] [DEBUG] debug-file - entry : default@GeneratePkgModuleJson cost memory 0.08403778076171875
[2026-09-10T15:05:36.839] [INFO] debug-file - UP-TO-DATE :entry:default@GeneratePkgModuleJson...  
[2026-09-10T15:05:36.840] [DEBUG] debug-file - Executing task :entry:default@ProcessCompiledResources
[2026-09-10T15:05:36.841] [DEBUG] debug-file - File: 'D:\HW\testproject\complete\2\entry\build\default\intermediates\preload\default\preload.json' from 'preloadSoJsonPath' is not exists, just ignore.
[2026-09-10T15:05:36.841] [DEBUG] debug-file - Task 'entry:default@ProcessCompiledResources' cost while wrapping incremental declarations: 1 ms 
[2026-09-10T15:05:36.842] [DEBUG] debug-file - entry : default@ProcessCompiledResources cost memory 0.05051422119140625
[2026-09-10T15:05:36.842] [DEBUG] debug-file - runTaskFromQueue task cost before running: 560 ms 
[2026-09-10T15:05:36.842] [INFO] debug-file - Finished :entry:default@ProcessCompiledResources... after 2 ms 
[2026-09-10T15:05:36.845] [DEBUG] debug-file - Executing task :entry:default@PackageHap
[2026-09-10T15:05:36.862] [DEBUG] debug-file - Incremental task entry:default@PackageHap pre-execution cost: 14 ms .
[2026-09-10T15:05:36.862] [DEBUG] debug-file - entry : default@PackageHap cost memory 0.276458740234375
[2026-09-10T15:05:36.865] [INFO] debug-file - UP-TO-DATE :entry:default@PackageHap...  
[2026-09-10T15:05:36.871] [DEBUG] debug-file - Executing task :entry:default@PackingCheck
[2026-09-10T15:05:36.878] [DEBUG] debug-file - entry : default@PackingCheck cost memory 0.3141326904296875
[2026-09-10T15:05:36.878] [DEBUG] debug-file - runTaskFromQueue task cost before running: 596 ms 
[2026-09-10T15:05:36.879] [INFO] debug-file - Finished :entry:default@PackingCheck... after 8 ms 
[2026-09-10T15:05:36.882] [DEBUG] debug-file - Executing task :entry:default@SignHap
[2026-09-10T15:05:36.882] [WARN] debug-file - Will skip sign 'hos_hap'. No signingConfigs profile is configured in current project.
             If needed, configure the signingConfigs in D:\HW\testproject\complete\2\build-profile.json5.
[2026-09-10T15:05:36.884] [DEBUG] debug-file - entry:default@SignHap is not up-to-date, since the output file 'D:\HW\testproject\complete\2\entry\build\default\outputs\default\entry-default-signed.hap' does not exist.
[2026-09-10T15:05:36.885] [DEBUG] debug-file - Incremental task entry:default@SignHap pre-execution cost: 2 ms .
[2026-09-10T15:05:36.888] [DEBUG] debug-file - entry : default@SignHap cost memory 0.072601318359375
[2026-09-10T15:05:36.888] [DEBUG] debug-file - runTaskFromQueue task cost before running: 606 ms 
[2026-09-10T15:05:36.889] [INFO] debug-file - Finished :entry:default@SignHap... after 7 ms 
[2026-09-10T15:05:36.892] [DEBUG] debug-file - Executing task :entry:default@CollectDebugSymbol
[2026-09-10T15:05:36.894] [DEBUG] debug-file - entry : default@CollectDebugSymbol cost memory 0.07733154296875
[2026-09-10T15:05:36.894] [DEBUG] debug-file - runTaskFromQueue task cost before running: 611 ms 
[2026-09-10T15:05:36.894] [INFO] debug-file - Finished :entry:default@CollectDebugSymbol... after 3 ms 
[2026-09-10T15:05:36.895] [DEBUG] debug-file - Executing task :entry:assembleHap
[2026-09-10T15:05:36.895] [DEBUG] debug-file - entry : assembleHap cost memory 0.0123291015625
[2026-09-10T15:05:36.895] [DEBUG] debug-file - runTaskFromQueue task cost before running: 613 ms 
[2026-09-10T15:05:36.897] [INFO] debug-file - Finished :entry:assembleHap... after 1 ms 
[2026-09-10T15:05:36.897] [DEBUG] debug-file - Executing task ::MakeProjectPackInfo
[2026-09-10T15:05:36.902] [DEBUG] debug-file - Task ':MakeProjectPackInfo' cost while wrapping incremental declarations: 1 ms 
[2026-09-10T15:05:36.906] [DEBUG] debug-file - Incremental task :MakeProjectPackInfo pre-execution cost: 3 ms .
[2026-09-10T15:05:36.906] [DEBUG] debug-file - 2 : MakeProjectPackInfo cost memory 0.13878631591796875
[2026-09-10T15:05:36.907] [INFO] debug-file - UP-TO-DATE ::MakeProjectPackInfo...  
[2026-09-10T15:05:36.907] [DEBUG] debug-file - Executing task ::ProcessProjectPrivacyProfile
[2026-09-10T15:05:36.910] [DEBUG] debug-file - Incremental task :ProcessProjectPrivacyProfile pre-execution cost: 2 ms .
[2026-09-10T15:05:36.911] [DEBUG] debug-file - 2 : ProcessProjectPrivacyProfile cost memory 0.079193115234375
[2026-09-10T15:05:36.915] [INFO] debug-file - UP-TO-DATE ::ProcessProjectPrivacyProfile...  
[2026-09-10T15:05:36.917] [DEBUG] debug-file - Executing task ::GeneratePackRes
[2026-09-10T15:05:36.919] [DEBUG] debug-file - Incremental task :GeneratePackRes pre-execution cost: 2 ms .
[2026-09-10T15:05:36.919] [DEBUG] debug-file - 2 : GeneratePackRes cost memory 0.0406494140625
[2026-09-10T15:05:36.920] [INFO] debug-file - UP-TO-DATE ::GeneratePackRes...  
[2026-09-10T15:05:36.921] [DEBUG] debug-file - Executing task ::PackageApp
[2026-09-10T15:05:36.926] [DEBUG] debug-file - Task ':PackageApp' cost while wrapping incremental declarations: 1 ms 
[2026-09-10T15:05:36.935] [DEBUG] debug-file - :PackageApp is not up-to-date, since the output file 'D:\HW\testproject\complete\2\build\outputs\default\symbol\debug' does not exist.
[2026-09-10T15:05:36.936] [DEBUG] debug-file - Incremental task :PackageApp pre-execution cost: 9 ms .
[2026-09-10T15:05:36.945] [DEBUG] debug-file - Use tool [PackageApp]
 [
  'java',
  '-Dfile.encoding=GBK',
  '-jar',
  'E:\\DevEco Studio\\sdk\\default\\openharmony\\toolchains\\lib\\app_packing_tool.jar',
  '--mode',
  'app',
  '--pack-info-path',
  'D:\\HW\\testproject\\complete\\2\\build\\outputs\\default\\pack.info',
  '--hap-path',
  'D:\\HW\\testproject\\complete\\2\\entry\\build\\default\\outputs\\default\\app\\entry-default.hap',
  '--hsp-path',
  '',
  '--force',
  'true',
  '--out-path',
  'D:\\HW\\testproject\\complete\\2\\build\\outputs\\default\\2-default-unsigned.app',
  '--main-module-limit',
  '2',
  '--normal-module-limit',
  '2',
  '--pac-json-path',
  'D:\\HW\\testproject\\complete\\2\\build\\outputs\\default\\pac.json'
]
[2026-09-10T15:05:36.946] [DEBUG] debug-file - current process  memoryUsage: {
  rss: 279523328,
  heapTotal: 140328960,
  heapUsed: 117965240,
  external: 3969584,
  arrayBuffers: 38038
} os memoryUsage :14.741283416748047
[2026-09-10T15:05:37.972] [DEBUG] debug-file - 2 : PackageApp cost memory -3.80474853515625
[2026-09-10T15:05:37.973] [DEBUG] debug-file - runTaskFromQueue task cost before running: 1 s 690 ms 
[2026-09-10T15:05:37.973] [INFO] debug-file - Finished ::PackageApp... after 1 s 52 ms 
[2026-09-10T15:05:37.973] [DEBUG] debug-file - Executing task ::SignPackagesFromApp
[2026-09-10T15:05:37.974] [DEBUG] debug-file - :SignPackagesFromApp is not up-to-date, since the input file 'D:\HW\testproject\complete\2\build\outputs\default\2-default-unsigned.app' has been changed.
[2026-09-10T15:05:37.975] [DEBUG] debug-file - Incremental task :SignPackagesFromApp pre-execution cost: 1 ms .
[2026-09-10T15:05:37.975] [DEBUG] debug-file - 2 : SignPackagesFromApp cost memory 0.0487060546875
[2026-09-10T15:05:37.975] [DEBUG] debug-file - runTaskFromQueue task cost before running: 1 s 693 ms 
[2026-09-10T15:05:37.975] [INFO] debug-file - Finished ::SignPackagesFromApp... after 2 ms 
[2026-09-10T15:05:37.976] [DEBUG] debug-file - Executing task ::SignApp
[2026-09-10T15:05:37.976] [DEBUG] debug-file - signingConfigName of signApp is :  undefined
[2026-09-10T15:05:37.976] [WARN] debug-file - Will skip sign 'app'. No signingConfigs profile is configured in current project.
             If needed, configure the signingConfigs in D:\HW\testproject\complete\2\build-profile.json5.
[2026-09-10T15:05:37.976] [DEBUG] debug-file - :SignApp is not up-to-date, since the input file 'D:\HW\testproject\complete\2\build\outputs\default\2-default-unsigned.app' has been changed.
[2026-09-10T15:05:37.977] [DEBUG] debug-file - Incremental task :SignApp pre-execution cost: 1 ms .
[2026-09-10T15:05:37.977] [DEBUG] debug-file - 2 : SignApp cost memory 0.10880279541015625
[2026-09-10T15:05:37.977] [DEBUG] debug-file - runTaskFromQueue task cost before running: 1 s 695 ms 
[2026-09-10T15:05:37.977] [INFO] debug-file - Finished ::SignApp... after 2 ms 
[2026-09-10T15:05:37.978] [DEBUG] debug-file - Executing task ::assembleApp
[2026-09-10T15:05:37.978] [DEBUG] debug-file - 2 : assembleApp cost memory 0.01230621337890625
[2026-09-10T15:05:37.978] [DEBUG] debug-file - runTaskFromQueue task cost before running: 1 s 696 ms 
[2026-09-10T15:05:37.978] [INFO] debug-file - Finished ::assembleApp... after 1 ms 
[2026-09-10T15:05:37.979] [INFO] debug-file - BUILD SUCCESSFUL in 1 s 696 ms 
[2026-09-10T15:05:37.979] [DEBUG] debug-file - There is no need to refresh cache, since the incremental task entry:default@PreBuild is up-to-date.
[2026-09-10T15:05:37.980] [DEBUG] debug-file - Update task entry:default@CreateModuleInfo output file:D:\HW\testproject\complete\2\entry\build\default\generated\profile\default\ModuleInfo.ts cache.
[2026-09-10T15:05:37.980] [DEBUG] debug-file - Incremental task entry:default@CreateModuleInfo post-execution cost:1 ms .
[2026-09-10T15:05:37.980] [DEBUG] debug-file - There is no need to refresh cache, since the incremental task entry:default@GenerateMetadata is up-to-date.
[2026-09-10T15:05:37.980] [DEBUG] debug-file - There is no need to refresh cache, since the incremental task entry:default@MergeProfile is up-to-date.
[2026-09-10T15:05:37.980] [DEBUG] debug-file - There is no need to refresh cache, since the incremental task entry:default@CreateBuildProfile is up-to-date.
[2026-09-10T15:05:37.980] [DEBUG] debug-file - There is no need to refresh cache, since the incremental task entry:default@GeneratePkgContextInfo is up-to-date.
[2026-09-10T15:05:37.980] [DEBUG] debug-file - Update task entry:default@GeneratePkgSdkInfo output file:D:\HW\testproject\complete\2\entry\build\default\intermediates\loader\default\pkgSdkInfo.json cache.
[2026-09-10T15:05:37.980] [DEBUG] debug-file - Incremental task entry:default@GeneratePkgSdkInfo post-execution cost:1 ms .
[2026-09-10T15:05:37.981] [DEBUG] debug-file - Update task entry:default@ProcessIntegratedHsp output file:D:\HW\testproject\complete\2\build\cache\default\integrated_hsp\integratedHspCache.json cache.
[2026-09-10T15:05:37.981] [DEBUG] debug-file - Incremental task entry:default@ProcessIntegratedHsp post-execution cost:1 ms .
[2026-09-10T15:05:37.981] [DEBUG] debug-file - There is no need to refresh cache, since the incremental task entry:default@MakePackInfo is up-to-date.
[2026-09-10T15:05:37.981] [DEBUG] debug-file - Update task entry:default@SyscapTransform input file:E:\DevEco Studio\sdk\default\openharmony\toolchains\syscap_tool.exe cache by regenerate.
[2026-09-10T15:05:37.981] [DEBUG] debug-file - Update task entry:default@SyscapTransform input file:E:\DevEco Studio\sdk\default\openharmony\ets\api\device-define cache by regenerate.
[2026-09-10T15:05:37.982] [DEBUG] debug-file - Update task entry:default@SyscapTransform output file:D:\HW\testproject\complete\2\entry\build\default\intermediates\syscap\default\rpcid.sc cache.
[2026-09-10T15:05:37.983] [DEBUG] debug-file - Incremental task entry:default@SyscapTransform post-execution cost:2 ms .
[2026-09-10T15:05:37.983] [DEBUG] debug-file - There is no need to refresh cache, since the incremental task entry:default@ProcessProfile is up-to-date.
[2026-09-10T15:05:37.983] [DEBUG] debug-file - There is no need to refresh cache, since the incremental task entry:default@ProcessRouterMap is up-to-date.
[2026-09-10T15:05:37.983] [DEBUG] debug-file - There is no need to refresh cache, since the incremental task entry:default@ProcessShareConfig is up-to-date.
[2026-09-10T15:05:37.983] [DEBUG] debug-file - Update task entry:default@ProcessStartupConfig input file:D:\HW\testproject\complete\2\entry\build\default\intermediates\loader\default\pkgContextInfo.json cache by regenerate.
[2026-09-10T15:05:37.983] [DEBUG] debug-file - Update task entry:default@ProcessStartupConfig output file:D:\HW\testproject\complete\2\entry\build\default\intermediates\startup\default\startup_config.json cache.
[2026-09-10T15:05:37.984] [DEBUG] debug-file - Incremental task entry:default@ProcessStartupConfig post-execution cost:1 ms .
[2026-09-10T15:05:37.984] [DEBUG] debug-file - There is no need to refresh cache, since the incremental task entry:default@ProcessResource is up-to-date.
[2026-09-10T15:05:37.984] [DEBUG] debug-file - There is no need to refresh cache, since the incremental task entry:default@GenerateLoaderJson is up-to-date.
[2026-09-10T15:05:37.984] [DEBUG] debug-file - There is no need to refresh cache, since the incremental task entry:default@ProcessLibs is up-to-date.
[2026-09-10T15:05:37.984] [DEBUG] debug-file - There is no need to refresh cache, since the incremental task entry:default@CompileResource is up-to-date.
[2026-09-10T15:05:37.984] [DEBUG] debug-file - There is no need to refresh cache, since the incremental task entry:default@DoNativeStrip is up-to-date.
[2026-09-10T15:05:37.984] [DEBUG] debug-file - There is no need to refresh cache, since the incremental task entry:default@CompileArkTS is up-to-date.
[2026-09-10T15:05:37.986] [DEBUG] debug-file - Update task entry:default@BuildJS input file:D:\HW\testproject\complete\2\entry\build\default\intermediates\loader\default cache by regenerate.
[2026-09-10T15:05:37.987] [DEBUG] debug-file - Update task entry:default@BuildJS input file:D:\HW\testproject\complete\2\entry\build\default\intermediates\res\default\resources\rawfile cache by regenerate.
[2026-09-10T15:05:37.987] [DEBUG] debug-file - Update task entry:default@BuildJS input file:D:\HW\testproject\complete\2\entry\build\default\intermediates\res\default\ResourceTable.txt cache by regenerate.
[2026-09-10T15:05:37.988] [DEBUG] debug-file - Update task entry:default@BuildJS input file:D:\HW\testproject\complete\2\entry\build\default\intermediates\res\default\ark_module.json cache by regenerate.
[2026-09-10T15:05:37.988] [DEBUG] debug-file - Update task entry:default@BuildJS input file:D:\HW\testproject\complete\2\entry\build\default\intermediates\res\default\resources\base\profile cache by regenerate.
[2026-09-10T15:05:37.988] [DEBUG] debug-file - Update task entry:default@BuildJS input file:D:\HW\testproject\complete\2\entry\build\default\intermediates\loader\default\pkgContextInfo.json cache by regenerate.
[2026-09-10T15:05:37.989] [DEBUG] debug-file - Update task entry:default@BuildJS output file:D:\HW\testproject\complete\2\entry\build\default\intermediates\loader_out\default\js cache.
[2026-09-10T15:05:37.989] [DEBUG] debug-file - Incremental task entry:default@BuildJS post-execution cost:5 ms .
[2026-09-10T15:05:37.989] [DEBUG] debug-file - There is no need to refresh cache, since the incremental task entry:default@CacheNativeLibs is up-to-date.
[2026-09-10T15:05:37.989] [DEBUG] debug-file - There is no need to refresh cache, since the incremental task entry:default@GeneratePkgModuleJson is up-to-date.
[2026-09-10T15:05:37.989] [DEBUG] debug-file - Incremental task entry:default@ProcessCompiledResources post-execution cost:1 ms .
[2026-09-10T15:05:37.990] [DEBUG] debug-file - There is no need to refresh cache, since the incremental task entry:default@PackageHap is up-to-date.
[2026-09-10T15:05:37.991] [DEBUG] debug-file - Update task entry:default@SignHap input file:D:\HW\testproject\complete\2\entry\build\default\outputs\default\entry-default-unsigned.hap cache by regenerate.
[2026-09-10T15:05:37.991] [DEBUG] debug-file - Update task entry:default@SignHap output file:D:\HW\testproject\complete\2\entry\build\default\outputs\default\entry-default-signed.hap cache.
[2026-09-10T15:05:37.992] [DEBUG] debug-file - Incremental task entry:default@SignHap post-execution cost:2 ms .
[2026-09-10T15:05:37.992] [DEBUG] debug-file - Update task entry:default@CollectDebugSymbol input file:D:\HW\testproject\complete\2\entry\build\default\intermediates\loader_out\default\ets\sourceMaps.map cache by regenerate.
[2026-09-10T15:05:37.993] [DEBUG] debug-file - Update task entry:default@CollectDebugSymbol input file:D:\HW\testproject\complete\2\entry\build\default\intermediates\libs\default cache by regenerate.
[2026-09-10T15:05:37.993] [DEBUG] debug-file - Update task entry:default@CollectDebugSymbol output file:D:\HW\testproject\complete\2\entry\build\default\outputs\default\symbol cache.
[2026-09-10T15:05:37.993] [DEBUG] debug-file - Incremental task entry:default@CollectDebugSymbol post-execution cost:2 ms .
[2026-09-10T15:05:37.994] [DEBUG] debug-file - There is no need to refresh cache, since the incremental task :MakeProjectPackInfo is up-to-date.
[2026-09-10T15:05:37.994] [DEBUG] debug-file - There is no need to refresh cache, since the incremental task :ProcessProjectPrivacyProfile is up-to-date.
[2026-09-10T15:05:37.994] [DEBUG] debug-file - There is no need to refresh cache, since the incremental task :GeneratePackRes is up-to-date.
[2026-09-10T15:05:37.994] [DEBUG] debug-file - Update task :PackageApp input file:D:\HW\testproject\complete\2\build\outputs\default\pack.info cache by regenerate.
[2026-09-10T15:05:37.995] [DEBUG] debug-file - Update task :PackageApp input file:D:\HW\testproject\complete\2\entry\build\default\outputs\default\entry-default-unsigned.hap cache by regenerate.
[2026-09-10T15:05:37.995] [DEBUG] debug-file - Update task :PackageApp input file:D:\HW\testproject\complete\2\build\outputs\default\pac.json cache by regenerate.
[2026-09-10T15:05:37.996] [DEBUG] debug-file - Update task :PackageApp output file:D:\HW\testproject\complete\2\build\outputs\default\2-default-unsigned.app cache.
[2026-09-10T15:05:37.997] [DEBUG] debug-file - Update task :PackageApp output file:D:\HW\testproject\complete\2\entry\build\default\outputs\default\app\entry-default.hap cache.
[2026-09-10T15:05:37.997] [DEBUG] debug-file - Update task :PackageApp output file:D:\HW\testproject\complete\2\build\outputs\default\symbol\debug cache.
[2026-09-10T15:05:37.998] [DEBUG] debug-file - Incremental task :PackageApp post-execution cost:4 ms .
[2026-09-10T15:05:37.998] [DEBUG] debug-file - Update task :SignPackagesFromApp input file:D:\HW\testproject\complete\2\build\outputs\default\2-default-unsigned.app cache from map.
[2026-09-10T15:05:37.998] [DEBUG] debug-file - Incremental task :SignPackagesFromApp post-execution cost:1 ms .
[2026-09-10T15:05:37.998] [DEBUG] debug-file - Update task :SignApp input file:D:\HW\testproject\complete\2\build\outputs\default\2-default-unsigned.app cache from map.
[2026-09-10T15:05:37.998] [DEBUG] debug-file - Update task :SignApp output file:D:\HW\testproject\complete\2\build\outputs\default\2-default-signed.app cache.
[2026-09-10T15:05:37.999] [DEBUG] debug-file - Incremental task :SignApp post-execution cost:1 ms .
[2026-09-10T15:05:38.024] [DEBUG] debug-file - session manager: send message to worker process. WorkerThreadId: 0, data: {"type":"hvigor_failed","reason":"Server has disconnected."}
[2026-09-10T15:05:38.024] [DEBUG] debug-file - session manager: send message to worker process. WorkerThreadId: 0, data: {"type":"CloseWatch","reason":"Server has disconnected."}
[2026-09-10T15:05:38.013] [DEBUG] debug-file - hvigor build process will be closed.
[2026-09-10T15:05:38.024] [DEBUG] debug-file - watch worker: worker id should be larger than 0. Nothing will be sent to any worker thread.
[2026-09-10T15:05:38.024] [DEBUG] debug-file - ABORT_WORK sent to workers.
[2026-09-10T15:05:38.025] [DEBUG] debug-file - watch worker: worker id should be larger than 0. Nothing will be sent to any worker thread.
[2026-09-10T15:11:38.625] [DEBUG] debug-file - env: nodejsVersion=v24.14.1
[2026-09-10T15:11:38.691] [DEBUG] debug-file - env: daemon=true
[2026-09-10T15:11:38.628] [DEBUG] debug-file - env: hvigor-config.json5 content = {
  modelVersion: '6.0.1',
  dependencies: {},
  execution: {},
  logging: {},
  debugging: {},
  nodeOptions: {}
}
[2026-09-10T15:11:39.718] [DEBUG] debug-file - session manager: set active socket. socketId=7veZXOs3oXvPxNFYAAAN
[2026-09-10T15:11:39.751] [DEBUG] debug-file - watch worker: worker id should be larger than 0. Nothing will be sent to any worker thread.
[2026-09-10T15:11:39.763] [DEBUG] debug-file - Workers' log level updated to INFO
[2026-09-10T15:11:39.770] [DEBUG] debug-file - Hvigor init with startParameters:{
  hvigorfileTypeCheck: false,
  parallelExecution: true,
  incrementalExecution: true,
  printStackTrace: false,
  daemon: true,
  analyze: 0,
  logLevel: Level { level: 20000, levelStr: 'INFO', colour: 'green' },
  optimizationStrategy: 'memory',
  hotCompile: undefined,
  hotReloadBuild: undefined,
  customizedParam: undefined
}
[2026-09-10T15:11:39.781] [DEBUG] debug-file - Cache service initialization finished in 11 ms 
[2026-09-10T15:11:39.782] [DEBUG] debug-file - hvigorfile, resolving D:\HW\testproject\complete\2\hvigorfile.ts
[2026-09-10T15:11:39.790] [DEBUG] debug-file - hvigorfile, require result:  { default: { plugins: [] } }
[2026-09-10T15:11:39.790] [DEBUG] debug-file - hvigorfile, binding system plugins null
[2026-09-10T15:11:39.791] [DEBUG] debug-file - Starting plugin build process
[2026-09-10T15:11:39.791] [DEBUG] debug-file - App plugin prepare start...
[2026-09-10T15:11:39.791] [DEBUG] debug-file - App plugin prepare end...
[2026-09-10T15:11:39.791] [DEBUG] debug-file - App plugin creating...
[2026-09-10T15:11:39.799] [DEBUG] debug-file - App plugin register hook start...
[2026-09-10T15:11:39.800] [DEBUG] debug-file - App plugin register hook end...
[2026-09-10T15:11:39.800] [DEBUG] debug-file - Plugin build process completed
[2026-09-10T15:11:39.800] [DEBUG] debug-file - Start initialize project's product build option map with build mode debug.
[2026-09-10T15:11:39.800] [DEBUG] debug-file - Picking option from product 'default' with build mode 'debug'.
[2026-09-10T15:11:39.800] [DEBUG] debug-file - Product 'default' build option initialized
[2026-09-10T15:11:39.801] [DEBUG] debug-file - End initialize project's product build option map with build mode 'debug'.
[2026-09-10T15:11:39.802] [DEBUG] debug-file - Obtain build option for product 'default'in this build.
[2026-09-10T15:11:39.806] [DEBUG] debug-file - No signingConfig found, initRemoteHspCache failed.
[2026-09-10T15:11:39.809] [DEBUG] debug-file - Start recording SDK configuration permission data.
[2026-09-10T15:11:39.892] [DEBUG] debug-file - Sdk init in 85 ms 
[2026-09-10T15:11:39.896] [DEBUG] debug-file - Project task initialization takes 4 ms 
[2026-09-10T15:11:39.897] [DEBUG] debug-file - hvigorfile, begin to bind custom plugins...
[2026-09-10T15:11:39.897] [DEBUG] debug-file - hvigorfile, no custom plugins were found in D:\HW\testproject\complete\2\hvigorfile.ts
[2026-09-10T15:11:39.897] [DEBUG] debug-file - hvigorfile, resolve finished D:\HW\testproject\complete\2\hvigorfile.ts
[2026-09-10T15:11:39.899] [DEBUG] debug-file - hvigorfile, resolving D:\HW\testproject\complete\2\entry\hvigorfile.ts
[2026-09-10T15:11:39.906] [DEBUG] debug-file - hvigorfile, require result:  { default: { plugins: [] } }
[2026-09-10T15:11:39.907] [DEBUG] debug-file - hvigorfile, binding system plugins null
[2026-09-10T15:11:39.907] [DEBUG] debug-file - Starting plugin build process
[2026-09-10T15:11:39.907] [DEBUG] debug-file - Hap plugin creating...
[2026-09-10T15:11:39.910] [DEBUG] debug-file - failed to load cangjie to dynamically generate schemas: Error: Cannot find module '@ohos/cangjie-build-support/index'
Require stack:
- E:\DevEco Studio\tools\hvigor\hvigor-ohos-plugin\src\plugin\hooks\cangjie-register.js
- E:\DevEco Studio\tools\hvigor\hvigor-ohos-plugin\src\plugin\strategy\stage-init-strategy.js
- E:\DevEco Studio\tools\hvigor\hvigor-ohos-plugin\src\plugin\builder\abstract-plugin-builder.js
- E:\DevEco Studio\tools\hvigor\hvigor-ohos-plugin\src\plugin\builder\app-plugin-builder.js
- E:\DevEco Studio\tools\hvigor\hvigor-ohos-plugin\src\plugin\factory\plugin-factory.js
- E:\DevEco Studio\tools\hvigor\hvigor-ohos-plugin\index.js
- D:\HW\testproject\complete\2\hvigorfile.ts
- E:\DevEco Studio\tools\hvigor\hvigor\src\base\internal\lifecycle\configuration.js
- E:\DevEco Studio\tools\hvigor\hvigor\src\base\boot\index.js
- E:\DevEco Studio\tools\hvigor\hvigor\src\base\daemon\cluster\worker-process-lifecycle.js
- E:\DevEco Studio\tools\hvigor\hvigor\src\base\daemon\process\daemon-process-boot-script.js
[2026-09-10T15:11:39.913] [DEBUG] debug-file - Start initialize module-target build option map, moduleName=entry, buildMode=debug
[2026-09-10T15:11:39.914] [DEBUG] debug-file - Target 'default' config initialized
[2026-09-10T15:11:39.914] [DEBUG] debug-file - Target 'ohosTest' config initialized
[2026-09-10T15:11:39.915] [DEBUG] debug-file - Module 'entry' target 'default' build option initialized
[2026-09-10T15:11:39.916] [DEBUG] debug-file - Module 'entry' target 'ohosTest' build option initialized
[2026-09-10T15:11:39.916] [DEBUG] debug-file - End initialize module-target build option map, moduleName=entry
[2026-09-10T15:11:39.916] [DEBUG] debug-file - Start initialize module-target build option map, moduleName=entry, buildMode=release
[2026-09-10T15:11:39.916] [DEBUG] debug-file - Target 'default' config initialized
[2026-09-10T15:11:39.917] [DEBUG] debug-file - Target 'ohosTest' config initialized
[2026-09-10T15:11:39.918] [DEBUG] debug-file - Module 'entry' target 'default' build option initialized
[2026-09-10T15:11:39.918] [DEBUG] debug-file - Module 'entry' target 'ohosTest' build option initialized
[2026-09-10T15:11:39.918] [DEBUG] debug-file - End initialize module-target build option map, moduleName=entry
[2026-09-10T15:11:39.918] [DEBUG] debug-file - Start initialize module-target build option map, moduleName=entry, buildMode=debug
[2026-09-10T15:11:39.918] [DEBUG] debug-file - Target 'default' config initialized
[2026-09-10T15:11:39.919] [DEBUG] debug-file - Target 'ohosTest' config initialized
[2026-09-10T15:11:39.920] [DEBUG] debug-file - Module 'entry' target 'default' build option initialized
[2026-09-10T15:11:39.920] [DEBUG] debug-file - Module 'entry' target 'ohosTest' build option initialized
[2026-09-10T15:11:39.920] [DEBUG] debug-file - End initialize module-target build option map, moduleName=entry
[2026-09-10T15:11:39.920] [DEBUG] debug-file - Obtain build option for module 'entry' target 'default'in this build.
[2026-09-10T15:11:39.924] [DEBUG] debug-file - Module entry task initialization takes 3 ms 
[2026-09-10T15:11:39.924] [DEBUG] debug-file - Hap plugin register hook start...
[2026-09-10T15:11:39.924] [DEBUG] debug-file - Hap plugin register hook end...
[2026-09-10T15:11:39.927] [DEBUG] debug-file - Plugin build process completed
[2026-09-10T15:11:39.927] [DEBUG] debug-file - hvigorfile, begin to bind custom plugins...
[2026-09-10T15:11:39.927] [DEBUG] debug-file - hvigorfile, no custom plugins were found in D:\HW\testproject\complete\2\entry\hvigorfile.ts
[2026-09-10T15:11:39.927] [DEBUG] debug-file - hvigorfile, resolve finished D:\HW\testproject\complete\2\entry\hvigorfile.ts
[2026-09-10T15:11:40.095] [DEBUG] debug-file - hvigorfile, resolve hvigorfile dependencies in 168 ms 
[2026-09-10T15:11:40.096] [DEBUG] debug-file - project has submodules:entry
[2026-09-10T15:11:40.105] [DEBUG] debug-file - start to load updatedOhPackageInfo to the disk
[2026-09-10T15:11:40.124] [DEBUG] debug-file - load to the disk finished
[2026-09-10T15:11:40.125] [DEBUG] debug-file - Start to initialize dependency information.
[2026-09-10T15:11:40.165] [DEBUG] debug-file - Module 2 Collected Dependency: 
[2026-09-10T15:11:40.166] [DEBUG] debug-file - Module 2's total dependency: 0
[2026-09-10T15:11:40.175] [DEBUG] debug-file - Start to initialize dependency information.
[2026-09-10T15:11:40.189] [DEBUG] debug-file - Module entry Collected Dependency: 
[2026-09-10T15:11:40.189] [DEBUG] debug-file - Module entry's total dependency: 0
[2026-09-10T15:11:40.208] [DEBUG] debug-file - Configuration phase cost:427 ms 
[2026-09-10T15:11:40.221] [DEBUG] debug-file - Configuration task cost before running: 453 ms 
[2026-09-10T15:11:40.222] [DEBUG] debug-file - Executing task ::PreBuildApp
[2026-09-10T15:11:40.222] [DEBUG] debug-file - 2 : PreBuildApp cost memory 0.0142364501953125
[2026-09-10T15:11:40.223] [DEBUG] debug-file - runTaskFromQueue task cost before running: 459 ms 
[2026-09-10T15:11:40.226] [INFO] debug-file - Finished ::PreBuildApp... after 1 ms 
[2026-09-10T15:11:40.246] [DEBUG] debug-file - Executing task :entry:default@PreBuild
[2026-09-10T15:11:40.261] [DEBUG] debug-file - Task 'entry:default@PreBuild' cost while wrapping incremental declarations: 1 ms 
[2026-09-10T15:11:40.294] [DEBUG] debug-file - Incremental task entry:default@PreBuild pre-execution cost: 18 ms .
[2026-09-10T15:11:40.295] [DEBUG] debug-file - entry : default@PreBuild cost memory 0.5262222290039062
[2026-09-10T15:11:40.304] [INFO] debug-file - UP-TO-DATE :entry:default@PreBuild...  
[2026-09-10T15:11:40.305] [DEBUG] debug-file - Executing task ::DuplicateDependencyCheck
[2026-09-10T15:11:40.306] [DEBUG] debug-file - 2 : DuplicateDependencyCheck cost memory 0.01361083984375
[2026-09-10T15:11:40.306] [DEBUG] debug-file - runTaskFromQueue task cost before running: 543 ms 
[2026-09-10T15:11:40.306] [INFO] debug-file - Finished ::DuplicateDependencyCheck... after 2 ms 
[2026-09-10T15:11:40.309] [DEBUG] debug-file - Executing task :entry:default@CreateModuleInfo
[2026-09-10T15:11:40.310] [DEBUG] debug-file - Task 'entry:default@CreateModuleInfo' cost while wrapping incremental declarations: 1 ms 
[2026-09-10T15:11:40.311] [DEBUG] debug-file - entry : default@CreateModuleInfo cost memory 0.0389556884765625
[2026-09-10T15:11:40.311] [DEBUG] debug-file - runTaskFromQueue task cost before running: 548 ms 
[2026-09-10T15:11:40.312] [INFO] debug-file - Finished :entry:default@CreateModuleInfo... after 2 ms 
[2026-09-10T15:11:40.326] [DEBUG] debug-file - Executing task :entry:default@GenerateMetadata
[2026-09-10T15:11:40.333] [DEBUG] debug-file - Task 'entry:default@GenerateMetadata' cost while wrapping incremental declarations: 4 ms 
[2026-09-10T15:11:40.338] [DEBUG] debug-file - Incremental task entry:default@GenerateMetadata pre-execution cost: 5 ms .
[2026-09-10T15:11:40.339] [DEBUG] debug-file - entry : default@GenerateMetadata cost memory 0.07451629638671875
[2026-09-10T15:11:40.341] [INFO] debug-file - UP-TO-DATE :entry:default@GenerateMetadata...  
[2026-09-10T15:11:40.343] [DEBUG] debug-file - Executing task :entry:default@ConfigureCmake
[2026-09-10T15:11:40.343] [DEBUG] debug-file - entry : default@ConfigureCmake cost memory 0.01422882080078125
[2026-09-10T15:11:40.343] [DEBUG] debug-file - runTaskFromQueue task cost before running: 580 ms 
[2026-09-10T15:11:40.344] [INFO] debug-file - Finished :entry:default@ConfigureCmake... after 1 ms 
[2026-09-10T15:11:40.349] [DEBUG] debug-file - Executing task :entry:default@MergeProfile
[2026-09-10T15:11:40.350] [DEBUG] debug-file - Task 'entry:default@MergeProfile' cost while wrapping incremental declarations: 1 ms 
[2026-09-10T15:11:40.356] [DEBUG] debug-file - Incremental task entry:default@MergeProfile pre-execution cost: 4 ms .
[2026-09-10T15:11:40.356] [DEBUG] debug-file - entry : default@MergeProfile cost memory 0.11658477783203125
[2026-09-10T15:11:40.357] [INFO] debug-file - UP-TO-DATE :entry:default@MergeProfile...  
[2026-09-10T15:11:40.361] [DEBUG] debug-file - Executing task :entry:default@CreateBuildProfile
[2026-09-10T15:11:40.363] [DEBUG] debug-file - Task 'entry:default@CreateBuildProfile' cost while wrapping incremental declarations: 2 ms 
[2026-09-10T15:11:40.366] [DEBUG] debug-file - Incremental task entry:default@CreateBuildProfile pre-execution cost: 3 ms .
[2026-09-10T15:11:40.366] [DEBUG] debug-file - entry : default@CreateBuildProfile cost memory 0.09481048583984375
[2026-09-10T15:11:40.367] [INFO] debug-file - UP-TO-DATE :entry:default@CreateBuildProfile...  
[2026-09-10T15:11:40.372] [DEBUG] debug-file - Executing task :entry:default@PreCheckSyscap
[2026-09-10T15:11:40.373] [DEBUG] debug-file - entry : default@PreCheckSyscap cost memory 0.01493072509765625
[2026-09-10T15:11:40.375] [DEBUG] debug-file - runTaskFromQueue task cost before running: 612 ms 
[2026-09-10T15:11:40.376] [INFO] debug-file - Finished :entry:default@PreCheckSyscap... after 4 ms 
[2026-09-10T15:11:40.380] [DEBUG] debug-file - Executing task :entry:default@GeneratePkgContextInfo
[2026-09-10T15:11:40.395] [DEBUG] debug-file - Task 'entry:default@GeneratePkgContextInfo' cost while wrapping incremental declarations: 1 ms 
[2026-09-10T15:11:40.397] [DEBUG] debug-file - Incremental task entry:default@GeneratePkgContextInfo pre-execution cost: 1 ms .
[2026-09-10T15:11:40.401] [DEBUG] debug-file - entry : default@GeneratePkgContextInfo cost memory 0.1742095947265625
[2026-09-10T15:11:40.402] [INFO] debug-file - UP-TO-DATE :entry:default@GeneratePkgContextInfo...  
[2026-09-10T15:11:40.405] [DEBUG] debug-file - Executing task :entry:default@GeneratePkgSdkInfo
[2026-09-10T15:11:40.415] [DEBUG] debug-file - Task 'entry:default@GeneratePkgSdkInfo' cost while wrapping incremental declarations: 1 ms 
[2026-09-10T15:11:40.422] [DEBUG] debug-file - entry : default@GeneratePkgSdkInfo cost memory 0.104736328125
[2026-09-10T15:11:40.422] [DEBUG] debug-file - runTaskFromQueue task cost before running: 659 ms 
[2026-09-10T15:11:40.423] [INFO] debug-file - Finished :entry:default@GeneratePkgSdkInfo... after 18 ms 
[2026-09-10T15:11:40.433] [DEBUG] debug-file - Executing task :entry:default@ProcessIntegratedHsp
[2026-09-10T15:11:40.435] [DEBUG] debug-file - entry:default@ProcessIntegratedHsp is not up-to-date, since the output file 'D:\HW\testproject\complete\2\build\cache\default\integrated_hsp\integratedHspCache.json' does not exist.
[2026-09-10T15:11:40.435] [DEBUG] debug-file - Incremental task entry:default@ProcessIntegratedHsp pre-execution cost: 1 ms .
[2026-09-10T15:11:40.435] [DEBUG] debug-file - entry : default@ProcessIntegratedHsp cost memory 0.0489044189453125
[2026-09-10T15:11:40.436] [DEBUG] debug-file - runTaskFromQueue task cost before running: 672 ms 
[2026-09-10T15:11:40.436] [INFO] debug-file - Finished :entry:default@ProcessIntegratedHsp... after 4 ms 
[2026-09-10T15:11:40.440] [DEBUG] debug-file - Executing task :entry:default@BuildNativeWithCmake
[2026-09-10T15:11:40.441] [DEBUG] debug-file - entry : default@BuildNativeWithCmake cost memory 0.01425933837890625
[2026-09-10T15:11:40.441] [DEBUG] debug-file - runTaskFromQueue task cost before running: 678 ms 
[2026-09-10T15:11:40.442] [INFO] debug-file - Finished :entry:default@BuildNativeWithCmake... after 1 ms 
[2026-09-10T15:11:40.444] [DEBUG] debug-file - Executing task :entry:default@MakePackInfo
[2026-09-10T15:11:40.454] [DEBUG] debug-file - Incremental task entry:default@MakePackInfo pre-execution cost: 9 ms .
[2026-09-10T15:11:40.458] [DEBUG] debug-file - entry : default@MakePackInfo cost memory 0.10457611083984375
[2026-09-10T15:11:40.459] [INFO] debug-file - UP-TO-DATE :entry:default@MakePackInfo...  
[2026-09-10T15:11:40.462] [DEBUG] debug-file - Executing task :entry:default@SyscapTransform
[2026-09-10T15:11:40.462] [DEBUG] debug-file - File: 'D:\HW\testproject\complete\2\entry\src\main\syscap.json' from 'sysCapJsonPath' is not exists, just ignore.
[2026-09-10T15:11:40.465] [DEBUG] debug-file - Task 'entry:default@SyscapTransform' cost while wrapping incremental declarations: 4 ms 
[2026-09-10T15:11:40.470] [DEBUG] debug-file - entry:default@SyscapTransform is not up-to-date, since the output file 'D:\HW\testproject\complete\2\entry\build\default\intermediates\syscap\default\rpcid.sc' does not exist.
[2026-09-10T15:11:40.470] [DEBUG] debug-file - Incremental task entry:default@SyscapTransform pre-execution cost: 5 ms .
[2026-09-10T15:11:40.471] [DEBUG] debug-file - entry : default@SyscapTransform cost memory 0.11040496826171875
[2026-09-10T15:11:40.472] [DEBUG] debug-file - runTaskFromQueue task cost before running: 708 ms 
[2026-09-10T15:11:40.472] [INFO] debug-file - Finished :entry:default@SyscapTransform... after 10 ms 
[2026-09-10T15:11:40.475] [DEBUG] debug-file - Executing task :entry:default@ProcessProfile
[2026-09-10T15:11:40.479] [DEBUG] debug-file - Task 'entry:default@ProcessProfile' cost while wrapping incremental declarations: 1 ms 
[2026-09-10T15:11:40.483] [DEBUG] debug-file - Incremental task entry:default@ProcessProfile pre-execution cost: 2 ms .
[2026-09-10T15:11:40.483] [DEBUG] debug-file - entry : default@ProcessProfile cost memory -3.0241470336914062
[2026-09-10T15:11:40.483] [INFO] debug-file - UP-TO-DATE :entry:default@ProcessProfile...  
[2026-09-10T15:11:40.487] [DEBUG] debug-file - Executing task :entry:default@ProcessRouterMap
[2026-09-10T15:11:40.492] [DEBUG] debug-file - Incremental task entry:default@ProcessRouterMap pre-execution cost: 4 ms .
[2026-09-10T15:11:40.493] [DEBUG] debug-file - entry : default@ProcessRouterMap cost memory 0.1266937255859375
[2026-09-10T15:11:40.494] [INFO] debug-file - UP-TO-DATE :entry:default@ProcessRouterMap...  
[2026-09-10T15:11:40.497] [DEBUG] debug-file - Executing task :entry:default@ProcessShareConfig
[2026-09-10T15:11:40.517] [DEBUG] debug-file - Incremental task entry:default@ProcessShareConfig pre-execution cost: 16 ms .
[2026-09-10T15:11:40.517] [DEBUG] debug-file - entry : default@ProcessShareConfig cost memory 0.1056976318359375
[2026-09-10T15:11:40.526] [INFO] debug-file - UP-TO-DATE :entry:default@ProcessShareConfig...  
[2026-09-10T15:11:40.536] [DEBUG] debug-file - Executing task :entry:default@ProcessStartupConfig
[2026-09-10T15:11:40.536] [DEBUG] debug-file - Task 'entry:default@ProcessStartupConfig' cost while wrapping incremental declarations: 1 ms 
[2026-09-10T15:11:40.540] [DEBUG] debug-file - entry:default@ProcessStartupConfig is not up-to-date, since the output file 'D:\HW\testproject\complete\2\entry\build\default\intermediates\startup\default\startup_config.json' does not exist.
[2026-09-10T15:11:40.541] [DEBUG] debug-file - Incremental task entry:default@ProcessStartupConfig pre-execution cost: 4 ms .
[2026-09-10T15:11:40.546] [DEBUG] debug-file - entry : default@ProcessStartupConfig cost memory 0.11118316650390625
[2026-09-10T15:11:40.546] [DEBUG] debug-file - runTaskFromQueue task cost before running: 783 ms 
[2026-09-10T15:11:40.551] [INFO] debug-file - Finished :entry:default@ProcessStartupConfig... after 11 ms 
[2026-09-10T15:11:40.561] [DEBUG] debug-file - Executing task :entry:default@BuildNativeWithNinja
[2026-09-10T15:11:40.562] [DEBUG] debug-file - entry : default@BuildNativeWithNinja cost memory 0.0189666748046875
[2026-09-10T15:11:40.563] [DEBUG] debug-file - runTaskFromQueue task cost before running: 799 ms 
[2026-09-10T15:11:40.566] [INFO] debug-file - Finished :entry:default@BuildNativeWithNinja... after 2 ms 
[2026-09-10T15:11:40.571] [DEBUG] debug-file - restool module names: entry; moduleName=entry, taskName=default@ProcessResource
[2026-09-10T15:11:40.576] [DEBUG] debug-file - Executing task :entry:default@ProcessResource
[2026-09-10T15:11:40.576] [DEBUG] debug-file - Task 'entry:default@ProcessResource' cost while wrapping incremental declarations: 1 ms 
[2026-09-10T15:11:40.582] [DEBUG] debug-file - Incremental task entry:default@ProcessResource pre-execution cost: 6 ms .
[2026-09-10T15:11:40.583] [DEBUG] debug-file - entry : default@ProcessResource cost memory 0.10959625244140625
[2026-09-10T15:11:40.588] [INFO] debug-file - UP-TO-DATE :entry:default@ProcessResource...  
[2026-09-10T15:11:40.597] [DEBUG] debug-file - Executing task :entry:default@GenerateLoaderJson
[2026-09-10T15:11:40.603] [DEBUG] debug-file - Task 'entry:default@GenerateLoaderJson' cost while wrapping incremental declarations: 1 ms 
[2026-09-10T15:11:40.652] [DEBUG] debug-file - Incremental task entry:default@GenerateLoaderJson pre-execution cost: 30 ms .
[2026-09-10T15:11:40.652] [DEBUG] debug-file - entry : default@GenerateLoaderJson cost memory 0.31470489501953125
[2026-09-10T15:11:40.672] [INFO] debug-file - UP-TO-DATE :entry:default@GenerateLoaderJson...  
[2026-09-10T15:11:40.673] [DEBUG] debug-file - Executing task :entry:default@ProcessLibs
[2026-09-10T15:11:40.679] [DEBUG] debug-file - Task 'entry:default@ProcessLibs' cost while wrapping incremental declarations: 1 ms 
[2026-09-10T15:11:40.690] [DEBUG] debug-file - Incremental task entry:default@ProcessLibs pre-execution cost: 10 ms .
[2026-09-10T15:11:40.690] [DEBUG] debug-file - entry : default@ProcessLibs cost memory 0.09780120849609375
[2026-09-10T15:11:40.699] [INFO] debug-file - UP-TO-DATE :entry:default@ProcessLibs...  
[2026-09-10T15:11:40.707] [DEBUG] debug-file - restool module names: entry; moduleName=entry, taskName=default@CompileResource
[2026-09-10T15:11:40.710] [DEBUG] debug-file - Executing task :entry:default@CompileResource
[2026-09-10T15:11:40.762] [DEBUG] debug-file - Incremental task entry:default@CompileResource pre-execution cost: 49 ms .
[2026-09-10T15:11:40.762] [DEBUG] debug-file - entry : default@CompileResource cost memory 0.4873199462890625
[2026-09-10T15:11:40.768] [INFO] debug-file - UP-TO-DATE :entry:default@CompileResource...  
[2026-09-10T15:11:40.771] [DEBUG] debug-file - Executing task :entry:default@DoNativeStrip
[2026-09-10T15:11:40.776] [DEBUG] debug-file - File: 'D:\HW\testproject\complete\2\entry\build\default\intermediates\binxo\default' from 'doBinxoNativeLibs' is not exists, just ignore.
[2026-09-10T15:11:40.777] [DEBUG] debug-file - Task 'entry:default@DoNativeStrip' cost while wrapping incremental declarations: 3 ms 
[2026-09-10T15:11:40.784] [DEBUG] debug-file - Incremental task entry:default@DoNativeStrip pre-execution cost: 6 ms .
[2026-09-10T15:11:40.784] [DEBUG] debug-file - entry : default@DoNativeStrip cost memory 0.07505035400390625
[2026-09-10T15:11:40.785] [INFO] debug-file - UP-TO-DATE :entry:default@DoNativeStrip...  
[2026-09-10T15:11:40.793] [DEBUG] debug-file - Executing task :entry:default@CompileArkTS
[2026-09-10T15:11:40.793] [DEBUG] debug-file - obfuscationOptions: undefined
[2026-09-10T15:11:40.799] [DEBUG] debug-file - Task 'entry:default@CompileArkTS' cost while wrapping incremental declarations: 1 ms 
[2026-09-10T15:11:40.846] [DEBUG] debug-file - Incremental task entry:default@CompileArkTS pre-execution cost: 30 ms .
[2026-09-10T15:11:40.853] [DEBUG] debug-file - entry : default@CompileArkTS cost memory 0.45941925048828125
[2026-09-10T15:11:40.860] [INFO] debug-file - UP-TO-DATE :entry:default@CompileArkTS...  
[2026-09-10T15:11:40.863] [DEBUG] debug-file - Executing task :entry:default@BuildJS
[2026-09-10T15:11:40.863] [DEBUG] debug-file - Task 'entry:default@BuildJS' cost while wrapping incremental declarations: 1 ms 
[2026-09-10T15:11:40.875] [DEBUG] debug-file - entry : default@BuildJS cost memory 0.1181640625
[2026-09-10T15:11:40.877] [DEBUG] debug-file - runTaskFromQueue task cost before running: 1 s 113 ms 
[2026-09-10T15:11:40.877] [INFO] debug-file - Finished :entry:default@BuildJS... after 15 ms 
[2026-09-10T15:11:40.882] [DEBUG] debug-file - Executing task :entry:default@CacheNativeLibs
[2026-09-10T15:11:40.883] [DEBUG] debug-file - File: 'D:\HW\testproject\complete\2\entry\build\default\intermediates\binxo\default' from 'cacheBinxoNativeLibs' is not exists, just ignore.
[2026-09-10T15:11:40.886] [DEBUG] debug-file - Task 'entry:default@CacheNativeLibs' cost while wrapping incremental declarations: 4 ms 
[2026-09-10T15:11:40.895] [DEBUG] debug-file - Incremental task entry:default@CacheNativeLibs pre-execution cost: 4 ms .
[2026-09-10T15:11:40.895] [DEBUG] debug-file - entry : default@CacheNativeLibs cost memory -2.8333816528320312
[2026-09-10T15:11:40.897] [INFO] debug-file - UP-TO-DATE :entry:default@CacheNativeLibs...  
[2026-09-10T15:11:40.903] [DEBUG] debug-file - Executing task :entry:default@GeneratePkgModuleJson
[2026-09-10T15:11:40.904] [DEBUG] debug-file - File: 'D:\HW\testproject\complete\2\entry\build\default\intermediates\preload\default\preload.json' from 'preloadSoJsonPath' is not exists, just ignore.
[2026-09-10T15:11:40.904] [DEBUG] debug-file - Error occurs while handling @Input 'shouldDeduplicateHar': The "data" argument must be of type string or an instance of Buffer, TypedArray, or DataView. Received undefined
[2026-09-10T15:11:40.905] [DEBUG] debug-file - Task 'entry:default@GeneratePkgModuleJson' cost while wrapping incremental declarations: 2 ms 
[2026-09-10T15:11:40.907] [DEBUG] debug-file - Incremental task entry:default@GeneratePkgModuleJson pre-execution cost: 2 ms .
[2026-09-10T15:11:40.910] [DEBUG] debug-file - entry : default@GeneratePkgModuleJson cost memory 0.0825653076171875
[2026-09-10T15:11:40.916] [INFO] debug-file - UP-TO-DATE :entry:default@GeneratePkgModuleJson...  
[2026-09-10T15:11:40.924] [DEBUG] debug-file - Executing task :entry:default@ProcessCompiledResources
[2026-09-10T15:11:40.925] [DEBUG] debug-file - File: 'D:\HW\testproject\complete\2\entry\build\default\intermediates\preload\default\preload.json' from 'preloadSoJsonPath' is not exists, just ignore.
[2026-09-10T15:11:40.925] [DEBUG] debug-file - Task 'entry:default@ProcessCompiledResources' cost while wrapping incremental declarations: 1 ms 
[2026-09-10T15:11:40.927] [DEBUG] debug-file - entry : default@ProcessCompiledResources cost memory 0.050018310546875
[2026-09-10T15:11:40.927] [DEBUG] debug-file - runTaskFromQueue task cost before running: 1 s 164 ms 
[2026-09-10T15:11:40.928] [INFO] debug-file - Finished :entry:default@ProcessCompiledResources... after 4 ms 
[2026-09-10T15:11:40.931] [DEBUG] debug-file - Executing task :entry:default@PackageHap
[2026-09-10T15:11:40.982] [DEBUG] debug-file - Incremental task entry:default@PackageHap pre-execution cost: 46 ms .
[2026-09-10T15:11:40.982] [DEBUG] debug-file - entry : default@PackageHap cost memory 0.27361297607421875
[2026-09-10T15:11:40.989] [INFO] debug-file - UP-TO-DATE :entry:default@PackageHap...  
[2026-09-10T15:11:40.994] [DEBUG] debug-file - Executing task :entry:default@PackingCheck
[2026-09-10T15:11:41.009] [DEBUG] debug-file - entry : default@PackingCheck cost memory 0.29561614990234375
[2026-09-10T15:11:41.009] [DEBUG] debug-file - runTaskFromQueue task cost before running: 1 s 246 ms 
[2026-09-10T15:11:41.010] [INFO] debug-file - Finished :entry:default@PackingCheck... after 15 ms 
[2026-09-10T15:11:41.014] [DEBUG] debug-file - Executing task :entry:default@SignHap
[2026-09-10T15:11:41.014] [WARN] debug-file - Will skip sign 'hos_hap'. No signingConfigs profile is configured in current project.
             If needed, configure the signingConfigs in D:\HW\testproject\complete\2\build-profile.json5.
[2026-09-10T15:11:41.020] [DEBUG] debug-file - entry:default@SignHap is not up-to-date, since the output file 'D:\HW\testproject\complete\2\entry\build\default\outputs\default\entry-default-signed.hap' does not exist.
[2026-09-10T15:11:41.022] [DEBUG] debug-file - Incremental task entry:default@SignHap pre-execution cost: 4 ms .
[2026-09-10T15:11:41.023] [DEBUG] debug-file - entry : default@SignHap cost memory 0.0719451904296875
[2026-09-10T15:11:41.023] [DEBUG] debug-file - runTaskFromQueue task cost before running: 1 s 259 ms 
[2026-09-10T15:11:41.024] [INFO] debug-file - Finished :entry:default@SignHap... after 9 ms 
[2026-09-10T15:11:41.027] [DEBUG] debug-file - Executing task :entry:default@CollectDebugSymbol
[2026-09-10T15:11:41.030] [DEBUG] debug-file - entry : default@CollectDebugSymbol cost memory 0.07708740234375
[2026-09-10T15:11:41.030] [DEBUG] debug-file - runTaskFromQueue task cost before running: 1 s 267 ms 
[2026-09-10T15:11:41.030] [INFO] debug-file - Finished :entry:default@CollectDebugSymbol... after 3 ms 
[2026-09-10T15:11:41.031] [DEBUG] debug-file - Executing task :entry:assembleHap
[2026-09-10T15:11:41.031] [DEBUG] debug-file - entry : assembleHap cost memory 0.01214599609375
[2026-09-10T15:11:41.031] [DEBUG] debug-file - runTaskFromQueue task cost before running: 1 s 268 ms 
[2026-09-10T15:11:41.031] [INFO] debug-file - Finished :entry:assembleHap... after 1 ms 
[2026-09-10T15:11:41.032] [DEBUG] debug-file - Executing task ::MakeProjectPackInfo
[2026-09-10T15:11:41.046] [DEBUG] debug-file - Task ':MakeProjectPackInfo' cost while wrapping incremental declarations: 1 ms 
[2026-09-10T15:11:41.056] [DEBUG] debug-file - Incremental task :MakeProjectPackInfo pre-execution cost: 9 ms .
[2026-09-10T15:11:41.057] [DEBUG] debug-file - 2 : MakeProjectPackInfo cost memory 0.13716888427734375
[2026-09-10T15:11:41.059] [INFO] debug-file - UP-TO-DATE ::MakeProjectPackInfo...  
[2026-09-10T15:11:41.059] [DEBUG] debug-file - Executing task ::ProcessProjectPrivacyProfile
[2026-09-10T15:11:41.074] [DEBUG] debug-file - Incremental task :ProcessProjectPrivacyProfile pre-execution cost: 4 ms .
[2026-09-10T15:11:41.075] [DEBUG] debug-file - 2 : ProcessProjectPrivacyProfile cost memory 0.0785675048828125
[2026-09-10T15:11:41.082] [INFO] debug-file - UP-TO-DATE ::ProcessProjectPrivacyProfile...  
[2026-09-10T15:11:41.083] [DEBUG] debug-file - Executing task ::GeneratePackRes
[2026-09-10T15:11:41.085] [DEBUG] debug-file - Incremental task :GeneratePackRes pre-execution cost: 1 ms .
[2026-09-10T15:11:41.085] [DEBUG] debug-file - 2 : GeneratePackRes cost memory 0.03990936279296875
[2026-09-10T15:11:41.087] [INFO] debug-file - UP-TO-DATE ::GeneratePackRes...  
[2026-09-10T15:11:41.087] [DEBUG] debug-file - Executing task ::PackageApp
[2026-09-10T15:11:41.095] [DEBUG] debug-file - Task ':PackageApp' cost while wrapping incremental declarations: 3 ms 
[2026-09-10T15:11:41.107] [DEBUG] debug-file - :PackageApp is not up-to-date, since the output file 'D:\HW\testproject\complete\2\build\outputs\default\symbol\debug' does not exist.
[2026-09-10T15:11:41.111] [DEBUG] debug-file - Incremental task :PackageApp pre-execution cost: 14 ms .
[2026-09-10T15:11:41.138] [DEBUG] debug-file - Use tool [PackageApp]
 [
  'java',
  '-Dfile.encoding=GBK',
  '-jar',
  'E:\\DevEco Studio\\sdk\\default\\openharmony\\toolchains\\lib\\app_packing_tool.jar',
  '--mode',
  'app',
  '--pack-info-path',
  'D:\\HW\\testproject\\complete\\2\\build\\outputs\\default\\pack.info',
  '--hap-path',
  'D:\\HW\\testproject\\complete\\2\\entry\\build\\default\\outputs\\default\\app\\entry-default.hap',
  '--hsp-path',
  '',
  '--force',
  'true',
  '--out-path',
  'D:\\HW\\testproject\\complete\\2\\build\\outputs\\default\\2-default-unsigned.app',
  '--main-module-limit',
  '2',
  '--normal-module-limit',
  '2',
  '--pac-json-path',
  'D:\\HW\\testproject\\complete\\2\\build\\outputs\\default\\pac.json'
]
[2026-09-10T15:11:41.141] [DEBUG] debug-file - current process  memoryUsage: {
  rss: 218087424,
  heapTotal: 135270400,
  heapUsed: 123358440,
  external: 3974522,
  arrayBuffers: 47584
} os memoryUsage :14.628620147705078
[2026-09-10T15:11:42.085] [DEBUG] debug-file - 2 : PackageApp cost memory 0.37036895751953125
[2026-09-10T15:11:42.086] [DEBUG] debug-file - runTaskFromQueue task cost before running: 2 s 322 ms 
[2026-09-10T15:11:42.086] [INFO] debug-file - Finished ::PackageApp... after 999 ms 
[2026-09-10T15:11:42.087] [DEBUG] debug-file - Executing task ::SignPackagesFromApp
[2026-09-10T15:11:42.105] [DEBUG] debug-file - :SignPackagesFromApp is not up-to-date, since the input file 'D:\HW\testproject\complete\2\build\outputs\default\2-default-unsigned.app' has been changed.
[2026-09-10T15:11:42.106] [DEBUG] debug-file - Incremental task :SignPackagesFromApp pre-execution cost: 2 ms .
[2026-09-10T15:11:42.106] [DEBUG] debug-file - 2 : SignPackagesFromApp cost memory 0.04883575439453125
[2026-09-10T15:11:42.106] [DEBUG] debug-file - runTaskFromQueue task cost before running: 2 s 343 ms 
[2026-09-10T15:11:42.122] [INFO] debug-file - Finished ::SignPackagesFromApp... after 20 ms 
[2026-09-10T15:11:42.122] [DEBUG] debug-file - Executing task ::SignApp
[2026-09-10T15:11:42.125] [DEBUG] debug-file - signingConfigName of signApp is :  undefined
[2026-09-10T15:11:42.126] [WARN] debug-file - Will skip sign 'app'. No signingConfigs profile is configured in current project.
             If needed, configure the signingConfigs in D:\HW\testproject\complete\2\build-profile.json5.
[2026-09-10T15:11:42.132] [DEBUG] debug-file - :SignApp is not up-to-date, since the input file 'D:\HW\testproject\complete\2\build\outputs\default\2-default-unsigned.app' has been changed.
[2026-09-10T15:11:42.132] [DEBUG] debug-file - Incremental task :SignApp pre-execution cost: 2 ms .
[2026-09-10T15:11:42.133] [DEBUG] debug-file - 2 : SignApp cost memory 0.10866546630859375
[2026-09-10T15:11:42.133] [DEBUG] debug-file - runTaskFromQueue task cost before running: 2 s 369 ms 
[2026-09-10T15:11:42.181] [INFO] debug-file - Finished ::SignApp... after 11 ms 
[2026-09-10T15:11:42.183] [DEBUG] debug-file - Executing task ::assembleApp
[2026-09-10T15:11:42.184] [DEBUG] debug-file - 2 : assembleApp cost memory 0.01215362548828125
[2026-09-10T15:11:42.184] [DEBUG] debug-file - runTaskFromQueue task cost before running: 2 s 420 ms 
[2026-09-10T15:11:42.229] [INFO] debug-file - Finished ::assembleApp... after 1 ms 
[2026-09-10T15:11:42.263] [INFO] debug-file - BUILD SUCCESSFUL in 2 s 487 ms 
[2026-09-10T15:11:42.264] [DEBUG] debug-file - There is no need to refresh cache, since the incremental task entry:default@PreBuild is up-to-date.
[2026-09-10T15:11:42.264] [DEBUG] debug-file - Update task entry:default@CreateModuleInfo output file:D:\HW\testproject\complete\2\entry\build\default\generated\profile\default\ModuleInfo.ts cache.
[2026-09-10T15:11:42.297] [DEBUG] debug-file - Incremental task entry:default@CreateModuleInfo post-execution cost:34 ms .
[2026-09-10T15:11:42.297] [DEBUG] debug-file - There is no need to refresh cache, since the incremental task entry:default@GenerateMetadata is up-to-date.
[2026-09-10T15:11:42.297] [DEBUG] debug-file - There is no need to refresh cache, since the incremental task entry:default@MergeProfile is up-to-date.
[2026-09-10T15:11:42.297] [DEBUG] debug-file - There is no need to refresh cache, since the incremental task entry:default@CreateBuildProfile is up-to-date.
[2026-09-10T15:11:42.298] [DEBUG] debug-file - There is no need to refresh cache, since the incremental task entry:default@GeneratePkgContextInfo is up-to-date.
[2026-09-10T15:11:42.298] [DEBUG] debug-file - Update task entry:default@GeneratePkgSdkInfo output file:D:\HW\testproject\complete\2\entry\build\default\intermediates\loader\default\pkgSdkInfo.json cache.
[2026-09-10T15:11:42.300] [DEBUG] debug-file - Incremental task entry:default@GeneratePkgSdkInfo post-execution cost:3 ms .
[2026-09-10T15:11:42.343] [DEBUG] debug-file - Update task entry:default@ProcessIntegratedHsp output file:D:\HW\testproject\complete\2\build\cache\default\integrated_hsp\integratedHspCache.json cache.
[2026-09-10T15:11:42.345] [DEBUG] debug-file - Incremental task entry:default@ProcessIntegratedHsp post-execution cost:2 ms .
[2026-09-10T15:11:42.346] [DEBUG] debug-file - There is no need to refresh cache, since the incremental task entry:default@MakePackInfo is up-to-date.
[2026-09-10T15:11:42.347] [DEBUG] debug-file - Update task entry:default@SyscapTransform input file:E:\DevEco Studio\sdk\default\openharmony\toolchains\syscap_tool.exe cache by regenerate.
[2026-09-10T15:11:42.388] [DEBUG] debug-file - Update task entry:default@SyscapTransform input file:E:\DevEco Studio\sdk\default\openharmony\ets\api\device-define cache by regenerate.
[2026-09-10T15:11:42.425] [DEBUG] debug-file - Update task entry:default@SyscapTransform output file:D:\HW\testproject\complete\2\entry\build\default\intermediates\syscap\default\rpcid.sc cache.
[2026-09-10T15:11:42.426] [DEBUG] debug-file - Incremental task entry:default@SyscapTransform post-execution cost:80 ms .
[2026-09-10T15:11:42.436] [DEBUG] debug-file - There is no need to refresh cache, since the incremental task entry:default@ProcessProfile is up-to-date.
[2026-09-10T15:11:42.436] [DEBUG] debug-file - There is no need to refresh cache, since the incremental task entry:default@ProcessRouterMap is up-to-date.
[2026-09-10T15:11:42.437] [DEBUG] debug-file - There is no need to refresh cache, since the incremental task entry:default@ProcessShareConfig is up-to-date.
[2026-09-10T15:11:42.437] [DEBUG] debug-file - Update task entry:default@ProcessStartupConfig input file:D:\HW\testproject\complete\2\entry\build\default\intermediates\loader\default\pkgContextInfo.json cache by regenerate.
[2026-09-10T15:11:42.437] [DEBUG] debug-file - Update task entry:default@ProcessStartupConfig output file:D:\HW\testproject\complete\2\entry\build\default\intermediates\startup\default\startup_config.json cache.
[2026-09-10T15:11:42.456] [DEBUG] debug-file - Incremental task entry:default@ProcessStartupConfig post-execution cost:20 ms .
[2026-09-10T15:11:42.467] [DEBUG] debug-file - There is no need to refresh cache, since the incremental task entry:default@ProcessResource is up-to-date.
[2026-09-10T15:11:42.467] [DEBUG] debug-file - There is no need to refresh cache, since the incremental task entry:default@GenerateLoaderJson is up-to-date.
[2026-09-10T15:11:42.467] [DEBUG] debug-file - There is no need to refresh cache, since the incremental task entry:default@ProcessLibs is up-to-date.
[2026-09-10T15:11:42.467] [DEBUG] debug-file - There is no need to refresh cache, since the incremental task entry:default@CompileResource is up-to-date.
[2026-09-10T15:11:42.516] [DEBUG] debug-file - There is no need to refresh cache, since the incremental task entry:default@DoNativeStrip is up-to-date.
[2026-09-10T15:11:42.547] [DEBUG] debug-file - There is no need to refresh cache, since the incremental task entry:default@CompileArkTS is up-to-date.
[2026-09-10T15:11:42.592] [DEBUG] debug-file - Update task entry:default@BuildJS input file:D:\HW\testproject\complete\2\entry\build\default\intermediates\loader\default cache by regenerate.
[2026-09-10T15:11:42.654] [DEBUG] debug-file - Update task entry:default@BuildJS input file:D:\HW\testproject\complete\2\entry\build\default\intermediates\res\default\resources\rawfile cache by regenerate.
[2026-09-10T15:11:42.691] [DEBUG] debug-file - Update task entry:default@BuildJS input file:D:\HW\testproject\complete\2\entry\build\default\intermediates\res\default\ResourceTable.txt cache by regenerate.
[2026-09-10T15:11:42.693] [DEBUG] debug-file - Update task entry:default@BuildJS input file:D:\HW\testproject\complete\2\entry\build\default\intermediates\res\default\ark_module.json cache by regenerate.
[2026-09-10T15:11:42.718] [DEBUG] debug-file - Update task entry:default@BuildJS input file:D:\HW\testproject\complete\2\entry\build\default\intermediates\res\default\resources\base\profile cache by regenerate.
[2026-09-10T15:11:42.757] [DEBUG] debug-file - Update task entry:default@BuildJS input file:D:\HW\testproject\complete\2\entry\build\default\intermediates\loader\default\pkgContextInfo.json cache by regenerate.
[2026-09-10T15:11:42.762] [DEBUG] debug-file - Update task entry:default@BuildJS output file:D:\HW\testproject\complete\2\entry\build\default\intermediates\loader_out\default\js cache.
[2026-09-10T15:11:42.808] [DEBUG] debug-file - Incremental task entry:default@BuildJS post-execution cost:262 ms .
[2026-09-10T15:11:42.809] [DEBUG] debug-file - There is no need to refresh cache, since the incremental task entry:default@CacheNativeLibs is up-to-date.
[2026-09-10T15:11:42.809] [DEBUG] debug-file - There is no need to refresh cache, since the incremental task entry:default@GeneratePkgModuleJson is up-to-date.
[2026-09-10T15:11:42.811] [DEBUG] debug-file - Incremental task entry:default@ProcessCompiledResources post-execution cost:1 ms .
[2026-09-10T15:11:42.817] [DEBUG] debug-file - There is no need to refresh cache, since the incremental task entry:default@PackageHap is up-to-date.
[2026-09-10T15:11:42.821] [DEBUG] debug-file - Update task entry:default@SignHap input file:D:\HW\testproject\complete\2\entry\build\default\outputs\default\entry-default-unsigned.hap cache by regenerate.
[2026-09-10T15:11:42.823] [DEBUG] debug-file - Update task entry:default@SignHap output file:D:\HW\testproject\complete\2\entry\build\default\outputs\default\entry-default-signed.hap cache.
[2026-09-10T15:11:42.824] [DEBUG] debug-file - Incremental task entry:default@SignHap post-execution cost:4 ms .
[2026-09-10T15:11:43.199] [DEBUG] debug-file - Update task entry:default@CollectDebugSymbol input file:D:\HW\testproject\complete\2\entry\build\default\intermediates\loader_out\default\ets\sourceMaps.map cache by regenerate.
[2026-09-10T15:11:43.201] [DEBUG] debug-file - Update task entry:default@CollectDebugSymbol input file:D:\HW\testproject\complete\2\entry\build\default\intermediates\libs\default cache by regenerate.
[2026-09-10T15:11:43.525] [DEBUG] debug-file - Update task entry:default@CollectDebugSymbol output file:D:\HW\testproject\complete\2\entry\build\default\outputs\default\symbol cache.
[2026-09-10T15:11:43.526] [DEBUG] debug-file - Incremental task entry:default@CollectDebugSymbol post-execution cost:328 ms .
[2026-09-10T15:11:43.526] [DEBUG] debug-file - There is no need to refresh cache, since the incremental task :MakeProjectPackInfo is up-to-date.
[2026-09-10T15:11:43.526] [DEBUG] debug-file - There is no need to refresh cache, since the incremental task :ProcessProjectPrivacyProfile is up-to-date.
[2026-09-10T15:11:43.526] [DEBUG] debug-file - There is no need to refresh cache, since the incremental task :GeneratePackRes is up-to-date.
[2026-09-10T15:11:43.527] [DEBUG] debug-file - Update task :PackageApp input file:D:\HW\testproject\complete\2\build\outputs\default\pack.info cache by regenerate.
[2026-09-10T15:11:43.527] [DEBUG] debug-file - Update task :PackageApp input file:D:\HW\testproject\complete\2\entry\build\default\outputs\default\entry-default-unsigned.hap cache by regenerate.
[2026-09-10T15:11:43.764] [DEBUG] debug-file - Update task :PackageApp input file:D:\HW\testproject\complete\2\build\outputs\default\pac.json cache by regenerate.
[2026-09-10T15:11:43.766] [DEBUG] debug-file - Update task :PackageApp output file:D:\HW\testproject\complete\2\build\outputs\default\2-default-unsigned.app cache.
[2026-09-10T15:11:44.162] [DEBUG] debug-file - Update task :PackageApp output file:D:\HW\testproject\complete\2\entry\build\default\outputs\default\app\entry-default.hap cache.
[2026-09-10T15:11:44.226] [DEBUG] debug-file - Update task :PackageApp output file:D:\HW\testproject\complete\2\build\outputs\default\symbol\debug cache.
[2026-09-10T15:11:44.227] [DEBUG] debug-file - Incremental task :PackageApp post-execution cost:702 ms .
[2026-09-10T15:11:44.228] [DEBUG] debug-file - Update task :SignPackagesFromApp input file:D:\HW\testproject\complete\2\build\outputs\default\2-default-unsigned.app cache from map.
[2026-09-10T15:11:44.228] [DEBUG] debug-file - Incremental task :SignPackagesFromApp post-execution cost:1 ms .
[2026-09-10T15:11:44.229] [DEBUG] debug-file - Update task :SignApp input file:D:\HW\testproject\complete\2\build\outputs\default\2-default-unsigned.app cache from map.
[2026-09-10T15:11:44.229] [DEBUG] debug-file - Update task :SignApp output file:D:\HW\testproject\complete\2\build\outputs\default\2-default-signed.app cache.
[2026-09-10T15:11:44.229] [DEBUG] debug-file - Incremental task :SignApp post-execution cost:1 ms .
[2026-09-10T15:11:45.555] [DEBUG] debug-file - session manager: send message to worker process. WorkerThreadId: 0, data: {"type":"hvigor_failed","reason":"Server has disconnected."}
[2026-09-10T15:11:45.575] [DEBUG] debug-file - session manager: send message to worker process. WorkerThreadId: 0, data: {"type":"CloseWatch","reason":"Server has disconnected."}
[2026-09-10T15:11:45.063] [DEBUG] debug-file - hvigor build process will be closed.
[2026-09-10T15:11:45.556] [DEBUG] debug-file - watch worker: worker id should be larger than 0. Nothing will be sent to any worker thread.
[2026-09-10T15:11:45.556] [DEBUG] debug-file - ABORT_WORK sent to workers.
[2026-09-10T15:11:45.764] [DEBUG] debug-file - watch worker: worker id should be larger than 0. Nothing will be sent to any worker thread.
