[2026-09-10T16:09:49.563] [DEBUG] debug-file - env: nodejsVersion=v24.14.1
[2026-09-10T16:09:50.082] [DEBUG] debug-file - Hvigor init with startParameters:{
  hvigorfileTypeCheck: false,
  parallelExecution: true,
  incrementalExecution: true,
  printStackTrace: false,
  daemon: false,
  analyze: 0,
  logLevel: Level { level: 20000, levelStr: 'INFO', colour: 'green' },
  optimizationStrategy: 'memory',
  hotCompile: undefined,
  hotReloadBuild: undefined,
  customizedParam: undefined
}
[2026-09-10T16:09:56.443] [DEBUG] debug-file - hvigorfile, require result:  { default: { system: [Function: appTasks], plugins: [] } }
[2026-09-10T16:09:56.448] [DEBUG] debug-file - Starting plugin build process
[2026-09-10T16:09:57.131] [DEBUG] debug-file - App plugin register hook start...
[2026-09-10T16:09:57.165] [DEBUG] debug-file - Obtain build option for product 'default'in this build.
[2026-09-10T16:09:57.230] [DEBUG] debug-file - Start recording SDK configuration permission data.
[2026-09-10T16:09:57.453] [DEBUG] debug-file - Project task initialization takes 18 ms 
[2026-09-10T16:09:57.527] [DEBUG] debug-file - Start initialize module-target build option map, moduleName=entry, buildMode=debug
[2026-09-10T16:09:57.480] [DEBUG] debug-file - failed to load cangjie to dynamically generate schemas: Error: Cannot find module '@ohos/cangjie-build-support/index'
Require stack:
- E:\DevEco Studio\tools\hvigor\hvigor-ohos-plugin\src\plugin\hooks\cangjie-register.js
- E:\DevEco Studio\tools\hvigor\hvigor-ohos-plugin\src\plugin\strategy\stage-init-strategy.js
- E:\DevEco Studio\tools\hvigor\hvigor-ohos-plugin\src\plugin\builder\abstract-plugin-builder.js
- E:\DevEco Studio\tools\hvigor\hvigor-ohos-plugin\src\plugin\builder\app-plugin-builder.js
- E:\DevEco Studio\tools\hvigor\hvigor-ohos-plugin\src\plugin\factory\plugin-factory.js
- E:\DevEco Studio\tools\hvigor\hvigor-ohos-plugin\index.js
- D:\HW\testproject\complete\4\hvigorfile.ts
- E:\DevEco Studio\tools\hvigor\hvigor\src\base\internal\lifecycle\configuration.js
- E:\DevEco Studio\tools\hvigor\hvigor\src\base\boot\index.js
- E:\DevEco Studio\tools\hvigor\hvigor\src\cli\main\cli.js
- E:\DevEco Studio\tools\hvigor\hvigor\bin\hvigor.js
[2026-09-10T16:09:57.560] [DEBUG] debug-file - start to load updatedOhPackageInfo to the disk
[2026-09-10T16:09:57.619] [DEBUG] debug-file - Start to initialize dependency information.
[2026-09-10T16:09:49.566] [DEBUG] debug-file - env: hvigor-config.json5 content = {
  modelVersion: '6.0.1',
  dependencies: {},
  execution: {},
  logging: {},
  debugging: {},
  nodeOptions: {}
}
[2026-09-10T16:09:57.555] [DEBUG] debug-file - project has submodules:entry
[2026-09-10T16:09:57.667] [DEBUG] debug-file - entry : clean cost memory 0.15645599365234375
[2026-09-10T16:09:57.760] [DEBUG] debug-file - Create  resident worker with id: 0.
[2026-09-10T16:09:50.082] [DEBUG] debug-file - Since current hvigor version 6.26.4 differs from last hvigor version 
      undefined, delete file-cache.json and task-cache.json.
[2026-09-10T16:09:56.444] [DEBUG] debug-file - hvigorfile, binding system plugins [Function: appTasks]
[2026-09-10T16:09:56.449] [DEBUG] debug-file - App plugin prepare start...
[2026-09-10T16:09:57.132] [DEBUG] debug-file - App plugin register hook end...
[2026-09-10T16:09:57.196] [DEBUG] debug-file - No signingConfig found, initRemoteHspCache failed.
[2026-09-10T16:09:57.430] [DEBUG] debug-file - Sdk init in 230 ms 
[2026-09-10T16:09:57.453] [DEBUG] debug-file - hvigorfile, begin to bind custom plugins...
[2026-09-10T16:09:57.530] [DEBUG] debug-file - Target 'default' config initialized
[2026-09-10T16:09:57.573] [DEBUG] debug-file - load to the disk finished
[2026-09-10T16:09:57.632] [DEBUG] debug-file - Module entry Collected Dependency: 
[2026-09-10T16:09:49.569] [DEBUG] debug-file - env: daemon=false
[2026-09-10T16:09:57.668] [DEBUG] debug-file - runTaskFromQueue task cost before running: 7 s 599 ms 
[2026-09-10T16:09:57.772] [DEBUG] debug-file - Create  resident worker with id: 1.
[2026-09-10T16:09:50.083] [DEBUG] debug-file - Cache service initialization finished in 1 ms 
[2026-09-10T16:09:56.449] [DEBUG] debug-file - App plugin prepare end...
[2026-09-10T16:09:57.132] [DEBUG] debug-file - Plugin build process completed
[2026-09-10T16:09:57.204] [DEBUG] debug-file - Local scan or download HarmonyOS sdk components toolchains,ets,js,native,previewer
[2026-09-10T16:09:57.453] [DEBUG] debug-file - hvigorfile, no custom plugins were found in D:\HW\testproject\complete\4\hvigorfile.ts
[2026-09-10T16:09:57.533] [DEBUG] debug-file - Target 'ohosTest' config initialized
[2026-09-10T16:09:57.575] [DEBUG] debug-file - Start to initialize dependency information.
[2026-09-10T16:09:57.632] [DEBUG] debug-file - Module entry's total dependency: 0
[2026-09-10T16:09:49.569] [DEBUG] debug-file - no-daemon, use the parent process.execArgv --max-old-space-size=8192,--max-semi-space-size=16,--expose-gc
[2026-09-10T16:09:57.673] [INFO] debug-file - Finished :entry:clean... after 12 ms 
[2026-09-10T16:09:57.788] [DEBUG] debug-file - Current worker pool is stopped or closed.
[2026-09-10T16:09:50.090] [DEBUG] debug-file - hvigorfile, resolving D:\HW\testproject\complete\4\hvigorfile.ts
[2026-09-10T16:09:56.449] [DEBUG] debug-file - App plugin creating...
[2026-09-10T16:09:57.135] [DEBUG] debug-file - Start initialize project's product build option map with build mode debug.
[2026-09-10T16:09:57.217] [DEBUG] debug-file - Local scan or download hmscore sdk components toolchains,ets,native
[2026-09-10T16:09:57.453] [DEBUG] debug-file - hvigorfile, resolve finished D:\HW\testproject\complete\4\hvigorfile.ts
[2026-09-10T16:09:57.533] [DEBUG] debug-file - Module 'entry' target 'default' build option initialized
[2026-09-10T16:09:57.611] [DEBUG] debug-file - Module 4 Collected Dependency: 
[2026-09-10T16:09:57.643] [DEBUG] debug-file - Configuration phase cost:7 s 560 ms 
[2026-09-10T16:09:57.675] [DEBUG] debug-file - Executing task ::clean
[2026-09-10T16:09:57.789] [DEBUG] debug-file - Clear worker 0.
[2026-09-10T16:09:57.135] [DEBUG] debug-file - Picking option from product 'default' with build mode 'debug'.
[2026-09-10T16:09:57.456] [DEBUG] debug-file - hvigorfile, resolving D:\HW\testproject\complete\4\entry\hvigorfile.ts
[2026-09-10T16:09:57.533] [DEBUG] debug-file - Module 'entry' target 'ohosTest' build option initialized
[2026-09-10T16:09:57.611] [DEBUG] debug-file - Module 4's total dependency: 0
[2026-09-10T16:09:57.652] [DEBUG] debug-file - Configuration task cost before running: 7 s 584 ms 
[2026-09-10T16:09:57.675] [DEBUG] debug-file - clean: Worker pool is inactive.
[2026-09-10T16:09:57.791] [DEBUG] debug-file - Clear worker 1.
[2026-09-10T16:09:57.137] [DEBUG] debug-file - Product 'default' build option initialized
[2026-09-10T16:09:57.474] [DEBUG] debug-file - hvigorfile, require result:  { default: { system: [Function: hapTasks], plugins: [] } }
[2026-09-10T16:09:57.533] [DEBUG] debug-file - End initialize module-target build option map, moduleName=entry
[2026-09-10T16:09:57.657] [DEBUG] debug-file - Executing task :entry:clean
[2026-09-10T16:09:57.796] [DEBUG] debug-file - hvigor build process will be closed.
[2026-09-10T16:09:57.675] [DEBUG] debug-file - 4 : clean cost memory 0.0202484130859375
[2026-09-10T16:09:57.137] [DEBUG] debug-file - End initialize project's product build option map with build mode 'debug'.
[2026-09-10T16:09:57.474] [DEBUG] debug-file - hvigorfile, binding system plugins [Function: hapTasks]
[2026-09-10T16:09:57.534] [DEBUG] debug-file - Start initialize module-target build option map, moduleName=entry, buildMode=release
[2026-09-10T16:09:57.659] [DEBUG] debug-file - clean: Worker pool is inactive.
[2026-09-10T16:09:57.812] [DEBUG] debug-file - worker[0] exits with exit code 0.
[2026-09-10T16:09:57.675] [DEBUG] debug-file - runTaskFromQueue task cost before running: 7 s 607 ms 
[2026-09-10T16:09:57.475] [DEBUG] debug-file - Starting plugin build process
[2026-09-10T16:09:57.534] [DEBUG] debug-file - Target 'default' config initialized
[2026-09-10T16:09:57.815] [DEBUG] debug-file - Worker 0 has been cleared.
[2026-09-10T16:09:57.676] [INFO] debug-file - Finished ::clean... after 1 ms 
[2026-09-10T16:09:57.475] [DEBUG] debug-file - Hap plugin creating...
[2026-09-10T16:09:57.535] [DEBUG] debug-file - Target 'ohosTest' config initialized
[2026-09-10T16:09:57.815] [DEBUG] debug-file - Current idle worker size: 0.
[2026-09-10T16:09:57.676] [DEBUG] debug-file - Executing task :entry:init
[2026-09-10T16:09:57.535] [DEBUG] debug-file - Module 'entry' target 'default' build option initialized
[2026-09-10T16:09:57.815] [DEBUG] debug-file - Current busy worker size: 0.
[2026-09-10T16:09:57.677] [DEBUG] debug-file - entry : init cost memory 0.0158538818359375
[2026-09-10T16:09:57.535] [DEBUG] debug-file - Module 'entry' target 'ohosTest' build option initialized
[2026-09-10T16:09:57.818] [DEBUG] debug-file - worker[1] exits with exit code 0.
[2026-09-10T16:09:57.677] [DEBUG] debug-file - runTaskFromQueue task cost before running: 7 s 609 ms 
[2026-09-10T16:09:57.535] [DEBUG] debug-file - End initialize module-target build option map, moduleName=entry
[2026-09-10T16:09:57.818] [DEBUG] debug-file - Worker 1 has been cleared.
[2026-09-10T16:09:57.678] [INFO] debug-file - Finished :entry:init... after 1 ms 
[2026-09-10T16:09:57.535] [DEBUG] debug-file - Start initialize module-target build option map, moduleName=entry, buildMode=debug
[2026-09-10T16:09:57.818] [DEBUG] debug-file - Current idle worker size: 0.
[2026-09-10T16:09:57.678] [DEBUG] debug-file - Executing task ::init
[2026-09-10T16:09:57.535] [DEBUG] debug-file - Target 'default' config initialized
[2026-09-10T16:09:57.818] [DEBUG] debug-file - Current busy worker size: 0.
[2026-09-10T16:09:57.536] [DEBUG] debug-file - Target 'ohosTest' config initialized
[2026-09-10T16:09:57.679] [DEBUG] debug-file - 4 : init cost memory 0.0125885009765625
[2026-09-10T16:09:57.823] [DEBUG] debug-file - Current worker pool is terminated.
[2026-09-10T16:09:57.536] [DEBUG] debug-file - Module 'entry' target 'default' build option initialized
[2026-09-10T16:09:57.823] [DEBUG] debug-file - Current worker pool is terminated.
[2026-09-10T16:09:57.679] [DEBUG] debug-file - runTaskFromQueue task cost before running: 7 s 611 ms 
[2026-09-10T16:09:57.536] [DEBUG] debug-file - Module 'entry' target 'ohosTest' build option initialized
[2026-09-10T16:09:57.680] [INFO] debug-file - Finished ::init... after 1 ms 
[2026-09-10T16:09:57.536] [DEBUG] debug-file - End initialize module-target build option map, moduleName=entry
[2026-09-10T16:09:57.691] [DEBUG] debug-file - Obtain build option for module 'entry' target 'default'in this build.
[2026-09-10T16:09:57.537] [DEBUG] debug-file - Obtain build option for module 'entry' target 'default'in this build.
[2026-09-10T16:09:57.692] [DEBUG] debug-file - Obtain build option for module 'entry' target 'ohosTest'in this build.
[2026-09-10T16:09:57.551] [DEBUG] debug-file - Module entry task initialization takes 12 ms 
[2026-09-10T16:09:57.747] [DEBUG] debug-file - Since there is no instance or instance is terminated, create a new worker pool.
[2026-09-10T16:09:57.748] [DEBUG] debug-file - Worker pool is initialized with config:  {
  minPoolNum: 2,
  maxPoolNum: undefined,
  maxCoreSize: undefined,
  cacheCapacity: undefined,
  cacheTtl: undefined
}
[2026-09-10T16:09:57.551] [DEBUG] debug-file - Hap plugin register hook start...
[2026-09-10T16:09:57.551] [DEBUG] debug-file - Hap plugin register hook end...
[2026-09-10T16:09:57.551] [DEBUG] debug-file - Plugin build process completed
[2026-09-10T16:09:57.552] [DEBUG] debug-file - hvigorfile, begin to bind custom plugins...
[2026-09-10T16:09:57.552] [DEBUG] debug-file - hvigorfile, no custom plugins were found in D:\HW\testproject\complete\4\entry\hvigorfile.ts
[2026-09-10T16:09:57.552] [DEBUG] debug-file - hvigorfile, resolve finished D:\HW\testproject\complete\4\entry\hvigorfile.ts
[2026-09-10T16:14:39.460] [DEBUG] debug-file - env: nodejsVersion=v24.14.1
[2026-09-10T16:14:39.653] [DEBUG] debug-file - env: daemon=true
[2026-09-10T16:14:39.463] [DEBUG] debug-file - env: hvigor-config.json5 content = {
  modelVersion: '6.0.1',
  dependencies: {},
  execution: {},
  logging: {},
  debugging: {},
  nodeOptions: {}
}
[2026-09-10T16:14:40.937] [DEBUG] debug-file - hvigor java daemon: Starting java daemon. jvmXmxValue=512m, jarPath=E:\DevEco Studio\tools\hvigor\hvigor\lib\hvigor-java-daemon.jar
[2026-09-10T16:14:40.939] [DEBUG] debug-file - hvigor java daemon: Read cache file, 
    port=45050, pid=13908, sessionId exists=true
[2026-09-10T16:14:41.011] [DEBUG] debug-file - hvigor java daemon: tryConnect success
[2026-09-10T16:14:41.072] [DEBUG] debug-file - session manager: set active socket. socketId=Dd0hdx6hEZBUz6pjAAAB
[2026-09-10T16:14:42.420] [DEBUG] debug-file - watch worker: worker id should be larger than 0. Nothing will be sent to any worker thread.
[2026-09-10T16:14:42.436] [DEBUG] debug-file - Since there is no instance or instance is terminated, create a new worker pool.
[2026-09-10T16:14:42.436] [DEBUG] debug-file - Worker pool is initialized with config:  {
  minPoolNum: 2,
  maxPoolNum: undefined,
  maxCoreSize: undefined,
  cacheCapacity: undefined,
  cacheTtl: undefined
}
[2026-09-10T16:14:42.438] [DEBUG] debug-file - Create  resident worker with id: 0.
[2026-09-10T16:14:42.442] [DEBUG] debug-file - Create  resident worker with id: 1.
[2026-09-10T16:14:42.446] [DEBUG] debug-file - Workers' log level updated to INFO
[2026-09-10T16:14:42.459] [DEBUG] debug-file - Hvigor init with startParameters:{
  hvigorfileTypeCheck: false,
  parallelExecution: true,
  incrementalExecution: true,
  printStackTrace: false,
  daemon: true,
  analyze: 0,
  logLevel: Level { level: 20000, levelStr: 'INFO', colour: 'green' },
  optimizationStrategy: 'memory',
  hotCompile: undefined,
  hotReloadBuild: undefined,
  customizedParam: undefined
}
[2026-09-10T16:14:42.461] [DEBUG] debug-file - Cache service initialization finished in 2 ms 
[2026-09-10T16:14:42.464] [DEBUG] debug-file - hvigorfile, resolving D:\HW\testproject\complete\4\hvigorfile.ts
[2026-09-10T16:14:50.971] [DEBUG] debug-file - hvigorfile, require result:  { default: { plugins: [] } }
[2026-09-10T16:14:50.972] [DEBUG] debug-file - hvigorfile, binding system plugins null
[2026-09-10T16:14:50.974] [DEBUG] debug-file - Starting plugin build process
[2026-09-10T16:14:50.974] [DEBUG] debug-file - App plugin prepare start...
[2026-09-10T16:14:50.974] [DEBUG] debug-file - App plugin prepare end...
[2026-09-10T16:14:50.974] [DEBUG] debug-file - App plugin creating...
[2026-09-10T16:14:51.365] [DEBUG] debug-file - App plugin register hook start...
[2026-09-10T16:14:51.366] [DEBUG] debug-file - App plugin register hook end...
[2026-09-10T16:14:51.366] [DEBUG] debug-file - Plugin build process completed
[2026-09-10T16:14:51.367] [DEBUG] debug-file - Start initialize project's product build option map with build mode debug.
[2026-09-10T16:14:51.368] [DEBUG] debug-file - Picking option from product 'default' with build mode 'debug'.
[2026-09-10T16:14:51.369] [DEBUG] debug-file - Product 'default' build option initialized
[2026-09-10T16:14:51.369] [DEBUG] debug-file - End initialize project's product build option map with build mode 'debug'.
[2026-09-10T16:14:51.373] [DEBUG] debug-file - Obtain build option for product 'default'in this build.
[2026-09-10T16:14:51.398] [DEBUG] debug-file - No signingConfig found, initRemoteHspCache failed.
[2026-09-10T16:14:51.403] [DEBUG] debug-file - Local scan or download HarmonyOS sdk components toolchains,ets,js,native,previewer
[2026-09-10T16:14:51.408] [DEBUG] debug-file - Local scan or download hmscore sdk components toolchains,ets,native
[2026-09-10T16:14:51.412] [DEBUG] debug-file - Start recording SDK configuration permission data.
[2026-09-10T16:14:51.464] [DEBUG] debug-file - Sdk init in 63 ms 
[2026-09-10T16:14:51.474] [DEBUG] debug-file - Project task initialization takes 9 ms 
[2026-09-10T16:14:51.475] [DEBUG] debug-file - hvigorfile, begin to bind custom plugins...
[2026-09-10T16:14:51.475] [DEBUG] debug-file - hvigorfile, no custom plugins were found in D:\HW\testproject\complete\4\hvigorfile.ts
[2026-09-10T16:14:51.475] [DEBUG] debug-file - hvigorfile, resolve finished D:\HW\testproject\complete\4\hvigorfile.ts
[2026-09-10T16:14:51.476] [DEBUG] debug-file - hvigorfile, resolving D:\HW\testproject\complete\4\entry\hvigorfile.ts
[2026-09-10T16:14:51.488] [DEBUG] debug-file - hvigorfile, require result:  { default: { plugins: [] } }
[2026-09-10T16:14:51.488] [DEBUG] debug-file - hvigorfile, binding system plugins null
[2026-09-10T16:14:51.489] [DEBUG] debug-file - Starting plugin build process
[2026-09-10T16:14:51.489] [DEBUG] debug-file - Hap plugin creating...
[2026-09-10T16:14:51.493] [DEBUG] debug-file - failed to load cangjie to dynamically generate schemas: Error: Cannot find module '@ohos/cangjie-build-support/index'
Require stack:
- E:\DevEco Studio\tools\hvigor\hvigor-ohos-plugin\src\plugin\hooks\cangjie-register.js
- E:\DevEco Studio\tools\hvigor\hvigor-ohos-plugin\src\plugin\strategy\stage-init-strategy.js
- E:\DevEco Studio\tools\hvigor\hvigor-ohos-plugin\src\plugin\builder\abstract-plugin-builder.js
- E:\DevEco Studio\tools\hvigor\hvigor-ohos-plugin\src\plugin\builder\app-plugin-builder.js
- E:\DevEco Studio\tools\hvigor\hvigor-ohos-plugin\src\plugin\factory\plugin-factory.js
- E:\DevEco Studio\tools\hvigor\hvigor-ohos-plugin\index.js
- D:\HW\testproject\complete\4\hvigorfile.ts
- E:\DevEco Studio\tools\hvigor\hvigor\src\base\internal\lifecycle\configuration.js
- E:\DevEco Studio\tools\hvigor\hvigor\src\base\boot\index.js
- E:\DevEco Studio\tools\hvigor\hvigor\src\base\daemon\cluster\worker-process-lifecycle.js
- E:\DevEco Studio\tools\hvigor\hvigor\src\base\daemon\process\daemon-process-boot-script.js
[2026-09-10T16:14:51.516] [DEBUG] debug-file - Start initialize module-target build option map, moduleName=entry, buildMode=debug
[2026-09-10T16:14:51.517] [DEBUG] debug-file - Target 'default' config initialized
[2026-09-10T16:14:51.518] [DEBUG] debug-file - Target 'ohosTest' config initialized
[2026-09-10T16:14:51.519] [DEBUG] debug-file - Module 'entry' target 'default' build option initialized
[2026-09-10T16:14:51.519] [DEBUG] debug-file - Module 'entry' target 'ohosTest' build option initialized
[2026-09-10T16:14:51.520] [DEBUG] debug-file - End initialize module-target build option map, moduleName=entry
[2026-09-10T16:14:51.520] [DEBUG] debug-file - Start initialize module-target build option map, moduleName=entry, buildMode=release
[2026-09-10T16:14:51.520] [DEBUG] debug-file - Target 'default' config initialized
[2026-09-10T16:14:51.521] [DEBUG] debug-file - Target 'ohosTest' config initialized
[2026-09-10T16:14:51.521] [DEBUG] debug-file - Module 'entry' target 'default' build option initialized
[2026-09-10T16:14:51.521] [DEBUG] debug-file - Module 'entry' target 'ohosTest' build option initialized
[2026-09-10T16:14:51.521] [DEBUG] debug-file - End initialize module-target build option map, moduleName=entry
[2026-09-10T16:14:51.522] [DEBUG] debug-file - Start initialize module-target build option map, moduleName=entry, buildMode=debug
[2026-09-10T16:14:51.522] [DEBUG] debug-file - Target 'default' config initialized
[2026-09-10T16:14:51.522] [DEBUG] debug-file - Target 'ohosTest' config initialized
[2026-09-10T16:14:51.522] [DEBUG] debug-file - Module 'entry' target 'default' build option initialized
[2026-09-10T16:14:51.522] [DEBUG] debug-file - Module 'entry' target 'ohosTest' build option initialized
[2026-09-10T16:14:51.522] [DEBUG] debug-file - End initialize module-target build option map, moduleName=entry
[2026-09-10T16:14:51.523] [DEBUG] debug-file - Obtain build option for module 'entry' target 'default'in this build.
[2026-09-10T16:14:51.532] [DEBUG] debug-file - Module entry task initialization takes 8 ms 
[2026-09-10T16:14:51.533] [DEBUG] debug-file - Hap plugin register hook start...
[2026-09-10T16:14:51.533] [DEBUG] debug-file - Hap plugin register hook end...
[2026-09-10T16:14:51.533] [DEBUG] debug-file - Plugin build process completed
[2026-09-10T16:14:51.533] [DEBUG] debug-file - hvigorfile, begin to bind custom plugins...
[2026-09-10T16:14:51.533] [DEBUG] debug-file - hvigorfile, no custom plugins were found in D:\HW\testproject\complete\4\entry\hvigorfile.ts
[2026-09-10T16:14:51.533] [DEBUG] debug-file - hvigorfile, resolve finished D:\HW\testproject\complete\4\entry\hvigorfile.ts
[2026-09-10T16:14:51.578] [DEBUG] debug-file - hvigorfile, resolve hvigorfile dependencies in 43 ms 
[2026-09-10T16:14:51.581] [DEBUG] debug-file - project has submodules:entry
[2026-09-10T16:14:51.583] [DEBUG] debug-file - start to load updatedOhPackageInfo to the disk
[2026-09-10T16:14:51.587] [DEBUG] debug-file - load to the disk finished
[2026-09-10T16:14:51.589] [DEBUG] debug-file - Start to initialize dependency information.
[2026-09-10T16:14:51.616] [DEBUG] debug-file - Module 4 Collected Dependency: 
[2026-09-10T16:14:51.617] [DEBUG] debug-file - Module 4's total dependency: 0
[2026-09-10T16:14:51.619] [DEBUG] debug-file - Start to initialize dependency information.
[2026-09-10T16:14:51.628] [DEBUG] debug-file - Module entry Collected Dependency: 
[2026-09-10T16:14:51.628] [DEBUG] debug-file - Module entry's total dependency: 0
[2026-09-10T16:14:51.638] [DEBUG] debug-file - Configuration phase cost:9 s 176 ms 
[2026-09-10T16:14:51.642] [DEBUG] debug-file - Configuration task cost before running: 9 s 195 ms 
[2026-09-10T16:14:51.643] [DEBUG] debug-file - Executing task ::PreBuildApp
[2026-09-10T16:14:51.644] [DEBUG] debug-file - 4 : PreBuildApp cost memory 0.03075408935546875
[2026-09-10T16:14:51.645] [DEBUG] debug-file - runTaskFromQueue task cost before running: 9 s 197 ms 
[2026-09-10T16:14:51.645] [INFO] debug-file - Finished ::PreBuildApp... after 2 ms 
[2026-09-10T16:14:51.660] [DEBUG] debug-file - Executing task :entry:default@PreBuild
[2026-09-10T16:14:51.668] [DEBUG] debug-file - Task 'entry:default@PreBuild' cost while wrapping incremental declarations: 1 ms 
[2026-09-10T16:14:51.946] [DEBUG] debug-file - current product is not Atomic service.
[2026-09-10T16:14:51.948] [DEBUG] debug-file - Use tool [win32: JAVA_HOME, CLASSPATH]
 [ { JAVA_HOME: 'E:\\Java\\jdk-21.0.11' }, { CLASSPATH: undefined } ]
[2026-09-10T16:14:51.948] [DEBUG] debug-file - Use tool [win32: NODE_HOME]
 [ { NODE_HOME: undefined } ]
[2026-09-10T16:14:51.950] [DEBUG] debug-file - entry : default@PreBuild cost memory 11.211708068847656
[2026-09-10T16:14:51.951] [DEBUG] debug-file - runTaskFromQueue task cost before running: 9 s 503 ms 
[2026-09-10T16:14:51.955] [INFO] debug-file - Finished :entry:default@PreBuild... after 291 ms 
[2026-09-10T16:14:51.958] [DEBUG] debug-file - Executing task ::DuplicateDependencyCheck
[2026-09-10T16:14:51.958] [DEBUG] debug-file - 4 : DuplicateDependencyCheck cost memory 0.01546478271484375
[2026-09-10T16:14:51.958] [DEBUG] debug-file - runTaskFromQueue task cost before running: 9 s 511 ms 
[2026-09-10T16:14:51.959] [INFO] debug-file - Finished ::DuplicateDependencyCheck... after 1 ms 
[2026-09-10T16:14:51.961] [DEBUG] debug-file - Executing task :entry:default@CreateModuleInfo
[2026-09-10T16:14:51.962] [DEBUG] debug-file - Task 'entry:default@CreateModuleInfo' cost while wrapping incremental declarations: 1 ms 
[2026-09-10T16:14:51.962] [DEBUG] debug-file - entry : default@CreateModuleInfo cost memory 0.04613494873046875
[2026-09-10T16:14:51.963] [DEBUG] debug-file - runTaskFromQueue task cost before running: 9 s 515 ms 
[2026-09-10T16:14:51.963] [INFO] debug-file - Finished :entry:default@CreateModuleInfo... after 3 ms 
[2026-09-10T16:14:51.966] [DEBUG] debug-file - Executing task :entry:default@GenerateMetadata
[2026-09-10T16:14:51.967] [DEBUG] debug-file - Task 'entry:default@GenerateMetadata' cost while wrapping incremental declarations: 2 ms 
[2026-09-10T16:14:51.975] [DEBUG] debug-file - entry : default@GenerateMetadata cost memory 0.109832763671875
[2026-09-10T16:14:51.975] [DEBUG] debug-file - runTaskFromQueue task cost before running: 9 s 528 ms 
[2026-09-10T16:14:51.975] [INFO] debug-file - Finished :entry:default@GenerateMetadata... after 10 ms 
[2026-09-10T16:14:51.978] [DEBUG] debug-file - Executing task :entry:default@ConfigureCmake
[2026-09-10T16:14:51.978] [DEBUG] debug-file - entry : default@ConfigureCmake cost memory 0.01519775390625
[2026-09-10T16:14:51.978] [DEBUG] debug-file - runTaskFromQueue task cost before running: 9 s 531 ms 
[2026-09-10T16:14:51.979] [INFO] debug-file - Finished :entry:default@ConfigureCmake... after 1 ms 
[2026-09-10T16:14:51.981] [DEBUG] debug-file - Executing task :entry:default@MergeProfile
[2026-09-10T16:14:51.982] [DEBUG] debug-file - Task 'entry:default@MergeProfile' cost while wrapping incremental declarations: 1 ms 
[2026-09-10T16:14:51.984] [DEBUG] debug-file - Change app api release type with 'Release'
[2026-09-10T16:14:51.984] [DEBUG] debug-file - Change app compile API version with '26.0.0.105'
[2026-09-10T16:14:51.984] [DEBUG] debug-file - Change app target API version with '260000026'
[2026-09-10T16:14:51.984] [DEBUG] debug-file - Change app minimum API version with '260000026'
[2026-09-10T16:14:51.985] [DEBUG] debug-file - Use cli appEnvironment
[2026-09-10T16:14:51.990] [DEBUG] debug-file - The permissions of moduleJson5 is null.
[2026-09-10T16:14:51.990] [DEBUG] debug-file - entry : default@MergeProfile cost memory 0.18548583984375
[2026-09-10T16:14:51.991] [DEBUG] debug-file - runTaskFromQueue task cost before running: 9 s 543 ms 
[2026-09-10T16:14:51.992] [INFO] debug-file - Finished :entry:default@MergeProfile... after 10 ms 
[2026-09-10T16:14:51.995] [DEBUG] debug-file - Executing task :entry:default@CreateBuildProfile
[2026-09-10T16:14:51.996] [DEBUG] debug-file - Task 'entry:default@CreateBuildProfile' cost while wrapping incremental declarations: 2 ms 
[2026-09-10T16:14:52.002] [DEBUG] debug-file - entry : default@CreateBuildProfile cost memory 0.07692718505859375
[2026-09-10T16:14:52.003] [DEBUG] debug-file - runTaskFromQueue task cost before running: 9 s 556 ms 
[2026-09-10T16:14:52.004] [INFO] debug-file - Finished :entry:default@CreateBuildProfile... after 9 ms 
[2026-09-10T16:14:52.007] [DEBUG] debug-file - Executing task :entry:default@PreCheckSyscap
[2026-09-10T16:14:52.008] [DEBUG] debug-file - entry : default@PreCheckSyscap cost memory 0.030029296875
[2026-09-10T16:14:52.008] [DEBUG] debug-file - runTaskFromQueue task cost before running: 9 s 561 ms 
[2026-09-10T16:14:52.008] [INFO] debug-file - Finished :entry:default@PreCheckSyscap... after 2 ms 
[2026-09-10T16:14:52.014] [DEBUG] debug-file - Executing task :entry:default@GeneratePkgContextInfo
[2026-09-10T16:14:52.031] [DEBUG] debug-file - Task 'entry:default@GeneratePkgContextInfo' cost while wrapping incremental declarations: 1 ms 
[2026-09-10T16:14:52.033] [DEBUG] debug-file - entry : default@GeneratePkgContextInfo cost memory 0.281890869140625
[2026-09-10T16:14:52.033] [DEBUG] debug-file - runTaskFromQueue task cost before running: 9 s 586 ms 
[2026-09-10T16:14:52.034] [INFO] debug-file - Finished :entry:default@GeneratePkgContextInfo... after 20 ms 
[2026-09-10T16:14:52.036] [DEBUG] debug-file - Executing task :entry:default@GeneratePkgSdkInfo
[2026-09-10T16:14:52.040] [DEBUG] debug-file - Task 'entry:default@GeneratePkgSdkInfo' cost while wrapping incremental declarations: 1 ms 
[2026-09-10T16:14:52.041] [DEBUG] debug-file - entry : default@GeneratePkgSdkInfo cost memory 0.15723419189453125
[2026-09-10T16:14:52.041] [DEBUG] debug-file - runTaskFromQueue task cost before running: 9 s 594 ms 
[2026-09-10T16:14:52.042] [INFO] debug-file - Finished :entry:default@GeneratePkgSdkInfo... after 6 ms 
[2026-09-10T16:14:52.050] [DEBUG] debug-file - Executing task :entry:default@ProcessIntegratedHsp
[2026-09-10T16:14:52.051] [DEBUG] debug-file - entry : default@ProcessIntegratedHsp cost memory 0.03440093994140625
[2026-09-10T16:14:52.051] [DEBUG] debug-file - runTaskFromQueue task cost before running: 9 s 603 ms 
[2026-09-10T16:14:52.051] [INFO] debug-file - Finished :entry:default@ProcessIntegratedHsp... after 2 ms 
[2026-09-10T16:14:52.054] [DEBUG] debug-file - Executing task :entry:default@BuildNativeWithCmake
[2026-09-10T16:14:52.055] [DEBUG] debug-file - entry : default@BuildNativeWithCmake cost memory 0.0162506103515625
[2026-09-10T16:14:52.055] [DEBUG] debug-file - runTaskFromQueue task cost before running: 9 s 608 ms 
[2026-09-10T16:14:52.055] [INFO] debug-file - Finished :entry:default@BuildNativeWithCmake... after 2 ms 
[2026-09-10T16:14:52.059] [DEBUG] debug-file - Executing task :entry:default@MakePackInfo
[2026-09-10T16:14:52.065] [DEBUG] debug-file - Module Pack Info:  {
  summary: {
    app: { bundleName: 'c***p', bundleType: 'app', version: [Object] },
    modules: [ [Object] ]
  },
  packages: [
    {
      deviceType: [Array],
      moduleType: 'entry',
      deliveryWithInstall: true,
      name: 'entry-default'
    }
  ]
}
[2026-09-10T16:14:52.071] [DEBUG] debug-file - entry : default@MakePackInfo cost memory 0.14847564697265625
[2026-09-10T16:14:52.072] [DEBUG] debug-file - runTaskFromQueue task cost before running: 9 s 624 ms 
[2026-09-10T16:14:52.073] [INFO] debug-file - Finished :entry:default@MakePackInfo... after 13 ms 
[2026-09-10T16:14:52.076] [DEBUG] debug-file - Executing task :entry:default@SyscapTransform
[2026-09-10T16:14:52.077] [DEBUG] debug-file - File: 'D:\HW\testproject\complete\4\entry\src\main\syscap.json' from 'sysCapJsonPath' is not exists, just ignore.
[2026-09-10T16:14:52.079] [DEBUG] debug-file - Task 'entry:default@SyscapTransform' cost while wrapping incremental declarations: 3 ms 
[2026-09-10T16:14:52.080] [DEBUG] debug-file - entry : default@SyscapTransform cost memory 0.06551361083984375
[2026-09-10T16:14:52.080] [DEBUG] debug-file - runTaskFromQueue task cost before running: 9 s 633 ms 
[2026-09-10T16:14:52.080] [INFO] debug-file - Finished :entry:default@SyscapTransform... after 5 ms 
[2026-09-10T16:14:52.084] [DEBUG] debug-file - Executing task :entry:default@ProcessProfile
[2026-09-10T16:14:52.102] [DEBUG] debug-file - Task 'entry:default@ProcessProfile' cost while wrapping incremental declarations: 1 ms 
[2026-09-10T16:14:52.105] [DEBUG] debug-file - [
  'E:\\DevEco Studio\\tools\\node\\node.exe',
  'E:\\DevEco Studio\\sdk\\default\\openharmony\\ets\\build-tools\\ets-loader\\bin\\ark\\ts2abc.js',
  '--target-api-version',
  '26'
]
[2026-09-10T16:14:54.291] [DEBUG] debug-file - 24.0.0.0
[2026-09-10T16:14:54.296] [DEBUG] debug-file - No need to add fake ui ability because of not in preview process.
[2026-09-10T16:14:54.300] [DEBUG] debug-file - entry : default@ProcessProfile cost memory 4.09173583984375
[2026-09-10T16:14:54.300] [DEBUG] debug-file - runTaskFromQueue task cost before running: 11 s 853 ms 
[2026-09-10T16:14:54.301] [INFO] debug-file - Finished :entry:default@ProcessProfile... after 2 s 217 ms 
[2026-09-10T16:14:54.303] [DEBUG] debug-file - Executing task :entry:default@ProcessRouterMap
[2026-09-10T16:14:54.316] [DEBUG] debug-file - entry : default@ProcessRouterMap cost memory 0.0926666259765625
[2026-09-10T16:14:54.316] [DEBUG] debug-file - runTaskFromQueue task cost before running: 11 s 869 ms 
[2026-09-10T16:14:54.318] [INFO] debug-file - Finished :entry:default@ProcessRouterMap... after 14 ms 
[2026-09-10T16:14:54.321] [DEBUG] debug-file - Executing task :entry:default@ProcessShareConfig
[2026-09-10T16:14:54.332] [DEBUG] debug-file - entry : default@ProcessShareConfig cost memory 0.0756072998046875
[2026-09-10T16:14:54.332] [DEBUG] debug-file - runTaskFromQueue task cost before running: 11 s 885 ms 
[2026-09-10T16:14:54.333] [INFO] debug-file - Finished :entry:default@ProcessShareConfig... after 12 ms 
[2026-09-10T16:14:54.335] [DEBUG] debug-file - Executing task :entry:default@ProcessStartupConfig
[2026-09-10T16:14:54.336] [DEBUG] debug-file - Task 'entry:default@ProcessStartupConfig' cost while wrapping incremental declarations: 1 ms 
[2026-09-10T16:14:54.340] [DEBUG] debug-file - entry : default@ProcessStartupConfig cost memory 0.0991363525390625
[2026-09-10T16:14:54.340] [DEBUG] debug-file - runTaskFromQueue task cost before running: 11 s 893 ms 
[2026-09-10T16:14:54.341] [INFO] debug-file - Finished :entry:default@ProcessStartupConfig... after 6 ms 
[2026-09-10T16:14:54.344] [DEBUG] debug-file - Executing task :entry:default@BuildNativeWithNinja
[2026-09-10T16:14:54.348] [DEBUG] debug-file - entry : default@BuildNativeWithNinja cost memory -0.4426116943359375
[2026-09-10T16:14:54.349] [DEBUG] debug-file - runTaskFromQueue task cost before running: 11 s 901 ms 
[2026-09-10T16:14:54.349] [INFO] debug-file - Finished :entry:default@BuildNativeWithNinja... after 5 ms 
[2026-09-10T16:14:54.355] [DEBUG] debug-file - restool module names: entry; moduleName=entry, taskName=default@ProcessResource
[2026-09-10T16:14:54.363] [DEBUG] debug-file - Executing task :entry:default@ProcessResource
[2026-09-10T16:14:54.363] [DEBUG] debug-file - Task 'entry:default@ProcessResource' cost while wrapping incremental declarations: 1 ms 
[2026-09-10T16:14:54.373] [DEBUG] debug-file - entry : default@ProcessResource cost memory -13.73675537109375
[2026-09-10T16:14:54.375] [DEBUG] debug-file - runTaskFromQueue task cost before running: 11 s 928 ms 
[2026-09-10T16:14:54.378] [INFO] debug-file - Finished :entry:default@ProcessResource... after 15 ms 
[2026-09-10T16:14:54.386] [DEBUG] debug-file - Executing task :entry:default@GenerateLoaderJson
[2026-09-10T16:14:54.392] [DEBUG] debug-file - Task 'entry:default@GenerateLoaderJson' cost while wrapping incremental declarations: 1 ms 
[2026-09-10T16:14:54.411] [DEBUG] debug-file - entry : default@GenerateLoaderJson cost memory 0.387786865234375
[2026-09-10T16:14:54.411] [DEBUG] debug-file - runTaskFromQueue task cost before running: 11 s 964 ms 
[2026-09-10T16:14:54.421] [INFO] debug-file - Finished :entry:default@GenerateLoaderJson... after 26 ms 
[2026-09-10T16:14:54.423] [DEBUG] debug-file - Executing task :entry:default@ProcessLibs
[2026-09-10T16:14:54.424] [DEBUG] debug-file - Task 'entry:default@ProcessLibs' cost while wrapping incremental declarations: 1 ms 
[2026-09-10T16:14:54.437] [DEBUG] debug-file - Worker dispatch failed, running processLibs on main thread.
[2026-09-10T16:14:54.440] [DEBUG] debug-file - entry : default@ProcessLibs cost memory 0.38544464111328125
[2026-09-10T16:14:54.440] [DEBUG] debug-file - runTaskFromQueue task cost before running: 11 s 993 ms 
[2026-09-10T16:14:54.441] [INFO] debug-file - Finished :entry:default@ProcessLibs... after 18 ms 
[2026-09-10T16:14:54.445] [DEBUG] debug-file - restool module names: entry; moduleName=entry, taskName=default@CompileResource
[2026-09-10T16:14:54.448] [DEBUG] debug-file - Executing task :entry:default@CompileResource
[2026-09-10T16:14:54.467] [DEBUG] debug-file - Use tool [E:\DevEco Studio\sdk\default\openharmony\toolchains\restool.exe]
 [
  'E:\\DevEco Studio\\sdk\\default\\openharmony\\toolchains\\restool.exe',
  '-l',
  'D:\\HW\\testproject\\complete\\4\\entry\\build\\default\\intermediates\\res\\default\\resConfig.json'
]
[2026-09-10T16:14:54.472] [DEBUG] debug-file - current process  memoryUsage: {
  rss: 271556608,
  heapTotal: 163323904,
  heapUsed: 130441168,
  external: 3978055,
  arrayBuffers: 41828
} os memoryUsage :14.62546157836914
[2026-09-10T16:14:59.307] [DEBUG] debug-file - Info: Pack: normal pack mode

[2026-09-10T16:14:59.448] [DEBUG] debug-file - Info: hardware concurrency count is : 16
Info: thread count is : 16

[2026-09-10T16:14:59.449] [DEBUG] debug-file - Info: thread pool is started

[2026-09-10T16:14:59.452] [DEBUG] debug-file - Info: GenericCompiler::CompileFiles

[2026-09-10T16:15:00.892] [DEBUG] debug-file - Info: GenericCompiler::CompileFiles
Warning: 'D:\HW\testproject\complete\4\entry\src\main\resources\base\media\background.png' is defined repeatedly.

[2026-09-10T16:15:00.892] [DEBUG] debug-file - Warning: 'D:\HW\testproject\complete\4\entry\src\main\resources\base\media\foreground.png' is defined repeatedly.
Warning: 'D:\HW\testproject\complete\4\entry\src\main\resources\base\media\layered_image.json' is defined repeatedly.

[2026-09-10T16:15:00.895] [DEBUG] debug-file - Info: GenericCompiler::CompileFiles

[2026-09-10T16:15:00.917] [DEBUG] debug-file - 09-10 16:15:00.917 168768 168596 I C01400/SvgDecodeUtils: SvgDecodeUtils::IsSvgFormat probe svg format, path:D:\HW\testproject\complete\4\AppScope\resources\base\media\background.png.

[2026-09-10T16:15:00.918] [DEBUG] debug-file - 09-10 16:15:00.917 168768 168596 E C01400/ImageTranscoderUtils: DecodeToRGBA IN
09-10 16:15:00.917 168768 168596 I C01400/SvgDecodeUtils: SvgDecodeUtils::IsSvgFormat probe svg format, path:D:\HW\testproject\complete\4\AppScope\resources\base\media\background.png.
09-10 16:15:00.917 168768 168596 E C01400/ImageTranscoderUtils: ImageFilter IN D:\HW\testproject\complete\4\AppScope\resources\base\media\background.png

[2026-09-10T16:15:01.014] [DEBUG] debug-file - 09-10 16:15:01.014 168768 168596 I C01400/SvgDecodeUtils: SvgDecodeUtils::IsSvgFormat probe svg format, path:D:\HW\testproject\complete\4\AppScope\resources\base\media\foreground.png.
09-10 16:15:01.014 168768 168596 E C01400/ImageTranscoderUtils: DecodeToRGBA IN

[2026-09-10T16:15:01.015] [DEBUG] debug-file - 09-10 16:15:01.014 168768 168596 I C01400/SvgDecodeUtils: SvgDecodeUtils::IsSvgFormat probe svg format, path:D:\HW\testproject\complete\4\AppScope\resources\base\media\foreground.png.
09-10 16:15:01.014 168768 168596 E C01400/ImageTranscoderUtils: ImageFilter IN D:\HW\testproject\complete\4\AppScope\resources\base\media\foreground.png

[2026-09-10T16:15:01.072] [DEBUG] debug-file - Info: can't scale media json file.

[2026-09-10T16:15:01.072] [DEBUG] debug-file - Warning: The width or height of the png file referenced by the icon exceeds the limit (41 pixels)
at D:\HW\testproject\complete\4\AppScope\resources\base\media\background.png
Warning: The width or height of the png file referenced by the icon exceeds the limit (41 pixels)
at D:\HW\testproject\complete\4\AppScope\resources\base\media\foreground.png
Warning: D:\HW\testproject\complete\4\AppScope\resources\base\media\layered_image.json is not png format

[2026-09-10T16:15:01.076] [DEBUG] debug-file - Info: restool resources compile success.

[2026-09-10T16:15:01.077] [DEBUG] debug-file - Info: thread pool is stopped

[2026-09-10T16:15:01.215] [DEBUG] debug-file - entry : default@CompileResource cost memory -12.540031433105469
[2026-09-10T16:15:01.215] [DEBUG] debug-file - runTaskFromQueue task cost before running: 18 s 768 ms 
[2026-09-10T16:15:01.217] [INFO] debug-file - Finished :entry:default@CompileResource... after 6 s 768 ms 
[2026-09-10T16:15:01.220] [DEBUG] debug-file - Executing task :entry:default@DoNativeStrip
[2026-09-10T16:15:01.220] [DEBUG] debug-file - File: 'D:\HW\testproject\complete\4\entry\build\default\intermediates\binxo\default' from 'doBinxoNativeLibs' is not exists, just ignore.
[2026-09-10T16:15:01.221] [DEBUG] debug-file - Task 'entry:default@DoNativeStrip' cost while wrapping incremental declarations: 1 ms 
[2026-09-10T16:15:01.225] [DEBUG] debug-file - entry : default@DoNativeStrip cost memory 0.064544677734375
[2026-09-10T16:15:01.225] [DEBUG] debug-file - runTaskFromQueue task cost before running: 18 s 778 ms 
[2026-09-10T16:15:01.226] [INFO] debug-file - Finished :entry:default@DoNativeStrip... after 6 ms 
[2026-09-10T16:15:01.229] [DEBUG] debug-file - Executing task :entry:default@CompileArkTS
[2026-09-10T16:15:01.231] [DEBUG] debug-file - obfuscationOptions: undefined
[2026-09-10T16:15:01.233] [DEBUG] debug-file - Task 'entry:default@CompileArkTS' cost while wrapping incremental declarations: 1 ms 
[2026-09-10T16:15:01.269] [DEBUG] debug-file - build config:
[2026-09-10T16:15:01.269] [DEBUG] debug-file - {
  moduleType: 'entry',
  perf: 0,
  targetName: '.default',
  packageManagerType: 'ohpm',
  localPropertiesPath: 'D:\\HW\\testproject\\complete\\4\\local.properties',
  isPreview: false,
  isOhosTest: false,
  isLocalTest: false,
  buildMode: 'Debug',
  hotReloadBuild: undefined,
  watchMode: 'false',
  aceProfilePath: 'D:\\HW\\testproject\\complete\\4\\entry\\build\\default\\intermediates\\res\\default\\resources\\base\\profile',
  etsLoaderPath: 'E:\\DevEco Studio\\sdk\\default\\openharmony\\ets\\build-tools\\ets-loader',
  modulePath: 'D:\\HW\\testproject\\complete\\4\\entry',
  testFrameworkPar: {
    testMode: undefined,
    coveragePathFilter: undefined,
    coverageMode: undefined
  },
  needCoverageInsert: false,
  debugLine: false,
  projectTopDir: 'D:\\HW\\testproject\\complete\\4',
  compileSdkVersion: 26,
  compatibleSdkVersion: 26,
  originCompatibleSdkVersion: '26.0.0',
  compatibleSdkVersionStage: undefined,
  bundleName: 'c***p',
  etsLoaderVersion: '26.0.0.105',
  etsLoaderReleaseType: 'Release',
  aotCompileMode: 'type',
  apPath: 'D:\\HW\\testproject\\complete\\4\\entry\\modules.ap',
  entryModuleName: 'entry',
  entryModuleVersion: '1.0.0',
  entryPackageName: 'entry',
  allModuleNameHash: '30e07d57c30f75288c09608296ed8ed07fc604f1881982510ff25b77cb397b11',
  externalApiPaths: [ 'E:\\DevEco Studio\\sdk\\default\\hms\\ets' ],
  compilerTypes: [],
  isCrossplatform: false,
  hvigorPluginFile: undefined,
  compilePluginPath: undefined,
  buildGeneratedProfilePath: 'D:\\HW\\testproject\\complete\\4\\entry\\build\\default\\generated\\profile\\default',
  bundleType: 'app',
  arkTSVersion: undefined,
  apiVersion: 26,
  needCompleteSourcesMap: false,
  isFaMode: false,
  buildDir: 'D:\\HW\\testproject\\complete\\4\\entry\\build',
  buildCacheProjectDir: 'D:\\HW\\testproject\\complete\\4',
  deviceTypes: [ 'phone' ],
  pkgContextInfo: {
    '@ohos/hypium': {
      packageName: '@ohos/hypium',
      bundleName: '*****',
      moduleName: '',
      version: '1.0.24',
      entryPath: 'index.js',
      isSO: false,
      dependencyAlias: ''
    },
    '@ohos/hamock': {
      packageName: '@ohos/hamock',
      bundleName: '*****',
      moduleName: '',
      version: '1.0.0',
      entryPath: 'index.ets',
      isSO: false,
      dependencyAlias: ''
    },
    entry: {
      packageName: 'entry',
      bundleName: '*****',
      moduleName: '',
      version: '',
      entryPath: 'src/main/',
      isSO: false,
      dependencyAlias: ''
    }
  },
  ohPackagePathMap: {},
  dependencyAliasMap: {},
  permission: { requestPermissions: undefined, definePermissions: undefined },
  useGetCurrentBundleName: false,
  projectArkOption: undefined,
  sourceMapDir: undefined,
  branchElimination: false,
  transformLib: undefined,
  tsImportSendable: false,
  resolveConflictMode: true,
  depName2RootPath: {},
  depName2DepInfo: {},
  depName2OhExports: {},
  rootPathSet: [ 'D:\\HW\\testproject\\complete\\4' ],
  useNativeResolver: true,
  shouldEmitJs: true,
  useUnifiedAst: false,
  useTscResolve: false,
  singleFileEmit: false,
  userProjectConfig: {
    autoLazyImport: false,
    allowEmptyBundleName: false,
    reExportCheckMode: 'noCheck',
    executionMode: 'memory',
    usePathPlaceholder: false,
    writeRollupCache: true,
    isExpandImportEnabled: false,
    expandImportExclude: '',
    lazyImportExclude: '',
    lazyImportInclude: '',
    ignoreCrossplatformCheck: false,
    isHarDeduplicateEnabled: false,
    skipOhModulesLint: false,
    enableStrictCheckOHModule: false,
    disableSendableCheckRules: [],
    useDeclarationFileSignature: false,
    customizedOptions: undefined,
    integratedHsp: false,
    tsImportSoCheck: false,
    isPreloadSoEnabled: false
  },
  executionMode: 'memory',
  arkCompileCachePath: 'D:\\HW\\testproject\\complete\\4\\entry\\build\\default\\cache\\default\\default@CompileArkTS\\esmodule',
  autoLazyFilter: undefined,
  isHarDeduplicateEnabled: false,
  intermediateHarDuplicateDirPath: 'D:\\HW\\testproject\\complete\\4\\entry\\build\\default\\intermediates\\har_duplicate\\default',
  autoLazyImport: false,
  allowEmptyBundleName: false,
  reExportCheckMode: 'noCheck',
  usePathPlaceholder: false,
  writeRollupCache: true,
  isExpandImportEnabled: false,
  expandImportExclude: '',
  lazyImportExclude: '',
  lazyImportInclude: '',
  ignoreCrossplatformCheck: false,
  skipOhModulesLint: false,
  enableStrictCheckOHModule: false,
  disableSendableCheckRules: [],
  useDeclarationFileSignature: false,
  customizedOptions: undefined,
  integratedHsp: false,
  tsImportSoCheck: false,
  isPreloadSoEnabled: false,
  strictMode: {
    caseSensitiveCheck: true,
    useNormalizedOHMUrl: true,
    noExternalImportByPath: true
  },
  useNormalizedOHMUrl: true,
  caseSensitiveCheck: true,
  strictCheckerOnly: false,
  aceModuleJsonPath: 'D:\\HW\\testproject\\complete\\4\\entry\\build\\default\\intermediates\\res\\default\\ark_module.json',
  appResource: 'D:\\HW\\testproject\\complete\\4\\entry\\build\\default\\intermediates\\res\\default\\ResourceTable.txt',
  rawFileResource: 'D:\\HW\\testproject\\complete\\4\\entry\\build\\default\\intermediates\\res\\default\\resources\\rawfile',
  resourceTableHash: 'd81a83941c07883d4327563ba2cfe0ac7f68042912820a1577b99d29cbd144cc',
  runtimeOS: 'HarmonyOS',
  sdkInfo: 'false:26:26.0.0.105:Release',
  aceModuleRoot: 'D:\\HW\\testproject\\complete\\4\\entry\\src\\main\\ets',
  compileMode: 'esmodule',
  aceSuperVisualPath: 'D:\\HW\\testproject\\complete\\4\\entry\\src\\main\\supervisual',
  aceBuildJson: 'D:\\HW\\testproject\\complete\\4\\entry\\build\\default\\intermediates\\loader\\default\\loader.json',
  cachePath: 'D:\\HW\\testproject\\complete\\4\\entry\\build\\default\\cache\\default\\default@CompileArkTS\\esmodule\\debug',
  aceModuleBuild: 'D:\\HW\\testproject\\complete\\4\\entry\\build\\default\\intermediates\\loader_out\\default\\ets',
  supportChunks: true,
  declaredFilesPath: undefined,
  shouldCollectDirectImportees: false,
  isByteCodeHarOptimize: false,
  expandImportPath: undefined,
  resourceTableTs: 'D:\\HW\\testproject\\complete\\4\\entry\\build\\default\\generated\\r\\default\\ResourceTable.ts',
  moduleMetaInfoFiles: [
    {
      filePath: 'D:\\HW\\testproject\\complete\\4\\entry\\build\\default\\generated\\r\\default\\ResourceTable.ts',
      ohmurl: '&entry/build/generated/r/ResourceTable&'
    }
  ],
  pkgNameToPkgBriefInfo: {
    entry: {
      pkgRoot: 'D:\\HW\\testproject\\complete\\4\\entry',
      originalSourceRoots: undefined,
      sourceRoots: [Array],
      pkgName: 'entry'
    }
  },
  projectModel: {
    'D:\\HW\\testproject\\complete\\4\\entry\\src\\main': {
      moduleName: 'entry',
      modulePkgPath: 'D:\\HW\\testproject\\complete\\4\\entry',
      belongProjectPath: 'D:\\HW\\testproject\\complete\\4'
    },
    'D:\\HW\\testproject\\complete\\4\\entry\\.test\\default\\intermediates\\src\\ohosTest\\ets': {
      moduleName: 'entry_test',
      modulePkgPath: 'D:\\HW\\testproject\\complete\\4\\entry',
      belongProjectPath: 'D:\\HW\\testproject\\complete\\4'
    },
    'D:\\HW\\testproject\\complete\\4\\entry\\src\\ohosTest': {
      moduleName: 'entry_test',
      modulePkgPath: 'D:\\HW\\testproject\\complete\\4\\entry',
      belongProjectPath: 'D:\\HW\\testproject\\complete\\4'
    },
    'D:\\HW\\testproject\\complete\\4\\entry': {
      moduleName: 'entry',
      modulePkgPath: 'D:\\HW\\testproject\\complete\\4\\entry',
      belongProjectPath: 'D:\\HW\\testproject\\complete\\4'
    },
    'D:\\HW\\testproject\\complete\\4': {
      moduleName: '4',
      modulePkgPath: 'D:\\HW\\testproject\\complete\\4',
      belongProjectPath: 'D:\\HW\\testproject\\complete\\4'
    }
  },
  pkgJsonFileHash: '7ab10e622b876a852aaa87f883a5ca46773dc428b9273d7582651c0540669143',
  allModulePaths: [ 'D:\\HW\\testproject\\complete\\4\\entry' ],
  routerMap: {},
  obfuscationOptions: undefined,
  byteCodeHarToDependencyKeys: undefined,
  compileBlockPkg: [],
  mockParams: {
    decorator: '@MockSetup',
    packageName: '@ohos/hamock',
    etsSourceRootPath: 'src/main/ets',
    mockConfigPath: 'D:\\HW\\testproject\\complete\\4\\entry\\src\\mock\\mock-config.json5',
    mockConfigKey2ModuleInfo: {},
    source2ModuleIdMap: {}
  },
  copyCodeResourceEnable: false,
  copyCodeResourceExcludes: [],
  copyCodeResourceIncludes: undefined,
  uiTransformOptimization: false,
  sdkPath: 'E:/DevEco Studio/sdk',
  needPreloadSoFileSet: {},
  preloadSoFilePath: 'D:\\HW\\testproject\\complete\\4\\entry\\build\\default\\intermediates\\preload\\default\\preload.json',
  useSourceHash: false,
  localModuleParamMap: {},
  otherPaths: {
    'entry/*': [
      '..\\*',
      '..\\..\\..\\build\\default\\generated\\profile\\default\\*'
    ]
  },
  collectImportersConfig: undefined
}
[2026-09-10T16:15:01.270] [DEBUG] debug-file - Compile arkts with external api path: E:\DevEco Studio\sdk\default\hms\ets
[2026-09-10T16:15:01.274] [DEBUG] debug-file - before submitting ArkTS compile task to worker pool, config.buildDir: D:\HW\testproject\complete\4\entry\build
[2026-09-10T16:15:01.275] [DEBUG] debug-file - default@CompileArkTS work[0] is submitted.
[2026-09-10T16:15:01.276] [DEBUG] debug-file - default@CompileArkTS work[0] is pushed to ready queue.
[2026-09-10T16:15:01.276] [DEBUG] debug-file - default@CompileArkTS work[0] is not dispatched.
[2026-09-10T16:15:01.276] [DEBUG] debug-file - entry : default@CompileArkTS cost memory 1.1057968139648438
[2026-09-10T16:15:01.279] [DEBUG] debug-file - Executing task :entry:default@BuildJS
[2026-09-10T16:15:01.281] [DEBUG] debug-file - Task 'entry:default@BuildJS' cost while wrapping incremental declarations: 1 ms 
[2026-09-10T16:15:01.289] [DEBUG] debug-file - entry : default@BuildJS cost memory 0.14105987548828125
[2026-09-10T16:15:01.290] [DEBUG] debug-file - runTaskFromQueue task cost before running: 18 s 843 ms 
[2026-09-10T16:15:01.291] [INFO] debug-file - Finished :entry:default@BuildJS... after 11 ms 
[2026-09-10T16:15:01.294] [DEBUG] debug-file - Executing task :entry:default@CacheNativeLibs
[2026-09-10T16:15:01.294] [DEBUG] debug-file - File: 'D:\HW\testproject\complete\4\entry\build\default\intermediates\binxo\default' from 'cacheBinxoNativeLibs' is not exists, just ignore.
[2026-09-10T16:15:01.295] [DEBUG] debug-file - Task 'entry:default@CacheNativeLibs' cost while wrapping incremental declarations: 1 ms 
[2026-09-10T16:15:01.296] [DEBUG] debug-file - default@CacheNativeLibs work[1] is submitted.
[2026-09-10T16:15:01.296] [DEBUG] debug-file - default@CacheNativeLibs work[1] is pushed to ready queue.
[2026-09-10T16:15:01.296] [DEBUG] debug-file - default@CacheNativeLibs work[1] is not dispatched.
[2026-09-10T16:15:01.296] [DEBUG] debug-file - entry : default@CacheNativeLibs cost memory 0.08504486083984375
[2026-09-10T16:15:01.506] [DEBUG] debug-file - A work dispatched to worker[15] failed because unable to get work from ready queue.
[2026-09-10T16:15:01.506] [DEBUG] debug-file - Create  resident worker with id: 14.
[2026-09-10T16:15:01.508] [DEBUG] debug-file - default@CacheNativeLibs work[1] has been dispatched to worker[14].
[2026-09-10T16:15:01.598] [DEBUG] debug-file - A work dispatched to worker[15] failed because unable to get work from ready queue.
[2026-09-10T16:15:01.599] [DEBUG] debug-file - A work dispatched to worker[14] failed because of worker busy.
[2026-09-10T16:15:01.599] [DEBUG] debug-file - A work dispatched to worker[13] failed because unable to get work from ready queue.
[2026-09-10T16:15:01.600] [DEBUG] debug-file - A work dispatched to worker[12] failed because unable to get work from ready queue.
[2026-09-10T16:15:01.600] [DEBUG] debug-file - A work dispatched to worker[11] failed because unable to get work from ready queue.
[2026-09-10T16:15:01.600] [DEBUG] debug-file - A work dispatched to worker[10] failed because unable to get work from ready queue.
[2026-09-10T16:15:01.600] [DEBUG] debug-file - A work dispatched to worker[9] failed because unable to get work from ready queue.
[2026-09-10T16:15:01.600] [DEBUG] debug-file - A work dispatched to worker[8] failed because unable to get work from ready queue.
[2026-09-10T16:15:01.600] [DEBUG] debug-file - A work dispatched to worker[7] failed because unable to get work from ready queue.
[2026-09-10T16:15:01.600] [DEBUG] debug-file - A work dispatched to worker[6] failed because unable to get work from ready queue.
[2026-09-10T16:15:01.600] [DEBUG] debug-file - A work dispatched to worker[5] failed because unable to get work from ready queue.
[2026-09-10T16:15:01.600] [DEBUG] debug-file - Create  resident worker with id: 4.
[2026-09-10T16:15:01.602] [DEBUG] debug-file - default@CompileArkTS work[0] has been dispatched to worker[4].
[2026-09-10T16:15:03.672] [DEBUG] debug-file - worker[14] has one work done.
[2026-09-10T16:15:03.672] [DEBUG] debug-file - default@CacheNativeLibs work[1] done.
[2026-09-10T16:15:03.674] [INFO] debug-file - Finished :entry:default@CacheNativeLibs... after 383 ms 
[2026-09-10T16:15:03.786] [DEBUG] debug-file - A work dispatched to worker[14] failed because unable to get work from ready queue.
[2026-09-10T16:15:25.788] [DEBUG] debug-file - worker[4] has one work done.
[2026-09-10T16:15:25.790] [DEBUG] debug-file - Ark compile task finished.finished time is 188947526804800
[2026-09-10T16:15:25.795] [DEBUG] debug-file - default@CompileArkTS work[0] done.
[2026-09-10T16:15:25.795] [DEBUG] debug-file - A work dispatched to worker[4] failed because unable to get work from ready queue.
[2026-09-10T16:15:25.798] [INFO] debug-file - Finished :entry:default@CompileArkTS... after 14 s 325 ms 
[2026-09-10T16:15:25.800] [DEBUG] debug-file - Executing task :entry:default@GeneratePkgModuleJson
[2026-09-10T16:15:25.800] [DEBUG] debug-file - File: 'D:\HW\testproject\complete\4\entry\build\default\intermediates\preload\default\preload.json' from 'preloadSoJsonPath' is not exists, just ignore.
[2026-09-10T16:15:25.801] [DEBUG] debug-file - Error occurs while handling @Input 'shouldDeduplicateHar': The "data" argument must be of type string or an instance of Buffer, TypedArray, or DataView. Received undefined
[2026-09-10T16:15:25.801] [DEBUG] debug-file - Task 'entry:default@GeneratePkgModuleJson' cost while wrapping incremental declarations: 2 ms 
[2026-09-10T16:15:25.807] [DEBUG] debug-file - entry : default@GeneratePkgModuleJson cost memory 0.14867401123046875
[2026-09-10T16:15:25.807] [DEBUG] debug-file - runTaskFromQueue task cost before running: 43 s 360 ms 
[2026-09-10T16:15:25.807] [INFO] debug-file - Finished :entry:default@GeneratePkgModuleJson... after 8 ms 
[2026-09-10T16:15:25.809] [DEBUG] debug-file - Executing task :entry:default@ProcessCompiledResources
[2026-09-10T16:15:25.810] [DEBUG] debug-file - File: 'D:\HW\testproject\complete\4\entry\build\default\intermediates\preload\default\preload.json' from 'preloadSoJsonPath' is not exists, just ignore.
[2026-09-10T16:15:25.810] [DEBUG] debug-file - Task 'entry:default@ProcessCompiledResources' cost while wrapping incremental declarations: 1 ms 
[2026-09-10T16:15:25.811] [DEBUG] debug-file - entry : default@ProcessCompiledResources cost memory 0.0554351806640625
[2026-09-10T16:15:25.811] [DEBUG] debug-file - runTaskFromQueue task cost before running: 43 s 363 ms 
[2026-09-10T16:15:25.811] [INFO] debug-file - Finished :entry:default@ProcessCompiledResources... after 2 ms 
[2026-09-10T16:15:25.816] [DEBUG] debug-file - Executing task :entry:default@PackageHap
[2026-09-10T16:15:25.831] [DEBUG] debug-file - Use tool [E:\DevEco Studio\sdk\default\openharmony\toolchains\lib\app_packing_tool.jar]
 [
  'java',
  '-Dfile.encoding=GBK',
  '-jar',
  'E:\\DevEco Studio\\sdk\\default\\openharmony\\toolchains\\lib\\app_packing_tool.jar',
  '--mode',
  'hap',
  '--force',
  'true',
  '--lib-path',
  'D:\\HW\\testproject\\complete\\4\\entry\\build\\default\\intermediates\\stripped_native_libs\\default',
  '--json-path',
  'D:\\HW\\testproject\\complete\\4\\entry\\build\\default\\intermediates\\package\\default\\module.json',
  '--resources-path',
  'D:\\HW\\testproject\\complete\\4\\entry\\build\\default\\intermediates\\res\\default\\resources',
  '--index-path',
  'D:\\HW\\testproject\\complete\\4\\entry\\build\\default\\intermediates\\res\\default\\resources.index',
  '--pack-info-path',
  'D:\\HW\\testproject\\complete\\4\\entry\\build\\default\\outputs\\default\\pack.info',
  '--out-path',
  'D:\\HW\\testproject\\complete\\4\\entry\\build\\default\\outputs\\default\\entry-default-unsigned.hap',
  '--ets-path',
  'D:\\HW\\testproject\\complete\\4\\entry\\build\\default\\intermediates\\loader_out\\default\\ets',
  '--pkg-context-path',
  'D:\\HW\\testproject\\complete\\4\\entry\\build\\default\\intermediates\\loader\\default\\pkgContextInfo.json'
]
[2026-09-10T16:15:25.834] [DEBUG] debug-file - default@PackageHap work[2] is submitted.
[2026-09-10T16:15:25.834] [DEBUG] debug-file - default@PackageHap work[2] is pushed to ready queue.
[2026-09-10T16:15:25.834] [DEBUG] debug-file - A work dispatched to worker[15] failed because unable to get work from ready queue.
[2026-09-10T16:15:25.835] [DEBUG] debug-file - default@PackageHap work[2] has been dispatched to worker[14].
[2026-09-10T16:15:25.835] [DEBUG] debug-file - default@PackageHap work[2] is dispatched.
[2026-09-10T16:15:25.843] [DEBUG] debug-file - entry : default@PackageHap cost memory 0.36307525634765625
[2026-09-10T16:15:26.083] [DEBUG] debug-file - current process  memoryUsage: {
  rss: 640983040,
  heapTotal: 52379648,
  heapUsed: 47654312,
  external: 3958577,
  arrayBuffers: 18671
} os memoryUsage :15.02517318725586
[2026-09-10T16:15:33.253] [DEBUG] debug-file - worker[14] has one work done.
[2026-09-10T16:15:33.254] [DEBUG] debug-file - default@PackageHap work[2] done.
[2026-09-10T16:15:33.255] [DEBUG] debug-file - A work dispatched to worker[14] failed because unable to get work from ready queue.
[2026-09-10T16:15:33.257] [INFO] debug-file - Finished :entry:default@PackageHap... after 7 s 203 ms 
[2026-09-10T16:15:33.261] [DEBUG] debug-file - Executing task :entry:default@PackingCheck
[2026-09-10T16:15:33.283] [DEBUG] debug-file - entry : default@PackingCheck cost memory -0.23638153076171875
[2026-09-10T16:15:33.283] [DEBUG] debug-file - runTaskFromQueue task cost before running: 50 s 836 ms 
[2026-09-10T16:15:33.284] [INFO] debug-file - Finished :entry:default@PackingCheck... after 23 ms 
[2026-09-10T16:15:33.287] [DEBUG] debug-file - Executing task :entry:default@SignHap
[2026-09-10T16:15:33.288] [WARN] debug-file - Will skip sign 'hos_hap'. No signingConfigs profile is configured in current project.
             If needed, configure the signingConfigs in D:\HW\testproject\complete\4\build-profile.json5.
[2026-09-10T16:15:33.292] [DEBUG] debug-file - entry : default@SignHap cost memory 0.08908843994140625
[2026-09-10T16:15:33.292] [DEBUG] debug-file - runTaskFromQueue task cost before running: 50 s 845 ms 
[2026-09-10T16:15:33.293] [INFO] debug-file - Finished :entry:default@SignHap... after 5 ms 
[2026-09-10T16:15:33.296] [DEBUG] debug-file - Executing task :entry:default@CollectDebugSymbol
[2026-09-10T16:15:33.300] [DEBUG] debug-file - entry : default@CollectDebugSymbol cost memory 0.0978240966796875
[2026-09-10T16:15:33.301] [DEBUG] debug-file - runTaskFromQueue task cost before running: 50 s 853 ms 
[2026-09-10T16:15:33.302] [INFO] debug-file - Finished :entry:default@CollectDebugSymbol... after 5 ms 
[2026-09-10T16:15:33.303] [DEBUG] debug-file - Executing task :entry:assembleHap
[2026-09-10T16:15:33.304] [DEBUG] debug-file - entry : assembleHap cost memory 0.02777862548828125
[2026-09-10T16:15:33.304] [DEBUG] debug-file - runTaskFromQueue task cost before running: 50 s 856 ms 
[2026-09-10T16:15:33.304] [INFO] debug-file - Finished :entry:assembleHap... after 2 ms 
[2026-09-10T16:15:33.304] [DEBUG] debug-file - Executing task ::MakeProjectPackInfo
[2026-09-10T16:15:33.311] [DEBUG] debug-file - Task ':MakeProjectPackInfo' cost while wrapping incremental declarations: 1 ms 
[2026-09-10T16:15:33.317] [DEBUG] debug-file - Project Pack Info: {
  summary: {
    app: { bundleName: 'c***p', bundleType: 'app', version: [Object] },
    modules: [ [Object] ]
  },
  packages: [
    {
      deviceType: [Array],
      moduleType: 'entry',
      deliveryWithInstall: true,
      name: 'entry-default'
    }
  ]
}
[2026-09-10T16:15:33.324] [DEBUG] debug-file - 4 : MakeProjectPackInfo cost memory 0.2519683837890625
[2026-09-10T16:15:33.325] [DEBUG] debug-file - runTaskFromQueue task cost before running: 50 s 877 ms 
[2026-09-10T16:15:33.326] [INFO] debug-file - Finished ::MakeProjectPackInfo... after 21 ms 
[2026-09-10T16:15:33.327] [DEBUG] debug-file - Executing task ::ProcessProjectPrivacyProfile
[2026-09-10T16:15:33.343] [DEBUG] debug-file - 4 : ProcessProjectPrivacyProfile cost memory -0.5886001586914062
[2026-09-10T16:15:33.343] [DEBUG] debug-file - runTaskFromQueue task cost before running: 50 s 896 ms 
[2026-09-10T16:15:33.347] [INFO] debug-file - Finished ::ProcessProjectPrivacyProfile... after 17 ms 
[2026-09-10T16:15:33.348] [DEBUG] debug-file - Executing task ::GeneratePackRes
[2026-09-10T16:15:33.349] [DEBUG] debug-file - 4 : GeneratePackRes cost memory 0.02376556396484375
[2026-09-10T16:15:33.349] [DEBUG] debug-file - runTaskFromQueue task cost before running: 50 s 902 ms 
[2026-09-10T16:15:33.350] [INFO] debug-file - Finished ::GeneratePackRes... after 2 ms 
[2026-09-10T16:15:33.350] [DEBUG] debug-file - Executing task ::PackageApp
[2026-09-10T16:15:33.356] [DEBUG] debug-file - Task ':PackageApp' cost while wrapping incremental declarations: 1 ms 
[2026-09-10T16:15:33.376] [DEBUG] debug-file - Use tool [PackageApp]
 [
  'java',
  '-Dfile.encoding=GBK',
  '-jar',
  'E:\\DevEco Studio\\sdk\\default\\openharmony\\toolchains\\lib\\app_packing_tool.jar',
  '--mode',
  'app',
  '--pack-info-path',
  'D:\\HW\\testproject\\complete\\4\\build\\outputs\\default\\pack.info',
  '--hap-path',
  'D:\\HW\\testproject\\complete\\4\\entry\\build\\default\\outputs\\default\\app\\entry-default.hap',
  '--hsp-path',
  '',
  '--force',
  'true',
  '--out-path',
  'D:\\HW\\testproject\\complete\\4\\build\\outputs\\default\\4-default-unsigned.app',
  '--main-module-limit',
  '2',
  '--normal-module-limit',
  '2',
  '--pac-json-path',
  'D:\\HW\\testproject\\complete\\4\\build\\outputs\\default\\pac.json'
]
[2026-09-10T16:15:33.378] [DEBUG] debug-file - current process  memoryUsage: {
  rss: 583540736,
  heapTotal: 121196544,
  heapUsed: 116160624,
  external: 3969887,
  arrayBuffers: 32700
} os memoryUsage :14.975624084472656
[2026-09-10T16:15:41.432] [DEBUG] debug-file - 4 : PackageApp cost memory 0.46942901611328125
[2026-09-10T16:15:41.432] [DEBUG] debug-file - runTaskFromQueue task cost before running: 58 s 985 ms 
[2026-09-10T16:15:41.433] [INFO] debug-file - Finished ::PackageApp... after 8 s 83 ms 
[2026-09-10T16:15:41.433] [DEBUG] debug-file - Executing task ::SignPackagesFromApp
[2026-09-10T16:15:41.436] [DEBUG] debug-file - 4 : SignPackagesFromApp cost memory 0.0321502685546875
[2026-09-10T16:15:41.436] [DEBUG] debug-file - runTaskFromQueue task cost before running: 58 s 989 ms 
[2026-09-10T16:15:41.438] [INFO] debug-file - Finished ::SignPackagesFromApp... after 3 ms 
[2026-09-10T16:15:41.438] [DEBUG] debug-file - Executing task ::SignApp
[2026-09-10T16:15:41.439] [DEBUG] debug-file - signingConfigName of signApp is :  undefined
[2026-09-10T16:15:41.439] [WARN] debug-file - Will skip sign 'app'. No signingConfigs profile is configured in current project.
             If needed, configure the signingConfigs in D:\HW\testproject\complete\4\build-profile.json5.
[2026-09-10T16:15:41.441] [DEBUG] debug-file - 4 : SignApp cost memory 0.09808349609375
[2026-09-10T16:15:41.441] [DEBUG] debug-file - runTaskFromQueue task cost before running: 58 s 994 ms 
[2026-09-10T16:15:41.443] [INFO] debug-file - Finished ::SignApp... after 3 ms 
[2026-09-10T16:15:41.443] [DEBUG] debug-file - Executing task ::assembleApp
[2026-09-10T16:15:41.443] [DEBUG] debug-file - 4 : assembleApp cost memory 0.01305389404296875
[2026-09-10T16:15:41.443] [DEBUG] debug-file - runTaskFromQueue task cost before running: 58 s 996 ms 
[2026-09-10T16:15:41.443] [INFO] debug-file - Finished ::assembleApp... after 1 ms 
[2026-09-10T16:15:41.446] [INFO] debug-file - BUILD SUCCESSFUL in 58 s 999 ms 
[2026-09-10T16:15:41.449] [DEBUG] debug-file - Update task entry:default@PreBuild input file:D:\HW\testproject\complete\4\AppScope\app.json5 cache by regenerate.
[2026-09-10T16:15:41.450] [DEBUG] debug-file - Update task entry:default@PreBuild input file:D:\HW\testproject\complete\4\entry\src\main\module.json5 cache by regenerate.
[2026-09-10T16:15:41.451] [DEBUG] debug-file - Update task entry:default@PreBuild input file:D:\HW\testproject\complete\4\build-profile.json5 cache by regenerate.
[2026-09-10T16:15:41.451] [DEBUG] debug-file - Update task entry:default@PreBuild input file:D:\HW\testproject\complete\4\entry\build-profile.json5 cache by regenerate.
[2026-09-10T16:15:41.451] [DEBUG] debug-file - Update task entry:default@PreBuild input file:D:\HW\testproject\complete\4\entry\src\main\resources\base\profile\main_pages.json cache by regenerate.
[2026-09-10T16:15:41.451] [DEBUG] debug-file - Update task entry:default@PreBuild input file:D:\HW\testproject\complete\4\hvigor\hvigor-config.json5 cache by regenerate.
[2026-09-10T16:15:41.452] [DEBUG] debug-file - Update task entry:default@PreBuild input file:D:\HW\testproject\complete\4\entry\src\mock\mock-config.json5 cache by regenerate.
[2026-09-10T16:15:41.452] [DEBUG] debug-file - Update task entry:default@PreBuild input file:D:\HW\testproject\complete\4\entry\oh-package.json5 cache by regenerate.
[2026-09-10T16:15:41.452] [DEBUG] debug-file - Update task entry:default@PreBuild input file:D:\HW\testproject\complete\4\oh-package.json5 cache by regenerate.
[2026-09-10T16:15:41.453] [DEBUG] debug-file - Incremental task entry:default@PreBuild post-execution cost:6 ms .
[2026-09-10T16:15:41.453] [DEBUG] debug-file - Update task entry:default@CreateModuleInfo output file:D:\HW\testproject\complete\4\entry\build\default\generated\profile\default\ModuleInfo.ts cache.
[2026-09-10T16:15:41.453] [DEBUG] debug-file - Incremental task entry:default@CreateModuleInfo post-execution cost:1 ms .
[2026-09-10T16:15:41.454] [DEBUG] debug-file - Update task entry:default@GenerateMetadata input file:D:\HW\testproject\complete\4\entry\src\main\module.json5 cache by regenerate.
[2026-09-10T16:15:41.454] [DEBUG] debug-file - Update task entry:default@GenerateMetadata output file:D:\HW\testproject\complete\4\entry\build\default\intermediates\hap_metadata\default\output_metadata.json cache.
[2026-09-10T16:15:41.455] [DEBUG] debug-file - Incremental task entry:default@GenerateMetadata post-execution cost:2 ms .
[2026-09-10T16:15:41.455] [DEBUG] debug-file - Update task entry:default@MergeProfile input file:D:\HW\testproject\complete\4\AppScope\app.json5 cache by regenerate.
[2026-09-10T16:15:41.455] [DEBUG] debug-file - Update task entry:default@MergeProfile input file:D:\HW\testproject\complete\4\build-profile.json5 cache by regenerate.
[2026-09-10T16:15:41.456] [DEBUG] debug-file - Update task entry:default@MergeProfile input file:D:\HW\testproject\complete\4\entry\src\main\module.json5 cache by regenerate.
[2026-09-10T16:15:41.456] [DEBUG] debug-file - Update task entry:default@MergeProfile output file:D:\HW\testproject\complete\4\entry\build\default\intermediates\merge_profile\default\module.json cache.
[2026-09-10T16:15:41.456] [DEBUG] debug-file - Incremental task entry:default@MergeProfile post-execution cost:2 ms .
[2026-09-10T16:15:41.457] [DEBUG] debug-file - Update task entry:default@CreateBuildProfile input file:D:\HW\testproject\complete\4\AppScope\app.json5 cache by regenerate.
[2026-09-10T16:15:41.457] [DEBUG] debug-file - Update task entry:default@CreateBuildProfile input file:D:\HW\testproject\complete\4\build-profile.json5 cache by regenerate.
[2026-09-10T16:15:41.457] [DEBUG] debug-file - Update task entry:default@CreateBuildProfile output file:D:\HW\testproject\complete\4\entry\build\default\generated\profile\default\BuildProfile.ets cache.
[2026-09-10T16:15:41.457] [DEBUG] debug-file - Incremental task entry:default@CreateBuildProfile post-execution cost:1 ms .
[2026-09-10T16:15:41.458] [DEBUG] debug-file - Update task entry:default@GeneratePkgContextInfo output file:D:\HW\testproject\complete\4\entry\build\default\intermediates\loader\default\pkgContextInfo.json cache.
[2026-09-10T16:15:41.458] [DEBUG] debug-file - Incremental task entry:default@GeneratePkgContextInfo post-execution cost:1 ms .
[2026-09-10T16:15:41.458] [DEBUG] debug-file - Update task entry:default@GeneratePkgSdkInfo output file:D:\HW\testproject\complete\4\entry\build\default\intermediates\loader\default\pkgSdkInfo.json cache.
[2026-09-10T16:15:41.458] [DEBUG] debug-file - Incremental task entry:default@GeneratePkgSdkInfo post-execution cost:1 ms .
[2026-09-10T16:15:41.458] [DEBUG] debug-file - Update task entry:default@ProcessIntegratedHsp output file:D:\HW\testproject\complete\4\build\cache\default\integrated_hsp\integratedHspCache.json cache.
[2026-09-10T16:15:41.459] [DEBUG] debug-file - Incremental task entry:default@ProcessIntegratedHsp post-execution cost:1 ms .
[2026-09-10T16:15:41.459] [DEBUG] debug-file - Update task entry:default@MakePackInfo input file:D:\HW\testproject\complete\4\AppScope\app.json5 cache by regenerate.
[2026-09-10T16:15:41.460] [DEBUG] debug-file - Update task entry:default@MakePackInfo input file:D:\HW\testproject\complete\4\entry\src\main\module.json5 cache by regenerate.
[2026-09-10T16:15:41.460] [DEBUG] debug-file - Update task entry:default@MakePackInfo input file:D:\HW\testproject\complete\4\build-profile.json5 cache by regenerate.
[2026-09-10T16:15:41.460] [DEBUG] debug-file - Update task entry:default@MakePackInfo input file:D:\HW\testproject\complete\4\entry\src\main\resources\base\profile\backup_config.json cache by regenerate.
[2026-09-10T16:15:41.461] [DEBUG] debug-file - Update task entry:default@MakePackInfo output file:D:\HW\testproject\complete\4\entry\build\default\outputs\default\pack.info cache.
[2026-09-10T16:15:41.461] [DEBUG] debug-file - Incremental task entry:default@MakePackInfo post-execution cost:3 ms .
[2026-09-10T16:15:41.461] [DEBUG] debug-file - Update task entry:default@SyscapTransform input file:E:\DevEco Studio\sdk\default\openharmony\toolchains\syscap_tool.exe cache by regenerate.
[2026-09-10T16:15:41.462] [DEBUG] debug-file - Update task entry:default@SyscapTransform input file:E:\DevEco Studio\sdk\default\openharmony\ets\api\device-define cache by regenerate.
[2026-09-10T16:15:41.463] [DEBUG] debug-file - Update task entry:default@SyscapTransform output file:D:\HW\testproject\complete\4\entry\build\default\intermediates\syscap\default\rpcid.sc cache.
[2026-09-10T16:15:41.464] [DEBUG] debug-file - Incremental task entry:default@SyscapTransform post-execution cost:3 ms .
[2026-09-10T16:15:41.464] [DEBUG] debug-file - Update task entry:default@ProcessProfile input file:D:\HW\testproject\complete\4\entry\build\default\intermediates\merge_profile\default\module.json cache by regenerate.
[2026-09-10T16:15:41.465] [DEBUG] debug-file - Update task entry:default@ProcessProfile output file:D:\HW\testproject\complete\4\entry\build\default\intermediates\process_profile\default\module.json cache.
[2026-09-10T16:15:41.465] [DEBUG] debug-file - Incremental task entry:default@ProcessProfile post-execution cost:1 ms .
[2026-09-10T16:15:41.465] [DEBUG] debug-file - Update task entry:default@ProcessRouterMap input file:D:\HW\testproject\complete\4\entry\oh-package.json5 cache by regenerate.
[2026-09-10T16:15:41.466] [DEBUG] debug-file - Update task entry:default@ProcessRouterMap input file:D:\HW\testproject\complete\4\oh-package.json5 cache by regenerate.
[2026-09-10T16:15:41.466] [DEBUG] debug-file - Update task entry:default@ProcessRouterMap input file:D:\HW\testproject\complete\4\entry\src\main\module.json5 cache by regenerate.
[2026-09-10T16:15:41.466] [DEBUG] debug-file - Update task entry:default@ProcessRouterMap input file:D:\HW\testproject\complete\4\entry\build\default\intermediates\loader\default\pkgContextInfo.json cache by regenerate.
[2026-09-10T16:15:41.467] [DEBUG] debug-file - Update task entry:default@ProcessRouterMap output file:D:\HW\testproject\complete\4\entry\build\default\intermediates\router_map\default\temp-router-map.json cache.
[2026-09-10T16:15:41.467] [DEBUG] debug-file - Update task entry:default@ProcessRouterMap output file:D:\HW\testproject\complete\4\entry\build\default\intermediates\router_map\default\loader-router-map.json cache.
[2026-09-10T16:15:41.468] [DEBUG] debug-file - Incremental task entry:default@ProcessRouterMap post-execution cost:3 ms .
[2026-09-10T16:15:41.470] [DEBUG] debug-file - Update task entry:default@ProcessShareConfig input file:D:\HW\testproject\complete\4\entry\oh-package.json5 cache by regenerate.
[2026-09-10T16:15:41.470] [DEBUG] debug-file - Update task entry:default@ProcessShareConfig input file:D:\HW\testproject\complete\4\oh-package.json5 cache by regenerate.
[2026-09-10T16:15:41.472] [DEBUG] debug-file - Update task entry:default@ProcessShareConfig input file:D:\HW\testproject\complete\4\entry\src\main\module.json5 cache by regenerate.
[2026-09-10T16:15:41.472] [DEBUG] debug-file - Update task entry:default@ProcessShareConfig input file:D:\HW\testproject\complete\4\entry\build\default\intermediates\loader\default\pkgContextInfo.json cache by regenerate.
[2026-09-10T16:15:41.473] [DEBUG] debug-file - Update task entry:default@ProcessShareConfig output file:D:\HW\testproject\complete\4\entry\build\default\intermediates\share_config\default\temp-share-config.json cache.
[2026-09-10T16:15:41.473] [DEBUG] debug-file - Incremental task entry:default@ProcessShareConfig post-execution cost:5 ms .
[2026-09-10T16:15:41.474] [DEBUG] debug-file - Update task entry:default@ProcessStartupConfig input file:D:\HW\testproject\complete\4\entry\build\default\intermediates\loader\default\pkgContextInfo.json cache by regenerate.
[2026-09-10T16:15:41.474] [DEBUG] debug-file - Update task entry:default@ProcessStartupConfig output file:D:\HW\testproject\complete\4\entry\build\default\intermediates\startup\default\startup_config.json cache.
[2026-09-10T16:15:41.475] [DEBUG] debug-file - Incremental task entry:default@ProcessStartupConfig post-execution cost:2 ms .
[2026-09-10T16:15:41.475] [DEBUG] debug-file - Update task entry:default@ProcessResource output file:D:\HW\testproject\complete\4\entry\build\default\intermediates\res\default\resConfig.json cache.
[2026-09-10T16:15:41.475] [DEBUG] debug-file - Update task entry:default@ProcessResource output file:D:\HW\testproject\complete\4\entry\build\default\intermediates\res\default\opt-compression.json cache.
[2026-09-10T16:15:41.476] [DEBUG] debug-file - Incremental task entry:default@ProcessResource post-execution cost:1 ms .
[2026-09-10T16:15:41.477] [DEBUG] debug-file - Update task entry:default@GenerateLoaderJson input file:D:\HW\testproject\complete\4\entry\src\mock\mock-config.json5 cache by regenerate.
[2026-09-10T16:15:41.478] [DEBUG] debug-file - Update task entry:default@GenerateLoaderJson input file:D:\HW\testproject\complete\4\entry\build\default\intermediates\loader\default\pkgContextInfo.json cache by regenerate.
[2026-09-10T16:15:41.478] [DEBUG] debug-file - Update task entry:default@GenerateLoaderJson input file:D:\HW\testproject\complete\4\entry\build\default\intermediates\router_map\default\temp-router-map.json cache by regenerate.
[2026-09-10T16:15:41.478] [DEBUG] debug-file - Update task entry:default@GenerateLoaderJson output file:D:\HW\testproject\complete\4\entry\build\default\intermediates\loader\default\loader.json cache.
[2026-09-10T16:15:41.479] [DEBUG] debug-file - Incremental task entry:default@GenerateLoaderJson post-execution cost:4 ms .
[2026-09-10T16:15:41.479] [DEBUG] debug-file - Update task entry:default@ProcessLibs input file:D:\HW\testproject\complete\4\build-profile.json5 cache by regenerate.
[2026-09-10T16:15:41.480] [DEBUG] debug-file - Update task entry:default@ProcessLibs input file:D:\HW\testproject\complete\4\entry\build-profile.json5 cache by regenerate.
[2026-09-10T16:15:41.480] [DEBUG] debug-file - Update task entry:default@ProcessLibs output file:D:\HW\testproject\complete\4\entry\build\default\intermediates\libs\default cache.
[2026-09-10T16:15:41.481] [DEBUG] debug-file - Incremental task entry:default@ProcessLibs post-execution cost:2 ms .
[2026-09-10T16:15:41.482] [DEBUG] debug-file - Update task entry:default@CompileResource input file:D:\HW\testproject\complete\4\entry\src\main\resources cache by regenerate.
[2026-09-10T16:15:41.488] [DEBUG] debug-file - Update task entry:default@CompileResource input file:D:\HW\testproject\complete\4\AppScope\resources cache by regenerate.
[2026-09-10T16:15:41.491] [DEBUG] debug-file - Update task entry:default@CompileResource input file:D:\HW\testproject\complete\4\entry\build\default\intermediates\process_profile\default\module.json cache by regenerate.
[2026-09-10T16:15:41.491] [DEBUG] debug-file - Update task entry:default@CompileResource input file:D:\HW\testproject\complete\4\entry\build\default\intermediates\res\default\resConfig.json cache by regenerate.
[2026-09-10T16:15:41.492] [DEBUG] debug-file - Update task entry:default@CompileResource output file:D:\HW\testproject\complete\4\entry\build\default\intermediates\res\default cache.
[2026-09-10T16:15:41.498] [DEBUG] debug-file - Update task entry:default@CompileResource output file:D:\HW\testproject\complete\4\entry\build\default\generated\r\default\ResourceTable.h cache.
[2026-09-10T16:15:41.499] [DEBUG] debug-file - Update task entry:default@CompileResource output file:D:\HW\testproject\complete\4\entry\build\default\generated\r\default\ResourceTable.ts cache.
[2026-09-10T16:15:41.499] [DEBUG] debug-file - Update task entry:default@CompileResource output file:D:\HW\testproject\complete\4\entry\build\default\generated\r\default cache.
[2026-09-10T16:15:41.500] [DEBUG] debug-file - Incremental task entry:default@CompileResource post-execution cost:20 ms .
[2026-09-10T16:15:41.501] [DEBUG] debug-file - Update task entry:default@DoNativeStrip input file:D:\HW\testproject\complete\4\entry\build\default\intermediates\libs\default cache by regenerate.
[2026-09-10T16:15:41.502] [DEBUG] debug-file - Update task entry:default@DoNativeStrip output file:D:\HW\testproject\complete\4\entry\build\default\intermediates\stripped_native_libs\default cache.
[2026-09-10T16:15:41.502] [DEBUG] debug-file - Incremental task entry:default@DoNativeStrip post-execution cost:2 ms .
[2026-09-10T16:15:41.505] [DEBUG] debug-file - Update task entry:default@CompileArkTS input file:D:\HW\testproject\complete\4\entry\build\default\intermediates\loader\default cache by regenerate.
[2026-09-10T16:15:41.507] [DEBUG] debug-file - Update task entry:default@CompileArkTS input file:D:\HW\testproject\complete\4\entry\build\default\intermediates\res\default\resources\rawfile cache by regenerate.
[2026-09-10T16:15:41.508] [DEBUG] debug-file - Update task entry:default@CompileArkTS input file:D:\HW\testproject\complete\4\entry\build\default\intermediates\res\default\ResourceTable.txt cache by regenerate.
[2026-09-10T16:15:41.508] [DEBUG] debug-file - Update task entry:default@CompileArkTS input file:D:\HW\testproject\complete\4\entry\build\default\intermediates\res\default\ark_module.json cache by regenerate.
[2026-09-10T16:15:41.509] [DEBUG] debug-file - Update task entry:default@CompileArkTS input file:D:\HW\testproject\complete\4\entry\build\default\intermediates\res\default\resources\base\profile cache by regenerate.
[2026-09-10T16:15:41.509] [DEBUG] debug-file - Update task entry:default@CompileArkTS input file:D:\HW\testproject\complete\4\entry\src\main\ets cache by regenerate.
[2026-09-10T16:15:41.511] [DEBUG] debug-file - Update task entry:default@CompileArkTS input file:D:\HW\testproject\complete\4\entry\build\default\intermediates\loader\default\pkgContextInfo.json cache by regenerate.
[2026-09-10T16:15:41.511] [DEBUG] debug-file - Update task entry:default@CompileArkTS input file:D:\HW\testproject\complete\4\entry\build\default\generated\profile\default\BuildProfile.ets cache by regenerate.
[2026-09-10T16:15:41.512] [DEBUG] debug-file - Update task entry:default@CompileArkTS input file:D:\HW\testproject\complete\4\entry\src\mock\mock-config.json5 cache by regenerate.
[2026-09-10T16:15:41.512] [DEBUG] debug-file - Update task entry:default@CompileArkTS output file:D:\HW\testproject\complete\4\entry\build\default\intermediates\loader_out\default\ets cache.
[2026-09-10T16:15:41.513] [DEBUG] debug-file - Incremental task entry:default@CompileArkTS post-execution cost:11 ms .
[2026-09-10T16:15:41.514] [DEBUG] debug-file - Update task entry:default@BuildJS input file:D:\HW\testproject\complete\4\entry\build\default\intermediates\loader\default cache by regenerate.
[2026-09-10T16:15:41.515] [DEBUG] debug-file - Update task entry:default@BuildJS input file:D:\HW\testproject\complete\4\entry\build\default\intermediates\res\default\resources\rawfile cache by regenerate.
[2026-09-10T16:15:41.515] [DEBUG] debug-file - Update task entry:default@BuildJS input file:D:\HW\testproject\complete\4\entry\build\default\intermediates\res\default\ResourceTable.txt cache by regenerate.
[2026-09-10T16:15:41.515] [DEBUG] debug-file - Update task entry:default@BuildJS input file:D:\HW\testproject\complete\4\entry\build\default\intermediates\res\default\ark_module.json cache by regenerate.
[2026-09-10T16:15:41.516] [DEBUG] debug-file - Update task entry:default@BuildJS input file:D:\HW\testproject\complete\4\entry\build\default\intermediates\res\default\resources\base\profile cache by regenerate.
[2026-09-10T16:15:41.516] [DEBUG] debug-file - Update task entry:default@BuildJS input file:D:\HW\testproject\complete\4\entry\build\default\intermediates\loader\default\pkgContextInfo.json cache by regenerate.
[2026-09-10T16:15:41.517] [DEBUG] debug-file - Update task entry:default@BuildJS output file:D:\HW\testproject\complete\4\entry\build\default\intermediates\loader_out\default\js cache.
[2026-09-10T16:15:41.517] [DEBUG] debug-file - Incremental task entry:default@BuildJS post-execution cost:5 ms .
[2026-09-10T16:15:41.517] [DEBUG] debug-file - Update task entry:default@CacheNativeLibs input file:D:\HW\testproject\complete\4\entry\build\default\intermediates\stripped_native_libs\default cache by regenerate.
[2026-09-10T16:15:41.518] [DEBUG] debug-file - Update task entry:default@CacheNativeLibs input file:D:\HW\testproject\complete\4\entry\build\default\intermediates\libs\default cache by regenerate.
[2026-09-10T16:15:41.518] [DEBUG] debug-file - Update task entry:default@CacheNativeLibs output file:D:\HW\testproject\complete\4\entry\build\default\intermediates\patch\default\base_native_libs.json cache.
[2026-09-10T16:15:41.519] [DEBUG] debug-file - Update task entry:default@CacheNativeLibs output file:D:\HW\testproject\complete\4\entry\build\default\intermediates\patch\default\binxo_native_libs.json cache.
[2026-09-10T16:15:41.519] [DEBUG] debug-file - Incremental task entry:default@CacheNativeLibs post-execution cost:3 ms .
[2026-09-10T16:15:41.520] [DEBUG] debug-file - Update task entry:default@GeneratePkgModuleJson input file:D:\HW\testproject\complete\4\entry\build\default\intermediates\res\default\module.json cache by regenerate.
[2026-09-10T16:15:41.520] [DEBUG] debug-file - Update task entry:default@GeneratePkgModuleJson output file:D:\HW\testproject\complete\4\entry\build\default\intermediates\package\default\module.json cache.
[2026-09-10T16:15:41.521] [DEBUG] debug-file - Incremental task entry:default@GeneratePkgModuleJson post-execution cost:1 ms .
[2026-09-10T16:15:41.521] [DEBUG] debug-file - Incremental task entry:default@ProcessCompiledResources post-execution cost:1 ms .
[2026-09-10T16:15:41.523] [DEBUG] debug-file - Update task entry:default@PackageHap input file:D:\HW\testproject\complete\4\entry\build\default\outputs\default\pack.info cache by regenerate.
[2026-09-10T16:15:41.523] [DEBUG] debug-file - Update task entry:default@PackageHap input file:D:\HW\testproject\complete\4\entry\build\default\intermediates\stripped_native_libs\default cache by regenerate.
[2026-09-10T16:15:41.524] [DEBUG] debug-file - Update task entry:default@PackageHap input file:D:\HW\testproject\complete\4\entry\build\default\intermediates\res\default\module.json cache by regenerate.
[2026-09-10T16:15:41.524] [DEBUG] debug-file - Update task entry:default@PackageHap input file:D:\HW\testproject\complete\4\entry\build\default\intermediates\res\default\resources cache by regenerate.
[2026-09-10T16:15:41.528] [DEBUG] debug-file - Update task entry:default@PackageHap input file:D:\HW\testproject\complete\4\entry\build\default\intermediates\res\default\resources.index cache by regenerate.
[2026-09-10T16:15:41.530] [DEBUG] debug-file - Update task entry:default@PackageHap input file:D:\HW\testproject\complete\4\entry\build\default\intermediates\loader_out\default\ets cache by regenerate.
[2026-09-10T16:15:41.530] [DEBUG] debug-file - Update task entry:default@PackageHap input file:D:\HW\testproject\complete\4\entry\build\default\intermediates\loader\default\pkgContextInfo.json cache by regenerate.
[2026-09-10T16:15:41.531] [DEBUG] debug-file - Update task entry:default@PackageHap input file:D:\HW\testproject\complete\4\entry\build\default\intermediates\package\default\module.json cache by regenerate.
[2026-09-10T16:15:41.531] [DEBUG] debug-file - Update task entry:default@PackageHap input file:D:\HW\testproject\complete\4\entry\build\default\intermediates\loader_out\default\ets\sourceMaps.map cache by regenerate.
[2026-09-10T16:15:41.532] [DEBUG] debug-file - Update task entry:default@PackageHap input file:D:\HW\testproject\complete\4\entry\build\default\generated\profile\default\BuildProfile.ets cache by regenerate.
[2026-09-10T16:15:41.532] [DEBUG] debug-file - Update task entry:default@PackageHap output file:D:\HW\testproject\complete\4\entry\build\default\outputs\default\entry-default-unsigned.hap cache.
[2026-09-10T16:15:41.533] [DEBUG] debug-file - Update task entry:default@PackageHap output file:D:\HW\testproject\complete\4\entry\build\default\intermediates\source_map\default\sourceMaps.map cache.
[2026-09-10T16:15:41.533] [DEBUG] debug-file - Update task entry:default@PackageHap output file:D:\HW\testproject\complete\4\entry\build\default\outputs\default\mapping\sourceMaps.map cache.
[2026-09-10T16:15:41.534] [DEBUG] debug-file - Incremental task entry:default@PackageHap post-execution cost:13 ms .
[2026-09-10T16:15:41.534] [DEBUG] debug-file - Update task entry:default@SignHap input file:D:\HW\testproject\complete\4\entry\build\default\outputs\default\entry-default-unsigned.hap cache by regenerate.
[2026-09-10T16:15:41.534] [DEBUG] debug-file - Update task entry:default@SignHap output file:D:\HW\testproject\complete\4\entry\build\default\outputs\default\entry-default-signed.hap cache.
[2026-09-10T16:15:41.535] [DEBUG] debug-file - Incremental task entry:default@SignHap post-execution cost:1 ms .
[2026-09-10T16:15:41.536] [DEBUG] debug-file - Update task entry:default@CollectDebugSymbol input file:D:\HW\testproject\complete\4\entry\build\default\intermediates\loader_out\default\ets\sourceMaps.map cache by regenerate.
[2026-09-10T16:15:41.537] [DEBUG] debug-file - Update task entry:default@CollectDebugSymbol input file:D:\HW\testproject\complete\4\entry\build\default\intermediates\libs\default cache by regenerate.
[2026-09-10T16:15:41.537] [DEBUG] debug-file - Update task entry:default@CollectDebugSymbol output file:D:\HW\testproject\complete\4\entry\build\default\outputs\default\symbol cache.
[2026-09-10T16:15:41.538] [DEBUG] debug-file - Incremental task entry:default@CollectDebugSymbol post-execution cost:4 ms .
[2026-09-10T16:15:41.538] [DEBUG] debug-file - Update task :MakeProjectPackInfo input file:D:\HW\testproject\complete\4\entry\build\default\outputs\default\pack.info cache by regenerate.
[2026-09-10T16:15:41.539] [DEBUG] debug-file - Update task :MakeProjectPackInfo output file:D:\HW\testproject\complete\4\build\outputs\default\pack.info cache.
[2026-09-10T16:15:41.542] [DEBUG] debug-file - Incremental task :MakeProjectPackInfo post-execution cost:2 ms .
[2026-09-10T16:15:41.542] [DEBUG] debug-file - Update task :ProcessProjectPrivacyProfile output file:D:\HW\testproject\complete\4\build\outputs\default\pac.json cache.
[2026-09-10T16:15:41.543] [DEBUG] debug-file - Incremental task :ProcessProjectPrivacyProfile post-execution cost:1 ms .
[2026-09-10T16:15:41.543] [DEBUG] debug-file - Update task :GeneratePackRes input file:D:\HW\testproject\complete\4\build\outputs\default\pack.info cache by regenerate.
[2026-09-10T16:15:41.544] [DEBUG] debug-file - Incremental task :GeneratePackRes post-execution cost:1 ms .
[2026-09-10T16:15:41.544] [DEBUG] debug-file - Update task :PackageApp input file:D:\HW\testproject\complete\4\build\outputs\default\pack.info cache by regenerate.
[2026-09-10T16:15:41.545] [DEBUG] debug-file - Update task :PackageApp input file:D:\HW\testproject\complete\4\entry\build\default\outputs\default\entry-default-unsigned.hap cache by regenerate.
[2026-09-10T16:15:41.546] [DEBUG] debug-file - Update task :PackageApp input file:D:\HW\testproject\complete\4\build\outputs\default\pac.json cache by regenerate.
[2026-09-10T16:15:41.547] [DEBUG] debug-file - Update task :PackageApp output file:D:\HW\testproject\complete\4\build\outputs\default\4-default-unsigned.app cache.
[2026-09-10T16:15:41.548] [DEBUG] debug-file - Update task :PackageApp output file:D:\HW\testproject\complete\4\entry\build\default\outputs\default\app\entry-default.hap cache.
[2026-09-10T16:15:41.548] [DEBUG] debug-file - Update task :PackageApp output file:D:\HW\testproject\complete\4\build\outputs\default\symbol\debug cache.
[2026-09-10T16:15:41.548] [DEBUG] debug-file - Incremental task :PackageApp post-execution cost:5 ms .
[2026-09-10T16:15:41.549] [DEBUG] debug-file - Update task :SignPackagesFromApp input file:D:\HW\testproject\complete\4\build\outputs\default\4-default-unsigned.app cache by regenerate.
[2026-09-10T16:15:41.549] [DEBUG] debug-file - Incremental task :SignPackagesFromApp post-execution cost:1 ms .
[2026-09-10T16:15:41.549] [DEBUG] debug-file - Update task :SignApp input file:D:\HW\testproject\complete\4\build\outputs\default\4-default-unsigned.app cache by regenerate.
[2026-09-10T16:15:41.550] [DEBUG] debug-file - Update task :SignApp output file:D:\HW\testproject\complete\4\build\outputs\default\4-default-signed.app cache.
[2026-09-10T16:15:41.550] [DEBUG] debug-file - Incremental task :SignApp post-execution cost:2 ms .
[2026-09-10T16:15:41.588] [DEBUG] debug-file - Cleanup worker 0.
[2026-09-10T16:15:41.589] [DEBUG] debug-file - Cleanup worker 1.
[2026-09-10T16:15:41.590] [DEBUG] debug-file - Cleanup worker 14.
[2026-09-10T16:15:41.592] [DEBUG] debug-file - hvigor build process will be closed.
[2026-09-10T16:15:41.595] [DEBUG] debug-file - worker[0] exits with exit code 1.
[2026-09-10T16:15:41.596] [DEBUG] debug-file - Worker 0 has been cleaned up.
[2026-09-10T16:15:41.596] [DEBUG] debug-file - Current idle worker size: 1.
[2026-09-10T16:15:41.600] [DEBUG] debug-file - session manager: send message to worker process. WorkerThreadId: 0, data: {"type":"hvigor_failed","reason":"Server has disconnected."}
[2026-09-10T16:15:41.601] [DEBUG] debug-file - session manager: send message to worker process. WorkerThreadId: 0, data: {"type":"CloseWatch","reason":"Server has disconnected."}
[2026-09-10T16:15:41.596] [DEBUG] debug-file - Current resident worker size: 3.
[2026-09-10T16:15:41.597] [DEBUG] debug-file - worker[1] exits with exit code 1.
[2026-09-10T16:15:41.597] [DEBUG] debug-file - Worker 1 has been cleaned up.
[2026-09-10T16:15:41.597] [DEBUG] debug-file - Current idle worker size: 1.
[2026-09-10T16:15:41.597] [DEBUG] debug-file - Current resident worker size: 2.
[2026-09-10T16:15:41.601] [DEBUG] debug-file - watch worker: worker id should be larger than 0. Nothing will be sent to any worker thread.
[2026-09-10T16:15:41.602] [DEBUG] debug-file - ABORT_WORK sent to workers.
[2026-09-10T16:15:41.602] [DEBUG] debug-file - watch worker: worker id should be larger than 0. Nothing will be sent to any worker thread.
[2026-09-10T16:15:41.794] [DEBUG] debug-file - worker[14] exits with exit code 1.
[2026-09-10T16:15:41.795] [DEBUG] debug-file - Worker 14 has been cleaned up.
[2026-09-10T16:15:41.795] [DEBUG] debug-file - Current idle worker size: 1.
[2026-09-10T16:15:41.795] [DEBUG] debug-file - Current resident worker size: 1.
[2026-09-10T16:38:54.017] [DEBUG] debug-file - env: nodejsVersion=v24.14.1
[2026-09-10T16:38:54.053] [DEBUG] debug-file - env: daemon=true
[2026-09-10T16:38:54.019] [DEBUG] debug-file - env: hvigor-config.json5 content = {
  modelVersion: '6.0.1',
  dependencies: {},
  execution: {},
  logging: {},
  debugging: {},
  nodeOptions: {}
}
[2026-09-10T16:38:54.988] [DEBUG] debug-file - session manager: set active socket. socketId=irXkA25FCBMq21pSAAAD
[2026-09-10T16:38:55.020] [DEBUG] debug-file - watch worker: worker id should be larger than 0. Nothing will be sent to any worker thread.
[2026-09-10T16:38:55.038] [DEBUG] debug-file - Workers' log level updated to INFO
[2026-09-10T16:38:55.048] [DEBUG] debug-file - Hvigor init with startParameters:{
  hvigorfileTypeCheck: false,
  parallelExecution: true,
  incrementalExecution: true,
  printStackTrace: false,
  daemon: true,
  analyze: 0,
  logLevel: Level { level: 20000, levelStr: 'INFO', colour: 'green' },
  optimizationStrategy: 'memory',
  hotCompile: undefined,
  hotReloadBuild: undefined,
  customizedParam: undefined
}
[2026-09-10T16:38:55.076] [DEBUG] debug-file - Cache service initialization finished in 28 ms 
[2026-09-10T16:38:55.077] [DEBUG] debug-file - hvigorfile, resolving D:\HW\testproject\complete\4\hvigorfile.ts
[2026-09-10T16:38:55.099] [DEBUG] debug-file - hvigorfile, require result:  { default: { plugins: [] } }
[2026-09-10T16:38:55.099] [DEBUG] debug-file - hvigorfile, binding system plugins null
[2026-09-10T16:38:55.099] [DEBUG] debug-file - Starting plugin build process
[2026-09-10T16:38:55.099] [DEBUG] debug-file - App plugin prepare start...
[2026-09-10T16:38:55.100] [DEBUG] debug-file - App plugin prepare end...
[2026-09-10T16:38:55.102] [DEBUG] debug-file - App plugin creating...
[2026-09-10T16:38:55.115] [DEBUG] debug-file - App plugin register hook start...
[2026-09-10T16:38:55.117] [DEBUG] debug-file - App plugin register hook end...
[2026-09-10T16:38:55.118] [DEBUG] debug-file - Plugin build process completed
[2026-09-10T16:38:55.120] [DEBUG] debug-file - Start initialize project's product build option map with build mode debug.
[2026-09-10T16:38:55.120] [DEBUG] debug-file - Picking option from product 'default' with build mode 'debug'.
[2026-09-10T16:38:55.120] [DEBUG] debug-file - Product 'default' build option initialized
[2026-09-10T16:38:55.121] [DEBUG] debug-file - End initialize project's product build option map with build mode 'debug'.
[2026-09-10T16:38:55.121] [DEBUG] debug-file - Obtain build option for product 'default'in this build.
[2026-09-10T16:38:55.130] [DEBUG] debug-file - No signingConfig found, initRemoteHspCache failed.
[2026-09-10T16:38:55.137] [DEBUG] debug-file - Start recording SDK configuration permission data.
[2026-09-10T16:38:55.396] [DEBUG] debug-file - Sdk init in 264 ms 
[2026-09-10T16:38:55.419] [DEBUG] debug-file - Project task initialization takes 17 ms 
[2026-09-10T16:38:55.419] [DEBUG] debug-file - hvigorfile, begin to bind custom plugins...
[2026-09-10T16:38:55.420] [DEBUG] debug-file - hvigorfile, no custom plugins were found in D:\HW\testproject\complete\4\hvigorfile.ts
[2026-09-10T16:38:55.420] [DEBUG] debug-file - hvigorfile, resolve finished D:\HW\testproject\complete\4\hvigorfile.ts
[2026-09-10T16:38:55.431] [DEBUG] debug-file - hvigorfile, resolving D:\HW\testproject\complete\4\entry\hvigorfile.ts
[2026-09-10T16:38:55.522] [DEBUG] debug-file - hvigorfile, require result:  { default: { plugins: [] } }
[2026-09-10T16:38:55.529] [DEBUG] debug-file - hvigorfile, binding system plugins null
[2026-09-10T16:38:55.529] [DEBUG] debug-file - Starting plugin build process
[2026-09-10T16:38:55.529] [DEBUG] debug-file - Hap plugin creating...
[2026-09-10T16:38:55.546] [DEBUG] debug-file - failed to load cangjie to dynamically generate schemas: Error: Cannot find module '@ohos/cangjie-build-support/index'
Require stack:
- E:\DevEco Studio\tools\hvigor\hvigor-ohos-plugin\src\plugin\hooks\cangjie-register.js
- E:\DevEco Studio\tools\hvigor\hvigor-ohos-plugin\src\plugin\strategy\stage-init-strategy.js
- E:\DevEco Studio\tools\hvigor\hvigor-ohos-plugin\src\plugin\builder\abstract-plugin-builder.js
- E:\DevEco Studio\tools\hvigor\hvigor-ohos-plugin\src\plugin\builder\app-plugin-builder.js
- E:\DevEco Studio\tools\hvigor\hvigor-ohos-plugin\src\plugin\factory\plugin-factory.js
- E:\DevEco Studio\tools\hvigor\hvigor-ohos-plugin\index.js
- D:\HW\testproject\complete\4\hvigorfile.ts
- E:\DevEco Studio\tools\hvigor\hvigor\src\base\internal\lifecycle\configuration.js
- E:\DevEco Studio\tools\hvigor\hvigor\src\base\boot\index.js
- E:\DevEco Studio\tools\hvigor\hvigor\src\base\daemon\cluster\worker-process-lifecycle.js
- E:\DevEco Studio\tools\hvigor\hvigor\src\base\daemon\process\daemon-process-boot-script.js
[2026-09-10T16:38:55.562] [DEBUG] debug-file - Start initialize module-target build option map, moduleName=entry, buildMode=debug
[2026-09-10T16:38:55.562] [DEBUG] debug-file - Target 'default' config initialized
[2026-09-10T16:38:55.563] [DEBUG] debug-file - Target 'ohosTest' config initialized
[2026-09-10T16:38:55.567] [DEBUG] debug-file - Module 'entry' target 'default' build option initialized
[2026-09-10T16:38:55.568] [DEBUG] debug-file - Module 'entry' target 'ohosTest' build option initialized
[2026-09-10T16:38:55.568] [DEBUG] debug-file - End initialize module-target build option map, moduleName=entry
[2026-09-10T16:38:55.568] [DEBUG] debug-file - Start initialize module-target build option map, moduleName=entry, buildMode=release
[2026-09-10T16:38:55.568] [DEBUG] debug-file - Target 'default' config initialized
[2026-09-10T16:38:55.576] [DEBUG] debug-file - Target 'ohosTest' config initialized
[2026-09-10T16:38:55.579] [DEBUG] debug-file - Module 'entry' target 'default' build option initialized
[2026-09-10T16:38:55.579] [DEBUG] debug-file - Module 'entry' target 'ohosTest' build option initialized
[2026-09-10T16:38:55.580] [DEBUG] debug-file - End initialize module-target build option map, moduleName=entry
[2026-09-10T16:38:55.581] [DEBUG] debug-file - Start initialize module-target build option map, moduleName=entry, buildMode=debug
[2026-09-10T16:38:55.582] [DEBUG] debug-file - Target 'default' config initialized
[2026-09-10T16:38:55.583] [DEBUG] debug-file - Target 'ohosTest' config initialized
[2026-09-10T16:38:55.592] [DEBUG] debug-file - Module 'entry' target 'default' build option initialized
[2026-09-10T16:38:55.592] [DEBUG] debug-file - Module 'entry' target 'ohosTest' build option initialized
[2026-09-10T16:38:55.592] [DEBUG] debug-file - End initialize module-target build option map, moduleName=entry
[2026-09-10T16:38:55.593] [DEBUG] debug-file - Obtain build option for module 'entry' target 'default'in this build.
[2026-09-10T16:38:55.631] [DEBUG] debug-file - Module entry task initialization takes 18 ms 
[2026-09-10T16:38:55.660] [DEBUG] debug-file - Hap plugin register hook start...
[2026-09-10T16:38:55.660] [DEBUG] debug-file - Hap plugin register hook end...
[2026-09-10T16:38:55.660] [DEBUG] debug-file - Plugin build process completed
[2026-09-10T16:38:55.661] [DEBUG] debug-file - hvigorfile, begin to bind custom plugins...
[2026-09-10T16:38:55.661] [DEBUG] debug-file - hvigorfile, no custom plugins were found in D:\HW\testproject\complete\4\entry\hvigorfile.ts
[2026-09-10T16:38:55.661] [DEBUG] debug-file - hvigorfile, resolve finished D:\HW\testproject\complete\4\entry\hvigorfile.ts
[2026-09-10T16:38:56.462] [DEBUG] debug-file - hvigorfile, resolve hvigorfile dependencies in 762 ms 
[2026-09-10T16:38:56.471] [DEBUG] debug-file - project has submodules:entry
[2026-09-10T16:38:56.487] [DEBUG] debug-file - start to load updatedOhPackageInfo to the disk
[2026-09-10T16:38:56.552] [DEBUG] debug-file - load to the disk finished
[2026-09-10T16:38:56.569] [DEBUG] debug-file - Start to initialize dependency information.
[2026-09-10T16:38:56.703] [DEBUG] debug-file - Module 4 Collected Dependency: 
[2026-09-10T16:38:56.734] [DEBUG] debug-file - Module 4's total dependency: 0
[2026-09-10T16:38:56.748] [DEBUG] debug-file - Start to initialize dependency information.
[2026-09-10T16:38:56.788] [DEBUG] debug-file - Module entry Collected Dependency: 
[2026-09-10T16:38:56.797] [DEBUG] debug-file - Module entry's total dependency: 0
[2026-09-10T16:38:56.806] [DEBUG] debug-file - Configuration phase cost:1 s 730 ms 
[2026-09-10T16:38:56.875] [DEBUG] debug-file - Configuration task cost before running: 1 s 836 ms 
[2026-09-10T16:38:56.877] [DEBUG] debug-file - Executing task ::PreBuildApp
[2026-09-10T16:38:56.905] [DEBUG] debug-file - 4 : PreBuildApp cost memory 0.014739990234375
[2026-09-10T16:38:56.907] [DEBUG] debug-file - runTaskFromQueue task cost before running: 1 s 867 ms 
[2026-09-10T16:38:56.966] [INFO] debug-file - Finished ::PreBuildApp... after 30 ms 
[2026-09-10T16:38:57.200] [DEBUG] debug-file - Executing task :entry:default@PreBuild
[2026-09-10T16:38:57.306] [DEBUG] debug-file - Task 'entry:default@PreBuild' cost while wrapping incremental declarations: 1 ms 
[2026-09-10T16:38:57.795] [DEBUG] debug-file - Incremental task entry:default@PreBuild pre-execution cost: 459 ms .
[2026-09-10T16:38:57.815] [DEBUG] debug-file - entry : default@PreBuild cost memory 0.670196533203125
[2026-09-10T16:38:57.964] [INFO] debug-file - UP-TO-DATE :entry:default@PreBuild...  
[2026-09-10T16:38:58.139] [DEBUG] debug-file - Executing task ::DuplicateDependencyCheck
[2026-09-10T16:38:58.141] [DEBUG] debug-file - 4 : DuplicateDependencyCheck cost memory 0.0139312744140625
[2026-09-10T16:38:58.143] [DEBUG] debug-file - runTaskFromQueue task cost before running: 3 s 103 ms 
[2026-09-10T16:38:58.243] [INFO] debug-file - Finished ::DuplicateDependencyCheck... after 4 ms 
[2026-09-10T16:38:58.381] [DEBUG] debug-file - Executing task :entry:default@CreateModuleInfo
[2026-09-10T16:38:58.381] [DEBUG] debug-file - Task 'entry:default@CreateModuleInfo' cost while wrapping incremental declarations: 1 ms 
[2026-09-10T16:38:58.493] [DEBUG] debug-file - entry : default@CreateModuleInfo cost memory 0.0418853759765625
[2026-09-10T16:38:58.545] [DEBUG] debug-file - runTaskFromQueue task cost before running: 3 s 506 ms 
[2026-09-10T16:38:58.580] [INFO] debug-file - Finished :entry:default@CreateModuleInfo... after 165 ms 
[2026-09-10T16:38:58.615] [DEBUG] debug-file - Executing task :entry:default@GenerateMetadata
[2026-09-10T16:38:58.643] [DEBUG] debug-file - Task 'entry:default@GenerateMetadata' cost while wrapping incremental declarations: 27 ms 
[2026-09-10T16:38:58.851] [DEBUG] debug-file - Incremental task entry:default@GenerateMetadata pre-execution cost: 208 ms .
[2026-09-10T16:38:58.851] [DEBUG] debug-file - entry : default@GenerateMetadata cost memory 0.09064483642578125
[2026-09-10T16:38:58.886] [INFO] debug-file - UP-TO-DATE :entry:default@GenerateMetadata...  
[2026-09-10T16:38:59.093] [DEBUG] debug-file - Executing task :entry:default@ConfigureCmake
[2026-09-10T16:38:59.095] [DEBUG] debug-file - entry : default@ConfigureCmake cost memory 0.01454925537109375
[2026-09-10T16:38:59.096] [DEBUG] debug-file - runTaskFromQueue task cost before running: 4 s 56 ms 
[2026-09-10T16:38:59.186] [INFO] debug-file - Finished :entry:default@ConfigureCmake... after 3 ms 
[2026-09-10T16:38:59.560] [DEBUG] debug-file - Executing task :entry:default@MergeProfile
[2026-09-10T16:38:59.561] [DEBUG] debug-file - Task 'entry:default@MergeProfile' cost while wrapping incremental declarations: 1 ms 
[2026-09-10T16:38:59.761] [DEBUG] debug-file - Incremental task entry:default@MergeProfile pre-execution cost: 200 ms .
[2026-09-10T16:38:59.762] [DEBUG] debug-file - entry : default@MergeProfile cost memory 0.1222381591796875
[2026-09-10T16:38:59.763] [INFO] debug-file - UP-TO-DATE :entry:default@MergeProfile...  
[2026-09-10T16:38:59.774] [DEBUG] debug-file - Executing task :entry:default@CreateBuildProfile
[2026-09-10T16:38:59.806] [DEBUG] debug-file - Task 'entry:default@CreateBuildProfile' cost while wrapping incremental declarations: 32 ms 
[2026-09-10T16:39:00.025] [DEBUG] debug-file - Incremental task entry:default@CreateBuildProfile pre-execution cost: 218 ms .
[2026-09-10T16:39:00.026] [DEBUG] debug-file - entry : default@CreateBuildProfile cost memory 0.10558319091796875
[2026-09-10T16:39:00.079] [INFO] debug-file - UP-TO-DATE :entry:default@CreateBuildProfile...  
[2026-09-10T16:39:00.216] [DEBUG] debug-file - Executing task :entry:default@PreCheckSyscap
[2026-09-10T16:39:00.218] [DEBUG] debug-file - entry : default@PreCheckSyscap cost memory 0.01528167724609375
[2026-09-10T16:39:00.218] [DEBUG] debug-file - runTaskFromQueue task cost before running: 5 s 178 ms 
[2026-09-10T16:39:00.219] [INFO] debug-file - Finished :entry:default@PreCheckSyscap... after 2 ms 
[2026-09-10T16:39:00.422] [DEBUG] debug-file - Executing task :entry:default@GeneratePkgContextInfo
[2026-09-10T16:39:00.899] [DEBUG] debug-file - Task 'entry:default@GeneratePkgContextInfo' cost while wrapping incremental declarations: 1 ms 
[2026-09-10T16:39:00.917] [DEBUG] debug-file - Incremental task entry:default@GeneratePkgContextInfo pre-execution cost: 17 ms .
[2026-09-10T16:39:00.953] [DEBUG] debug-file - entry : default@GeneratePkgContextInfo cost memory 0.2076416015625
[2026-09-10T16:39:01.034] [INFO] debug-file - UP-TO-DATE :entry:default@GeneratePkgContextInfo...  
[2026-09-10T16:39:01.090] [DEBUG] debug-file - Executing task :entry:default@GeneratePkgSdkInfo
[2026-09-10T16:39:01.260] [DEBUG] debug-file - Task 'entry:default@GeneratePkgSdkInfo' cost while wrapping incremental declarations: 1 ms 
[2026-09-10T16:39:01.263] [DEBUG] debug-file - entry : default@GeneratePkgSdkInfo cost memory 0.100372314453125
[2026-09-10T16:39:01.346] [DEBUG] debug-file - runTaskFromQueue task cost before running: 6 s 307 ms 
[2026-09-10T16:39:01.347] [INFO] debug-file - Finished :entry:default@GeneratePkgSdkInfo... after 257 ms 
[2026-09-10T16:39:01.629] [DEBUG] debug-file - Executing task :entry:default@ProcessIntegratedHsp
[2026-09-10T16:39:01.673] [DEBUG] debug-file - entry:default@ProcessIntegratedHsp is not up-to-date, since the output file 'D:\HW\testproject\complete\4\build\cache\default\integrated_hsp\integratedHspCache.json' does not exist.
[2026-09-10T16:39:01.674] [DEBUG] debug-file - Incremental task entry:default@ProcessIntegratedHsp pre-execution cost: 2 ms .
[2026-09-10T16:39:01.708] [DEBUG] debug-file - entry : default@ProcessIntegratedHsp cost memory 0.05176544189453125
[2026-09-10T16:39:01.710] [DEBUG] debug-file - runTaskFromQueue task cost before running: 6 s 670 ms 
[2026-09-10T16:39:01.717] [INFO] debug-file - Finished :entry:default@ProcessIntegratedHsp... after 81 ms 
[2026-09-10T16:39:01.740] [DEBUG] debug-file - Executing task :entry:default@BuildNativeWithCmake
[2026-09-10T16:39:01.885] [DEBUG] debug-file - entry : default@BuildNativeWithCmake cost memory 0.01461029052734375
[2026-09-10T16:39:01.885] [DEBUG] debug-file - runTaskFromQueue task cost before running: 6 s 845 ms 
[2026-09-10T16:39:01.885] [INFO] debug-file - Finished :entry:default@BuildNativeWithCmake... after 145 ms 
[2026-09-10T16:39:02.358] [DEBUG] debug-file - Executing task :entry:default@MakePackInfo
[2026-09-10T16:39:03.029] [DEBUG] debug-file - Incremental task entry:default@MakePackInfo pre-execution cost: 445 ms .
[2026-09-10T16:39:03.029] [DEBUG] debug-file - entry : default@MakePackInfo cost memory 0.1140289306640625
[2026-09-10T16:39:03.052] [INFO] debug-file - UP-TO-DATE :entry:default@MakePackInfo...  
[2026-09-10T16:39:03.107] [DEBUG] debug-file - Executing task :entry:default@SyscapTransform
[2026-09-10T16:39:03.156] [DEBUG] debug-file - File: 'D:\HW\testproject\complete\4\entry\src\main\syscap.json' from 'sysCapJsonPath' is not exists, just ignore.
[2026-09-10T16:39:03.202] [DEBUG] debug-file - Task 'entry:default@SyscapTransform' cost while wrapping incremental declarations: 46 ms 
[2026-09-10T16:39:04.113] [DEBUG] debug-file - entry:default@SyscapTransform is not up-to-date, since the output file 'D:\HW\testproject\complete\4\entry\build\default\intermediates\syscap\default\rpcid.sc' does not exist.
[2026-09-10T16:39:04.114] [DEBUG] debug-file - Incremental task entry:default@SyscapTransform pre-execution cost: 911 ms .
[2026-09-10T16:39:04.115] [DEBUG] debug-file - entry : default@SyscapTransform cost memory 0.120330810546875
[2026-09-10T16:39:04.209] [DEBUG] debug-file - runTaskFromQueue task cost before running: 9 s 169 ms 
[2026-09-10T16:39:04.209] [INFO] debug-file - Finished :entry:default@SyscapTransform... after 1 s 102 ms 
[2026-09-10T16:39:04.336] [DEBUG] debug-file - Executing task :entry:default@ProcessProfile
[2026-09-10T16:39:04.654] [DEBUG] debug-file - Task 'entry:default@ProcessProfile' cost while wrapping incremental declarations: 1 ms 
[2026-09-10T16:39:04.753] [DEBUG] debug-file - Incremental task entry:default@ProcessProfile pre-execution cost: 99 ms .
[2026-09-10T16:39:04.754] [DEBUG] debug-file - entry : default@ProcessProfile cost memory 0.1316986083984375
[2026-09-10T16:39:05.262] [INFO] debug-file - UP-TO-DATE :entry:default@ProcessProfile...  
[2026-09-10T16:39:05.367] [DEBUG] debug-file - Executing task :entry:default@ProcessRouterMap
[2026-09-10T16:39:06.268] [DEBUG] debug-file - Incremental task entry:default@ProcessRouterMap pre-execution cost: 833 ms .
[2026-09-10T16:39:06.269] [DEBUG] debug-file - entry : default@ProcessRouterMap cost memory 0.17356109619140625
[2026-09-10T16:39:06.320] [INFO] debug-file - UP-TO-DATE :entry:default@ProcessRouterMap...  
[2026-09-10T16:39:06.410] [DEBUG] debug-file - Executing task :entry:default@ProcessShareConfig
[2026-09-10T16:39:07.305] [DEBUG] debug-file - Incremental task entry:default@ProcessShareConfig pre-execution cost: 816 ms .
[2026-09-10T16:39:07.307] [DEBUG] debug-file - entry : default@ProcessShareConfig cost memory 0.11960601806640625
[2026-09-10T16:39:07.500] [INFO] debug-file - UP-TO-DATE :entry:default@ProcessShareConfig...  
[2026-09-10T16:39:07.618] [DEBUG] debug-file - Executing task :entry:default@ProcessStartupConfig
[2026-09-10T16:39:08.024] [DEBUG] debug-file - Task 'entry:default@ProcessStartupConfig' cost while wrapping incremental declarations: 1 ms 
[2026-09-10T16:39:08.181] [DEBUG] debug-file - entry:default@ProcessStartupConfig is not up-to-date, since the output file 'D:\HW\testproject\complete\4\entry\build\default\intermediates\startup\default\startup_config.json' does not exist.
[2026-09-10T16:39:08.181] [DEBUG] debug-file - Incremental task entry:default@ProcessStartupConfig pre-execution cost: 156 ms .
[2026-09-10T16:39:08.185] [DEBUG] debug-file - entry : default@ProcessStartupConfig cost memory 0.1139068603515625
[2026-09-10T16:39:08.201] [DEBUG] debug-file - runTaskFromQueue task cost before running: 13 s 161 ms 
[2026-09-10T16:39:08.203] [INFO] debug-file - Finished :entry:default@ProcessStartupConfig... after 585 ms 
[2026-09-10T16:39:08.657] [DEBUG] debug-file - Executing task :entry:default@BuildNativeWithNinja
[2026-09-10T16:39:08.673] [DEBUG] debug-file - entry : default@BuildNativeWithNinja cost memory 0.01941680908203125
[2026-09-10T16:39:08.731] [DEBUG] debug-file - runTaskFromQueue task cost before running: 13 s 689 ms 
[2026-09-10T16:39:08.787] [INFO] debug-file - Finished :entry:default@BuildNativeWithNinja... after 73 ms 
[2026-09-10T16:39:08.831] [DEBUG] debug-file - restool module names: entry; moduleName=entry, taskName=default@ProcessResource
[2026-09-10T16:39:08.894] [DEBUG] debug-file - Executing task :entry:default@ProcessResource
[2026-09-10T16:39:08.941] [DEBUG] debug-file - Task 'entry:default@ProcessResource' cost while wrapping incremental declarations: 1 ms 
[2026-09-10T16:39:09.034] [DEBUG] debug-file - Incremental task entry:default@ProcessResource pre-execution cost: 92 ms .
[2026-09-10T16:39:09.226] [DEBUG] debug-file - entry : default@ProcessResource cost memory 0.11460113525390625
[2026-09-10T16:39:09.747] [INFO] debug-file - UP-TO-DATE :entry:default@ProcessResource...  
[2026-09-10T16:39:09.824] [DEBUG] debug-file - Executing task :entry:default@GenerateLoaderJson
[2026-09-10T16:39:09.895] [DEBUG] debug-file - Task 'entry:default@GenerateLoaderJson' cost while wrapping incremental declarations: 1 ms 
[2026-09-10T16:39:13.485] [DEBUG] debug-file - Incremental task entry:default@GenerateLoaderJson pre-execution cost: 3 s 431 ms .
[2026-09-10T16:39:13.485] [DEBUG] debug-file - entry : default@GenerateLoaderJson cost memory 0.32587432861328125
[2026-09-10T16:39:15.216] [INFO] debug-file - UP-TO-DATE :entry:default@GenerateLoaderJson...  
[2026-09-10T16:39:15.379] [DEBUG] debug-file - Executing task :entry:default@ProcessLibs
[2026-09-10T16:39:15.380] [DEBUG] debug-file - Task 'entry:default@ProcessLibs' cost while wrapping incremental declarations: 1 ms 
[2026-09-10T16:39:15.630] [DEBUG] debug-file - Incremental task entry:default@ProcessLibs pre-execution cost: 50 ms .
[2026-09-10T16:39:15.631] [DEBUG] debug-file - entry : default@ProcessLibs cost memory 0.093963623046875
[2026-09-10T16:39:16.081] [INFO] debug-file - UP-TO-DATE :entry:default@ProcessLibs...  
[2026-09-10T16:39:16.425] [DEBUG] debug-file - restool module names: entry; moduleName=entry, taskName=default@CompileResource
[2026-09-10T16:39:16.579] [DEBUG] debug-file - Executing task :entry:default@CompileResource
[2026-09-10T16:39:18.077] [DEBUG] debug-file - Incremental task entry:default@CompileResource pre-execution cost: 1 s 256 ms .
[2026-09-10T16:39:18.078] [DEBUG] debug-file - entry : default@CompileResource cost memory 0.5175247192382812
[2026-09-10T16:39:18.141] [INFO] debug-file - UP-TO-DATE :entry:default@CompileResource...  
[2026-09-10T16:39:18.181] [DEBUG] debug-file - Executing task :entry:default@DoNativeStrip
[2026-09-10T16:39:18.200] [DEBUG] debug-file - File: 'D:\HW\testproject\complete\4\entry\build\default\intermediates\binxo\default' from 'doBinxoNativeLibs' is not exists, just ignore.
[2026-09-10T16:39:18.216] [DEBUG] debug-file - Task 'entry:default@DoNativeStrip' cost while wrapping incremental declarations: 35 ms 
[2026-09-10T16:39:18.234] [DEBUG] debug-file - Incremental task entry:default@DoNativeStrip pre-execution cost: 18 ms .
[2026-09-10T16:39:18.235] [DEBUG] debug-file - entry : default@DoNativeStrip cost memory 0.09066009521484375
[2026-09-10T16:39:18.268] [INFO] debug-file - UP-TO-DATE :entry:default@DoNativeStrip...  
[2026-09-10T16:39:18.295] [DEBUG] debug-file - Executing task :entry:default@CompileArkTS
[2026-09-10T16:39:18.322] [DEBUG] debug-file - obfuscationOptions: undefined
[2026-09-10T16:39:18.349] [DEBUG] debug-file - Task 'entry:default@CompileArkTS' cost while wrapping incremental declarations: 1 ms 
[2026-09-10T16:39:22.181] [DEBUG] debug-file - Incremental task entry:default@CompileArkTS pre-execution cost: 3 s 791 ms .
[2026-09-10T16:39:22.217] [DEBUG] debug-file - entry : default@CompileArkTS cost memory -2.9336471557617188
[2026-09-10T16:39:22.292] [INFO] debug-file - UP-TO-DATE :entry:default@CompileArkTS...  
[2026-09-10T16:39:22.388] [DEBUG] debug-file - Executing task :entry:default@BuildJS
[2026-09-10T16:39:22.435] [DEBUG] debug-file - Task 'entry:default@BuildJS' cost while wrapping incremental declarations: 46 ms 
[2026-09-10T16:39:22.580] [DEBUG] debug-file - entry : default@BuildJS cost memory 0.1383514404296875
[2026-09-10T16:39:22.602] [DEBUG] debug-file - runTaskFromQueue task cost before running: 27 s 541 ms 
[2026-09-10T16:39:22.603] [INFO] debug-file - Finished :entry:default@BuildJS... after 193 ms 
[2026-09-10T16:39:22.680] [DEBUG] debug-file - Executing task :entry:default@CacheNativeLibs
[2026-09-10T16:39:22.681] [DEBUG] debug-file - File: 'D:\HW\testproject\complete\4\entry\build\default\intermediates\binxo\default' from 'cacheBinxoNativeLibs' is not exists, just ignore.
[2026-09-10T16:39:22.748] [DEBUG] debug-file - Task 'entry:default@CacheNativeLibs' cost while wrapping incremental declarations: 68 ms 
[2026-09-10T16:39:22.918] [DEBUG] debug-file - Incremental task entry:default@CacheNativeLibs pre-execution cost: 169 ms .
[2026-09-10T16:39:22.934] [DEBUG] debug-file - entry : default@CacheNativeLibs cost memory 0.08794403076171875
[2026-09-10T16:39:22.936] [INFO] debug-file - UP-TO-DATE :entry:default@CacheNativeLibs...  
[2026-09-10T16:39:22.988] [DEBUG] debug-file - Executing task :entry:default@GeneratePkgModuleJson
[2026-09-10T16:39:22.994] [DEBUG] debug-file - File: 'D:\HW\testproject\complete\4\entry\build\default\intermediates\preload\default\preload.json' from 'preloadSoJsonPath' is not exists, just ignore.
[2026-09-10T16:39:22.996] [DEBUG] debug-file - Error occurs while handling @Input 'shouldDeduplicateHar': The "data" argument must be of type string or an instance of Buffer, TypedArray, or DataView. Received undefined
[2026-09-10T16:39:23.277] [DEBUG] debug-file - Task 'entry:default@GeneratePkgModuleJson' cost while wrapping incremental declarations: 286 ms 
[2026-09-10T16:39:23.459] [DEBUG] debug-file - Incremental task entry:default@GeneratePkgModuleJson pre-execution cost: 182 ms .
[2026-09-10T16:39:23.519] [DEBUG] debug-file - entry : default@GeneratePkgModuleJson cost memory 0.084930419921875
[2026-09-10T16:39:23.519] [INFO] debug-file - UP-TO-DATE :entry:default@GeneratePkgModuleJson...  
[2026-09-10T16:39:23.604] [DEBUG] debug-file - Executing task :entry:default@ProcessCompiledResources
[2026-09-10T16:39:23.636] [DEBUG] debug-file - File: 'D:\HW\testproject\complete\4\entry\build\default\intermediates\preload\default\preload.json' from 'preloadSoJsonPath' is not exists, just ignore.
[2026-09-10T16:39:23.636] [DEBUG] debug-file - Task 'entry:default@ProcessCompiledResources' cost while wrapping incremental declarations: 1 ms 
[2026-09-10T16:39:23.638] [DEBUG] debug-file - entry : default@ProcessCompiledResources cost memory 0.05096435546875
[2026-09-10T16:39:23.639] [DEBUG] debug-file - runTaskFromQueue task cost before running: 28 s 599 ms 
[2026-09-10T16:39:24.535] [INFO] debug-file - Finished :entry:default@ProcessCompiledResources... after 35 ms 
[2026-09-10T16:39:24.820] [DEBUG] debug-file - Executing task :entry:default@PackageHap
[2026-09-10T16:39:30.034] [DEBUG] debug-file - Incremental task entry:default@PackageHap pre-execution cost: 5 s 83 ms .
[2026-09-10T16:39:30.061] [DEBUG] debug-file - entry : default@PackageHap cost memory 0.28973388671875
[2026-09-10T16:39:30.110] [INFO] debug-file - UP-TO-DATE :entry:default@PackageHap...  
[2026-09-10T16:39:30.136] [DEBUG] debug-file - Executing task :entry:default@PackingCheck
[2026-09-10T16:39:30.320] [DEBUG] debug-file - entry : default@PackingCheck cost memory 0.32061004638671875
[2026-09-10T16:39:30.320] [DEBUG] debug-file - runTaskFromQueue task cost before running: 35 s 280 ms 
[2026-09-10T16:39:30.415] [INFO] debug-file - Finished :entry:default@PackingCheck... after 184 ms 
[2026-09-10T16:39:30.630] [DEBUG] debug-file - Executing task :entry:default@SignHap
[2026-09-10T16:39:30.630] [WARN] debug-file - Will skip sign 'hos_hap'. No signingConfigs profile is configured in current project.
             If needed, configure the signingConfigs in D:\HW\testproject\complete\4\build-profile.json5.
[2026-09-10T16:39:30.665] [DEBUG] debug-file - entry:default@SignHap is not up-to-date, since the output file 'D:\HW\testproject\complete\4\entry\build\default\outputs\default\entry-default-signed.hap' does not exist.
[2026-09-10T16:39:30.856] [DEBUG] debug-file - Incremental task entry:default@SignHap pre-execution cost: 225 ms .
[2026-09-10T16:39:30.858] [DEBUG] debug-file - entry : default@SignHap cost memory 0.08483123779296875
[2026-09-10T16:39:30.858] [DEBUG] debug-file - runTaskFromQueue task cost before running: 35 s 818 ms 
[2026-09-10T16:39:30.898] [INFO] debug-file - Finished :entry:default@SignHap... after 229 ms 
[2026-09-10T16:39:31.128] [DEBUG] debug-file - Executing task :entry:default@CollectDebugSymbol
[2026-09-10T16:39:31.154] [DEBUG] debug-file - entry : default@CollectDebugSymbol cost memory 0.07927703857421875
[2026-09-10T16:39:31.155] [DEBUG] debug-file - runTaskFromQueue task cost before running: 36 s 115 ms 
[2026-09-10T16:39:31.355] [INFO] debug-file - Finished :entry:default@CollectDebugSymbol... after 27 ms 
[2026-09-10T16:39:31.357] [DEBUG] debug-file - Executing task :entry:assembleHap
[2026-09-10T16:39:31.446] [DEBUG] debug-file - entry : assembleHap cost memory 0.0124053955078125
[2026-09-10T16:39:31.448] [DEBUG] debug-file - runTaskFromQueue task cost before running: 36 s 407 ms 
[2026-09-10T16:39:31.450] [INFO] debug-file - Finished :entry:assembleHap... after 91 ms 
[2026-09-10T16:39:31.487] [DEBUG] debug-file - Executing task ::MakeProjectPackInfo
[2026-09-10T16:39:31.694] [DEBUG] debug-file - Task ':MakeProjectPackInfo' cost while wrapping incremental declarations: 1 ms 
[2026-09-10T16:39:31.749] [DEBUG] debug-file - Incremental task :MakeProjectPackInfo pre-execution cost: 55 ms .
[2026-09-10T16:39:31.791] [DEBUG] debug-file - 4 : MakeProjectPackInfo cost memory 0.14801788330078125
[2026-09-10T16:39:31.796] [INFO] debug-file - UP-TO-DATE ::MakeProjectPackInfo...  
[2026-09-10T16:39:31.798] [DEBUG] debug-file - Executing task ::ProcessProjectPrivacyProfile
[2026-09-10T16:39:32.021] [DEBUG] debug-file - Incremental task :ProcessProjectPrivacyProfile pre-execution cost: 3 ms .
[2026-09-10T16:39:32.141] [DEBUG] debug-file - 4 : ProcessProjectPrivacyProfile cost memory 0.0882720947265625
[2026-09-10T16:39:32.144] [INFO] debug-file - UP-TO-DATE ::ProcessProjectPrivacyProfile...  
[2026-09-10T16:39:32.770] [DEBUG] debug-file - Executing task ::GeneratePackRes
[2026-09-10T16:39:32.771] [DEBUG] debug-file - Incremental task :GeneratePackRes pre-execution cost: 1 ms .
[2026-09-10T16:39:32.771] [DEBUG] debug-file - 4 : GeneratePackRes cost memory 0.04079437255859375
[2026-09-10T16:39:32.772] [INFO] debug-file - UP-TO-DATE ::GeneratePackRes...  
[2026-09-10T16:39:32.772] [DEBUG] debug-file - Executing task ::PackageApp
[2026-09-10T16:39:34.032] [DEBUG] debug-file - Task ':PackageApp' cost while wrapping incremental declarations: 1 ms 
[2026-09-10T16:39:34.749] [DEBUG] debug-file - :PackageApp is not up-to-date, since the output file 'D:\HW\testproject\complete\4\build\outputs\default\symbol\debug' does not exist.
[2026-09-10T16:39:34.888] [DEBUG] debug-file - Incremental task :PackageApp pre-execution cost: 646 ms .
[2026-09-10T16:39:37.517] [DEBUG] debug-file - Use tool [PackageApp]
 [
  'java',
  '-Dfile.encoding=GBK',
  '-jar',
  'E:\\DevEco Studio\\sdk\\default\\openharmony\\toolchains\\lib\\app_packing_tool.jar',
  '--mode',
  'app',
  '--pack-info-path',
  'D:\\HW\\testproject\\complete\\4\\build\\outputs\\default\\pack.info',
  '--hap-path',
  'D:\\HW\\testproject\\complete\\4\\entry\\build\\default\\outputs\\default\\app\\entry-default.hap',
  '--hsp-path',
  '',
  '--force',
  'true',
  '--out-path',
  'D:\\HW\\testproject\\complete\\4\\build\\outputs\\default\\4-default-unsigned.app',
  '--main-module-limit',
  '2',
  '--normal-module-limit',
  '2',
  '--pac-json-path',
  'D:\\HW\\testproject\\complete\\4\\build\\outputs\\default\\pac.json'
]
[2026-09-10T16:39:37.518] [DEBUG] debug-file - current process  memoryUsage: {
  rss: 441610240,
  heapTotal: 124727296,
  heapUsed: 121385400,
  external: 3973247,
  arrayBuffers: 37596
} os memoryUsage :14.32559585571289
[2026-09-10T16:39:41.778] [DEBUG] debug-file - 4 : PackageApp cost memory -0.38304901123046875
[2026-09-10T16:39:41.918] [DEBUG] debug-file - runTaskFromQueue task cost before running: 46 s 879 ms 
[2026-09-10T16:39:41.922] [INFO] debug-file - Finished ::PackageApp... after 9 s 146 ms 
[2026-09-10T16:39:42.040] [DEBUG] debug-file - Executing task ::SignPackagesFromApp
[2026-09-10T16:39:42.289] [DEBUG] debug-file - :SignPackagesFromApp is not up-to-date, since the input file 'D:\HW\testproject\complete\4\build\outputs\default\4-default-unsigned.app' has been changed.
[2026-09-10T16:39:42.289] [DEBUG] debug-file - Incremental task :SignPackagesFromApp pre-execution cost: 248 ms .
[2026-09-10T16:39:42.326] [DEBUG] debug-file - 4 : SignPackagesFromApp cost memory 0.05551910400390625
[2026-09-10T16:39:42.328] [DEBUG] debug-file - runTaskFromQueue task cost before running: 47 s 288 ms 
[2026-09-10T16:39:42.382] [INFO] debug-file - Finished ::SignPackagesFromApp... after 289 ms 
[2026-09-10T16:39:42.382] [DEBUG] debug-file - Executing task ::SignApp
[2026-09-10T16:39:42.383] [DEBUG] debug-file - signingConfigName of signApp is :  undefined
[2026-09-10T16:39:42.384] [WARN] debug-file - Will skip sign 'app'. No signingConfigs profile is configured in current project.
             If needed, configure the signingConfigs in D:\HW\testproject\complete\4\build-profile.json5.
[2026-09-10T16:39:42.416] [DEBUG] debug-file - :SignApp is not up-to-date, since the input file 'D:\HW\testproject\complete\4\build\outputs\default\4-default-unsigned.app' has been changed.
[2026-09-10T16:39:42.448] [DEBUG] debug-file - Incremental task :SignApp pre-execution cost: 34 ms .
[2026-09-10T16:39:42.472] [DEBUG] debug-file - 4 : SignApp cost memory 0.110595703125
[2026-09-10T16:39:42.492] [DEBUG] debug-file - runTaskFromQueue task cost before running: 47 s 452 ms 
[2026-09-10T16:39:42.511] [INFO] debug-file - Finished ::SignApp... after 110 ms 
[2026-09-10T16:39:42.511] [DEBUG] debug-file - Executing task ::assembleApp
[2026-09-10T16:39:42.512] [DEBUG] debug-file - 4 : assembleApp cost memory 0.01235198974609375
[2026-09-10T16:39:42.512] [DEBUG] debug-file - runTaskFromQueue task cost before running: 47 s 472 ms 
[2026-09-10T16:39:42.513] [INFO] debug-file - Finished ::assembleApp... after 1 ms 
[2026-09-10T16:39:42.539] [INFO] debug-file - BUILD SUCCESSFUL in 47 s 498 ms 
[2026-09-10T16:39:42.540] [DEBUG] debug-file - There is no need to refresh cache, since the incremental task entry:default@PreBuild is up-to-date.
[2026-09-10T16:39:42.540] [DEBUG] debug-file - Update task entry:default@CreateModuleInfo output file:D:\HW\testproject\complete\4\entry\build\default\generated\profile\default\ModuleInfo.ts cache.
[2026-09-10T16:39:42.557] [DEBUG] debug-file - Incremental task entry:default@CreateModuleInfo post-execution cost:17 ms .
[2026-09-10T16:39:42.557] [DEBUG] debug-file - There is no need to refresh cache, since the incremental task entry:default@GenerateMetadata is up-to-date.
[2026-09-10T16:39:42.558] [DEBUG] debug-file - There is no need to refresh cache, since the incremental task entry:default@MergeProfile is up-to-date.
[2026-09-10T16:39:42.558] [DEBUG] debug-file - There is no need to refresh cache, since the incremental task entry:default@CreateBuildProfile is up-to-date.
[2026-09-10T16:39:42.558] [DEBUG] debug-file - There is no need to refresh cache, since the incremental task entry:default@GeneratePkgContextInfo is up-to-date.
[2026-09-10T16:39:42.558] [DEBUG] debug-file - Update task entry:default@GeneratePkgSdkInfo output file:D:\HW\testproject\complete\4\entry\build\default\intermediates\loader\default\pkgSdkInfo.json cache.
[2026-09-10T16:39:42.559] [DEBUG] debug-file - Incremental task entry:default@GeneratePkgSdkInfo post-execution cost:1 ms .
[2026-09-10T16:39:42.559] [DEBUG] debug-file - Update task entry:default@ProcessIntegratedHsp output file:D:\HW\testproject\complete\4\build\cache\default\integrated_hsp\integratedHspCache.json cache.
[2026-09-10T16:39:42.570] [DEBUG] debug-file - Incremental task entry:default@ProcessIntegratedHsp post-execution cost:11 ms .
[2026-09-10T16:39:42.570] [DEBUG] debug-file - There is no need to refresh cache, since the incremental task entry:default@MakePackInfo is up-to-date.
[2026-09-10T16:39:42.570] [DEBUG] debug-file - Update task entry:default@SyscapTransform input file:E:\DevEco Studio\sdk\default\openharmony\toolchains\syscap_tool.exe cache by regenerate.
[2026-09-10T16:39:42.571] [DEBUG] debug-file - Update task entry:default@SyscapTransform input file:E:\DevEco Studio\sdk\default\openharmony\ets\api\device-define cache by regenerate.
[2026-09-10T16:39:42.584] [DEBUG] debug-file - Update task entry:default@SyscapTransform output file:D:\HW\testproject\complete\4\entry\build\default\intermediates\syscap\default\rpcid.sc cache.
[2026-09-10T16:39:42.585] [DEBUG] debug-file - Incremental task entry:default@SyscapTransform post-execution cost:15 ms .
[2026-09-10T16:39:42.585] [DEBUG] debug-file - There is no need to refresh cache, since the incremental task entry:default@ProcessProfile is up-to-date.
[2026-09-10T16:39:42.585] [DEBUG] debug-file - There is no need to refresh cache, since the incremental task entry:default@ProcessRouterMap is up-to-date.
[2026-09-10T16:39:42.585] [DEBUG] debug-file - There is no need to refresh cache, since the incremental task entry:default@ProcessShareConfig is up-to-date.
[2026-09-10T16:39:42.586] [DEBUG] debug-file - Update task entry:default@ProcessStartupConfig input file:D:\HW\testproject\complete\4\entry\build\default\intermediates\loader\default\pkgContextInfo.json cache by regenerate.
[2026-09-10T16:39:42.586] [DEBUG] debug-file - Update task entry:default@ProcessStartupConfig output file:D:\HW\testproject\complete\4\entry\build\default\intermediates\startup\default\startup_config.json cache.
[2026-09-10T16:39:42.592] [DEBUG] debug-file - Incremental task entry:default@ProcessStartupConfig post-execution cost:2 ms .
[2026-09-10T16:39:42.593] [DEBUG] debug-file - There is no need to refresh cache, since the incremental task entry:default@ProcessResource is up-to-date.
[2026-09-10T16:39:42.593] [DEBUG] debug-file - There is no need to refresh cache, since the incremental task entry:default@GenerateLoaderJson is up-to-date.
[2026-09-10T16:39:42.595] [DEBUG] debug-file - There is no need to refresh cache, since the incremental task entry:default@ProcessLibs is up-to-date.
[2026-09-10T16:39:42.595] [DEBUG] debug-file - There is no need to refresh cache, since the incremental task entry:default@CompileResource is up-to-date.
[2026-09-10T16:39:42.595] [DEBUG] debug-file - There is no need to refresh cache, since the incremental task entry:default@DoNativeStrip is up-to-date.
[2026-09-10T16:39:42.595] [DEBUG] debug-file - There is no need to refresh cache, since the incremental task entry:default@CompileArkTS is up-to-date.
[2026-09-10T16:39:42.617] [DEBUG] debug-file - Update task entry:default@BuildJS input file:D:\HW\testproject\complete\4\entry\build\default\intermediates\loader\default cache by regenerate.
[2026-09-10T16:39:42.618] [DEBUG] debug-file - Update task entry:default@BuildJS input file:D:\HW\testproject\complete\4\entry\build\default\intermediates\res\default\resources\rawfile cache by regenerate.
[2026-09-10T16:39:42.628] [DEBUG] debug-file - Update task entry:default@BuildJS input file:D:\HW\testproject\complete\4\entry\build\default\intermediates\res\default\ResourceTable.txt cache by regenerate.
[2026-09-10T16:39:42.629] [DEBUG] debug-file - Update task entry:default@BuildJS input file:D:\HW\testproject\complete\4\entry\build\default\intermediates\res\default\ark_module.json cache by regenerate.
[2026-09-10T16:39:42.638] [DEBUG] debug-file - Update task entry:default@BuildJS input file:D:\HW\testproject\complete\4\entry\build\default\intermediates\res\default\resources\base\profile cache by regenerate.
[2026-09-10T16:39:42.640] [DEBUG] debug-file - Update task entry:default@BuildJS input file:D:\HW\testproject\complete\4\entry\build\default\intermediates\loader\default\pkgContextInfo.json cache by regenerate.
[2026-09-10T16:39:42.646] [DEBUG] debug-file - Update task entry:default@BuildJS output file:D:\HW\testproject\complete\4\entry\build\default\intermediates\loader_out\default\js cache.
[2026-09-10T16:39:42.646] [DEBUG] debug-file - Incremental task entry:default@BuildJS post-execution cost:51 ms .
[2026-09-10T16:39:42.646] [DEBUG] debug-file - There is no need to refresh cache, since the incremental task entry:default@CacheNativeLibs is up-to-date.
[2026-09-10T16:39:42.647] [DEBUG] debug-file - There is no need to refresh cache, since the incremental task entry:default@GeneratePkgModuleJson is up-to-date.
[2026-09-10T16:39:42.647] [DEBUG] debug-file - Incremental task entry:default@ProcessCompiledResources post-execution cost:1 ms .
[2026-09-10T16:39:42.647] [DEBUG] debug-file - There is no need to refresh cache, since the incremental task entry:default@PackageHap is up-to-date.
[2026-09-10T16:39:42.655] [DEBUG] debug-file - Update task entry:default@SignHap input file:D:\HW\testproject\complete\4\entry\build\default\outputs\default\entry-default-unsigned.hap cache by regenerate.
[2026-09-10T16:39:42.664] [DEBUG] debug-file - Update task entry:default@SignHap output file:D:\HW\testproject\complete\4\entry\build\default\outputs\default\entry-default-signed.hap cache.
[2026-09-10T16:39:42.664] [DEBUG] debug-file - Incremental task entry:default@SignHap post-execution cost:18 ms .
[2026-09-10T16:39:42.676] [DEBUG] debug-file - Update task entry:default@CollectDebugSymbol input file:D:\HW\testproject\complete\4\entry\build\default\intermediates\loader_out\default\ets\sourceMaps.map cache by regenerate.
[2026-09-10T16:39:42.686] [DEBUG] debug-file - Update task entry:default@CollectDebugSymbol input file:D:\HW\testproject\complete\4\entry\build\default\intermediates\libs\default cache by regenerate.
[2026-09-10T16:39:42.688] [DEBUG] debug-file - Update task entry:default@CollectDebugSymbol output file:D:\HW\testproject\complete\4\entry\build\default\outputs\default\symbol cache.
[2026-09-10T16:39:42.688] [DEBUG] debug-file - Incremental task entry:default@CollectDebugSymbol post-execution cost:24 ms .
[2026-09-10T16:39:42.688] [DEBUG] debug-file - There is no need to refresh cache, since the incremental task :MakeProjectPackInfo is up-to-date.
[2026-09-10T16:39:42.698] [DEBUG] debug-file - There is no need to refresh cache, since the incremental task :ProcessProjectPrivacyProfile is up-to-date.
[2026-09-10T16:39:42.698] [DEBUG] debug-file - There is no need to refresh cache, since the incremental task :GeneratePackRes is up-to-date.
[2026-09-10T16:39:42.708] [DEBUG] debug-file - Update task :PackageApp input file:D:\HW\testproject\complete\4\build\outputs\default\pack.info cache by regenerate.
[2026-09-10T16:39:42.719] [DEBUG] debug-file - Update task :PackageApp input file:D:\HW\testproject\complete\4\entry\build\default\outputs\default\entry-default-unsigned.hap cache by regenerate.
[2026-09-10T16:39:42.720] [DEBUG] debug-file - Update task :PackageApp input file:D:\HW\testproject\complete\4\build\outputs\default\pac.json cache by regenerate.
[2026-09-10T16:39:42.722] [DEBUG] debug-file - Update task :PackageApp output file:D:\HW\testproject\complete\4\build\outputs\default\4-default-unsigned.app cache.
[2026-09-10T16:39:42.738] [DEBUG] debug-file - Update task :PackageApp output file:D:\HW\testproject\complete\4\entry\build\default\outputs\default\app\entry-default.hap cache.
[2026-09-10T16:39:42.740] [DEBUG] debug-file - Update task :PackageApp output file:D:\HW\testproject\complete\4\build\outputs\default\symbol\debug cache.
[2026-09-10T16:39:42.740] [DEBUG] debug-file - Incremental task :PackageApp post-execution cost:42 ms .
[2026-09-10T16:39:42.748] [DEBUG] debug-file - Update task :SignPackagesFromApp input file:D:\HW\testproject\complete\4\build\outputs\default\4-default-unsigned.app cache from map.
[2026-09-10T16:39:42.749] [DEBUG] debug-file - Incremental task :SignPackagesFromApp post-execution cost:9 ms .
[2026-09-10T16:39:42.749] [DEBUG] debug-file - Update task :SignApp input file:D:\HW\testproject\complete\4\build\outputs\default\4-default-unsigned.app cache from map.
[2026-09-10T16:39:42.757] [DEBUG] debug-file - Update task :SignApp output file:D:\HW\testproject\complete\4\build\outputs\default\4-default-signed.app cache.
[2026-09-10T16:39:42.757] [DEBUG] debug-file - Incremental task :SignApp post-execution cost:9 ms .
[2026-09-10T16:39:42.964] [DEBUG] debug-file - session manager: send message to worker process. WorkerThreadId: 0, data: {"type":"hvigor_failed","reason":"Server has disconnected."}
[2026-09-10T16:39:42.982] [DEBUG] debug-file - session manager: send message to worker process. WorkerThreadId: 0, data: {"type":"CloseWatch","reason":"Server has disconnected."}
[2026-09-10T16:39:42.870] [DEBUG] debug-file - hvigor build process will be closed.
[2026-09-10T16:39:42.965] [DEBUG] debug-file - watch worker: worker id should be larger than 0. Nothing will be sent to any worker thread.
[2026-09-10T16:39:42.965] [DEBUG] debug-file - ABORT_WORK sent to workers.
[2026-09-10T16:39:42.983] [DEBUG] debug-file - watch worker: worker id should be larger than 0. Nothing will be sent to any worker thread.
[2026-09-10T16:44:29.278] [DEBUG] debug-file - session manager: set active socket. socketId=zrhXZO2COWDiqer-AAAF
[2026-09-10T16:44:29.304] [DEBUG] debug-file - watch worker: worker id should be larger than 0. Nothing will be sent to any worker thread.
[2026-09-10T16:44:29.318] [DEBUG] debug-file - Workers' log level updated to INFO
[2026-09-10T16:44:29.324] [DEBUG] debug-file - Hvigor init with startParameters:{
  hvigorfileTypeCheck: false,
  parallelExecution: true,
  incrementalExecution: true,
  printStackTrace: false,
  daemon: true,
  analyze: 0,
  logLevel: Level { level: 20000, levelStr: 'INFO', colour: 'green' },
  optimizationStrategy: 'memory',
  hotCompile: undefined,
  hotReloadBuild: undefined,
  customizedParam: undefined
}
[2026-09-10T16:44:29.338] [DEBUG] debug-file - Cache service initialization finished in 14 ms 
[2026-09-10T16:44:29.339] [DEBUG] debug-file - hvigorfile, resolving D:\HW\testproject\complete\4\hvigorfile.ts
[2026-09-10T16:44:29.351] [DEBUG] debug-file - hvigorfile, require result:  { default: { plugins: [] } }
[2026-09-10T16:44:29.351] [DEBUG] debug-file - hvigorfile, binding system plugins null
[2026-09-10T16:44:29.351] [DEBUG] debug-file - Starting plugin build process
[2026-09-10T16:44:29.351] [DEBUG] debug-file - App plugin prepare start...
[2026-09-10T16:44:29.351] [DEBUG] debug-file - App plugin prepare end...
[2026-09-10T16:44:29.351] [DEBUG] debug-file - App plugin creating...
[2026-09-10T16:44:29.361] [DEBUG] debug-file - App plugin register hook start...
[2026-09-10T16:44:29.362] [DEBUG] debug-file - App plugin register hook end...
[2026-09-10T16:44:29.362] [DEBUG] debug-file - Plugin build process completed
[2026-09-10T16:44:29.362] [DEBUG] debug-file - Start initialize project's product build option map with build mode debug.
[2026-09-10T16:44:29.362] [DEBUG] debug-file - Picking option from product 'default' with build mode 'debug'.
[2026-09-10T16:44:29.362] [DEBUG] debug-file - Product 'default' build option initialized
[2026-09-10T16:44:29.363] [DEBUG] debug-file - End initialize project's product build option map with build mode 'debug'.
[2026-09-10T16:44:29.363] [DEBUG] debug-file - Obtain build option for product 'default'in this build.
[2026-09-10T16:44:29.370] [DEBUG] debug-file - No signingConfig found, initRemoteHspCache failed.
[2026-09-10T16:44:29.373] [DEBUG] debug-file - Start recording SDK configuration permission data.
[2026-09-10T16:44:29.441] [DEBUG] debug-file - Sdk init in 70 ms 
[2026-09-10T16:44:29.446] [DEBUG] debug-file - Project task initialization takes 4 ms 
[2026-09-10T16:44:29.446] [DEBUG] debug-file - hvigorfile, begin to bind custom plugins...
[2026-09-10T16:44:29.446] [DEBUG] debug-file - hvigorfile, no custom plugins were found in D:\HW\testproject\complete\4\hvigorfile.ts
[2026-09-10T16:44:29.446] [DEBUG] debug-file - hvigorfile, resolve finished D:\HW\testproject\complete\4\hvigorfile.ts
[2026-09-10T16:44:29.446] [DEBUG] debug-file - hvigorfile, resolving D:\HW\testproject\complete\4\entry\hvigorfile.ts
[2026-09-10T16:44:29.451] [DEBUG] debug-file - hvigorfile, require result:  { default: { plugins: [] } }
[2026-09-10T16:44:29.451] [DEBUG] debug-file - hvigorfile, binding system plugins null
[2026-09-10T16:44:29.452] [DEBUG] debug-file - Starting plugin build process
[2026-09-10T16:44:29.452] [DEBUG] debug-file - Hap plugin creating...
[2026-09-10T16:44:29.453] [DEBUG] debug-file - failed to load cangjie to dynamically generate schemas: Error: Cannot find module '@ohos/cangjie-build-support/index'
Require stack:
- E:\DevEco Studio\tools\hvigor\hvigor-ohos-plugin\src\plugin\hooks\cangjie-register.js
- E:\DevEco Studio\tools\hvigor\hvigor-ohos-plugin\src\plugin\strategy\stage-init-strategy.js
- E:\DevEco Studio\tools\hvigor\hvigor-ohos-plugin\src\plugin\builder\abstract-plugin-builder.js
- E:\DevEco Studio\tools\hvigor\hvigor-ohos-plugin\src\plugin\builder\app-plugin-builder.js
- E:\DevEco Studio\tools\hvigor\hvigor-ohos-plugin\src\plugin\factory\plugin-factory.js
- E:\DevEco Studio\tools\hvigor\hvigor-ohos-plugin\index.js
- D:\HW\testproject\complete\4\hvigorfile.ts
- E:\DevEco Studio\tools\hvigor\hvigor\src\base\internal\lifecycle\configuration.js
- E:\DevEco Studio\tools\hvigor\hvigor\src\base\boot\index.js
- E:\DevEco Studio\tools\hvigor\hvigor\src\base\daemon\cluster\worker-process-lifecycle.js
- E:\DevEco Studio\tools\hvigor\hvigor\src\base\daemon\process\daemon-process-boot-script.js
[2026-09-10T16:44:29.457] [DEBUG] debug-file - Start initialize module-target build option map, moduleName=entry, buildMode=debug
[2026-09-10T16:44:29.457] [DEBUG] debug-file - Target 'default' config initialized
[2026-09-10T16:44:29.458] [DEBUG] debug-file - Target 'ohosTest' config initialized
[2026-09-10T16:44:29.458] [DEBUG] debug-file - Module 'entry' target 'default' build option initialized
[2026-09-10T16:44:29.458] [DEBUG] debug-file - Module 'entry' target 'ohosTest' build option initialized
[2026-09-10T16:44:29.458] [DEBUG] debug-file - End initialize module-target build option map, moduleName=entry
[2026-09-10T16:44:29.458] [DEBUG] debug-file - Start initialize module-target build option map, moduleName=entry, buildMode=release
[2026-09-10T16:44:29.458] [DEBUG] debug-file - Target 'default' config initialized
[2026-09-10T16:44:29.459] [DEBUG] debug-file - Target 'ohosTest' config initialized
[2026-09-10T16:44:29.459] [DEBUG] debug-file - Module 'entry' target 'default' build option initialized
[2026-09-10T16:44:29.459] [DEBUG] debug-file - Module 'entry' target 'ohosTest' build option initialized
[2026-09-10T16:44:29.459] [DEBUG] debug-file - End initialize module-target build option map, moduleName=entry
[2026-09-10T16:44:29.459] [DEBUG] debug-file - Start initialize module-target build option map, moduleName=entry, buildMode=debug
[2026-09-10T16:44:29.459] [DEBUG] debug-file - Target 'default' config initialized
[2026-09-10T16:44:29.459] [DEBUG] debug-file - Target 'ohosTest' config initialized
[2026-09-10T16:44:29.459] [DEBUG] debug-file - Module 'entry' target 'default' build option initialized
[2026-09-10T16:44:29.459] [DEBUG] debug-file - Module 'entry' target 'ohosTest' build option initialized
[2026-09-10T16:44:29.460] [DEBUG] debug-file - End initialize module-target build option map, moduleName=entry
[2026-09-10T16:44:29.460] [DEBUG] debug-file - Obtain build option for module 'entry' target 'default'in this build.
[2026-09-10T16:44:29.463] [DEBUG] debug-file - Module entry task initialization takes 3 ms 
[2026-09-10T16:44:29.463] [DEBUG] debug-file - Hap plugin register hook start...
[2026-09-10T16:44:29.463] [DEBUG] debug-file - Hap plugin register hook end...
[2026-09-10T16:44:29.463] [DEBUG] debug-file - Plugin build process completed
[2026-09-10T16:44:29.463] [DEBUG] debug-file - hvigorfile, begin to bind custom plugins...
[2026-09-10T16:44:29.463] [DEBUG] debug-file - hvigorfile, no custom plugins were found in D:\HW\testproject\complete\4\entry\hvigorfile.ts
[2026-09-10T16:44:29.464] [DEBUG] debug-file - hvigorfile, resolve finished D:\HW\testproject\complete\4\entry\hvigorfile.ts
[2026-09-10T16:44:29.506] [DEBUG] debug-file - hvigorfile, resolve hvigorfile dependencies in 43 ms 
[2026-09-10T16:44:29.507] [DEBUG] debug-file - project has submodules:entry
[2026-09-10T16:44:29.509] [DEBUG] debug-file - start to load updatedOhPackageInfo to the disk
[2026-09-10T16:44:29.514] [DEBUG] debug-file - load to the disk finished
[2026-09-10T16:44:29.516] [DEBUG] debug-file - Start to initialize dependency information.
[2026-09-10T16:44:29.523] [DEBUG] debug-file - Module 4 Collected Dependency: 
[2026-09-10T16:44:29.523] [DEBUG] debug-file - Module 4's total dependency: 0
[2026-09-10T16:44:29.524] [DEBUG] debug-file - Start to initialize dependency information.
[2026-09-10T16:44:29.529] [DEBUG] debug-file - Module entry Collected Dependency: 
[2026-09-10T16:44:29.529] [DEBUG] debug-file - Module entry's total dependency: 0
[2026-09-10T16:44:29.534] [DEBUG] debug-file - Configuration phase cost:195 ms 
[2026-09-10T16:44:29.539] [DEBUG] debug-file - Configuration task cost before running: 220 ms 
[2026-09-10T16:44:29.540] [DEBUG] debug-file - Executing task :entry:init
[2026-09-10T16:44:29.544] [DEBUG] debug-file - entry : init cost memory 0.01934814453125
[2026-09-10T16:44:29.546] [DEBUG] debug-file - runTaskFromQueue task cost before running: 227 ms 
[2026-09-10T16:44:29.547] [INFO] debug-file - Finished :entry:init... after 7 ms 
[2026-09-10T16:44:29.547] [DEBUG] debug-file - Executing task ::init
[2026-09-10T16:44:29.549] [DEBUG] debug-file - 4 : init cost memory 0.01416015625
[2026-09-10T16:44:29.550] [DEBUG] debug-file - runTaskFromQueue task cost before running: 231 ms 
[2026-09-10T16:44:29.551] [INFO] debug-file - Finished ::init... after 3 ms 
[2026-09-10T16:44:29.562] [DEBUG] debug-file - Obtain build option for module 'entry' target 'default'in this build.
[2026-09-10T16:44:29.564] [DEBUG] debug-file - Obtain build option for module 'entry' target 'ohosTest'in this build.
[2026-09-10T16:44:29.577] [DEBUG] debug-file - hvigor build process will be closed.
[2026-09-10T16:44:29.622] [DEBUG] debug-file - session manager: send message to worker process. WorkerThreadId: 0, data: {"type":"hvigor_failed","reason":"Server has disconnected."}
[2026-09-10T16:44:29.626] [DEBUG] debug-file - session manager: send message to worker process. WorkerThreadId: 0, data: {"type":"CloseWatch","reason":"Server has disconnected."}
[2026-09-10T16:44:29.655] [DEBUG] debug-file - watch worker: worker id should be larger than 0. Nothing will be sent to any worker thread.
[2026-09-10T16:44:29.656] [DEBUG] debug-file - ABORT_WORK sent to workers.
[2026-09-10T16:44:29.662] [DEBUG] debug-file - watch worker: worker id should be larger than 0. Nothing will be sent to any worker thread.
[2026-09-10T16:52:38.672] [DEBUG] debug-file - session manager: set active socket. socketId=XlfuNGwrsbBaO7q_AAAH
[2026-09-10T16:52:38.737] [DEBUG] debug-file - watch worker: worker id should be larger than 0. Nothing will be sent to any worker thread.
[2026-09-10T16:52:38.754] [DEBUG] debug-file - Workers' log level updated to INFO
[2026-09-10T16:52:38.762] [DEBUG] debug-file - Hvigor init with startParameters:{
  hvigorfileTypeCheck: false,
  parallelExecution: true,
  incrementalExecution: true,
  printStackTrace: false,
  daemon: true,
  analyze: 0,
  logLevel: Level { level: 20000, levelStr: 'INFO', colour: 'green' },
  optimizationStrategy: 'memory',
  hotCompile: undefined,
  hotReloadBuild: undefined,
  customizedParam: undefined
}
[2026-09-10T16:52:38.776] [DEBUG] debug-file - Cache service initialization finished in 14 ms 
[2026-09-10T16:52:38.777] [DEBUG] debug-file - hvigorfile, resolving D:\HW\testproject\complete\4\hvigorfile.ts
[2026-09-10T16:52:38.790] [DEBUG] debug-file - hvigorfile, require result:  { default: { plugins: [] } }
[2026-09-10T16:52:38.791] [DEBUG] debug-file - hvigorfile, binding system plugins null
[2026-09-10T16:52:38.791] [DEBUG] debug-file - Starting plugin build process
[2026-09-10T16:52:38.791] [DEBUG] debug-file - App plugin prepare start...
[2026-09-10T16:52:38.791] [DEBUG] debug-file - App plugin prepare end...
[2026-09-10T16:52:38.791] [DEBUG] debug-file - App plugin creating...
[2026-09-10T16:52:38.812] [DEBUG] debug-file - App plugin register hook start...
[2026-09-10T16:52:38.813] [DEBUG] debug-file - App plugin register hook end...
[2026-09-10T16:52:38.813] [DEBUG] debug-file - Plugin build process completed
[2026-09-10T16:52:38.813] [DEBUG] debug-file - Start initialize project's product build option map with build mode debug.
[2026-09-10T16:52:38.813] [DEBUG] debug-file - Picking option from product 'default' with build mode 'debug'.
[2026-09-10T16:52:38.814] [DEBUG] debug-file - Product 'default' build option initialized
[2026-09-10T16:52:38.814] [DEBUG] debug-file - End initialize project's product build option map with build mode 'debug'.
[2026-09-10T16:52:38.815] [DEBUG] debug-file - Obtain build option for product 'default'in this build.
[2026-09-10T16:52:38.821] [DEBUG] debug-file - No signingConfig found, initRemoteHspCache failed.
[2026-09-10T16:52:38.824] [DEBUG] debug-file - Start recording SDK configuration permission data.
[2026-09-10T16:52:38.900] [DEBUG] debug-file - Sdk init in 78 ms 
[2026-09-10T16:52:38.908] [DEBUG] debug-file - Project task initialization takes 8 ms 
[2026-09-10T16:52:38.908] [DEBUG] debug-file - hvigorfile, begin to bind custom plugins...
[2026-09-10T16:52:38.908] [DEBUG] debug-file - hvigorfile, no custom plugins were found in D:\HW\testproject\complete\4\hvigorfile.ts
[2026-09-10T16:52:38.908] [DEBUG] debug-file - hvigorfile, resolve finished D:\HW\testproject\complete\4\hvigorfile.ts
[2026-09-10T16:52:38.909] [DEBUG] debug-file - hvigorfile, resolving D:\HW\testproject\complete\4\entry\hvigorfile.ts
[2026-09-10T16:52:38.930] [DEBUG] debug-file - hvigorfile, require result:  { default: { plugins: [] } }
[2026-09-10T16:52:38.930] [DEBUG] debug-file - hvigorfile, binding system plugins null
[2026-09-10T16:52:38.931] [DEBUG] debug-file - Starting plugin build process
[2026-09-10T16:52:38.931] [DEBUG] debug-file - Hap plugin creating...
[2026-09-10T16:52:38.934] [DEBUG] debug-file - failed to load cangjie to dynamically generate schemas: Error: Cannot find module '@ohos/cangjie-build-support/index'
Require stack:
- E:\DevEco Studio\tools\hvigor\hvigor-ohos-plugin\src\plugin\hooks\cangjie-register.js
- E:\DevEco Studio\tools\hvigor\hvigor-ohos-plugin\src\plugin\strategy\stage-init-strategy.js
- E:\DevEco Studio\tools\hvigor\hvigor-ohos-plugin\src\plugin\builder\abstract-plugin-builder.js
- E:\DevEco Studio\tools\hvigor\hvigor-ohos-plugin\src\plugin\builder\app-plugin-builder.js
- E:\DevEco Studio\tools\hvigor\hvigor-ohos-plugin\src\plugin\factory\plugin-factory.js
- E:\DevEco Studio\tools\hvigor\hvigor-ohos-plugin\index.js
- D:\HW\testproject\complete\4\hvigorfile.ts
- E:\DevEco Studio\tools\hvigor\hvigor\src\base\internal\lifecycle\configuration.js
- E:\DevEco Studio\tools\hvigor\hvigor\src\base\boot\index.js
- E:\DevEco Studio\tools\hvigor\hvigor\src\base\daemon\cluster\worker-process-lifecycle.js
- E:\DevEco Studio\tools\hvigor\hvigor\src\base\daemon\process\daemon-process-boot-script.js
[2026-09-10T16:52:38.941] [DEBUG] debug-file - Start initialize module-target build option map, moduleName=entry, buildMode=debug
[2026-09-10T16:52:38.941] [DEBUG] debug-file - Target 'default' config initialized
[2026-09-10T16:52:38.941] [DEBUG] debug-file - Target 'ohosTest' config initialized
[2026-09-10T16:52:38.942] [DEBUG] debug-file - Module 'entry' target 'default' build option initialized
[2026-09-10T16:52:38.942] [DEBUG] debug-file - Module 'entry' target 'ohosTest' build option initialized
[2026-09-10T16:52:38.942] [DEBUG] debug-file - End initialize module-target build option map, moduleName=entry
[2026-09-10T16:52:38.942] [DEBUG] debug-file - Start initialize module-target build option map, moduleName=entry, buildMode=release
[2026-09-10T16:52:38.942] [DEBUG] debug-file - Target 'default' config initialized
[2026-09-10T16:52:38.944] [DEBUG] debug-file - Target 'ohosTest' config initialized
[2026-09-10T16:52:38.944] [DEBUG] debug-file - Module 'entry' target 'default' build option initialized
[2026-09-10T16:52:38.944] [DEBUG] debug-file - Module 'entry' target 'ohosTest' build option initialized
[2026-09-10T16:52:38.945] [DEBUG] debug-file - End initialize module-target build option map, moduleName=entry
[2026-09-10T16:52:38.945] [DEBUG] debug-file - Start initialize module-target build option map, moduleName=entry, buildMode=debug
[2026-09-10T16:52:38.945] [DEBUG] debug-file - Target 'default' config initialized
[2026-09-10T16:52:38.946] [DEBUG] debug-file - Target 'ohosTest' config initialized
[2026-09-10T16:52:38.946] [DEBUG] debug-file - Module 'entry' target 'default' build option initialized
[2026-09-10T16:52:38.946] [DEBUG] debug-file - Module 'entry' target 'ohosTest' build option initialized
[2026-09-10T16:52:38.947] [DEBUG] debug-file - End initialize module-target build option map, moduleName=entry
[2026-09-10T16:52:38.947] [DEBUG] debug-file - Obtain build option for module 'entry' target 'default'in this build.
[2026-09-10T16:52:38.954] [DEBUG] debug-file - Module entry task initialization takes 6 ms 
[2026-09-10T16:52:38.955] [DEBUG] debug-file - Hap plugin register hook start...
[2026-09-10T16:52:38.955] [DEBUG] debug-file - Hap plugin register hook end...
[2026-09-10T16:52:38.955] [DEBUG] debug-file - Plugin build process completed
[2026-09-10T16:52:38.955] [DEBUG] debug-file - hvigorfile, begin to bind custom plugins...
[2026-09-10T16:52:38.956] [DEBUG] debug-file - hvigorfile, no custom plugins were found in D:\HW\testproject\complete\4\entry\hvigorfile.ts
[2026-09-10T16:52:38.956] [DEBUG] debug-file - hvigorfile, resolve finished D:\HW\testproject\complete\4\entry\hvigorfile.ts
[2026-09-10T16:52:39.110] [DEBUG] debug-file - hvigorfile, resolve hvigorfile dependencies in 154 ms 
[2026-09-10T16:52:39.111] [DEBUG] debug-file - project has submodules:entry
[2026-09-10T16:52:39.116] [DEBUG] debug-file - start to load updatedOhPackageInfo to the disk
[2026-09-10T16:52:39.126] [DEBUG] debug-file - load to the disk finished
[2026-09-10T16:52:39.130] [DEBUG] debug-file - Start to initialize dependency information.
[2026-09-10T16:52:39.150] [DEBUG] debug-file - Module 4 Collected Dependency: 
[2026-09-10T16:52:39.151] [DEBUG] debug-file - Module 4's total dependency: 0
[2026-09-10T16:52:39.152] [DEBUG] debug-file - Start to initialize dependency information.
[2026-09-10T16:52:39.163] [DEBUG] debug-file - Module entry Collected Dependency: 
[2026-09-10T16:52:39.163] [DEBUG] debug-file - Module entry's total dependency: 0
[2026-09-10T16:52:39.173] [DEBUG] debug-file - Configuration phase cost:397 ms 
[2026-09-10T16:52:39.182] [DEBUG] debug-file - Configuration task cost before running: 427 ms 
[2026-09-10T16:52:39.230] [DEBUG] debug-file - Executing task :entry:default@PreBuild
[2026-09-10T16:52:39.243] [DEBUG] debug-file - Task 'entry:default@PreBuild' cost while wrapping incremental declarations: 1 ms 
[2026-09-10T16:52:39.267] [DEBUG] debug-file - entry:default@PreBuild is not up-to-date, since the task snapshots are different.
[2026-09-10T16:52:39.267] [DEBUG] debug-file - Incremental task entry:default@PreBuild pre-execution cost: 19 ms .
[2026-09-10T16:52:39.287] [DEBUG] debug-file - current product is not Atomic service.
[2026-09-10T16:52:39.290] [DEBUG] debug-file - Use tool [win32: JAVA_HOME, CLASSPATH]
 [ { JAVA_HOME: 'E:\\Java\\jdk-21.0.11' }, { CLASSPATH: undefined } ]
[2026-09-10T16:52:39.291] [DEBUG] debug-file - Use tool [win32: NODE_HOME]
 [ { NODE_HOME: undefined } ]
[2026-09-10T16:52:39.292] [DEBUG] debug-file - entry : default@PreBuild cost memory 0.8274917602539062
[2026-09-10T16:52:39.293] [DEBUG] debug-file - runTaskFromQueue task cost before running: 538 ms 
[2026-09-10T16:52:39.305] [INFO] debug-file - Finished :entry:default@PreBuild... after 63 ms 
[2026-09-10T16:52:39.308] [DEBUG] debug-file - Executing task :entry:default@CreateModuleInfo
[2026-09-10T16:52:39.309] [DEBUG] debug-file - Task 'entry:default@CreateModuleInfo' cost while wrapping incremental declarations: 1 ms 
[2026-09-10T16:52:39.310] [DEBUG] debug-file - entry : default@CreateModuleInfo cost memory 0.040771484375
[2026-09-10T16:52:39.311] [DEBUG] debug-file - runTaskFromQueue task cost before running: 556 ms 
[2026-09-10T16:52:39.312] [INFO] debug-file - Finished :entry:default@CreateModuleInfo... after 3 ms 
[2026-09-10T16:52:39.315] [DEBUG] debug-file - Executing task :entry:default@GenerateMetadata
[2026-09-10T16:52:39.316] [DEBUG] debug-file - Task 'entry:default@GenerateMetadata' cost while wrapping incremental declarations: 1 ms 
[2026-09-10T16:52:39.320] [DEBUG] debug-file - Incremental task entry:default@GenerateMetadata pre-execution cost: 3 ms .
[2026-09-10T16:52:39.321] [DEBUG] debug-file - entry : default@GenerateMetadata cost memory 0.08089447021484375
[2026-09-10T16:52:39.321] [INFO] debug-file - UP-TO-DATE :entry:default@GenerateMetadata...  
[2026-09-10T16:52:39.324] [DEBUG] debug-file - Executing task :entry:default@ConfigureCmake
[2026-09-10T16:52:39.325] [DEBUG] debug-file - entry : default@ConfigureCmake cost memory 0.01450347900390625
[2026-09-10T16:52:39.326] [DEBUG] debug-file - runTaskFromQueue task cost before running: 571 ms 
[2026-09-10T16:52:39.326] [INFO] debug-file - Finished :entry:default@ConfigureCmake... after 2 ms 
[2026-09-10T16:52:39.330] [DEBUG] debug-file - Executing task :entry:default@MergeProfile
[2026-09-10T16:52:39.330] [DEBUG] debug-file - Task 'entry:default@MergeProfile' cost while wrapping incremental declarations: 1 ms 
[2026-09-10T16:52:39.336] [DEBUG] debug-file - Incremental task entry:default@MergeProfile pre-execution cost: 5 ms .
[2026-09-10T16:52:39.336] [DEBUG] debug-file - entry : default@MergeProfile cost memory 0.12859344482421875
[2026-09-10T16:52:39.337] [INFO] debug-file - UP-TO-DATE :entry:default@MergeProfile...  
[2026-09-10T16:52:39.340] [DEBUG] debug-file - Executing task :entry:default@CreateBuildProfile
[2026-09-10T16:52:39.342] [DEBUG] debug-file - Task 'entry:default@CreateBuildProfile' cost while wrapping incremental declarations: 2 ms 
[2026-09-10T16:52:39.347] [DEBUG] debug-file - Incremental task entry:default@CreateBuildProfile pre-execution cost: 4 ms .
[2026-09-10T16:52:39.347] [DEBUG] debug-file - entry : default@CreateBuildProfile cost memory 0.09808349609375
[2026-09-10T16:52:39.348] [INFO] debug-file - UP-TO-DATE :entry:default@CreateBuildProfile...  
[2026-09-10T16:52:39.351] [DEBUG] debug-file - Executing task :entry:default@PreCheckSyscap
[2026-09-10T16:52:39.351] [DEBUG] debug-file - entry : default@PreCheckSyscap cost memory 0.0147552490234375
[2026-09-10T16:52:39.352] [DEBUG] debug-file - runTaskFromQueue task cost before running: 597 ms 
[2026-09-10T16:52:39.353] [INFO] debug-file - Finished :entry:default@PreCheckSyscap... after 2 ms 
[2026-09-10T16:52:39.356] [DEBUG] debug-file - Executing task :entry:default@GeneratePkgContextInfo
[2026-09-10T16:52:39.365] [DEBUG] debug-file - Task 'entry:default@GeneratePkgContextInfo' cost while wrapping incremental declarations: 1 ms 
[2026-09-10T16:52:39.368] [DEBUG] debug-file - Incremental task entry:default@GeneratePkgContextInfo pre-execution cost: 2 ms .
[2026-09-10T16:52:39.368] [DEBUG] debug-file - entry : default@GeneratePkgContextInfo cost memory 0.1930694580078125
[2026-09-10T16:52:39.368] [INFO] debug-file - UP-TO-DATE :entry:default@GeneratePkgContextInfo...  
[2026-09-10T16:52:39.372] [DEBUG] debug-file - Executing task :entry:default@GeneratePkgSdkInfo
[2026-09-10T16:52:39.377] [DEBUG] debug-file - Task 'entry:default@GeneratePkgSdkInfo' cost while wrapping incremental declarations: 1 ms 
[2026-09-10T16:52:39.379] [DEBUG] debug-file - entry : default@GeneratePkgSdkInfo cost memory 0.2400665283203125
[2026-09-10T16:52:39.379] [DEBUG] debug-file - runTaskFromQueue task cost before running: 624 ms 
[2026-09-10T16:52:39.379] [INFO] debug-file - Finished :entry:default@GeneratePkgSdkInfo... after 8 ms 
[2026-09-10T16:52:39.389] [DEBUG] debug-file - Executing task :entry:default@ProcessIntegratedHsp
[2026-09-10T16:52:39.391] [DEBUG] debug-file - entry:default@ProcessIntegratedHsp is not up-to-date, since the output file 'D:\HW\testproject\complete\4\build\cache\default\integrated_hsp\integratedHspCache.json' does not exist.
[2026-09-10T16:52:39.392] [DEBUG] debug-file - Incremental task entry:default@ProcessIntegratedHsp pre-execution cost: 2 ms .
[2026-09-10T16:52:39.392] [DEBUG] debug-file - entry : default@ProcessIntegratedHsp cost memory 0.057525634765625
[2026-09-10T16:52:39.392] [DEBUG] debug-file - runTaskFromQueue task cost before running: 638 ms 
[2026-09-10T16:52:39.393] [INFO] debug-file - Finished :entry:default@ProcessIntegratedHsp... after 4 ms 
[2026-09-10T16:52:39.396] [DEBUG] debug-file - Executing task :entry:default@BuildNativeWithCmake
[2026-09-10T16:52:39.396] [DEBUG] debug-file - entry : default@BuildNativeWithCmake cost memory 0.014556884765625
[2026-09-10T16:52:39.397] [DEBUG] debug-file - runTaskFromQueue task cost before running: 642 ms 
[2026-09-10T16:52:39.397] [INFO] debug-file - Finished :entry:default@BuildNativeWithCmake... after 1 ms 
[2026-09-10T16:52:39.399] [DEBUG] debug-file - Executing task :entry:default@MakePackInfo
[2026-09-10T16:52:39.409] [DEBUG] debug-file - Incremental task entry:default@MakePackInfo pre-execution cost: 8 ms .
[2026-09-10T16:52:39.409] [DEBUG] debug-file - entry : default@MakePackInfo cost memory 0.119384765625
[2026-09-10T16:52:39.412] [INFO] debug-file - UP-TO-DATE :entry:default@MakePackInfo...  
[2026-09-10T16:52:39.415] [DEBUG] debug-file - Executing task :entry:default@SyscapTransform
[2026-09-10T16:52:39.416] [DEBUG] debug-file - File: 'D:\HW\testproject\complete\4\entry\src\main\syscap.json' from 'sysCapJsonPath' is not exists, just ignore.
[2026-09-10T16:52:39.418] [DEBUG] debug-file - Task 'entry:default@SyscapTransform' cost while wrapping incremental declarations: 2 ms 
[2026-09-10T16:52:39.423] [DEBUG] debug-file - entry:default@SyscapTransform is not up-to-date, since the output file 'D:\HW\testproject\complete\4\entry\build\default\intermediates\syscap\default\rpcid.sc' does not exist.
[2026-09-10T16:52:39.423] [DEBUG] debug-file - Incremental task entry:default@SyscapTransform pre-execution cost: 6 ms .
[2026-09-10T16:52:39.424] [DEBUG] debug-file - entry : default@SyscapTransform cost memory 0.1159515380859375
[2026-09-10T16:52:39.424] [DEBUG] debug-file - runTaskFromQueue task cost before running: 670 ms 
[2026-09-10T16:52:39.425] [INFO] debug-file - Finished :entry:default@SyscapTransform... after 9 ms 
[2026-09-10T16:52:39.428] [DEBUG] debug-file - Executing task :entry:default@ProcessProfile
[2026-09-10T16:52:39.433] [DEBUG] debug-file - Task 'entry:default@ProcessProfile' cost while wrapping incremental declarations: 1 ms 
[2026-09-10T16:52:39.437] [DEBUG] debug-file - Incremental task entry:default@ProcessProfile pre-execution cost: 4 ms .
[2026-09-10T16:52:39.437] [DEBUG] debug-file - entry : default@ProcessProfile cost memory 0.13053131103515625
[2026-09-10T16:52:39.438] [INFO] debug-file - UP-TO-DATE :entry:default@ProcessProfile...  
[2026-09-10T16:52:39.440] [DEBUG] debug-file - Executing task :entry:default@ProcessRouterMap
[2026-09-10T16:52:39.447] [DEBUG] debug-file - Incremental task entry:default@ProcessRouterMap pre-execution cost: 5 ms .
[2026-09-10T16:52:39.447] [DEBUG] debug-file - entry : default@ProcessRouterMap cost memory 0.13187408447265625
[2026-09-10T16:52:39.449] [INFO] debug-file - UP-TO-DATE :entry:default@ProcessRouterMap...  
[2026-09-10T16:52:39.452] [DEBUG] debug-file - Executing task :entry:default@ProcessShareConfig
[2026-09-10T16:52:39.457] [DEBUG] debug-file - Incremental task entry:default@ProcessShareConfig pre-execution cost: 4 ms .
[2026-09-10T16:52:39.457] [DEBUG] debug-file - entry : default@ProcessShareConfig cost memory 0.11377716064453125
[2026-09-10T16:52:39.458] [INFO] debug-file - UP-TO-DATE :entry:default@ProcessShareConfig...  
[2026-09-10T16:52:39.460] [DEBUG] debug-file - Executing task :entry:default@ProcessStartupConfig
[2026-09-10T16:52:39.460] [DEBUG] debug-file - Task 'entry:default@ProcessStartupConfig' cost while wrapping incremental declarations: 1 ms 
[2026-09-10T16:52:39.462] [DEBUG] debug-file - entry:default@ProcessStartupConfig is not up-to-date, since the output file 'D:\HW\testproject\complete\4\entry\build\default\intermediates\startup\default\startup_config.json' does not exist.
[2026-09-10T16:52:39.463] [DEBUG] debug-file - Incremental task entry:default@ProcessStartupConfig pre-execution cost: 2 ms .
[2026-09-10T16:52:39.464] [DEBUG] debug-file - entry : default@ProcessStartupConfig cost memory 0.11429595947265625
[2026-09-10T16:52:39.465] [DEBUG] debug-file - runTaskFromQueue task cost before running: 710 ms 
[2026-09-10T16:52:39.466] [INFO] debug-file - Finished :entry:default@ProcessStartupConfig... after 5 ms 
[2026-09-10T16:52:39.473] [DEBUG] debug-file - Executing task :entry:default@BuildNativeWithNinja
[2026-09-10T16:52:39.474] [DEBUG] debug-file - entry : default@BuildNativeWithNinja cost memory 0.0193939208984375
[2026-09-10T16:52:39.475] [DEBUG] debug-file - runTaskFromQueue task cost before running: 720 ms 
[2026-09-10T16:52:39.476] [INFO] debug-file - Finished :entry:default@BuildNativeWithNinja... after 2 ms 
[2026-09-10T16:52:39.480] [DEBUG] debug-file - restool module names: entry; moduleName=entry, taskName=default@ProcessResource
[2026-09-10T16:52:39.485] [DEBUG] debug-file - Executing task :entry:default@ProcessResource
[2026-09-10T16:52:39.486] [DEBUG] debug-file - Task 'entry:default@ProcessResource' cost while wrapping incremental declarations: 1 ms 
[2026-09-10T16:52:39.489] [DEBUG] debug-file - Incremental task entry:default@ProcessResource pre-execution cost: 3 ms .
[2026-09-10T16:52:39.489] [DEBUG] debug-file - entry : default@ProcessResource cost memory 0.11959075927734375
[2026-09-10T16:52:39.494] [INFO] debug-file - UP-TO-DATE :entry:default@ProcessResource...  
[2026-09-10T16:52:39.498] [DEBUG] debug-file - Executing task :entry:default@GenerateLoaderJson
[2026-09-10T16:52:39.501] [DEBUG] debug-file - Task 'entry:default@GenerateLoaderJson' cost while wrapping incremental declarations: 1 ms 
[2026-09-10T16:52:39.530] [DEBUG] debug-file - entry:default@GenerateLoaderJson is not up-to-date, since the task snapshots are different.
[2026-09-10T16:52:39.530] [DEBUG] debug-file - Incremental task entry:default@GenerateLoaderJson pre-execution cost: 15 ms .
[2026-09-10T16:52:39.541] [DEBUG] debug-file - entry : default@GenerateLoaderJson cost memory 0.5179824829101562
[2026-09-10T16:52:39.542] [DEBUG] debug-file - runTaskFromQueue task cost before running: 787 ms 
[2026-09-10T16:52:39.548] [INFO] debug-file - Finished :entry:default@GenerateLoaderJson... after 44 ms 
[2026-09-10T16:52:39.550] [DEBUG] debug-file - Executing task :entry:default@ProcessLibs
[2026-09-10T16:52:39.551] [DEBUG] debug-file - Task 'entry:default@ProcessLibs' cost while wrapping incremental declarations: 1 ms 
[2026-09-10T16:52:39.555] [DEBUG] debug-file - Incremental task entry:default@ProcessLibs pre-execution cost: 3 ms .
[2026-09-10T16:52:39.555] [DEBUG] debug-file - entry : default@ProcessLibs cost memory 0.10616302490234375
[2026-09-10T16:52:39.557] [INFO] debug-file - UP-TO-DATE :entry:default@ProcessLibs...  
[2026-09-10T16:52:39.560] [DEBUG] debug-file - restool module names: entry; moduleName=entry, taskName=default@CompileResource
[2026-09-10T16:52:39.560] [DEBUG] debug-file - Executing task :entry:default@CompileResource
[2026-09-10T16:52:39.589] [DEBUG] debug-file - Incremental task entry:default@CompileResource pre-execution cost: 27 ms .
[2026-09-10T16:52:39.590] [DEBUG] debug-file - entry : default@CompileResource cost memory -2.4088287353515625
[2026-09-10T16:52:39.592] [INFO] debug-file - UP-TO-DATE :entry:default@CompileResource...  
[2026-09-10T16:52:39.595] [DEBUG] debug-file - Executing task :entry:default@DoNativeStrip
[2026-09-10T16:52:39.595] [DEBUG] debug-file - File: 'D:\HW\testproject\complete\4\entry\build\default\intermediates\binxo\default' from 'doBinxoNativeLibs' is not exists, just ignore.
[2026-09-10T16:52:39.596] [DEBUG] debug-file - Task 'entry:default@DoNativeStrip' cost while wrapping incremental declarations: 1 ms 
[2026-09-10T16:52:39.598] [DEBUG] debug-file - Incremental task entry:default@DoNativeStrip pre-execution cost: 2 ms .
[2026-09-10T16:52:39.598] [DEBUG] debug-file - entry : default@DoNativeStrip cost memory 0.0740509033203125
[2026-09-10T16:52:39.600] [INFO] debug-file - UP-TO-DATE :entry:default@DoNativeStrip...  
[2026-09-10T16:52:39.604] [DEBUG] debug-file - Executing task :entry:default@CompileArkTS
[2026-09-10T16:52:39.605] [DEBUG] debug-file - obfuscationOptions: undefined
[2026-09-10T16:52:39.608] [DEBUG] debug-file - Task 'entry:default@CompileArkTS' cost while wrapping incremental declarations: 1 ms 
[2026-09-10T16:52:39.629] [DEBUG] debug-file - entry:default@CompileArkTS is not up-to-date, since the input file 'D:\HW\testproject\complete\4\entry\build\default\intermediates\loader\default' has been changed.
[2026-09-10T16:52:39.629] [DEBUG] debug-file - Incremental task entry:default@CompileArkTS pre-execution cost: 15 ms .
[2026-09-10T16:52:39.674] [DEBUG] debug-file - build config:
[2026-09-10T16:52:39.675] [DEBUG] debug-file - {
  moduleType: 'entry',
  perf: 0,
  targetName: '.default',
  packageManagerType: 'ohpm',
  localPropertiesPath: 'D:\\HW\\testproject\\complete\\4\\local.properties',
  isPreview: false,
  isOhosTest: false,
  isLocalTest: false,
  buildMode: 'Debug',
  hotReloadBuild: undefined,
  watchMode: 'false',
  aceProfilePath: 'D:\\HW\\testproject\\complete\\4\\entry\\build\\default\\intermediates\\res\\default\\resources\\base\\profile',
  etsLoaderPath: 'E:\\DevEco Studio\\sdk\\default\\openharmony\\ets\\build-tools\\ets-loader',
  modulePath: 'D:\\HW\\testproject\\complete\\4\\entry',
  testFrameworkPar: {
    testMode: undefined,
    coveragePathFilter: undefined,
    coverageMode: undefined
  },
  needCoverageInsert: false,
  debugLine: false,
  projectTopDir: 'D:\\HW\\testproject\\complete\\4',
  compileSdkVersion: 26,
  compatibleSdkVersion: 26,
  originCompatibleSdkVersion: '26.0.0',
  compatibleSdkVersionStage: undefined,
  bundleName: 'c***p',
  etsLoaderVersion: '26.0.0.105',
  etsLoaderReleaseType: 'Release',
  aotCompileMode: 'type',
  apPath: 'D:\\HW\\testproject\\complete\\4\\entry\\modules.ap',
  entryModuleName: 'entry',
  entryModuleVersion: '1.0.0',
  entryPackageName: 'entry',
  allModuleNameHash: '30e07d57c30f75288c09608296ed8ed07fc604f1881982510ff25b77cb397b11',
  externalApiPaths: [ 'E:\\DevEco Studio\\sdk\\default\\hms\\ets' ],
  compilerTypes: [],
  isCrossplatform: false,
  hvigorPluginFile: undefined,
  compilePluginPath: undefined,
  buildGeneratedProfilePath: 'D:\\HW\\testproject\\complete\\4\\entry\\build\\default\\generated\\profile\\default',
  bundleType: 'app',
  arkTSVersion: undefined,
  apiVersion: 26,
  needCompleteSourcesMap: false,
  isFaMode: false,
  buildDir: 'D:\\HW\\testproject\\complete\\4\\entry\\build',
  buildCacheProjectDir: 'D:\\HW\\testproject\\complete\\4',
  deviceTypes: [ 'phone' ],
  pkgContextInfo: {
    '@ohos/hypium': {
      packageName: '@ohos/hypium',
      bundleName: '*****',
      moduleName: '',
      version: '1.0.24',
      entryPath: 'index.js',
      isSO: false,
      dependencyAlias: ''
    },
    '@ohos/hamock': {
      packageName: '@ohos/hamock',
      bundleName: '*****',
      moduleName: '',
      version: '1.0.0',
      entryPath: 'index.ets',
      isSO: false,
      dependencyAlias: ''
    },
    entry: {
      packageName: 'entry',
      bundleName: '*****',
      moduleName: '',
      version: '',
      entryPath: 'src/main/',
      isSO: false,
      dependencyAlias: ''
    }
  },
  ohPackagePathMap: {},
  dependencyAliasMap: {},
  permission: { requestPermissions: undefined, definePermissions: undefined },
  useGetCurrentBundleName: false,
  projectArkOption: undefined,
  sourceMapDir: undefined,
  branchElimination: false,
  transformLib: undefined,
  tsImportSendable: false,
  resolveConflictMode: true,
  depName2RootPath: {},
  depName2DepInfo: {},
  depName2OhExports: {},
  rootPathSet: [ 'D:\\HW\\testproject\\complete\\4' ],
  useNativeResolver: true,
  shouldEmitJs: true,
  useUnifiedAst: false,
  useTscResolve: false,
  singleFileEmit: false,
  userProjectConfig: {
    autoLazyImport: false,
    allowEmptyBundleName: false,
    reExportCheckMode: 'noCheck',
    executionMode: 'memory',
    usePathPlaceholder: false,
    writeRollupCache: true,
    isExpandImportEnabled: false,
    expandImportExclude: '',
    lazyImportExclude: '',
    lazyImportInclude: '',
    ignoreCrossplatformCheck: false,
    isHarDeduplicateEnabled: false,
    skipOhModulesLint: false,
    enableStrictCheckOHModule: false,
    disableSendableCheckRules: [],
    useDeclarationFileSignature: false,
    customizedOptions: undefined,
    integratedHsp: false,
    tsImportSoCheck: false,
    isPreloadSoEnabled: false
  },
  executionMode: 'memory',
  arkCompileCachePath: 'D:\\HW\\testproject\\complete\\4\\entry\\build\\default\\cache\\default\\default@CompileArkTS\\esmodule',
  autoLazyFilter: undefined,
  isHarDeduplicateEnabled: false,
  intermediateHarDuplicateDirPath: 'D:\\HW\\testproject\\complete\\4\\entry\\build\\default\\intermediates\\har_duplicate\\default',
  autoLazyImport: false,
  allowEmptyBundleName: false,
  reExportCheckMode: 'noCheck',
  usePathPlaceholder: false,
  writeRollupCache: true,
  isExpandImportEnabled: false,
  expandImportExclude: '',
  lazyImportExclude: '',
  lazyImportInclude: '',
  ignoreCrossplatformCheck: false,
  skipOhModulesLint: false,
  enableStrictCheckOHModule: false,
  disableSendableCheckRules: [],
  useDeclarationFileSignature: false,
  customizedOptions: undefined,
  integratedHsp: false,
  tsImportSoCheck: false,
  isPreloadSoEnabled: false,
  strictMode: {
    caseSensitiveCheck: true,
    useNormalizedOHMUrl: true,
    noExternalImportByPath: true
  },
  useNormalizedOHMUrl: true,
  caseSensitiveCheck: true,
  strictCheckerOnly: false,
  aceModuleJsonPath: 'D:\\HW\\testproject\\complete\\4\\entry\\build\\default\\intermediates\\res\\default\\ark_module.json',
  appResource: 'D:\\HW\\testproject\\complete\\4\\entry\\build\\default\\intermediates\\res\\default\\ResourceTable.txt',
  rawFileResource: 'D:\\HW\\testproject\\complete\\4\\entry\\build\\default\\intermediates\\res\\default\\resources\\rawfile',
  resourceTableHash: 'd81a83941c07883d4327563ba2cfe0ac7f68042912820a1577b99d29cbd144cc',
  runtimeOS: 'HarmonyOS',
  sdkInfo: 'false:26:26.0.0.105:Release',
  aceModuleRoot: 'D:\\HW\\testproject\\complete\\4\\entry\\src\\main\\ets',
  compileMode: 'esmodule',
  aceSuperVisualPath: 'D:\\HW\\testproject\\complete\\4\\entry\\src\\main\\supervisual',
  aceBuildJson: 'D:\\HW\\testproject\\complete\\4\\entry\\build\\default\\intermediates\\loader\\default\\loader.json',
  cachePath: 'D:\\HW\\testproject\\complete\\4\\entry\\build\\default\\cache\\default\\default@CompileArkTS\\esmodule\\debug',
  aceModuleBuild: 'D:\\HW\\testproject\\complete\\4\\entry\\build\\default\\intermediates\\loader_out\\default\\ets',
  supportChunks: true,
  declaredFilesPath: undefined,
  shouldCollectDirectImportees: false,
  isByteCodeHarOptimize: false,
  expandImportPath: undefined,
  resourceTableTs: 'D:\\HW\\testproject\\complete\\4\\entry\\build\\default\\generated\\r\\default\\ResourceTable.ts',
  moduleMetaInfoFiles: [
    {
      filePath: 'D:\\HW\\testproject\\complete\\4\\entry\\build\\default\\generated\\r\\default\\ResourceTable.ts',
      ohmurl: '&entry/build/generated/r/ResourceTable&'
    }
  ],
  pkgNameToPkgBriefInfo: {
    entry: {
      pkgRoot: 'D:\\HW\\testproject\\complete\\4\\entry',
      originalSourceRoots: undefined,
      sourceRoots: [Array],
      pkgName: 'entry'
    }
  },
  projectModel: {
    'D:\\HW\\testproject\\complete\\4\\entry\\src\\main': {
      moduleName: 'entry',
      modulePkgPath: 'D:\\HW\\testproject\\complete\\4\\entry',
      belongProjectPath: 'D:\\HW\\testproject\\complete\\4'
    },
    'D:\\HW\\testproject\\complete\\4\\entry\\.test\\default\\intermediates\\src\\ohosTest\\ets': {
      moduleName: 'entry_test',
      modulePkgPath: 'D:\\HW\\testproject\\complete\\4\\entry',
      belongProjectPath: 'D:\\HW\\testproject\\complete\\4'
    },
    'D:\\HW\\testproject\\complete\\4\\entry\\src\\ohosTest': {
      moduleName: 'entry_test',
      modulePkgPath: 'D:\\HW\\testproject\\complete\\4\\entry',
      belongProjectPath: 'D:\\HW\\testproject\\complete\\4'
    },
    'D:\\HW\\testproject\\complete\\4\\entry': {
      moduleName: 'entry',
      modulePkgPath: 'D:\\HW\\testproject\\complete\\4\\entry',
      belongProjectPath: 'D:\\HW\\testproject\\complete\\4'
    },
    'D:\\HW\\testproject\\complete\\4': {
      moduleName: '4',
      modulePkgPath: 'D:\\HW\\testproject\\complete\\4',
      belongProjectPath: 'D:\\HW\\testproject\\complete\\4'
    }
  },
  pkgJsonFileHash: '7ab10e622b876a852aaa87f883a5ca46773dc428b9273d7582651c0540669143',
  allModulePaths: [ 'D:\\HW\\testproject\\complete\\4\\entry' ],
  routerMap: {},
  obfuscationOptions: undefined,
  byteCodeHarToDependencyKeys: undefined,
  compileBlockPkg: [],
  mockParams: {
    decorator: '@MockSetup',
    packageName: '@ohos/hamock',
    etsSourceRootPath: 'src/main/ets',
    mockConfigPath: 'D:\\HW\\testproject\\complete\\4\\entry\\src\\mock\\mock-config.json5',
    mockConfigKey2ModuleInfo: {},
    source2ModuleIdMap: {}
  },
  copyCodeResourceEnable: false,
  copyCodeResourceExcludes: [],
  copyCodeResourceIncludes: undefined,
  uiTransformOptimization: false,
  sdkPath: 'E:/DevEco Studio/sdk',
  needPreloadSoFileSet: {},
  preloadSoFilePath: 'D:\\HW\\testproject\\complete\\4\\entry\\build\\default\\intermediates\\preload\\default\\preload.json',
  useSourceHash: false,
  localModuleParamMap: {},
  otherPaths: {
    'entry/*': [
      '..\\*',
      '..\\..\\..\\build\\default\\generated\\profile\\default\\*'
    ]
  },
  collectImportersConfig: undefined
}
[2026-09-10T16:52:39.677] [DEBUG] debug-file - Compile arkts with external api path: E:\DevEco Studio\sdk\default\hms\ets
[2026-09-10T16:52:39.680] [DEBUG] debug-file - before submitting ArkTS compile task to worker pool, config.buildDir: D:\HW\testproject\complete\4\entry\build
[2026-09-10T16:52:39.681] [DEBUG] debug-file - default@CompileArkTS work[3] is submitted.
[2026-09-10T16:52:39.682] [DEBUG] debug-file - default@CompileArkTS work[3] is pushed to ready queue.
[2026-09-10T16:52:39.682] [DEBUG] debug-file - A work dispatched to worker[15] failed because unable to get work from ready queue.
[2026-09-10T16:52:39.683] [DEBUG] debug-file - A work dispatched to worker[14] failed because unable to get work from ready queue.
[2026-09-10T16:52:39.683] [DEBUG] debug-file - A work dispatched to worker[13] failed because unable to get work from ready queue.
[2026-09-10T16:52:39.683] [DEBUG] debug-file - A work dispatched to worker[12] failed because unable to get work from ready queue.
[2026-09-10T16:52:39.683] [DEBUG] debug-file - A work dispatched to worker[11] failed because unable to get work from ready queue.
[2026-09-10T16:52:39.684] [DEBUG] debug-file - A work dispatched to worker[10] failed because unable to get work from ready queue.
[2026-09-10T16:52:39.684] [DEBUG] debug-file - A work dispatched to worker[9] failed because unable to get work from ready queue.
[2026-09-10T16:52:39.685] [DEBUG] debug-file - A work dispatched to worker[8] failed because unable to get work from ready queue.
[2026-09-10T16:52:39.685] [DEBUG] debug-file - A work dispatched to worker[7] failed because unable to get work from ready queue.
[2026-09-10T16:52:39.685] [DEBUG] debug-file - A work dispatched to worker[6] failed because unable to get work from ready queue.
[2026-09-10T16:52:39.685] [DEBUG] debug-file - A work dispatched to worker[5] failed because unable to get work from ready queue.
[2026-09-10T16:52:39.688] [DEBUG] debug-file - default@CompileArkTS work[3] has been dispatched to worker[4].
[2026-09-10T16:52:39.688] [DEBUG] debug-file - default@CompileArkTS work[3] is dispatched.
[2026-09-10T16:52:39.689] [DEBUG] debug-file - entry : default@CompileArkTS cost memory 1.045623779296875
[2026-09-10T16:52:39.694] [DEBUG] debug-file - Executing task :entry:default@BuildJS
[2026-09-10T16:52:39.695] [DEBUG] debug-file - Task 'entry:default@BuildJS' cost while wrapping incremental declarations: 1 ms 
[2026-09-10T16:52:39.706] [DEBUG] debug-file - entry : default@BuildJS cost memory 0.12195587158203125
[2026-09-10T16:52:39.707] [DEBUG] debug-file - runTaskFromQueue task cost before running: 952 ms 
[2026-09-10T16:52:39.707] [INFO] debug-file - Finished :entry:default@BuildJS... after 13 ms 
[2026-09-10T16:52:39.711] [DEBUG] debug-file - Executing task :entry:default@CacheNativeLibs
[2026-09-10T16:52:39.713] [DEBUG] debug-file - File: 'D:\HW\testproject\complete\4\entry\build\default\intermediates\binxo\default' from 'cacheBinxoNativeLibs' is not exists, just ignore.
[2026-09-10T16:52:39.715] [DEBUG] debug-file - Task 'entry:default@CacheNativeLibs' cost while wrapping incremental declarations: 4 ms 
[2026-09-10T16:52:39.723] [DEBUG] debug-file - Incremental task entry:default@CacheNativeLibs pre-execution cost: 7 ms .
[2026-09-10T16:52:39.723] [DEBUG] debug-file - entry : default@CacheNativeLibs cost memory 0.0885162353515625
[2026-09-10T16:52:39.724] [INFO] debug-file - UP-TO-DATE :entry:default@CacheNativeLibs...  
[2026-09-10T16:52:44.696] [DEBUG] debug-file - Ark compile task finished.finished time is 191186436033700
[2026-09-10T16:52:44.696] [DEBUG] debug-file - worker[4] has one work done.
[2026-09-10T16:52:44.700] [DEBUG] debug-file - default@CompileArkTS work[3] done.
[2026-09-10T16:52:44.705] [INFO] debug-file - Finished :entry:default@CompileArkTS... after 5 s 14 ms 
[2026-09-10T16:52:44.707] [DEBUG] debug-file - Executing task :entry:default@GeneratePkgModuleJson
[2026-09-10T16:52:44.707] [DEBUG] debug-file - File: 'D:\HW\testproject\complete\4\entry\build\default\intermediates\preload\default\preload.json' from 'preloadSoJsonPath' is not exists, just ignore.
[2026-09-10T16:52:44.708] [DEBUG] debug-file - Error occurs while handling @Input 'shouldDeduplicateHar': The "data" argument must be of type string or an instance of Buffer, TypedArray, or DataView. Received undefined
[2026-09-10T16:52:44.708] [DEBUG] debug-file - Task 'entry:default@GeneratePkgModuleJson' cost while wrapping incremental declarations: 1 ms 
[2026-09-10T16:52:44.710] [DEBUG] debug-file - Incremental task entry:default@GeneratePkgModuleJson pre-execution cost: 2 ms .
[2026-09-10T16:52:44.710] [DEBUG] debug-file - entry : default@GeneratePkgModuleJson cost memory 0.08637237548828125
[2026-09-10T16:52:44.710] [INFO] debug-file - UP-TO-DATE :entry:default@GeneratePkgModuleJson...  
[2026-09-10T16:52:44.712] [DEBUG] debug-file - Executing task :entry:default@ProcessCompiledResources
[2026-09-10T16:52:44.713] [DEBUG] debug-file - File: 'D:\HW\testproject\complete\4\entry\build\default\intermediates\preload\default\preload.json' from 'preloadSoJsonPath' is not exists, just ignore.
[2026-09-10T16:52:44.713] [DEBUG] debug-file - Task 'entry:default@ProcessCompiledResources' cost while wrapping incremental declarations: 1 ms 
[2026-09-10T16:52:44.714] [DEBUG] debug-file - entry : default@ProcessCompiledResources cost memory 0.05126190185546875
[2026-09-10T16:52:44.714] [DEBUG] debug-file - runTaskFromQueue task cost before running: 5 s 960 ms 
[2026-09-10T16:52:44.715] [INFO] debug-file - Finished :entry:default@ProcessCompiledResources... after 2 ms 
[2026-09-10T16:52:44.718] [DEBUG] debug-file - Executing task :entry:default@PackageHap
[2026-09-10T16:52:44.732] [DEBUG] debug-file - entry:default@PackageHap is not up-to-date, since the input file 'D:\HW\testproject\complete\4\entry\build\default\intermediates\loader_out\default\ets' has been changed.
[2026-09-10T16:52:44.732] [DEBUG] debug-file - Incremental task entry:default@PackageHap pre-execution cost: 12 ms .
[2026-09-10T16:52:44.735] [DEBUG] debug-file - Use tool [E:\DevEco Studio\sdk\default\openharmony\toolchains\lib\app_packing_tool.jar]
 [
  'java',
  '-Dfile.encoding=GBK',
  '-jar',
  'E:\\DevEco Studio\\sdk\\default\\openharmony\\toolchains\\lib\\app_packing_tool.jar',
  '--mode',
  'hap',
  '--force',
  'true',
  '--lib-path',
  'D:\\HW\\testproject\\complete\\4\\entry\\build\\default\\intermediates\\stripped_native_libs\\default',
  '--json-path',
  'D:\\HW\\testproject\\complete\\4\\entry\\build\\default\\intermediates\\package\\default\\module.json',
  '--resources-path',
  'D:\\HW\\testproject\\complete\\4\\entry\\build\\default\\intermediates\\res\\default\\resources',
  '--index-path',
  'D:\\HW\\testproject\\complete\\4\\entry\\build\\default\\intermediates\\res\\default\\resources.index',
  '--pack-info-path',
  'D:\\HW\\testproject\\complete\\4\\entry\\build\\default\\outputs\\default\\pack.info',
  '--out-path',
  'D:\\HW\\testproject\\complete\\4\\entry\\build\\default\\outputs\\default\\entry-default-unsigned.hap',
  '--ets-path',
  'D:\\HW\\testproject\\complete\\4\\entry\\build\\default\\intermediates\\loader_out\\default\\ets',
  '--pkg-context-path',
  'D:\\HW\\testproject\\complete\\4\\entry\\build\\default\\intermediates\\loader\\default\\pkgContextInfo.json'
]
[2026-09-10T16:52:44.736] [DEBUG] debug-file - default@PackageHap work[4] is submitted.
[2026-09-10T16:52:44.737] [DEBUG] debug-file - default@PackageHap work[4] is pushed to ready queue.
[2026-09-10T16:52:44.737] [DEBUG] debug-file - default@PackageHap work[4] is not dispatched.
[2026-09-10T16:52:44.744] [DEBUG] debug-file - entry : default@PackageHap cost memory 0.36279296875
[2026-09-10T16:52:45.054] [DEBUG] debug-file - A work dispatched to worker[15] failed because unable to get work from ready queue.
[2026-09-10T16:52:45.055] [DEBUG] debug-file - Create  resident worker with id: 14.
[2026-09-10T16:52:45.060] [DEBUG] debug-file - default@PackageHap work[4] has been dispatched to worker[14].
[2026-09-10T16:52:49.098] [DEBUG] debug-file - current process  memoryUsage: {
  rss: 444686336,
  heapTotal: 79380480,
  heapUsed: 50410040,
  external: 3958577,
  arrayBuffers: 18671
} os memoryUsage :15.184188842773438
[2026-09-10T16:52:50.119] [DEBUG] debug-file - worker[14] has one work done.
[2026-09-10T16:52:50.119] [DEBUG] debug-file - default@PackageHap work[4] done.
[2026-09-10T16:52:50.119] [DEBUG] debug-file - A work dispatched to worker[14] failed because unable to get work from ready queue.
[2026-09-10T16:52:50.122] [INFO] debug-file - Finished :entry:default@PackageHap... after 1 s 70 ms 
[2026-09-10T16:52:50.124] [DEBUG] debug-file - Executing task :entry:default@PackingCheck
[2026-09-10T16:52:50.133] [DEBUG] debug-file - entry : default@PackingCheck cost memory 0.3075714111328125
[2026-09-10T16:52:50.133] [DEBUG] debug-file - runTaskFromQueue task cost before running: 11 s 379 ms 
[2026-09-10T16:52:50.134] [INFO] debug-file - Finished :entry:default@PackingCheck... after 10 ms 
[2026-09-10T16:52:50.138] [DEBUG] debug-file - Executing task :entry:default@SignHap
[2026-09-10T16:52:50.140] [WARN] debug-file - Will skip sign 'hos_hap'. No signingConfigs profile is configured in current project.
             If needed, configure the signingConfigs in D:\HW\testproject\complete\4\build-profile.json5.
[2026-09-10T16:52:50.143] [DEBUG] debug-file - entry:default@SignHap is not up-to-date, since the input file 'D:\HW\testproject\complete\4\entry\build\default\outputs\default\entry-default-unsigned.hap' has been changed.
[2026-09-10T16:52:50.144] [DEBUG] debug-file - Incremental task entry:default@SignHap pre-execution cost: 2 ms .
[2026-09-10T16:52:50.144] [DEBUG] debug-file - entry : default@SignHap cost memory 0.0730133056640625
[2026-09-10T16:52:50.145] [DEBUG] debug-file - runTaskFromQueue task cost before running: 11 s 390 ms 
[2026-09-10T16:52:50.145] [INFO] debug-file - Finished :entry:default@SignHap... after 7 ms 
[2026-09-10T16:52:50.147] [DEBUG] debug-file - Executing task :entry:default@CollectDebugSymbol
[2026-09-10T16:52:50.150] [DEBUG] debug-file - entry : default@CollectDebugSymbol cost memory 0.07863616943359375
[2026-09-10T16:52:50.150] [DEBUG] debug-file - runTaskFromQueue task cost before running: 11 s 396 ms 
[2026-09-10T16:52:50.151] [INFO] debug-file - Finished :entry:default@CollectDebugSymbol... after 3 ms 
[2026-09-10T16:52:50.152] [DEBUG] debug-file - Executing task :entry:assembleHap
[2026-09-10T16:52:50.152] [DEBUG] debug-file - entry : assembleHap cost memory 0.014129638671875
[2026-09-10T16:52:50.152] [DEBUG] debug-file - runTaskFromQueue task cost before running: 11 s 398 ms 
[2026-09-10T16:52:50.153] [INFO] debug-file - Finished :entry:assembleHap... after 1 ms 
[2026-09-10T16:52:50.154] [INFO] debug-file - BUILD SUCCESSFUL in 11 s 399 ms 
[2026-09-10T16:52:50.156] [DEBUG] debug-file - Update task entry:default@PreBuild input file:D:\HW\testproject\complete\4\AppScope\app.json5 cache by regenerate.
[2026-09-10T16:52:50.157] [DEBUG] debug-file - Update task entry:default@PreBuild input file:D:\HW\testproject\complete\4\entry\src\main\module.json5 cache by regenerate.
[2026-09-10T16:52:50.158] [DEBUG] debug-file - Update task entry:default@PreBuild input file:D:\HW\testproject\complete\4\build-profile.json5 cache by regenerate.
[2026-09-10T16:52:50.158] [DEBUG] debug-file - Update task entry:default@PreBuild input file:D:\HW\testproject\complete\4\entry\build-profile.json5 cache by regenerate.
[2026-09-10T16:52:50.159] [DEBUG] debug-file - Update task entry:default@PreBuild input file:D:\HW\testproject\complete\4\entry\src\main\resources\base\profile\main_pages.json cache by regenerate.
[2026-09-10T16:52:50.159] [DEBUG] debug-file - Update task entry:default@PreBuild input file:D:\HW\testproject\complete\4\hvigor\hvigor-config.json5 cache by regenerate.
[2026-09-10T16:52:50.160] [DEBUG] debug-file - Update task entry:default@PreBuild input file:D:\HW\testproject\complete\4\entry\src\mock\mock-config.json5 cache by regenerate.
[2026-09-10T16:52:50.160] [DEBUG] debug-file - Update task entry:default@PreBuild input file:D:\HW\testproject\complete\4\entry\oh-package.json5 cache by regenerate.
[2026-09-10T16:52:50.161] [DEBUG] debug-file - Update task entry:default@PreBuild input file:D:\HW\testproject\complete\4\oh-package.json5 cache by regenerate.
[2026-09-10T16:52:50.161] [DEBUG] debug-file - Incremental task entry:default@PreBuild post-execution cost:7 ms .
[2026-09-10T16:52:50.162] [DEBUG] debug-file - Update task entry:default@CreateModuleInfo output file:D:\HW\testproject\complete\4\entry\build\default\generated\profile\default\ModuleInfo.ts cache.
[2026-09-10T16:52:50.163] [DEBUG] debug-file - Incremental task entry:default@CreateModuleInfo post-execution cost:1 ms .
[2026-09-10T16:52:50.163] [DEBUG] debug-file - There is no need to refresh cache, since the incremental task entry:default@GenerateMetadata is up-to-date.
[2026-09-10T16:52:50.163] [DEBUG] debug-file - There is no need to refresh cache, since the incremental task entry:default@MergeProfile is up-to-date.
[2026-09-10T16:52:50.163] [DEBUG] debug-file - There is no need to refresh cache, since the incremental task entry:default@CreateBuildProfile is up-to-date.
[2026-09-10T16:52:50.164] [DEBUG] debug-file - There is no need to refresh cache, since the incremental task entry:default@GeneratePkgContextInfo is up-to-date.
[2026-09-10T16:52:50.164] [DEBUG] debug-file - Update task entry:default@GeneratePkgSdkInfo output file:D:\HW\testproject\complete\4\entry\build\default\intermediates\loader\default\pkgSdkInfo.json cache.
[2026-09-10T16:52:50.164] [DEBUG] debug-file - Incremental task entry:default@GeneratePkgSdkInfo post-execution cost:1 ms .
[2026-09-10T16:52:50.165] [DEBUG] debug-file - Update task entry:default@ProcessIntegratedHsp output file:D:\HW\testproject\complete\4\build\cache\default\integrated_hsp\integratedHspCache.json cache.
[2026-09-10T16:52:50.166] [DEBUG] debug-file - Incremental task entry:default@ProcessIntegratedHsp post-execution cost:1 ms .
[2026-09-10T16:52:50.166] [DEBUG] debug-file - There is no need to refresh cache, since the incremental task entry:default@MakePackInfo is up-to-date.
[2026-09-10T16:52:50.166] [DEBUG] debug-file - Update task entry:default@SyscapTransform input file:E:\DevEco Studio\sdk\default\openharmony\toolchains\syscap_tool.exe cache by regenerate.
[2026-09-10T16:52:50.167] [DEBUG] debug-file - Update task entry:default@SyscapTransform input file:E:\DevEco Studio\sdk\default\openharmony\ets\api\device-define cache by regenerate.
[2026-09-10T16:52:50.170] [DEBUG] debug-file - Update task entry:default@SyscapTransform output file:D:\HW\testproject\complete\4\entry\build\default\intermediates\syscap\default\rpcid.sc cache.
[2026-09-10T16:52:50.171] [DEBUG] debug-file - Incremental task entry:default@SyscapTransform post-execution cost:6 ms .
[2026-09-10T16:52:50.171] [DEBUG] debug-file - There is no need to refresh cache, since the incremental task entry:default@ProcessProfile is up-to-date.
[2026-09-10T16:52:50.172] [DEBUG] debug-file - There is no need to refresh cache, since the incremental task entry:default@ProcessRouterMap is up-to-date.
[2026-09-10T16:52:50.172] [DEBUG] debug-file - There is no need to refresh cache, since the incremental task entry:default@ProcessShareConfig is up-to-date.
[2026-09-10T16:52:50.173] [DEBUG] debug-file - Update task entry:default@ProcessStartupConfig input file:D:\HW\testproject\complete\4\entry\build\default\intermediates\loader\default\pkgContextInfo.json cache by regenerate.
[2026-09-10T16:52:50.173] [DEBUG] debug-file - Update task entry:default@ProcessStartupConfig output file:D:\HW\testproject\complete\4\entry\build\default\intermediates\startup\default\startup_config.json cache.
[2026-09-10T16:52:50.174] [DEBUG] debug-file - Incremental task entry:default@ProcessStartupConfig post-execution cost:2 ms .
[2026-09-10T16:52:50.174] [DEBUG] debug-file - There is no need to refresh cache, since the incremental task entry:default@ProcessResource is up-to-date.
[2026-09-10T16:52:50.176] [DEBUG] debug-file - Update task entry:default@GenerateLoaderJson input file:D:\HW\testproject\complete\4\entry\src\mock\mock-config.json5 cache by regenerate.
[2026-09-10T16:52:50.177] [DEBUG] debug-file - Update task entry:default@GenerateLoaderJson input file:D:\HW\testproject\complete\4\entry\build\default\intermediates\loader\default\pkgContextInfo.json cache by regenerate.
[2026-09-10T16:52:50.177] [DEBUG] debug-file - Update task entry:default@GenerateLoaderJson input file:D:\HW\testproject\complete\4\entry\build\default\intermediates\router_map\default\temp-router-map.json cache by regenerate.
[2026-09-10T16:52:50.178] [DEBUG] debug-file - Update task entry:default@GenerateLoaderJson output file:D:\HW\testproject\complete\4\entry\build\default\intermediates\loader\default\loader.json cache.
[2026-09-10T16:52:50.178] [DEBUG] debug-file - Incremental task entry:default@GenerateLoaderJson post-execution cost:4 ms .
[2026-09-10T16:52:50.178] [DEBUG] debug-file - There is no need to refresh cache, since the incremental task entry:default@ProcessLibs is up-to-date.
[2026-09-10T16:52:50.178] [DEBUG] debug-file - There is no need to refresh cache, since the incremental task entry:default@CompileResource is up-to-date.
[2026-09-10T16:52:50.178] [DEBUG] debug-file - There is no need to refresh cache, since the incremental task entry:default@DoNativeStrip is up-to-date.
[2026-09-10T16:52:50.181] [DEBUG] debug-file - Update task entry:default@CompileArkTS input file:D:\HW\testproject\complete\4\entry\build\default\intermediates\loader\default cache from map.
[2026-09-10T16:52:50.181] [DEBUG] debug-file - Update task entry:default@CompileArkTS input file:D:\HW\testproject\complete\4\entry\build\default\intermediates\res\default\resources\rawfile cache by regenerate.
[2026-09-10T16:52:50.182] [DEBUG] debug-file - Update task entry:default@CompileArkTS input file:D:\HW\testproject\complete\4\entry\build\default\intermediates\res\default\ResourceTable.txt cache by regenerate.
[2026-09-10T16:52:50.183] [DEBUG] debug-file - Update task entry:default@CompileArkTS input file:D:\HW\testproject\complete\4\entry\build\default\intermediates\res\default\ark_module.json cache by regenerate.
[2026-09-10T16:52:50.183] [DEBUG] debug-file - Update task entry:default@CompileArkTS input file:D:\HW\testproject\complete\4\entry\build\default\intermediates\res\default\resources\base\profile cache by regenerate.
[2026-09-10T16:52:50.185] [DEBUG] debug-file - Update task entry:default@CompileArkTS input file:D:\HW\testproject\complete\4\entry\src\main\ets cache by regenerate.
[2026-09-10T16:52:50.188] [DEBUG] debug-file - Update task entry:default@CompileArkTS input file:D:\HW\testproject\complete\4\entry\build\default\intermediates\loader\default\pkgContextInfo.json cache by regenerate.
[2026-09-10T16:52:50.188] [DEBUG] debug-file - Update task entry:default@CompileArkTS input file:D:\HW\testproject\complete\4\entry\build\default\generated\profile\default\BuildProfile.ets cache by regenerate.
[2026-09-10T16:52:50.189] [DEBUG] debug-file - Update task entry:default@CompileArkTS input file:D:\HW\testproject\complete\4\entry\src\mock\mock-config.json5 cache by regenerate.
[2026-09-10T16:52:50.189] [DEBUG] debug-file - Update task entry:default@CompileArkTS output file:D:\HW\testproject\complete\4\entry\build\default\intermediates\loader_out\default\ets cache.
[2026-09-10T16:52:50.190] [DEBUG] debug-file - Incremental task entry:default@CompileArkTS post-execution cost:12 ms .
[2026-09-10T16:52:50.193] [DEBUG] debug-file - Update task entry:default@BuildJS input file:D:\HW\testproject\complete\4\entry\build\default\intermediates\loader\default cache by regenerate.
[2026-09-10T16:52:50.194] [DEBUG] debug-file - Update task entry:default@BuildJS input file:D:\HW\testproject\complete\4\entry\build\default\intermediates\res\default\resources\rawfile cache by regenerate.
[2026-09-10T16:52:50.195] [DEBUG] debug-file - Update task entry:default@BuildJS input file:D:\HW\testproject\complete\4\entry\build\default\intermediates\res\default\ResourceTable.txt cache by regenerate.
[2026-09-10T16:52:50.196] [DEBUG] debug-file - Update task entry:default@BuildJS input file:D:\HW\testproject\complete\4\entry\build\default\intermediates\res\default\ark_module.json cache by regenerate.
[2026-09-10T16:52:50.196] [DEBUG] debug-file - Update task entry:default@BuildJS input file:D:\HW\testproject\complete\4\entry\build\default\intermediates\res\default\resources\base\profile cache by regenerate.
[2026-09-10T16:52:50.198] [DEBUG] debug-file - Update task entry:default@BuildJS input file:D:\HW\testproject\complete\4\entry\build\default\intermediates\loader\default\pkgContextInfo.json cache by regenerate.
[2026-09-10T16:52:50.198] [DEBUG] debug-file - Update task entry:default@BuildJS output file:D:\HW\testproject\complete\4\entry\build\default\intermediates\loader_out\default\js cache.
[2026-09-10T16:52:50.198] [DEBUG] debug-file - Incremental task entry:default@BuildJS post-execution cost:8 ms .
[2026-09-10T16:52:50.199] [DEBUG] debug-file - There is no need to refresh cache, since the incremental task entry:default@CacheNativeLibs is up-to-date.
[2026-09-10T16:52:50.199] [DEBUG] debug-file - There is no need to refresh cache, since the incremental task entry:default@GeneratePkgModuleJson is up-to-date.
[2026-09-10T16:52:50.199] [DEBUG] debug-file - Incremental task entry:default@ProcessCompiledResources post-execution cost:1 ms .
[2026-09-10T16:52:50.201] [DEBUG] debug-file - Update task entry:default@PackageHap input file:D:\HW\testproject\complete\4\entry\build\default\outputs\default\pack.info cache by regenerate.
[2026-09-10T16:52:50.201] [DEBUG] debug-file - Update task entry:default@PackageHap input file:D:\HW\testproject\complete\4\entry\build\default\intermediates\stripped_native_libs\default cache by regenerate.
[2026-09-10T16:52:50.202] [DEBUG] debug-file - Update task entry:default@PackageHap input file:D:\HW\testproject\complete\4\entry\build\default\intermediates\res\default\module.json cache by regenerate.
[2026-09-10T16:52:50.202] [DEBUG] debug-file - Update task entry:default@PackageHap input file:D:\HW\testproject\complete\4\entry\build\default\intermediates\res\default\resources cache by regenerate.
[2026-09-10T16:52:50.205] [DEBUG] debug-file - Update task entry:default@PackageHap input file:D:\HW\testproject\complete\4\entry\build\default\intermediates\res\default\resources.index cache by regenerate.
[2026-09-10T16:52:50.206] [DEBUG] debug-file - Update task entry:default@PackageHap input file:D:\HW\testproject\complete\4\entry\build\default\intermediates\loader_out\default\ets cache from map.
[2026-09-10T16:52:50.206] [DEBUG] debug-file - Update task entry:default@PackageHap input file:D:\HW\testproject\complete\4\entry\build\default\intermediates\loader\default\pkgContextInfo.json cache by regenerate.
[2026-09-10T16:52:50.206] [DEBUG] debug-file - Update task entry:default@PackageHap input file:D:\HW\testproject\complete\4\entry\build\default\intermediates\package\default\module.json cache by regenerate.
[2026-09-10T16:52:50.207] [DEBUG] debug-file - Update task entry:default@PackageHap input file:D:\HW\testproject\complete\4\entry\build\default\intermediates\loader_out\default\ets\sourceMaps.map cache by regenerate.
[2026-09-10T16:52:50.207] [DEBUG] debug-file - Update task entry:default@PackageHap input file:D:\HW\testproject\complete\4\entry\build\default\generated\profile\default\BuildProfile.ets cache by regenerate.
[2026-09-10T16:52:50.208] [DEBUG] debug-file - Update task entry:default@PackageHap output file:D:\HW\testproject\complete\4\entry\build\default\outputs\default\entry-default-unsigned.hap cache.
[2026-09-10T16:52:50.208] [DEBUG] debug-file - Update task entry:default@PackageHap output file:D:\HW\testproject\complete\4\entry\build\default\intermediates\source_map\default\sourceMaps.map cache.
[2026-09-10T16:52:50.208] [DEBUG] debug-file - Update task entry:default@PackageHap output file:D:\HW\testproject\complete\4\entry\build\default\outputs\default\mapping\sourceMaps.map cache.
[2026-09-10T16:52:50.209] [DEBUG] debug-file - Incremental task entry:default@PackageHap post-execution cost:10 ms .
[2026-09-10T16:52:50.209] [DEBUG] debug-file - Update task entry:default@SignHap input file:D:\HW\testproject\complete\4\entry\build\default\outputs\default\entry-default-unsigned.hap cache from map.
[2026-09-10T16:52:50.209] [DEBUG] debug-file - Update task entry:default@SignHap output file:D:\HW\testproject\complete\4\entry\build\default\outputs\default\entry-default-signed.hap cache.
[2026-09-10T16:52:50.210] [DEBUG] debug-file - Incremental task entry:default@SignHap post-execution cost:1 ms .
[2026-09-10T16:52:50.210] [DEBUG] debug-file - Update task entry:default@CollectDebugSymbol input file:D:\HW\testproject\complete\4\entry\build\default\intermediates\loader_out\default\ets\sourceMaps.map cache by regenerate.
[2026-09-10T16:52:50.211] [DEBUG] debug-file - Update task entry:default@CollectDebugSymbol input file:D:\HW\testproject\complete\4\entry\build\default\intermediates\libs\default cache by regenerate.
[2026-09-10T16:52:50.211] [DEBUG] debug-file - Update task entry:default@CollectDebugSymbol output file:D:\HW\testproject\complete\4\entry\build\default\outputs\default\symbol cache.
[2026-09-10T16:52:50.212] [DEBUG] debug-file - Incremental task entry:default@CollectDebugSymbol post-execution cost:3 ms .
[2026-09-10T16:52:50.232] [DEBUG] debug-file - Cleanup worker 14.
[2026-09-10T16:52:50.233] [DEBUG] debug-file - hvigor build process will be closed.
[2026-09-10T16:52:50.244] [DEBUG] debug-file - worker[14] exits with exit code 1.
[2026-09-10T16:52:50.244] [DEBUG] debug-file - Worker 14 has been cleaned up.
[2026-09-10T16:52:50.244] [DEBUG] debug-file - Current idle worker size: 1.
[2026-09-10T16:52:50.244] [DEBUG] debug-file - Current resident worker size: 1.
[2026-09-10T16:52:50.249] [DEBUG] debug-file - session manager: send message to worker process. WorkerThreadId: 0, data: {"type":"hvigor_failed","reason":"Server has disconnected."}
[2026-09-10T16:52:50.251] [DEBUG] debug-file - session manager: send message to worker process. WorkerThreadId: 0, data: {"type":"CloseWatch","reason":"Server has disconnected."}
[2026-09-10T16:52:50.251] [DEBUG] debug-file - watch worker: worker id should be larger than 0. Nothing will be sent to any worker thread.
[2026-09-10T16:52:50.251] [DEBUG] debug-file - ABORT_WORK sent to workers.
[2026-09-10T16:52:50.253] [DEBUG] debug-file - watch worker: worker id should be larger than 0. Nothing will be sent to any worker thread.
[2026-09-10T16:56:22.985] [DEBUG] debug-file - session manager: set active socket. socketId=h_gGI1SD4L7MSvpkAAAJ
[2026-09-10T16:56:23.007] [DEBUG] debug-file - watch worker: worker id should be larger than 0. Nothing will be sent to any worker thread.
[2026-09-10T16:56:23.029] [DEBUG] debug-file - Workers' log level updated to INFO
[2026-09-10T16:56:23.034] [DEBUG] debug-file - Hvigor init with startParameters:{
  hvigorfileTypeCheck: false,
  parallelExecution: true,
  incrementalExecution: true,
  printStackTrace: false,
  daemon: true,
  analyze: 0,
  logLevel: Level { level: 20000, levelStr: 'INFO', colour: 'green' },
  optimizationStrategy: 'memory',
  hotCompile: undefined,
  hotReloadBuild: undefined,
  customizedParam: undefined
}
[2026-09-10T16:56:23.047] [DEBUG] debug-file - Cache service initialization finished in 13 ms 
[2026-09-10T16:56:23.049] [DEBUG] debug-file - hvigorfile, resolving D:\HW\testproject\complete\4\hvigorfile.ts
[2026-09-10T16:56:23.065] [DEBUG] debug-file - hvigorfile, require result:  { default: { plugins: [] } }
[2026-09-10T16:56:23.066] [DEBUG] debug-file - hvigorfile, binding system plugins null
[2026-09-10T16:56:23.066] [DEBUG] debug-file - Starting plugin build process
[2026-09-10T16:56:23.066] [DEBUG] debug-file - App plugin prepare start...
[2026-09-10T16:56:23.066] [DEBUG] debug-file - App plugin prepare end...
[2026-09-10T16:56:23.067] [DEBUG] debug-file - App plugin creating...
[2026-09-10T16:56:23.076] [DEBUG] debug-file - App plugin register hook start...
[2026-09-10T16:56:23.077] [DEBUG] debug-file - App plugin register hook end...
[2026-09-10T16:56:23.077] [DEBUG] debug-file - Plugin build process completed
[2026-09-10T16:56:23.077] [DEBUG] debug-file - Start initialize project's product build option map with build mode debug.
[2026-09-10T16:56:23.077] [DEBUG] debug-file - Picking option from product 'default' with build mode 'debug'.
[2026-09-10T16:56:23.077] [DEBUG] debug-file - Product 'default' build option initialized
[2026-09-10T16:56:23.077] [DEBUG] debug-file - End initialize project's product build option map with build mode 'debug'.
[2026-09-10T16:56:23.078] [DEBUG] debug-file - Obtain build option for product 'default'in this build.
[2026-09-10T16:56:23.082] [DEBUG] debug-file - No signingConfig found, initRemoteHspCache failed.
[2026-09-10T16:56:23.087] [DEBUG] debug-file - Start recording SDK configuration permission data.
[2026-09-10T16:56:23.151] [DEBUG] debug-file - Sdk init in 68 ms 
[2026-09-10T16:56:23.156] [DEBUG] debug-file - Project task initialization takes 4 ms 
[2026-09-10T16:56:23.156] [DEBUG] debug-file - hvigorfile, begin to bind custom plugins...
[2026-09-10T16:56:23.156] [DEBUG] debug-file - hvigorfile, no custom plugins were found in D:\HW\testproject\complete\4\hvigorfile.ts
[2026-09-10T16:56:23.156] [DEBUG] debug-file - hvigorfile, resolve finished D:\HW\testproject\complete\4\hvigorfile.ts
[2026-09-10T16:56:23.157] [DEBUG] debug-file - hvigorfile, resolving D:\HW\testproject\complete\4\entry\hvigorfile.ts
[2026-09-10T16:56:23.165] [DEBUG] debug-file - hvigorfile, require result:  { default: { plugins: [] } }
[2026-09-10T16:56:23.166] [DEBUG] debug-file - hvigorfile, binding system plugins null
[2026-09-10T16:56:23.166] [DEBUG] debug-file - Starting plugin build process
[2026-09-10T16:56:23.166] [DEBUG] debug-file - Hap plugin creating...
[2026-09-10T16:56:23.168] [DEBUG] debug-file - failed to load cangjie to dynamically generate schemas: Error: Cannot find module '@ohos/cangjie-build-support/index'
Require stack:
- E:\DevEco Studio\tools\hvigor\hvigor-ohos-plugin\src\plugin\hooks\cangjie-register.js
- E:\DevEco Studio\tools\hvigor\hvigor-ohos-plugin\src\plugin\strategy\stage-init-strategy.js
- E:\DevEco Studio\tools\hvigor\hvigor-ohos-plugin\src\plugin\builder\abstract-plugin-builder.js
- E:\DevEco Studio\tools\hvigor\hvigor-ohos-plugin\src\plugin\builder\app-plugin-builder.js
- E:\DevEco Studio\tools\hvigor\hvigor-ohos-plugin\src\plugin\factory\plugin-factory.js
- E:\DevEco Studio\tools\hvigor\hvigor-ohos-plugin\index.js
- D:\HW\testproject\complete\4\hvigorfile.ts
- E:\DevEco Studio\tools\hvigor\hvigor\src\base\internal\lifecycle\configuration.js
- E:\DevEco Studio\tools\hvigor\hvigor\src\base\boot\index.js
- E:\DevEco Studio\tools\hvigor\hvigor\src\base\daemon\cluster\worker-process-lifecycle.js
- E:\DevEco Studio\tools\hvigor\hvigor\src\base\daemon\process\daemon-process-boot-script.js
[2026-09-10T16:56:23.172] [DEBUG] debug-file - Start initialize module-target build option map, moduleName=entry, buildMode=debug
[2026-09-10T16:56:23.172] [DEBUG] debug-file - Target 'default' config initialized
[2026-09-10T16:56:23.172] [DEBUG] debug-file - Target 'ohosTest' config initialized
[2026-09-10T16:56:23.173] [DEBUG] debug-file - Module 'entry' target 'default' build option initialized
[2026-09-10T16:56:23.173] [DEBUG] debug-file - Module 'entry' target 'ohosTest' build option initialized
[2026-09-10T16:56:23.173] [DEBUG] debug-file - End initialize module-target build option map, moduleName=entry
[2026-09-10T16:56:23.173] [DEBUG] debug-file - Start initialize module-target build option map, moduleName=entry, buildMode=release
[2026-09-10T16:56:23.173] [DEBUG] debug-file - Target 'default' config initialized
[2026-09-10T16:56:23.174] [DEBUG] debug-file - Target 'ohosTest' config initialized
[2026-09-10T16:56:23.174] [DEBUG] debug-file - Module 'entry' target 'default' build option initialized
[2026-09-10T16:56:23.174] [DEBUG] debug-file - Module 'entry' target 'ohosTest' build option initialized
[2026-09-10T16:56:23.174] [DEBUG] debug-file - End initialize module-target build option map, moduleName=entry
[2026-09-10T16:56:23.174] [DEBUG] debug-file - Start initialize module-target build option map, moduleName=entry, buildMode=debug
[2026-09-10T16:56:23.175] [DEBUG] debug-file - Target 'default' config initialized
[2026-09-10T16:56:23.176] [DEBUG] debug-file - Target 'ohosTest' config initialized
[2026-09-10T16:56:23.176] [DEBUG] debug-file - Module 'entry' target 'default' build option initialized
[2026-09-10T16:56:23.176] [DEBUG] debug-file - Module 'entry' target 'ohosTest' build option initialized
[2026-09-10T16:56:23.176] [DEBUG] debug-file - End initialize module-target build option map, moduleName=entry
[2026-09-10T16:56:23.176] [DEBUG] debug-file - Obtain build option for module 'entry' target 'default'in this build.
[2026-09-10T16:56:23.179] [DEBUG] debug-file - Module entry task initialization takes 2 ms 
[2026-09-10T16:56:23.179] [DEBUG] debug-file - Hap plugin register hook start...
[2026-09-10T16:56:23.180] [DEBUG] debug-file - Hap plugin register hook end...
[2026-09-10T16:56:23.180] [DEBUG] debug-file - Plugin build process completed
[2026-09-10T16:56:23.180] [DEBUG] debug-file - hvigorfile, begin to bind custom plugins...
[2026-09-10T16:56:23.180] [DEBUG] debug-file - hvigorfile, no custom plugins were found in D:\HW\testproject\complete\4\entry\hvigorfile.ts
[2026-09-10T16:56:23.180] [DEBUG] debug-file - hvigorfile, resolve finished D:\HW\testproject\complete\4\entry\hvigorfile.ts
[2026-09-10T16:56:23.285] [DEBUG] debug-file - hvigorfile, resolve hvigorfile dependencies in 105 ms 
[2026-09-10T16:56:23.286] [DEBUG] debug-file - project has submodules:entry
[2026-09-10T16:56:23.287] [DEBUG] debug-file - start to load updatedOhPackageInfo to the disk
[2026-09-10T16:56:23.290] [DEBUG] debug-file - load to the disk finished
[2026-09-10T16:56:23.291] [DEBUG] debug-file - Start to initialize dependency information.
[2026-09-10T16:56:23.300] [DEBUG] debug-file - Module 4 Collected Dependency: 
[2026-09-10T16:56:23.300] [DEBUG] debug-file - Module 4's total dependency: 0
[2026-09-10T16:56:23.301] [DEBUG] debug-file - Start to initialize dependency information.
[2026-09-10T16:56:23.304] [DEBUG] debug-file - Module entry Collected Dependency: 
[2026-09-10T16:56:23.304] [DEBUG] debug-file - Module entry's total dependency: 0
[2026-09-10T16:56:23.306] [DEBUG] debug-file - Configuration phase cost:259 ms 
[2026-09-10T16:56:23.309] [DEBUG] debug-file - Configuration task cost before running: 279 ms 
[2026-09-10T16:56:23.313] [DEBUG] debug-file - Executing task :entry:default@PreBuild
[2026-09-10T16:56:23.318] [DEBUG] debug-file - Task 'entry:default@PreBuild' cost while wrapping incremental declarations: 1 ms 
[2026-09-10T16:56:23.330] [DEBUG] debug-file - Incremental task entry:default@PreBuild pre-execution cost: 9 ms .
[2026-09-10T16:56:23.330] [DEBUG] debug-file - entry : default@PreBuild cost memory 0.52825927734375
[2026-09-10T16:56:23.337] [INFO] debug-file - UP-TO-DATE :entry:default@PreBuild...  
[2026-09-10T16:56:23.339] [DEBUG] debug-file - Executing task :entry:default@CreateModuleInfo
[2026-09-10T16:56:23.339] [DEBUG] debug-file - Task 'entry:default@CreateModuleInfo' cost while wrapping incremental declarations: 1 ms 
[2026-09-10T16:56:23.340] [DEBUG] debug-file - entry : default@CreateModuleInfo cost memory 0.0393218994140625
[2026-09-10T16:56:23.340] [DEBUG] debug-file - runTaskFromQueue task cost before running: 311 ms 
[2026-09-10T16:56:23.341] [INFO] debug-file - Finished :entry:default@CreateModuleInfo... after 2 ms 
[2026-09-10T16:56:23.342] [DEBUG] debug-file - Executing task :entry:default@GenerateMetadata
[2026-09-10T16:56:23.343] [DEBUG] debug-file - Task 'entry:default@GenerateMetadata' cost while wrapping incremental declarations: 1 ms 
[2026-09-10T16:56:23.346] [DEBUG] debug-file - Incremental task entry:default@GenerateMetadata pre-execution cost: 3 ms .
[2026-09-10T16:56:23.346] [DEBUG] debug-file - entry : default@GenerateMetadata cost memory 0.0746307373046875
[2026-09-10T16:56:23.347] [INFO] debug-file - UP-TO-DATE :entry:default@GenerateMetadata...  
[2026-09-10T16:56:23.349] [DEBUG] debug-file - Executing task :entry:default@ConfigureCmake
[2026-09-10T16:56:23.350] [DEBUG] debug-file - entry : default@ConfigureCmake cost memory 0.01425933837890625
[2026-09-10T16:56:23.350] [DEBUG] debug-file - runTaskFromQueue task cost before running: 321 ms 
[2026-09-10T16:56:23.350] [INFO] debug-file - Finished :entry:default@ConfigureCmake... after 1 ms 
[2026-09-10T16:56:23.353] [DEBUG] debug-file - Executing task :entry:default@MergeProfile
[2026-09-10T16:56:23.353] [DEBUG] debug-file - Task 'entry:default@MergeProfile' cost while wrapping incremental declarations: 1 ms 
[2026-09-10T16:56:23.356] [DEBUG] debug-file - Incremental task entry:default@MergeProfile pre-execution cost: 3 ms .
[2026-09-10T16:56:23.357] [DEBUG] debug-file - entry : default@MergeProfile cost memory 0.11875152587890625
[2026-09-10T16:56:23.357] [INFO] debug-file - UP-TO-DATE :entry:default@MergeProfile...  
[2026-09-10T16:56:23.359] [DEBUG] debug-file - Executing task :entry:default@CreateBuildProfile
[2026-09-10T16:56:23.361] [DEBUG] debug-file - Task 'entry:default@CreateBuildProfile' cost while wrapping incremental declarations: 1 ms 
[2026-09-10T16:56:23.364] [DEBUG] debug-file - Incremental task entry:default@CreateBuildProfile pre-execution cost: 3 ms .
[2026-09-10T16:56:23.364] [DEBUG] debug-file - entry : default@CreateBuildProfile cost memory 0.0943450927734375
[2026-09-10T16:56:23.365] [INFO] debug-file - UP-TO-DATE :entry:default@CreateBuildProfile...  
[2026-09-10T16:56:23.367] [DEBUG] debug-file - Executing task :entry:default@PreCheckSyscap
[2026-09-10T16:56:23.368] [DEBUG] debug-file - entry : default@PreCheckSyscap cost memory 0.0145263671875
[2026-09-10T16:56:23.368] [DEBUG] debug-file - runTaskFromQueue task cost before running: 339 ms 
[2026-09-10T16:56:23.369] [INFO] debug-file - Finished :entry:default@PreCheckSyscap... after 1 ms 
[2026-09-10T16:56:23.372] [DEBUG] debug-file - Executing task :entry:default@GeneratePkgContextInfo
[2026-09-10T16:56:23.378] [DEBUG] debug-file - Task 'entry:default@GeneratePkgContextInfo' cost while wrapping incremental declarations: 1 ms 
[2026-09-10T16:56:23.381] [DEBUG] debug-file - Incremental task entry:default@GeneratePkgContextInfo pre-execution cost: 2 ms .
[2026-09-10T16:56:23.382] [DEBUG] debug-file - entry : default@GeneratePkgContextInfo cost memory 0.17868804931640625
[2026-09-10T16:56:23.383] [INFO] debug-file - UP-TO-DATE :entry:default@GeneratePkgContextInfo...  
[2026-09-10T16:56:23.386] [DEBUG] debug-file - Executing task :entry:default@GeneratePkgSdkInfo
[2026-09-10T16:56:23.394] [DEBUG] debug-file - Task 'entry:default@GeneratePkgSdkInfo' cost while wrapping incremental declarations: 1 ms 
[2026-09-10T16:56:23.397] [DEBUG] debug-file - entry : default@GeneratePkgSdkInfo cost memory 0.10701751708984375
[2026-09-10T16:56:23.397] [DEBUG] debug-file - runTaskFromQueue task cost before running: 368 ms 
[2026-09-10T16:56:23.398] [INFO] debug-file - Finished :entry:default@GeneratePkgSdkInfo... after 12 ms 
[2026-09-10T16:56:23.406] [DEBUG] debug-file - Executing task :entry:default@ProcessIntegratedHsp
[2026-09-10T16:56:23.407] [DEBUG] debug-file - entry:default@ProcessIntegratedHsp is not up-to-date, since the output file 'D:\HW\testproject\complete\4\build\cache\default\integrated_hsp\integratedHspCache.json' does not exist.
[2026-09-10T16:56:23.408] [DEBUG] debug-file - Incremental task entry:default@ProcessIntegratedHsp pre-execution cost: 1 ms .
[2026-09-10T16:56:23.409] [DEBUG] debug-file - entry : default@ProcessIntegratedHsp cost memory 0.04947662353515625
[2026-09-10T16:56:23.409] [DEBUG] debug-file - runTaskFromQueue task cost before running: 380 ms 
[2026-09-10T16:56:23.410] [INFO] debug-file - Finished :entry:default@ProcessIntegratedHsp... after 3 ms 
[2026-09-10T16:56:23.412] [DEBUG] debug-file - Executing task :entry:default@BuildNativeWithCmake
[2026-09-10T16:56:23.413] [DEBUG] debug-file - entry : default@BuildNativeWithCmake cost memory 0.0281219482421875
[2026-09-10T16:56:23.414] [DEBUG] debug-file - runTaskFromQueue task cost before running: 384 ms 
[2026-09-10T16:56:23.414] [INFO] debug-file - Finished :entry:default@BuildNativeWithCmake... after 2 ms 
[2026-09-10T16:56:23.416] [DEBUG] debug-file - Executing task :entry:default@MakePackInfo
[2026-09-10T16:56:23.424] [DEBUG] debug-file - Incremental task entry:default@MakePackInfo pre-execution cost: 6 ms .
[2026-09-10T16:56:23.424] [DEBUG] debug-file - entry : default@MakePackInfo cost memory 0.10648345947265625
[2026-09-10T16:56:23.426] [INFO] debug-file - UP-TO-DATE :entry:default@MakePackInfo...  
[2026-09-10T16:56:23.440] [DEBUG] debug-file - Executing task :entry:default@SyscapTransform
[2026-09-10T16:56:23.443] [DEBUG] debug-file - File: 'D:\HW\testproject\complete\4\entry\src\main\syscap.json' from 'sysCapJsonPath' is not exists, just ignore.
[2026-09-10T16:56:23.445] [DEBUG] debug-file - Task 'entry:default@SyscapTransform' cost while wrapping incremental declarations: 4 ms 
[2026-09-10T16:56:23.449] [DEBUG] debug-file - entry:default@SyscapTransform is not up-to-date, since the output file 'D:\HW\testproject\complete\4\entry\build\default\intermediates\syscap\default\rpcid.sc' does not exist.
[2026-09-10T16:56:23.450] [DEBUG] debug-file - Incremental task entry:default@SyscapTransform pre-execution cost: 4 ms .
[2026-09-10T16:56:23.450] [DEBUG] debug-file - entry : default@SyscapTransform cost memory 0.113372802734375
[2026-09-10T16:56:23.450] [DEBUG] debug-file - runTaskFromQueue task cost before running: 421 ms 
[2026-09-10T16:56:23.450] [INFO] debug-file - Finished :entry:default@SyscapTransform... after 14 ms 
[2026-09-10T16:56:23.453] [DEBUG] debug-file - Executing task :entry:default@ProcessProfile
[2026-09-10T16:56:23.457] [DEBUG] debug-file - Task 'entry:default@ProcessProfile' cost while wrapping incremental declarations: 1 ms 
[2026-09-10T16:56:23.461] [DEBUG] debug-file - Incremental task entry:default@ProcessProfile pre-execution cost: 4 ms .
[2026-09-10T16:56:23.461] [DEBUG] debug-file - entry : default@ProcessProfile cost memory -3.4703750610351562
[2026-09-10T16:56:23.462] [INFO] debug-file - UP-TO-DATE :entry:default@ProcessProfile...  
[2026-09-10T16:56:23.464] [DEBUG] debug-file - Executing task :entry:default@ProcessRouterMap
[2026-09-10T16:56:23.470] [DEBUG] debug-file - Incremental task entry:default@ProcessRouterMap pre-execution cost: 5 ms .
[2026-09-10T16:56:23.470] [DEBUG] debug-file - entry : default@ProcessRouterMap cost memory 0.12815093994140625
[2026-09-10T16:56:23.472] [INFO] debug-file - UP-TO-DATE :entry:default@ProcessRouterMap...  
[2026-09-10T16:56:23.475] [DEBUG] debug-file - Executing task :entry:default@ProcessShareConfig
[2026-09-10T16:56:23.479] [DEBUG] debug-file - Incremental task entry:default@ProcessShareConfig pre-execution cost: 3 ms .
[2026-09-10T16:56:23.480] [DEBUG] debug-file - entry : default@ProcessShareConfig cost memory 0.1076812744140625
[2026-09-10T16:56:23.481] [INFO] debug-file - UP-TO-DATE :entry:default@ProcessShareConfig...  
[2026-09-10T16:56:23.483] [DEBUG] debug-file - Executing task :entry:default@ProcessStartupConfig
[2026-09-10T16:56:23.484] [DEBUG] debug-file - Task 'entry:default@ProcessStartupConfig' cost while wrapping incremental declarations: 1 ms 
[2026-09-10T16:56:23.487] [DEBUG] debug-file - entry:default@ProcessStartupConfig is not up-to-date, since the output file 'D:\HW\testproject\complete\4\entry\build\default\intermediates\startup\default\startup_config.json' does not exist.
[2026-09-10T16:56:23.487] [DEBUG] debug-file - Incremental task entry:default@ProcessStartupConfig pre-execution cost: 3 ms .
[2026-09-10T16:56:23.489] [DEBUG] debug-file - entry : default@ProcessStartupConfig cost memory 0.113922119140625
[2026-09-10T16:56:23.489] [DEBUG] debug-file - runTaskFromQueue task cost before running: 460 ms 
[2026-09-10T16:56:23.490] [INFO] debug-file - Finished :entry:default@ProcessStartupConfig... after 7 ms 
[2026-09-10T16:56:23.492] [DEBUG] debug-file - Executing task :entry:default@BuildNativeWithNinja
[2026-09-10T16:56:23.493] [DEBUG] debug-file - entry : default@BuildNativeWithNinja cost memory 0.01924896240234375
[2026-09-10T16:56:23.493] [DEBUG] debug-file - runTaskFromQueue task cost before running: 464 ms 
[2026-09-10T16:56:23.494] [INFO] debug-file - Finished :entry:default@BuildNativeWithNinja... after 2 ms 
[2026-09-10T16:56:23.497] [DEBUG] debug-file - restool module names: entry; moduleName=entry, taskName=default@ProcessResource
[2026-09-10T16:56:23.505] [DEBUG] debug-file - Executing task :entry:default@ProcessResource
[2026-09-10T16:56:23.506] [DEBUG] debug-file - Task 'entry:default@ProcessResource' cost while wrapping incremental declarations: 1 ms 
[2026-09-10T16:56:23.509] [DEBUG] debug-file - Incremental task entry:default@ProcessResource pre-execution cost: 3 ms .
[2026-09-10T16:56:23.510] [DEBUG] debug-file - entry : default@ProcessResource cost memory 0.11757659912109375
[2026-09-10T16:56:23.515] [INFO] debug-file - UP-TO-DATE :entry:default@ProcessResource...  
[2026-09-10T16:56:23.519] [DEBUG] debug-file - Executing task :entry:default@GenerateLoaderJson
[2026-09-10T16:56:23.522] [DEBUG] debug-file - Task 'entry:default@GenerateLoaderJson' cost while wrapping incremental declarations: 1 ms 
[2026-09-10T16:56:23.555] [DEBUG] debug-file - Incremental task entry:default@GenerateLoaderJson pre-execution cost: 17 ms .
[2026-09-10T16:56:23.556] [DEBUG] debug-file - entry : default@GenerateLoaderJson cost memory 0.42296600341796875
[2026-09-10T16:56:23.568] [INFO] debug-file - UP-TO-DATE :entry:default@GenerateLoaderJson...  
[2026-09-10T16:56:23.571] [DEBUG] debug-file - Executing task :entry:default@ProcessLibs
[2026-09-10T16:56:23.572] [DEBUG] debug-file - Task 'entry:default@ProcessLibs' cost while wrapping incremental declarations: 1 ms 
[2026-09-10T16:56:23.582] [DEBUG] debug-file - Incremental task entry:default@ProcessLibs pre-execution cost: 9 ms .
[2026-09-10T16:56:23.583] [DEBUG] debug-file - entry : default@ProcessLibs cost memory 0.093048095703125
[2026-09-10T16:56:23.585] [INFO] debug-file - UP-TO-DATE :entry:default@ProcessLibs...  
[2026-09-10T16:56:23.591] [DEBUG] debug-file - restool module names: entry; moduleName=entry, taskName=default@CompileResource
[2026-09-10T16:56:23.593] [DEBUG] debug-file - Executing task :entry:default@CompileResource
[2026-09-10T16:56:23.642] [DEBUG] debug-file - Incremental task entry:default@CompileResource pre-execution cost: 44 ms .
[2026-09-10T16:56:23.642] [DEBUG] debug-file - entry : default@CompileResource cost memory 0.49468994140625
[2026-09-10T16:56:23.646] [INFO] debug-file - UP-TO-DATE :entry:default@CompileResource...  
[2026-09-10T16:56:23.649] [DEBUG] debug-file - Executing task :entry:default@DoNativeStrip
[2026-09-10T16:56:23.650] [DEBUG] debug-file - File: 'D:\HW\testproject\complete\4\entry\build\default\intermediates\binxo\default' from 'doBinxoNativeLibs' is not exists, just ignore.
[2026-09-10T16:56:23.651] [DEBUG] debug-file - Task 'entry:default@DoNativeStrip' cost while wrapping incremental declarations: 1 ms 
[2026-09-10T16:56:23.653] [DEBUG] debug-file - Incremental task entry:default@DoNativeStrip pre-execution cost: 2 ms .
[2026-09-10T16:56:23.654] [DEBUG] debug-file - entry : default@DoNativeStrip cost memory 0.0736236572265625
[2026-09-10T16:56:23.654] [INFO] debug-file - UP-TO-DATE :entry:default@DoNativeStrip...  
[2026-09-10T16:56:23.658] [DEBUG] debug-file - Executing task :entry:default@CompileArkTS
[2026-09-10T16:56:23.659] [DEBUG] debug-file - obfuscationOptions: undefined
[2026-09-10T16:56:23.662] [DEBUG] debug-file - Task 'entry:default@CompileArkTS' cost while wrapping incremental declarations: 1 ms 
[2026-09-10T16:56:23.686] [DEBUG] debug-file - entry:default@CompileArkTS is not up-to-date, since the input file 'D:\HW\testproject\complete\4\entry\src\main\ets' has been changed.
[2026-09-10T16:56:23.686] [DEBUG] debug-file - Incremental task entry:default@CompileArkTS pre-execution cost: 19 ms .
[2026-09-10T16:56:23.725] [DEBUG] debug-file - build config:
[2026-09-10T16:56:23.726] [DEBUG] debug-file - {
  moduleType: 'entry',
  perf: 0,
  targetName: '.default',
  packageManagerType: 'ohpm',
  localPropertiesPath: 'D:\\HW\\testproject\\complete\\4\\local.properties',
  isPreview: false,
  isOhosTest: false,
  isLocalTest: false,
  buildMode: 'Debug',
  hotReloadBuild: undefined,
  watchMode: 'false',
  aceProfilePath: 'D:\\HW\\testproject\\complete\\4\\entry\\build\\default\\intermediates\\res\\default\\resources\\base\\profile',
  etsLoaderPath: 'E:\\DevEco Studio\\sdk\\default\\openharmony\\ets\\build-tools\\ets-loader',
  modulePath: 'D:\\HW\\testproject\\complete\\4\\entry',
  testFrameworkPar: {
    testMode: undefined,
    coveragePathFilter: undefined,
    coverageMode: undefined
  },
  needCoverageInsert: false,
  debugLine: false,
  projectTopDir: 'D:\\HW\\testproject\\complete\\4',
  compileSdkVersion: 26,
  compatibleSdkVersion: 26,
  originCompatibleSdkVersion: '26.0.0',
  compatibleSdkVersionStage: undefined,
  bundleName: 'c***p',
  etsLoaderVersion: '26.0.0.105',
  etsLoaderReleaseType: 'Release',
  aotCompileMode: 'type',
  apPath: 'D:\\HW\\testproject\\complete\\4\\entry\\modules.ap',
  entryModuleName: 'entry',
  entryModuleVersion: '1.0.0',
  entryPackageName: 'entry',
  allModuleNameHash: '30e07d57c30f75288c09608296ed8ed07fc604f1881982510ff25b77cb397b11',
  externalApiPaths: [ 'E:\\DevEco Studio\\sdk\\default\\hms\\ets' ],
  compilerTypes: [],
  isCrossplatform: false,
  hvigorPluginFile: undefined,
  compilePluginPath: undefined,
  buildGeneratedProfilePath: 'D:\\HW\\testproject\\complete\\4\\entry\\build\\default\\generated\\profile\\default',
  bundleType: 'app',
  arkTSVersion: undefined,
  apiVersion: 26,
  needCompleteSourcesMap: false,
  isFaMode: false,
  buildDir: 'D:\\HW\\testproject\\complete\\4\\entry\\build',
  buildCacheProjectDir: 'D:\\HW\\testproject\\complete\\4',
  deviceTypes: [ 'phone' ],
  pkgContextInfo: {
    '@ohos/hypium': {
      packageName: '@ohos/hypium',
      bundleName: '*****',
      moduleName: '',
      version: '1.0.24',
      entryPath: 'index.js',
      isSO: false,
      dependencyAlias: ''
    },
    '@ohos/hamock': {
      packageName: '@ohos/hamock',
      bundleName: '*****',
      moduleName: '',
      version: '1.0.0',
      entryPath: 'index.ets',
      isSO: false,
      dependencyAlias: ''
    },
    entry: {
      packageName: 'entry',
      bundleName: '*****',
      moduleName: '',
      version: '',
      entryPath: 'src/main/',
      isSO: false,
      dependencyAlias: ''
    }
  },
  ohPackagePathMap: {},
  dependencyAliasMap: {},
  permission: { requestPermissions: undefined, definePermissions: undefined },
  useGetCurrentBundleName: false,
  projectArkOption: undefined,
  sourceMapDir: undefined,
  branchElimination: false,
  transformLib: undefined,
  tsImportSendable: false,
  resolveConflictMode: true,
  depName2RootPath: {},
  depName2DepInfo: {},
  depName2OhExports: {},
  rootPathSet: [ 'D:\\HW\\testproject\\complete\\4' ],
  useNativeResolver: true,
  shouldEmitJs: true,
  useUnifiedAst: false,
  useTscResolve: false,
  singleFileEmit: false,
  userProjectConfig: {
    autoLazyImport: false,
    allowEmptyBundleName: false,
    reExportCheckMode: 'noCheck',
    executionMode: 'memory',
    usePathPlaceholder: false,
    writeRollupCache: true,
    isExpandImportEnabled: false,
    expandImportExclude: '',
    lazyImportExclude: '',
    lazyImportInclude: '',
    ignoreCrossplatformCheck: false,
    isHarDeduplicateEnabled: false,
    skipOhModulesLint: false,
    enableStrictCheckOHModule: false,
    disableSendableCheckRules: [],
    useDeclarationFileSignature: false,
    customizedOptions: undefined,
    integratedHsp: false,
    tsImportSoCheck: false,
    isPreloadSoEnabled: false
  },
  executionMode: 'memory',
  arkCompileCachePath: 'D:\\HW\\testproject\\complete\\4\\entry\\build\\default\\cache\\default\\default@CompileArkTS\\esmodule',
  autoLazyFilter: undefined,
  isHarDeduplicateEnabled: false,
  intermediateHarDuplicateDirPath: 'D:\\HW\\testproject\\complete\\4\\entry\\build\\default\\intermediates\\har_duplicate\\default',
  autoLazyImport: false,
  allowEmptyBundleName: false,
  reExportCheckMode: 'noCheck',
  usePathPlaceholder: false,
  writeRollupCache: true,
  isExpandImportEnabled: false,
  expandImportExclude: '',
  lazyImportExclude: '',
  lazyImportInclude: '',
  ignoreCrossplatformCheck: false,
  skipOhModulesLint: false,
  enableStrictCheckOHModule: false,
  disableSendableCheckRules: [],
  useDeclarationFileSignature: false,
  customizedOptions: undefined,
  integratedHsp: false,
  tsImportSoCheck: false,
  isPreloadSoEnabled: false,
  strictMode: {
    caseSensitiveCheck: true,
    useNormalizedOHMUrl: true,
    noExternalImportByPath: true
  },
  useNormalizedOHMUrl: true,
  caseSensitiveCheck: true,
  strictCheckerOnly: false,
  aceModuleJsonPath: 'D:\\HW\\testproject\\complete\\4\\entry\\build\\default\\intermediates\\res\\default\\ark_module.json',
  appResource: 'D:\\HW\\testproject\\complete\\4\\entry\\build\\default\\intermediates\\res\\default\\ResourceTable.txt',
  rawFileResource: 'D:\\HW\\testproject\\complete\\4\\entry\\build\\default\\intermediates\\res\\default\\resources\\rawfile',
  resourceTableHash: 'd81a83941c07883d4327563ba2cfe0ac7f68042912820a1577b99d29cbd144cc',
  runtimeOS: 'HarmonyOS',
  sdkInfo: 'false:26:26.0.0.105:Release',
  aceModuleRoot: 'D:\\HW\\testproject\\complete\\4\\entry\\src\\main\\ets',
  compileMode: 'esmodule',
  aceSuperVisualPath: 'D:\\HW\\testproject\\complete\\4\\entry\\src\\main\\supervisual',
  aceBuildJson: 'D:\\HW\\testproject\\complete\\4\\entry\\build\\default\\intermediates\\loader\\default\\loader.json',
  cachePath: 'D:\\HW\\testproject\\complete\\4\\entry\\build\\default\\cache\\default\\default@CompileArkTS\\esmodule\\debug',
  aceModuleBuild: 'D:\\HW\\testproject\\complete\\4\\entry\\build\\default\\intermediates\\loader_out\\default\\ets',
  supportChunks: true,
  declaredFilesPath: undefined,
  shouldCollectDirectImportees: false,
  isByteCodeHarOptimize: false,
  expandImportPath: undefined,
  resourceTableTs: 'D:\\HW\\testproject\\complete\\4\\entry\\build\\default\\generated\\r\\default\\ResourceTable.ts',
  moduleMetaInfoFiles: [
    {
      filePath: 'D:\\HW\\testproject\\complete\\4\\entry\\build\\default\\generated\\r\\default\\ResourceTable.ts',
      ohmurl: '&entry/build/generated/r/ResourceTable&'
    }
  ],
  pkgNameToPkgBriefInfo: {
    entry: {
      pkgRoot: 'D:\\HW\\testproject\\complete\\4\\entry',
      originalSourceRoots: undefined,
      sourceRoots: [Array],
      pkgName: 'entry'
    }
  },
  projectModel: {
    'D:\\HW\\testproject\\complete\\4\\entry\\src\\main': {
      moduleName: 'entry',
      modulePkgPath: 'D:\\HW\\testproject\\complete\\4\\entry',
      belongProjectPath: 'D:\\HW\\testproject\\complete\\4'
    },
    'D:\\HW\\testproject\\complete\\4\\entry\\.test\\default\\intermediates\\src\\ohosTest\\ets': {
      moduleName: 'entry_test',
      modulePkgPath: 'D:\\HW\\testproject\\complete\\4\\entry',
      belongProjectPath: 'D:\\HW\\testproject\\complete\\4'
    },
    'D:\\HW\\testproject\\complete\\4\\entry\\src\\ohosTest': {
      moduleName: 'entry_test',
      modulePkgPath: 'D:\\HW\\testproject\\complete\\4\\entry',
      belongProjectPath: 'D:\\HW\\testproject\\complete\\4'
    },
    'D:\\HW\\testproject\\complete\\4\\entry': {
      moduleName: 'entry',
      modulePkgPath: 'D:\\HW\\testproject\\complete\\4\\entry',
      belongProjectPath: 'D:\\HW\\testproject\\complete\\4'
    },
    'D:\\HW\\testproject\\complete\\4': {
      moduleName: '4',
      modulePkgPath: 'D:\\HW\\testproject\\complete\\4',
      belongProjectPath: 'D:\\HW\\testproject\\complete\\4'
    }
  },
  pkgJsonFileHash: '7ab10e622b876a852aaa87f883a5ca46773dc428b9273d7582651c0540669143',
  allModulePaths: [ 'D:\\HW\\testproject\\complete\\4\\entry' ],
  routerMap: {},
  obfuscationOptions: undefined,
  byteCodeHarToDependencyKeys: undefined,
  compileBlockPkg: [],
  mockParams: {
    decorator: '@MockSetup',
    packageName: '@ohos/hamock',
    etsSourceRootPath: 'src/main/ets',
    mockConfigPath: 'D:\\HW\\testproject\\complete\\4\\entry\\src\\mock\\mock-config.json5',
    mockConfigKey2ModuleInfo: {},
    source2ModuleIdMap: {}
  },
  copyCodeResourceEnable: false,
  copyCodeResourceExcludes: [],
  copyCodeResourceIncludes: undefined,
  uiTransformOptimization: false,
  sdkPath: 'E:/DevEco Studio/sdk',
  needPreloadSoFileSet: {},
  preloadSoFilePath: 'D:\\HW\\testproject\\complete\\4\\entry\\build\\default\\intermediates\\preload\\default\\preload.json',
  useSourceHash: false,
  localModuleParamMap: {},
  otherPaths: {
    'entry/*': [
      '..\\*',
      '..\\..\\..\\build\\default\\generated\\profile\\default\\*'
    ]
  },
  collectImportersConfig: undefined
}
[2026-09-10T16:56:23.726] [DEBUG] debug-file - Compile arkts with external api path: E:\DevEco Studio\sdk\default\hms\ets
[2026-09-10T16:56:23.729] [DEBUG] debug-file - before submitting ArkTS compile task to worker pool, config.buildDir: D:\HW\testproject\complete\4\entry\build
[2026-09-10T16:56:23.730] [DEBUG] debug-file - default@CompileArkTS work[5] is submitted.
[2026-09-10T16:56:23.731] [DEBUG] debug-file - default@CompileArkTS work[5] is pushed to ready queue.
[2026-09-10T16:56:23.731] [DEBUG] debug-file - A work dispatched to worker[15] failed because unable to get work from ready queue.
[2026-09-10T16:56:23.732] [DEBUG] debug-file - A work dispatched to worker[14] failed because unable to get work from ready queue.
[2026-09-10T16:56:23.732] [DEBUG] debug-file - A work dispatched to worker[13] failed because unable to get work from ready queue.
[2026-09-10T16:56:23.732] [DEBUG] debug-file - A work dispatched to worker[12] failed because unable to get work from ready queue.
[2026-09-10T16:56:23.732] [DEBUG] debug-file - A work dispatched to worker[11] failed because unable to get work from ready queue.
[2026-09-10T16:56:23.732] [DEBUG] debug-file - A work dispatched to worker[10] failed because unable to get work from ready queue.
[2026-09-10T16:56:23.733] [DEBUG] debug-file - A work dispatched to worker[9] failed because unable to get work from ready queue.
[2026-09-10T16:56:23.734] [DEBUG] debug-file - A work dispatched to worker[8] failed because unable to get work from ready queue.
[2026-09-10T16:56:23.734] [DEBUG] debug-file - A work dispatched to worker[7] failed because unable to get work from ready queue.
[2026-09-10T16:56:23.734] [DEBUG] debug-file - A work dispatched to worker[6] failed because unable to get work from ready queue.
[2026-09-10T16:56:23.734] [DEBUG] debug-file - A work dispatched to worker[5] failed because unable to get work from ready queue.
[2026-09-10T16:56:23.735] [DEBUG] debug-file - default@CompileArkTS work[5] has been dispatched to worker[4].
[2026-09-10T16:56:23.736] [DEBUG] debug-file - default@CompileArkTS work[5] is dispatched.
[2026-09-10T16:56:23.736] [DEBUG] debug-file - entry : default@CompileArkTS cost memory 1.0581588745117188
[2026-09-10T16:56:23.741] [DEBUG] debug-file - Executing task :entry:default@BuildJS
[2026-09-10T16:56:23.742] [DEBUG] debug-file - Task 'entry:default@BuildJS' cost while wrapping incremental declarations: 1 ms 
[2026-09-10T16:56:23.748] [DEBUG] debug-file - entry : default@BuildJS cost memory 0.118560791015625
[2026-09-10T16:56:23.748] [DEBUG] debug-file - runTaskFromQueue task cost before running: 719 ms 
[2026-09-10T16:56:23.748] [INFO] debug-file - Finished :entry:default@BuildJS... after 7 ms 
[2026-09-10T16:56:23.751] [DEBUG] debug-file - Executing task :entry:default@CacheNativeLibs
[2026-09-10T16:56:23.752] [DEBUG] debug-file - File: 'D:\HW\testproject\complete\4\entry\build\default\intermediates\binxo\default' from 'cacheBinxoNativeLibs' is not exists, just ignore.
[2026-09-10T16:56:23.752] [DEBUG] debug-file - Task 'entry:default@CacheNativeLibs' cost while wrapping incremental declarations: 1 ms 
[2026-09-10T16:56:23.756] [DEBUG] debug-file - Incremental task entry:default@CacheNativeLibs pre-execution cost: 4 ms .
[2026-09-10T16:56:23.757] [DEBUG] debug-file - entry : default@CacheNativeLibs cost memory 0.0869903564453125
[2026-09-10T16:56:23.758] [INFO] debug-file - UP-TO-DATE :entry:default@CacheNativeLibs...  
[2026-09-10T16:56:26.467] [DEBUG] debug-file - Ark compile task finished.finished time is 191408206694400
[2026-09-10T16:56:26.467] [DEBUG] debug-file - worker[4] has one work done.
[2026-09-10T16:56:26.471] [DEBUG] debug-file - default@CompileArkTS work[5] done.
[2026-09-10T16:56:26.478] [INFO] debug-file - Finished :entry:default@CompileArkTS... after 2 s 809 ms 
[2026-09-10T16:56:26.481] [DEBUG] debug-file - Executing task :entry:default@GeneratePkgModuleJson
[2026-09-10T16:56:26.482] [DEBUG] debug-file - File: 'D:\HW\testproject\complete\4\entry\build\default\intermediates\preload\default\preload.json' from 'preloadSoJsonPath' is not exists, just ignore.
[2026-09-10T16:56:26.482] [DEBUG] debug-file - Error occurs while handling @Input 'shouldDeduplicateHar': The "data" argument must be of type string or an instance of Buffer, TypedArray, or DataView. Received undefined
[2026-09-10T16:56:26.483] [DEBUG] debug-file - Task 'entry:default@GeneratePkgModuleJson' cost while wrapping incremental declarations: 2 ms 
[2026-09-10T16:56:26.485] [DEBUG] debug-file - Incremental task entry:default@GeneratePkgModuleJson pre-execution cost: 3 ms .
[2026-09-10T16:56:26.486] [DEBUG] debug-file - entry : default@GeneratePkgModuleJson cost memory 0.1024932861328125
[2026-09-10T16:56:26.486] [INFO] debug-file - UP-TO-DATE :entry:default@GeneratePkgModuleJson...  
[2026-09-10T16:56:26.488] [DEBUG] debug-file - Executing task :entry:default@ProcessCompiledResources
[2026-09-10T16:56:26.489] [DEBUG] debug-file - File: 'D:\HW\testproject\complete\4\entry\build\default\intermediates\preload\default\preload.json' from 'preloadSoJsonPath' is not exists, just ignore.
[2026-09-10T16:56:26.489] [DEBUG] debug-file - Task 'entry:default@ProcessCompiledResources' cost while wrapping incremental declarations: 1 ms 
[2026-09-10T16:56:26.490] [DEBUG] debug-file - entry : default@ProcessCompiledResources cost memory 0.05117034912109375
[2026-09-10T16:56:26.490] [DEBUG] debug-file - runTaskFromQueue task cost before running: 3 s 461 ms 
[2026-09-10T16:56:26.491] [INFO] debug-file - Finished :entry:default@ProcessCompiledResources... after 2 ms 
[2026-09-10T16:56:26.494] [DEBUG] debug-file - Executing task :entry:default@PackageHap
[2026-09-10T16:56:26.506] [DEBUG] debug-file - entry:default@PackageHap is not up-to-date, since the input file 'D:\HW\testproject\complete\4\entry\build\default\intermediates\loader_out\default\ets' has been changed.
[2026-09-10T16:56:26.506] [DEBUG] debug-file - Incremental task entry:default@PackageHap pre-execution cost: 11 ms .
[2026-09-10T16:56:26.508] [DEBUG] debug-file - Use tool [E:\DevEco Studio\sdk\default\openharmony\toolchains\lib\app_packing_tool.jar]
 [
  'java',
  '-Dfile.encoding=GBK',
  '-jar',
  'E:\\DevEco Studio\\sdk\\default\\openharmony\\toolchains\\lib\\app_packing_tool.jar',
  '--mode',
  'hap',
  '--force',
  'true',
  '--lib-path',
  'D:\\HW\\testproject\\complete\\4\\entry\\build\\default\\intermediates\\stripped_native_libs\\default',
  '--json-path',
  'D:\\HW\\testproject\\complete\\4\\entry\\build\\default\\intermediates\\package\\default\\module.json',
  '--resources-path',
  'D:\\HW\\testproject\\complete\\4\\entry\\build\\default\\intermediates\\res\\default\\resources',
  '--index-path',
  'D:\\HW\\testproject\\complete\\4\\entry\\build\\default\\intermediates\\res\\default\\resources.index',
  '--pack-info-path',
  'D:\\HW\\testproject\\complete\\4\\entry\\build\\default\\outputs\\default\\pack.info',
  '--out-path',
  'D:\\HW\\testproject\\complete\\4\\entry\\build\\default\\outputs\\default\\entry-default-unsigned.hap',
  '--ets-path',
  'D:\\HW\\testproject\\complete\\4\\entry\\build\\default\\intermediates\\loader_out\\default\\ets',
  '--pkg-context-path',
  'D:\\HW\\testproject\\complete\\4\\entry\\build\\default\\intermediates\\loader\\default\\pkgContextInfo.json'
]
[2026-09-10T16:56:26.508] [DEBUG] debug-file - default@PackageHap work[6] is submitted.
[2026-09-10T16:56:26.508] [DEBUG] debug-file - default@PackageHap work[6] is pushed to ready queue.
[2026-09-10T16:56:26.509] [DEBUG] debug-file - A work dispatched to worker[15] failed because unable to get work from ready queue.
[2026-09-10T16:56:26.509] [DEBUG] debug-file - Create  resident worker with id: 14.
[2026-09-10T16:56:26.511] [DEBUG] debug-file - default@PackageHap work[6] has been dispatched to worker[14].
[2026-09-10T16:56:26.511] [DEBUG] debug-file - default@PackageHap work[6] is dispatched.
[2026-09-10T16:56:26.516] [DEBUG] debug-file - entry : default@PackageHap cost memory 0.45733642578125
[2026-09-10T16:56:30.236] [DEBUG] debug-file - current process  memoryUsage: {
  rss: 448282624,
  heapTotal: 79118336,
  heapUsed: 50496544,
  external: 3958577,
  arrayBuffers: 18671
} os memoryUsage :14.789478302001953
[2026-09-10T16:56:31.183] [DEBUG] debug-file - worker[14] has one work done.
[2026-09-10T16:56:31.184] [DEBUG] debug-file - default@PackageHap work[6] done.
[2026-09-10T16:56:31.184] [DEBUG] debug-file - A work dispatched to worker[14] failed because unable to get work from ready queue.
[2026-09-10T16:56:31.189] [INFO] debug-file - Finished :entry:default@PackageHap... after 992 ms 
[2026-09-10T16:56:31.192] [DEBUG] debug-file - Executing task :entry:default@PackingCheck
[2026-09-10T16:56:31.206] [DEBUG] debug-file - entry : default@PackingCheck cost memory 0.3631744384765625
[2026-09-10T16:56:31.206] [DEBUG] debug-file - runTaskFromQueue task cost before running: 8 s 177 ms 
[2026-09-10T16:56:31.206] [INFO] debug-file - Finished :entry:default@PackingCheck... after 14 ms 
[2026-09-10T16:56:31.208] [DEBUG] debug-file - Executing task :entry:default@SignHap
[2026-09-10T16:56:31.208] [WARN] debug-file - Will skip sign 'hos_hap'. No signingConfigs profile is configured in current project.
             If needed, configure the signingConfigs in D:\HW\testproject\complete\4\build-profile.json5.
[2026-09-10T16:56:31.210] [DEBUG] debug-file - entry:default@SignHap is not up-to-date, since the input file 'D:\HW\testproject\complete\4\entry\build\default\outputs\default\entry-default-unsigned.hap' has been changed.
[2026-09-10T16:56:31.211] [DEBUG] debug-file - Incremental task entry:default@SignHap pre-execution cost: 2 ms .
[2026-09-10T16:56:31.212] [DEBUG] debug-file - entry : default@SignHap cost memory 0.06565093994140625
[2026-09-10T16:56:31.212] [DEBUG] debug-file - runTaskFromQueue task cost before running: 8 s 183 ms 
[2026-09-10T16:56:31.214] [INFO] debug-file - Finished :entry:default@SignHap... after 5 ms 
[2026-09-10T16:56:31.216] [DEBUG] debug-file - Executing task :entry:default@CollectDebugSymbol
[2026-09-10T16:56:31.218] [DEBUG] debug-file - entry : default@CollectDebugSymbol cost memory 0.07909393310546875
[2026-09-10T16:56:31.219] [DEBUG] debug-file - runTaskFromQueue task cost before running: 8 s 190 ms 
[2026-09-10T16:56:31.219] [INFO] debug-file - Finished :entry:default@CollectDebugSymbol... after 3 ms 
[2026-09-10T16:56:31.219] [DEBUG] debug-file - Executing task :entry:assembleHap
[2026-09-10T16:56:31.219] [DEBUG] debug-file - entry : assembleHap cost memory 0.014129638671875
[2026-09-10T16:56:31.220] [DEBUG] debug-file - runTaskFromQueue task cost before running: 8 s 190 ms 
[2026-09-10T16:56:31.220] [INFO] debug-file - Finished :entry:assembleHap... after 1 ms 
[2026-09-10T16:56:31.221] [INFO] debug-file - BUILD SUCCESSFUL in 8 s 192 ms 
[2026-09-10T16:56:31.221] [DEBUG] debug-file - There is no need to refresh cache, since the incremental task entry:default@PreBuild is up-to-date.
[2026-09-10T16:56:31.221] [DEBUG] debug-file - Update task entry:default@CreateModuleInfo output file:D:\HW\testproject\complete\4\entry\build\default\generated\profile\default\ModuleInfo.ts cache.
[2026-09-10T16:56:31.222] [DEBUG] debug-file - Incremental task entry:default@CreateModuleInfo post-execution cost:1 ms .
[2026-09-10T16:56:31.222] [DEBUG] debug-file - There is no need to refresh cache, since the incremental task entry:default@GenerateMetadata is up-to-date.
[2026-09-10T16:56:31.222] [DEBUG] debug-file - There is no need to refresh cache, since the incremental task entry:default@MergeProfile is up-to-date.
[2026-09-10T16:56:31.222] [DEBUG] debug-file - There is no need to refresh cache, since the incremental task entry:default@CreateBuildProfile is up-to-date.
[2026-09-10T16:56:31.222] [DEBUG] debug-file - There is no need to refresh cache, since the incremental task entry:default@GeneratePkgContextInfo is up-to-date.
[2026-09-10T16:56:31.222] [DEBUG] debug-file - Update task entry:default@GeneratePkgSdkInfo output file:D:\HW\testproject\complete\4\entry\build\default\intermediates\loader\default\pkgSdkInfo.json cache.
[2026-09-10T16:56:31.222] [DEBUG] debug-file - Incremental task entry:default@GeneratePkgSdkInfo post-execution cost:1 ms .
[2026-09-10T16:56:31.223] [DEBUG] debug-file - Update task entry:default@ProcessIntegratedHsp output file:D:\HW\testproject\complete\4\build\cache\default\integrated_hsp\integratedHspCache.json cache.
[2026-09-10T16:56:31.223] [DEBUG] debug-file - Incremental task entry:default@ProcessIntegratedHsp post-execution cost:1 ms .
[2026-09-10T16:56:31.223] [DEBUG] debug-file - There is no need to refresh cache, since the incremental task entry:default@MakePackInfo is up-to-date.
[2026-09-10T16:56:31.223] [DEBUG] debug-file - Update task entry:default@SyscapTransform input file:E:\DevEco Studio\sdk\default\openharmony\toolchains\syscap_tool.exe cache by regenerate.
[2026-09-10T16:56:31.223] [DEBUG] debug-file - Update task entry:default@SyscapTransform input file:E:\DevEco Studio\sdk\default\openharmony\ets\api\device-define cache by regenerate.
[2026-09-10T16:56:31.226] [DEBUG] debug-file - Update task entry:default@SyscapTransform output file:D:\HW\testproject\complete\4\entry\build\default\intermediates\syscap\default\rpcid.sc cache.
[2026-09-10T16:56:31.227] [DEBUG] debug-file - Incremental task entry:default@SyscapTransform post-execution cost:4 ms .
[2026-09-10T16:56:31.227] [DEBUG] debug-file - There is no need to refresh cache, since the incremental task entry:default@ProcessProfile is up-to-date.
[2026-09-10T16:56:31.227] [DEBUG] debug-file - There is no need to refresh cache, since the incremental task entry:default@ProcessRouterMap is up-to-date.
[2026-09-10T16:56:31.227] [DEBUG] debug-file - There is no need to refresh cache, since the incremental task entry:default@ProcessShareConfig is up-to-date.
[2026-09-10T16:56:31.228] [DEBUG] debug-file - Update task entry:default@ProcessStartupConfig input file:D:\HW\testproject\complete\4\entry\build\default\intermediates\loader\default\pkgContextInfo.json cache by regenerate.
[2026-09-10T16:56:31.230] [DEBUG] debug-file - Update task entry:default@ProcessStartupConfig output file:D:\HW\testproject\complete\4\entry\build\default\intermediates\startup\default\startup_config.json cache.
[2026-09-10T16:56:31.230] [DEBUG] debug-file - Incremental task entry:default@ProcessStartupConfig post-execution cost:3 ms .
[2026-09-10T16:56:31.231] [DEBUG] debug-file - There is no need to refresh cache, since the incremental task entry:default@ProcessResource is up-to-date.
[2026-09-10T16:56:31.231] [DEBUG] debug-file - There is no need to refresh cache, since the incremental task entry:default@GenerateLoaderJson is up-to-date.
[2026-09-10T16:56:31.231] [DEBUG] debug-file - There is no need to refresh cache, since the incremental task entry:default@ProcessLibs is up-to-date.
[2026-09-10T16:56:31.231] [DEBUG] debug-file - There is no need to refresh cache, since the incremental task entry:default@CompileResource is up-to-date.
[2026-09-10T16:56:31.232] [DEBUG] debug-file - There is no need to refresh cache, since the incremental task entry:default@DoNativeStrip is up-to-date.
[2026-09-10T16:56:31.242] [DEBUG] debug-file - Update task entry:default@CompileArkTS input file:D:\HW\testproject\complete\4\entry\build\default\intermediates\loader\default cache by regenerate.
[2026-09-10T16:56:31.249] [DEBUG] debug-file - Update task entry:default@CompileArkTS input file:D:\HW\testproject\complete\4\entry\build\default\intermediates\res\default\resources\rawfile cache by regenerate.
[2026-09-10T16:56:31.251] [DEBUG] debug-file - Update task entry:default@CompileArkTS input file:D:\HW\testproject\complete\4\entry\build\default\intermediates\res\default\ResourceTable.txt cache by regenerate.
[2026-09-10T16:56:31.251] [DEBUG] debug-file - Update task entry:default@CompileArkTS input file:D:\HW\testproject\complete\4\entry\build\default\intermediates\res\default\ark_module.json cache by regenerate.
[2026-09-10T16:56:31.252] [DEBUG] debug-file - Update task entry:default@CompileArkTS input file:D:\HW\testproject\complete\4\entry\build\default\intermediates\res\default\resources\base\profile cache by regenerate.
[2026-09-10T16:56:31.253] [DEBUG] debug-file - Update task entry:default@CompileArkTS input file:D:\HW\testproject\complete\4\entry\src\main\ets cache from map.
[2026-09-10T16:56:31.253] [DEBUG] debug-file - Update task entry:default@CompileArkTS input file:D:\HW\testproject\complete\4\entry\build\default\intermediates\loader\default\pkgContextInfo.json cache by regenerate.
[2026-09-10T16:56:31.253] [DEBUG] debug-file - Update task entry:default@CompileArkTS input file:D:\HW\testproject\complete\4\entry\build\default\generated\profile\default\BuildProfile.ets cache by regenerate.
[2026-09-10T16:56:31.253] [DEBUG] debug-file - Update task entry:default@CompileArkTS input file:D:\HW\testproject\complete\4\entry\src\mock\mock-config.json5 cache by regenerate.
[2026-09-10T16:56:31.254] [DEBUG] debug-file - Update task entry:default@CompileArkTS output file:D:\HW\testproject\complete\4\entry\build\default\intermediates\loader_out\default\ets cache.
[2026-09-10T16:56:31.255] [DEBUG] debug-file - Incremental task entry:default@CompileArkTS post-execution cost:23 ms .
[2026-09-10T16:56:31.257] [DEBUG] debug-file - Update task entry:default@BuildJS input file:D:\HW\testproject\complete\4\entry\build\default\intermediates\loader\default cache by regenerate.
[2026-09-10T16:56:31.258] [DEBUG] debug-file - Update task entry:default@BuildJS input file:D:\HW\testproject\complete\4\entry\build\default\intermediates\res\default\resources\rawfile cache by regenerate.
[2026-09-10T16:56:31.258] [DEBUG] debug-file - Update task entry:default@BuildJS input file:D:\HW\testproject\complete\4\entry\build\default\intermediates\res\default\ResourceTable.txt cache by regenerate.
[2026-09-10T16:56:31.259] [DEBUG] debug-file - Update task entry:default@BuildJS input file:D:\HW\testproject\complete\4\entry\build\default\intermediates\res\default\ark_module.json cache by regenerate.
[2026-09-10T16:56:31.260] [DEBUG] debug-file - Update task entry:default@BuildJS input file:D:\HW\testproject\complete\4\entry\build\default\intermediates\res\default\resources\base\profile cache by regenerate.
[2026-09-10T16:56:31.261] [DEBUG] debug-file - Update task entry:default@BuildJS input file:D:\HW\testproject\complete\4\entry\build\default\intermediates\loader\default\pkgContextInfo.json cache by regenerate.
[2026-09-10T16:56:31.262] [DEBUG] debug-file - Update task entry:default@BuildJS output file:D:\HW\testproject\complete\4\entry\build\default\intermediates\loader_out\default\js cache.
[2026-09-10T16:56:31.262] [DEBUG] debug-file - Incremental task entry:default@BuildJS post-execution cost:8 ms .
[2026-09-10T16:56:31.262] [DEBUG] debug-file - There is no need to refresh cache, since the incremental task entry:default@CacheNativeLibs is up-to-date.
[2026-09-10T16:56:31.263] [DEBUG] debug-file - There is no need to refresh cache, since the incremental task entry:default@GeneratePkgModuleJson is up-to-date.
[2026-09-10T16:56:31.263] [DEBUG] debug-file - Incremental task entry:default@ProcessCompiledResources post-execution cost:1 ms .
[2026-09-10T16:56:31.267] [DEBUG] debug-file - Update task entry:default@PackageHap input file:D:\HW\testproject\complete\4\entry\build\default\outputs\default\pack.info cache by regenerate.
[2026-09-10T16:56:31.267] [DEBUG] debug-file - Update task entry:default@PackageHap input file:D:\HW\testproject\complete\4\entry\build\default\intermediates\stripped_native_libs\default cache by regenerate.
[2026-09-10T16:56:31.268] [DEBUG] debug-file - Update task entry:default@PackageHap input file:D:\HW\testproject\complete\4\entry\build\default\intermediates\res\default\module.json cache by regenerate.
[2026-09-10T16:56:31.269] [DEBUG] debug-file - Update task entry:default@PackageHap input file:D:\HW\testproject\complete\4\entry\build\default\intermediates\res\default\resources cache by regenerate.
[2026-09-10T16:56:31.273] [DEBUG] debug-file - Update task entry:default@PackageHap input file:D:\HW\testproject\complete\4\entry\build\default\intermediates\res\default\resources.index cache by regenerate.
[2026-09-10T16:56:31.274] [DEBUG] debug-file - Update task entry:default@PackageHap input file:D:\HW\testproject\complete\4\entry\build\default\intermediates\loader_out\default\ets cache from map.
[2026-09-10T16:56:31.274] [DEBUG] debug-file - Update task entry:default@PackageHap input file:D:\HW\testproject\complete\4\entry\build\default\intermediates\loader\default\pkgContextInfo.json cache by regenerate.
[2026-09-10T16:56:31.275] [DEBUG] debug-file - Update task entry:default@PackageHap input file:D:\HW\testproject\complete\4\entry\build\default\intermediates\package\default\module.json cache by regenerate.
[2026-09-10T16:56:31.276] [DEBUG] debug-file - Update task entry:default@PackageHap input file:D:\HW\testproject\complete\4\entry\build\default\intermediates\loader_out\default\ets\sourceMaps.map cache by regenerate.
[2026-09-10T16:56:31.278] [DEBUG] debug-file - Update task entry:default@PackageHap input file:D:\HW\testproject\complete\4\entry\build\default\generated\profile\default\BuildProfile.ets cache by regenerate.
[2026-09-10T16:56:31.279] [DEBUG] debug-file - Update task entry:default@PackageHap output file:D:\HW\testproject\complete\4\entry\build\default\outputs\default\entry-default-unsigned.hap cache.
[2026-09-10T16:56:31.280] [DEBUG] debug-file - Update task entry:default@PackageHap output file:D:\HW\testproject\complete\4\entry\build\default\intermediates\source_map\default\sourceMaps.map cache.
[2026-09-10T16:56:31.281] [DEBUG] debug-file - Update task entry:default@PackageHap output file:D:\HW\testproject\complete\4\entry\build\default\outputs\default\mapping\sourceMaps.map cache.
[2026-09-10T16:56:31.282] [DEBUG] debug-file - Incremental task entry:default@PackageHap post-execution cost:19 ms .
[2026-09-10T16:56:31.282] [DEBUG] debug-file - Update task entry:default@SignHap input file:D:\HW\testproject\complete\4\entry\build\default\outputs\default\entry-default-unsigned.hap cache from map.
[2026-09-10T16:56:31.283] [DEBUG] debug-file - Update task entry:default@SignHap output file:D:\HW\testproject\complete\4\entry\build\default\outputs\default\entry-default-signed.hap cache.
[2026-09-10T16:56:31.283] [DEBUG] debug-file - Incremental task entry:default@SignHap post-execution cost:2 ms .
[2026-09-10T16:56:31.285] [DEBUG] debug-file - Update task entry:default@CollectDebugSymbol input file:D:\HW\testproject\complete\4\entry\build\default\intermediates\loader_out\default\ets\sourceMaps.map cache by regenerate.
[2026-09-10T16:56:31.287] [DEBUG] debug-file - Update task entry:default@CollectDebugSymbol input file:D:\HW\testproject\complete\4\entry\build\default\intermediates\libs\default cache by regenerate.
[2026-09-10T16:56:31.288] [DEBUG] debug-file - Update task entry:default@CollectDebugSymbol output file:D:\HW\testproject\complete\4\entry\build\default\outputs\default\symbol cache.
[2026-09-10T16:56:31.289] [DEBUG] debug-file - Incremental task entry:default@CollectDebugSymbol post-execution cost:5 ms .
[2026-09-10T16:56:31.315] [DEBUG] debug-file - Cleanup worker 14.
[2026-09-10T16:56:31.316] [DEBUG] debug-file - hvigor build process will be closed.
[2026-09-10T16:56:31.327] [DEBUG] debug-file - worker[14] exits with exit code 1.
[2026-09-10T16:56:31.328] [DEBUG] debug-file - Worker 14 has been cleaned up.
[2026-09-10T16:56:31.328] [DEBUG] debug-file - Current idle worker size: 1.
[2026-09-10T16:56:31.328] [DEBUG] debug-file - Current resident worker size: 1.
[2026-09-10T16:56:31.341] [DEBUG] debug-file - session manager: send message to worker process. WorkerThreadId: 0, data: {"type":"hvigor_failed","reason":"Server has disconnected."}
[2026-09-10T16:56:31.344] [DEBUG] debug-file - session manager: send message to worker process. WorkerThreadId: 0, data: {"type":"CloseWatch","reason":"Server has disconnected."}
[2026-09-10T16:56:31.343] [DEBUG] debug-file - watch worker: worker id should be larger than 0. Nothing will be sent to any worker thread.
[2026-09-10T16:56:31.344] [DEBUG] debug-file - ABORT_WORK sent to workers.
[2026-09-10T16:56:31.347] [DEBUG] debug-file - watch worker: worker id should be larger than 0. Nothing will be sent to any worker thread.
[2026-09-10T16:57:08.498] [DEBUG] debug-file - session manager: set active socket. socketId=keANSN1QT9XfMYD3AAAL
[2026-09-10T16:57:08.528] [DEBUG] debug-file - watch worker: worker id should be larger than 0. Nothing will be sent to any worker thread.
[2026-09-10T16:57:08.542] [DEBUG] debug-file - Workers' log level updated to INFO
[2026-09-10T16:57:08.551] [DEBUG] debug-file - Hvigor init with startParameters:{
  hvigorfileTypeCheck: false,
  parallelExecution: true,
  incrementalExecution: true,
  printStackTrace: false,
  daemon: true,
  analyze: 0,
  logLevel: Level { level: 20000, levelStr: 'INFO', colour: 'green' },
  optimizationStrategy: 'memory',
  hotCompile: undefined,
  hotReloadBuild: undefined,
  customizedParam: undefined
}
[2026-09-10T16:57:08.570] [DEBUG] debug-file - Cache service initialization finished in 19 ms 
[2026-09-10T16:57:08.572] [DEBUG] debug-file - hvigorfile, resolving D:\HW\testproject\complete\4\hvigorfile.ts
[2026-09-10T16:57:08.589] [DEBUG] debug-file - hvigorfile, require result:  { default: { plugins: [] } }
[2026-09-10T16:57:08.589] [DEBUG] debug-file - hvigorfile, binding system plugins null
[2026-09-10T16:57:08.590] [DEBUG] debug-file - Starting plugin build process
[2026-09-10T16:57:08.590] [DEBUG] debug-file - App plugin prepare start...
[2026-09-10T16:57:08.590] [DEBUG] debug-file - App plugin prepare end...
[2026-09-10T16:57:08.590] [DEBUG] debug-file - App plugin creating...
[2026-09-10T16:57:08.609] [DEBUG] debug-file - App plugin register hook start...
[2026-09-10T16:57:08.609] [DEBUG] debug-file - App plugin register hook end...
[2026-09-10T16:57:08.610] [DEBUG] debug-file - Plugin build process completed
[2026-09-10T16:57:08.610] [DEBUG] debug-file - Start initialize project's product build option map with build mode debug.
[2026-09-10T16:57:08.610] [DEBUG] debug-file - Picking option from product 'default' with build mode 'debug'.
[2026-09-10T16:57:08.611] [DEBUG] debug-file - Product 'default' build option initialized
[2026-09-10T16:57:08.612] [DEBUG] debug-file - End initialize project's product build option map with build mode 'debug'.
[2026-09-10T16:57:08.619] [DEBUG] debug-file - Obtain build option for product 'default'in this build.
[2026-09-10T16:57:08.632] [DEBUG] debug-file - No signingConfig found, initRemoteHspCache failed.
[2026-09-10T16:57:08.641] [DEBUG] debug-file - Start recording SDK configuration permission data.
[2026-09-10T16:57:08.723] [DEBUG] debug-file - Sdk init in 90 ms 
[2026-09-10T16:57:08.734] [DEBUG] debug-file - Project task initialization takes 11 ms 
[2026-09-10T16:57:08.735] [DEBUG] debug-file - hvigorfile, begin to bind custom plugins...
[2026-09-10T16:57:08.735] [DEBUG] debug-file - hvigorfile, no custom plugins were found in D:\HW\testproject\complete\4\hvigorfile.ts
[2026-09-10T16:57:08.735] [DEBUG] debug-file - hvigorfile, resolve finished D:\HW\testproject\complete\4\hvigorfile.ts
[2026-09-10T16:57:08.737] [DEBUG] debug-file - hvigorfile, resolving D:\HW\testproject\complete\4\entry\hvigorfile.ts
[2026-09-10T16:57:08.741] [DEBUG] debug-file - hvigorfile, require result:  { default: { plugins: [] } }
[2026-09-10T16:57:08.742] [DEBUG] debug-file - hvigorfile, binding system plugins null
[2026-09-10T16:57:08.742] [DEBUG] debug-file - Starting plugin build process
[2026-09-10T16:57:08.742] [DEBUG] debug-file - Hap plugin creating...
[2026-09-10T16:57:08.746] [DEBUG] debug-file - failed to load cangjie to dynamically generate schemas: Error: Cannot find module '@ohos/cangjie-build-support/index'
Require stack:
- E:\DevEco Studio\tools\hvigor\hvigor-ohos-plugin\src\plugin\hooks\cangjie-register.js
- E:\DevEco Studio\tools\hvigor\hvigor-ohos-plugin\src\plugin\strategy\stage-init-strategy.js
- E:\DevEco Studio\tools\hvigor\hvigor-ohos-plugin\src\plugin\builder\abstract-plugin-builder.js
- E:\DevEco Studio\tools\hvigor\hvigor-ohos-plugin\src\plugin\builder\app-plugin-builder.js
- E:\DevEco Studio\tools\hvigor\hvigor-ohos-plugin\src\plugin\factory\plugin-factory.js
- E:\DevEco Studio\tools\hvigor\hvigor-ohos-plugin\index.js
- D:\HW\testproject\complete\4\hvigorfile.ts
- E:\DevEco Studio\tools\hvigor\hvigor\src\base\internal\lifecycle\configuration.js
- E:\DevEco Studio\tools\hvigor\hvigor\src\base\boot\index.js
- E:\DevEco Studio\tools\hvigor\hvigor\src\base\daemon\cluster\worker-process-lifecycle.js
- E:\DevEco Studio\tools\hvigor\hvigor\src\base\daemon\process\daemon-process-boot-script.js
[2026-09-10T16:57:08.752] [DEBUG] debug-file - Start initialize module-target build option map, moduleName=entry, buildMode=debug
[2026-09-10T16:57:08.752] [DEBUG] debug-file - Target 'default' config initialized
[2026-09-10T16:57:08.753] [DEBUG] debug-file - Target 'ohosTest' config initialized
[2026-09-10T16:57:08.753] [DEBUG] debug-file - Module 'entry' target 'default' build option initialized
[2026-09-10T16:57:08.753] [DEBUG] debug-file - Module 'entry' target 'ohosTest' build option initialized
[2026-09-10T16:57:08.753] [DEBUG] debug-file - End initialize module-target build option map, moduleName=entry
[2026-09-10T16:57:08.753] [DEBUG] debug-file - Start initialize module-target build option map, moduleName=entry, buildMode=release
[2026-09-10T16:57:08.753] [DEBUG] debug-file - Target 'default' config initialized
[2026-09-10T16:57:08.754] [DEBUG] debug-file - Target 'ohosTest' config initialized
[2026-09-10T16:57:08.754] [DEBUG] debug-file - Module 'entry' target 'default' build option initialized
[2026-09-10T16:57:08.754] [DEBUG] debug-file - Module 'entry' target 'ohosTest' build option initialized
[2026-09-10T16:57:08.754] [DEBUG] debug-file - End initialize module-target build option map, moduleName=entry
[2026-09-10T16:57:08.755] [DEBUG] debug-file - Start initialize module-target build option map, moduleName=entry, buildMode=debug
[2026-09-10T16:57:08.755] [DEBUG] debug-file - Target 'default' config initialized
[2026-09-10T16:57:08.755] [DEBUG] debug-file - Target 'ohosTest' config initialized
[2026-09-10T16:57:08.756] [DEBUG] debug-file - Module 'entry' target 'default' build option initialized
[2026-09-10T16:57:08.756] [DEBUG] debug-file - Module 'entry' target 'ohosTest' build option initialized
[2026-09-10T16:57:08.756] [DEBUG] debug-file - End initialize module-target build option map, moduleName=entry
[2026-09-10T16:57:08.756] [DEBUG] debug-file - Obtain build option for module 'entry' target 'default'in this build.
[2026-09-10T16:57:08.760] [DEBUG] debug-file - Module entry task initialization takes 3 ms 
[2026-09-10T16:57:08.760] [DEBUG] debug-file - Hap plugin register hook start...
[2026-09-10T16:57:08.760] [DEBUG] debug-file - Hap plugin register hook end...
[2026-09-10T16:57:08.760] [DEBUG] debug-file - Plugin build process completed
[2026-09-10T16:57:08.760] [DEBUG] debug-file - hvigorfile, begin to bind custom plugins...
[2026-09-10T16:57:08.761] [DEBUG] debug-file - hvigorfile, no custom plugins were found in D:\HW\testproject\complete\4\entry\hvigorfile.ts
[2026-09-10T16:57:08.761] [DEBUG] debug-file - hvigorfile, resolve finished D:\HW\testproject\complete\4\entry\hvigorfile.ts
[2026-09-10T16:57:08.917] [DEBUG] debug-file - hvigorfile, resolve hvigorfile dependencies in 156 ms 
[2026-09-10T16:57:08.917] [DEBUG] debug-file - project has submodules:entry
[2026-09-10T16:57:08.920] [DEBUG] debug-file - start to load updatedOhPackageInfo to the disk
[2026-09-10T16:57:08.923] [DEBUG] debug-file - load to the disk finished
[2026-09-10T16:57:08.924] [DEBUG] debug-file - Start to initialize dependency information.
[2026-09-10T16:57:08.937] [DEBUG] debug-file - Module 4 Collected Dependency: 
[2026-09-10T16:57:08.937] [DEBUG] debug-file - Module 4's total dependency: 0
[2026-09-10T16:57:08.938] [DEBUG] debug-file - Start to initialize dependency information.
[2026-09-10T16:57:08.941] [DEBUG] debug-file - Module entry Collected Dependency: 
[2026-09-10T16:57:08.941] [DEBUG] debug-file - Module entry's total dependency: 0
[2026-09-10T16:57:08.943] [DEBUG] debug-file - Configuration phase cost:373 ms 
[2026-09-10T16:57:08.945] [DEBUG] debug-file - Configuration task cost before running: 402 ms 
[2026-09-10T16:57:08.951] [DEBUG] debug-file - Executing task :entry:default@PreBuild
[2026-09-10T16:57:08.957] [DEBUG] debug-file - Task 'entry:default@PreBuild' cost while wrapping incremental declarations: 1 ms 
[2026-09-10T16:57:08.976] [DEBUG] debug-file - Incremental task entry:default@PreBuild pre-execution cost: 10 ms .
[2026-09-10T16:57:08.977] [DEBUG] debug-file - entry : default@PreBuild cost memory 0.5460891723632812
[2026-09-10T16:57:08.983] [INFO] debug-file - UP-TO-DATE :entry:default@PreBuild...  
[2026-09-10T16:57:08.985] [DEBUG] debug-file - Executing task :entry:default@CreateModuleInfo
[2026-09-10T16:57:08.986] [DEBUG] debug-file - Task 'entry:default@CreateModuleInfo' cost while wrapping incremental declarations: 1 ms 
[2026-09-10T16:57:08.987] [DEBUG] debug-file - entry : default@CreateModuleInfo cost memory 0.04051971435546875
[2026-09-10T16:57:08.987] [DEBUG] debug-file - runTaskFromQueue task cost before running: 445 ms 
[2026-09-10T16:57:08.988] [INFO] debug-file - Finished :entry:default@CreateModuleInfo... after 3 ms 
[2026-09-10T16:57:08.990] [DEBUG] debug-file - Executing task :entry:default@GenerateMetadata
[2026-09-10T16:57:08.991] [DEBUG] debug-file - Task 'entry:default@GenerateMetadata' cost while wrapping incremental declarations: 1 ms 
[2026-09-10T16:57:08.994] [DEBUG] debug-file - Incremental task entry:default@GenerateMetadata pre-execution cost: 2 ms .
[2026-09-10T16:57:08.994] [DEBUG] debug-file - entry : default@GenerateMetadata cost memory 0.07462310791015625
[2026-09-10T16:57:08.995] [INFO] debug-file - UP-TO-DATE :entry:default@GenerateMetadata...  
[2026-09-10T16:57:08.998] [DEBUG] debug-file - Executing task :entry:default@ConfigureCmake
[2026-09-10T16:57:08.999] [DEBUG] debug-file - entry : default@ConfigureCmake cost memory 0.01454925537109375
[2026-09-10T16:57:08.999] [DEBUG] debug-file - runTaskFromQueue task cost before running: 456 ms 
[2026-09-10T16:57:09.000] [INFO] debug-file - Finished :entry:default@ConfigureCmake... after 1 ms 
[2026-09-10T16:57:09.003] [DEBUG] debug-file - Executing task :entry:default@MergeProfile
[2026-09-10T16:57:09.003] [DEBUG] debug-file - Task 'entry:default@MergeProfile' cost while wrapping incremental declarations: 1 ms 
[2026-09-10T16:57:09.008] [DEBUG] debug-file - Incremental task entry:default@MergeProfile pre-execution cost: 5 ms .
[2026-09-10T16:57:09.009] [DEBUG] debug-file - entry : default@MergeProfile cost memory 0.1198883056640625
[2026-09-10T16:57:09.010] [INFO] debug-file - UP-TO-DATE :entry:default@MergeProfile...  
[2026-09-10T16:57:09.014] [DEBUG] debug-file - Executing task :entry:default@CreateBuildProfile
[2026-09-10T16:57:09.016] [DEBUG] debug-file - Task 'entry:default@CreateBuildProfile' cost while wrapping incremental declarations: 2 ms 
[2026-09-10T16:57:09.021] [DEBUG] debug-file - Incremental task entry:default@CreateBuildProfile pre-execution cost: 4 ms .
[2026-09-10T16:57:09.021] [DEBUG] debug-file - entry : default@CreateBuildProfile cost memory 0.0940704345703125
[2026-09-10T16:57:09.022] [INFO] debug-file - UP-TO-DATE :entry:default@CreateBuildProfile...  
[2026-09-10T16:57:09.026] [DEBUG] debug-file - Executing task :entry:default@PreCheckSyscap
[2026-09-10T16:57:09.028] [DEBUG] debug-file - entry : default@PreCheckSyscap cost memory 0.014678955078125
[2026-09-10T16:57:09.028] [DEBUG] debug-file - runTaskFromQueue task cost before running: 485 ms 
[2026-09-10T16:57:09.030] [INFO] debug-file - Finished :entry:default@PreCheckSyscap... after 3 ms 
[2026-09-10T16:57:09.035] [DEBUG] debug-file - Executing task :entry:default@GeneratePkgContextInfo
[2026-09-10T16:57:09.047] [DEBUG] debug-file - Task 'entry:default@GeneratePkgContextInfo' cost while wrapping incremental declarations: 1 ms 
[2026-09-10T16:57:09.049] [DEBUG] debug-file - Incremental task entry:default@GeneratePkgContextInfo pre-execution cost: 2 ms .
[2026-09-10T16:57:09.049] [DEBUG] debug-file - entry : default@GeneratePkgContextInfo cost memory 0.196441650390625
[2026-09-10T16:57:09.050] [INFO] debug-file - UP-TO-DATE :entry:default@GeneratePkgContextInfo...  
[2026-09-10T16:57:09.051] [DEBUG] debug-file - Executing task :entry:default@GeneratePkgSdkInfo
[2026-09-10T16:57:09.056] [DEBUG] debug-file - Task 'entry:default@GeneratePkgSdkInfo' cost while wrapping incremental declarations: 1 ms 
[2026-09-10T16:57:09.058] [DEBUG] debug-file - entry : default@GeneratePkgSdkInfo cost memory 0.10897064208984375
[2026-09-10T16:57:09.058] [DEBUG] debug-file - runTaskFromQueue task cost before running: 515 ms 
[2026-09-10T16:57:09.059] [INFO] debug-file - Finished :entry:default@GeneratePkgSdkInfo... after 8 ms 
[2026-09-10T16:57:09.069] [DEBUG] debug-file - Executing task :entry:default@ProcessIntegratedHsp
[2026-09-10T16:57:09.070] [DEBUG] debug-file - entry:default@ProcessIntegratedHsp is not up-to-date, since the output file 'D:\HW\testproject\complete\4\build\cache\default\integrated_hsp\integratedHspCache.json' does not exist.
[2026-09-10T16:57:09.070] [DEBUG] debug-file - Incremental task entry:default@ProcessIntegratedHsp pre-execution cost: 1 ms .
[2026-09-10T16:57:09.071] [DEBUG] debug-file - entry : default@ProcessIntegratedHsp cost memory 0.04935455322265625
[2026-09-10T16:57:09.071] [DEBUG] debug-file - runTaskFromQueue task cost before running: 528 ms 
[2026-09-10T16:57:09.072] [INFO] debug-file - Finished :entry:default@ProcessIntegratedHsp... after 3 ms 
[2026-09-10T16:57:09.077] [DEBUG] debug-file - Executing task :entry:default@BuildNativeWithCmake
[2026-09-10T16:57:09.078] [DEBUG] debug-file - entry : default@BuildNativeWithCmake cost memory 0.0283203125
[2026-09-10T16:57:09.078] [DEBUG] debug-file - runTaskFromQueue task cost before running: 535 ms 
[2026-09-10T16:57:09.079] [INFO] debug-file - Finished :entry:default@BuildNativeWithCmake... after 3 ms 
[2026-09-10T16:57:09.081] [DEBUG] debug-file - Executing task :entry:default@MakePackInfo
[2026-09-10T16:57:09.091] [DEBUG] debug-file - Incremental task entry:default@MakePackInfo pre-execution cost: 8 ms .
[2026-09-10T16:57:09.091] [DEBUG] debug-file - entry : default@MakePackInfo cost memory -3.4842376708984375
[2026-09-10T16:57:09.093] [INFO] debug-file - UP-TO-DATE :entry:default@MakePackInfo...  
[2026-09-10T16:57:09.095] [DEBUG] debug-file - Executing task :entry:default@SyscapTransform
[2026-09-10T16:57:09.095] [DEBUG] debug-file - File: 'D:\HW\testproject\complete\4\entry\src\main\syscap.json' from 'sysCapJsonPath' is not exists, just ignore.
[2026-09-10T16:57:09.097] [DEBUG] debug-file - Task 'entry:default@SyscapTransform' cost while wrapping incremental declarations: 2 ms 
[2026-09-10T16:57:09.100] [DEBUG] debug-file - entry:default@SyscapTransform is not up-to-date, since the output file 'D:\HW\testproject\complete\4\entry\build\default\intermediates\syscap\default\rpcid.sc' does not exist.
[2026-09-10T16:57:09.101] [DEBUG] debug-file - Incremental task entry:default@SyscapTransform pre-execution cost: 4 ms .
[2026-09-10T16:57:09.101] [DEBUG] debug-file - entry : default@SyscapTransform cost memory 0.1123809814453125
[2026-09-10T16:57:09.101] [DEBUG] debug-file - runTaskFromQueue task cost before running: 558 ms 
[2026-09-10T16:57:09.102] [INFO] debug-file - Finished :entry:default@SyscapTransform... after 7 ms 
[2026-09-10T16:57:09.105] [DEBUG] debug-file - Executing task :entry:default@ProcessProfile
[2026-09-10T16:57:09.109] [DEBUG] debug-file - Task 'entry:default@ProcessProfile' cost while wrapping incremental declarations: 1 ms 
[2026-09-10T16:57:09.111] [DEBUG] debug-file - Incremental task entry:default@ProcessProfile pre-execution cost: 2 ms .
[2026-09-10T16:57:09.111] [DEBUG] debug-file - entry : default@ProcessProfile cost memory 0.128875732421875
[2026-09-10T16:57:09.112] [INFO] debug-file - UP-TO-DATE :entry:default@ProcessProfile...  
[2026-09-10T16:57:09.115] [DEBUG] debug-file - Executing task :entry:default@ProcessRouterMap
[2026-09-10T16:57:09.122] [DEBUG] debug-file - Incremental task entry:default@ProcessRouterMap pre-execution cost: 6 ms .
[2026-09-10T16:57:09.123] [DEBUG] debug-file - entry : default@ProcessRouterMap cost memory 0.12671661376953125
[2026-09-10T16:57:09.124] [INFO] debug-file - UP-TO-DATE :entry:default@ProcessRouterMap...  
[2026-09-10T16:57:09.126] [DEBUG] debug-file - Executing task :entry:default@ProcessShareConfig
[2026-09-10T16:57:09.132] [DEBUG] debug-file - Incremental task entry:default@ProcessShareConfig pre-execution cost: 5 ms .
[2026-09-10T16:57:09.133] [DEBUG] debug-file - entry : default@ProcessShareConfig cost memory 0.106719970703125
[2026-09-10T16:57:09.134] [INFO] debug-file - UP-TO-DATE :entry:default@ProcessShareConfig...  
[2026-09-10T16:57:09.137] [DEBUG] debug-file - Executing task :entry:default@ProcessStartupConfig
[2026-09-10T16:57:09.137] [DEBUG] debug-file - Task 'entry:default@ProcessStartupConfig' cost while wrapping incremental declarations: 1 ms 
[2026-09-10T16:57:09.140] [DEBUG] debug-file - entry:default@ProcessStartupConfig is not up-to-date, since the output file 'D:\HW\testproject\complete\4\entry\build\default\intermediates\startup\default\startup_config.json' does not exist.
[2026-09-10T16:57:09.140] [DEBUG] debug-file - Incremental task entry:default@ProcessStartupConfig pre-execution cost: 2 ms .
[2026-09-10T16:57:09.142] [DEBUG] debug-file - entry : default@ProcessStartupConfig cost memory 0.11224365234375
[2026-09-10T16:57:09.142] [DEBUG] debug-file - runTaskFromQueue task cost before running: 599 ms 
[2026-09-10T16:57:09.143] [INFO] debug-file - Finished :entry:default@ProcessStartupConfig... after 6 ms 
[2026-09-10T16:57:09.144] [DEBUG] debug-file - Executing task :entry:default@BuildNativeWithNinja
[2026-09-10T16:57:09.146] [DEBUG] debug-file - entry : default@BuildNativeWithNinja cost memory 0.019561767578125
[2026-09-10T16:57:09.146] [DEBUG] debug-file - runTaskFromQueue task cost before running: 603 ms 
[2026-09-10T16:57:09.147] [INFO] debug-file - Finished :entry:default@BuildNativeWithNinja... after 2 ms 
[2026-09-10T16:57:09.152] [DEBUG] debug-file - restool module names: entry; moduleName=entry, taskName=default@ProcessResource
[2026-09-10T16:57:09.156] [DEBUG] debug-file - Executing task :entry:default@ProcessResource
[2026-09-10T16:57:09.156] [DEBUG] debug-file - Task 'entry:default@ProcessResource' cost while wrapping incremental declarations: 1 ms 
[2026-09-10T16:57:09.158] [DEBUG] debug-file - Incremental task entry:default@ProcessResource pre-execution cost: 2 ms .
[2026-09-10T16:57:09.159] [DEBUG] debug-file - entry : default@ProcessResource cost memory 0.11042022705078125
[2026-09-10T16:57:09.162] [INFO] debug-file - UP-TO-DATE :entry:default@ProcessResource...  
[2026-09-10T16:57:09.165] [DEBUG] debug-file - Executing task :entry:default@GenerateLoaderJson
[2026-09-10T16:57:09.168] [DEBUG] debug-file - Task 'entry:default@GenerateLoaderJson' cost while wrapping incremental declarations: 1 ms 
[2026-09-10T16:57:09.196] [DEBUG] debug-file - Incremental task entry:default@GenerateLoaderJson pre-execution cost: 23 ms .
[2026-09-10T16:57:09.197] [DEBUG] debug-file - entry : default@GenerateLoaderJson cost memory 0.42450714111328125
[2026-09-10T16:57:09.208] [INFO] debug-file - UP-TO-DATE :entry:default@GenerateLoaderJson...  
[2026-09-10T16:57:09.210] [DEBUG] debug-file - Executing task :entry:default@ProcessLibs
[2026-09-10T16:57:09.211] [DEBUG] debug-file - Task 'entry:default@ProcessLibs' cost while wrapping incremental declarations: 1 ms 
[2026-09-10T16:57:09.238] [DEBUG] debug-file - Incremental task entry:default@ProcessLibs pre-execution cost: 15 ms .
[2026-09-10T16:57:09.238] [DEBUG] debug-file - entry : default@ProcessLibs cost memory 0.09291839599609375
[2026-09-10T16:57:09.242] [INFO] debug-file - UP-TO-DATE :entry:default@ProcessLibs...  
[2026-09-10T16:57:09.252] [DEBUG] debug-file - restool module names: entry; moduleName=entry, taskName=default@CompileResource
[2026-09-10T16:57:09.254] [DEBUG] debug-file - Executing task :entry:default@CompileResource
[2026-09-10T16:57:09.310] [DEBUG] debug-file - Incremental task entry:default@CompileResource pre-execution cost: 50 ms .
[2026-09-10T16:57:09.311] [DEBUG] debug-file - entry : default@CompileResource cost memory 0.4873504638671875
[2026-09-10T16:57:09.314] [INFO] debug-file - UP-TO-DATE :entry:default@CompileResource...  
[2026-09-10T16:57:09.317] [DEBUG] debug-file - Executing task :entry:default@DoNativeStrip
[2026-09-10T16:57:09.318] [DEBUG] debug-file - File: 'D:\HW\testproject\complete\4\entry\build\default\intermediates\binxo\default' from 'doBinxoNativeLibs' is not exists, just ignore.
[2026-09-10T16:57:09.319] [DEBUG] debug-file - Task 'entry:default@DoNativeStrip' cost while wrapping incremental declarations: 1 ms 
[2026-09-10T16:57:09.321] [DEBUG] debug-file - Incremental task entry:default@DoNativeStrip pre-execution cost: 2 ms .
[2026-09-10T16:57:09.322] [DEBUG] debug-file - entry : default@DoNativeStrip cost memory 0.06940460205078125
[2026-09-10T16:57:09.322] [INFO] debug-file - UP-TO-DATE :entry:default@DoNativeStrip...  
[2026-09-10T16:57:09.327] [DEBUG] debug-file - Executing task :entry:default@CompileArkTS
[2026-09-10T16:57:09.328] [DEBUG] debug-file - obfuscationOptions: undefined
[2026-09-10T16:57:09.332] [DEBUG] debug-file - Task 'entry:default@CompileArkTS' cost while wrapping incremental declarations: 1 ms 
[2026-09-10T16:57:09.359] [DEBUG] debug-file - entry:default@CompileArkTS is not up-to-date, since the input file 'D:\HW\testproject\complete\4\entry\src\main\ets' has been changed.
[2026-09-10T16:57:09.359] [DEBUG] debug-file - Incremental task entry:default@CompileArkTS pre-execution cost: 21 ms .
[2026-09-10T16:57:09.393] [DEBUG] debug-file - build config:
[2026-09-10T16:57:09.394] [DEBUG] debug-file - {
  moduleType: 'entry',
  perf: 0,
  targetName: '.default',
  packageManagerType: 'ohpm',
  localPropertiesPath: 'D:\\HW\\testproject\\complete\\4\\local.properties',
  isPreview: false,
  isOhosTest: false,
  isLocalTest: false,
  buildMode: 'Debug',
  hotReloadBuild: undefined,
  watchMode: 'false',
  aceProfilePath: 'D:\\HW\\testproject\\complete\\4\\entry\\build\\default\\intermediates\\res\\default\\resources\\base\\profile',
  etsLoaderPath: 'E:\\DevEco Studio\\sdk\\default\\openharmony\\ets\\build-tools\\ets-loader',
  modulePath: 'D:\\HW\\testproject\\complete\\4\\entry',
  testFrameworkPar: {
    testMode: undefined,
    coveragePathFilter: undefined,
    coverageMode: undefined
  },
  needCoverageInsert: false,
  debugLine: false,
  projectTopDir: 'D:\\HW\\testproject\\complete\\4',
  compileSdkVersion: 26,
  compatibleSdkVersion: 26,
  originCompatibleSdkVersion: '26.0.0',
  compatibleSdkVersionStage: undefined,
  bundleName: 'c***p',
  etsLoaderVersion: '26.0.0.105',
  etsLoaderReleaseType: 'Release',
  aotCompileMode: 'type',
  apPath: 'D:\\HW\\testproject\\complete\\4\\entry\\modules.ap',
  entryModuleName: 'entry',
  entryModuleVersion: '1.0.0',
  entryPackageName: 'entry',
  allModuleNameHash: '30e07d57c30f75288c09608296ed8ed07fc604f1881982510ff25b77cb397b11',
  externalApiPaths: [ 'E:\\DevEco Studio\\sdk\\default\\hms\\ets' ],
  compilerTypes: [],
  isCrossplatform: false,
  hvigorPluginFile: undefined,
  compilePluginPath: undefined,
  buildGeneratedProfilePath: 'D:\\HW\\testproject\\complete\\4\\entry\\build\\default\\generated\\profile\\default',
  bundleType: 'app',
  arkTSVersion: undefined,
  apiVersion: 26,
  needCompleteSourcesMap: false,
  isFaMode: false,
  buildDir: 'D:\\HW\\testproject\\complete\\4\\entry\\build',
  buildCacheProjectDir: 'D:\\HW\\testproject\\complete\\4',
  deviceTypes: [ 'phone' ],
  pkgContextInfo: {
    '@ohos/hypium': {
      packageName: '@ohos/hypium',
      bundleName: '*****',
      moduleName: '',
      version: '1.0.24',
      entryPath: 'index.js',
      isSO: false,
      dependencyAlias: ''
    },
    '@ohos/hamock': {
      packageName: '@ohos/hamock',
      bundleName: '*****',
      moduleName: '',
      version: '1.0.0',
      entryPath: 'index.ets',
      isSO: false,
      dependencyAlias: ''
    },
    entry: {
      packageName: 'entry',
      bundleName: '*****',
      moduleName: '',
      version: '',
      entryPath: 'src/main/',
      isSO: false,
      dependencyAlias: ''
    }
  },
  ohPackagePathMap: {},
  dependencyAliasMap: {},
  permission: { requestPermissions: undefined, definePermissions: undefined },
  useGetCurrentBundleName: false,
  projectArkOption: undefined,
  sourceMapDir: undefined,
  branchElimination: false,
  transformLib: undefined,
  tsImportSendable: false,
  resolveConflictMode: true,
  depName2RootPath: {},
  depName2DepInfo: {},
  depName2OhExports: {},
  rootPathSet: [ 'D:\\HW\\testproject\\complete\\4' ],
  useNativeResolver: true,
  shouldEmitJs: true,
  useUnifiedAst: false,
  useTscResolve: false,
  singleFileEmit: false,
  userProjectConfig: {
    autoLazyImport: false,
    allowEmptyBundleName: false,
    reExportCheckMode: 'noCheck',
    executionMode: 'memory',
    usePathPlaceholder: false,
    writeRollupCache: true,
    isExpandImportEnabled: false,
    expandImportExclude: '',
    lazyImportExclude: '',
    lazyImportInclude: '',
    ignoreCrossplatformCheck: false,
    isHarDeduplicateEnabled: false,
    skipOhModulesLint: false,
    enableStrictCheckOHModule: false,
    disableSendableCheckRules: [],
    useDeclarationFileSignature: false,
    customizedOptions: undefined,
    integratedHsp: false,
    tsImportSoCheck: false,
    isPreloadSoEnabled: false
  },
  executionMode: 'memory',
  arkCompileCachePath: 'D:\\HW\\testproject\\complete\\4\\entry\\build\\default\\cache\\default\\default@CompileArkTS\\esmodule',
  autoLazyFilter: undefined,
  isHarDeduplicateEnabled: false,
  intermediateHarDuplicateDirPath: 'D:\\HW\\testproject\\complete\\4\\entry\\build\\default\\intermediates\\har_duplicate\\default',
  autoLazyImport: false,
  allowEmptyBundleName: false,
  reExportCheckMode: 'noCheck',
  usePathPlaceholder: false,
  writeRollupCache: true,
  isExpandImportEnabled: false,
  expandImportExclude: '',
  lazyImportExclude: '',
  lazyImportInclude: '',
  ignoreCrossplatformCheck: false,
  skipOhModulesLint: false,
  enableStrictCheckOHModule: false,
  disableSendableCheckRules: [],
  useDeclarationFileSignature: false,
  customizedOptions: undefined,
  integratedHsp: false,
  tsImportSoCheck: false,
  isPreloadSoEnabled: false,
  strictMode: {
    caseSensitiveCheck: true,
    useNormalizedOHMUrl: true,
    noExternalImportByPath: true
  },
  useNormalizedOHMUrl: true,
  caseSensitiveCheck: true,
  strictCheckerOnly: false,
  aceModuleJsonPath: 'D:\\HW\\testproject\\complete\\4\\entry\\build\\default\\intermediates\\res\\default\\ark_module.json',
  appResource: 'D:\\HW\\testproject\\complete\\4\\entry\\build\\default\\intermediates\\res\\default\\ResourceTable.txt',
  rawFileResource: 'D:\\HW\\testproject\\complete\\4\\entry\\build\\default\\intermediates\\res\\default\\resources\\rawfile',
  resourceTableHash: 'd81a83941c07883d4327563ba2cfe0ac7f68042912820a1577b99d29cbd144cc',
  runtimeOS: 'HarmonyOS',
  sdkInfo: 'false:26:26.0.0.105:Release',
  aceModuleRoot: 'D:\\HW\\testproject\\complete\\4\\entry\\src\\main\\ets',
  compileMode: 'esmodule',
  aceSuperVisualPath: 'D:\\HW\\testproject\\complete\\4\\entry\\src\\main\\supervisual',
  aceBuildJson: 'D:\\HW\\testproject\\complete\\4\\entry\\build\\default\\intermediates\\loader\\default\\loader.json',
  cachePath: 'D:\\HW\\testproject\\complete\\4\\entry\\build\\default\\cache\\default\\default@CompileArkTS\\esmodule\\debug',
  aceModuleBuild: 'D:\\HW\\testproject\\complete\\4\\entry\\build\\default\\intermediates\\loader_out\\default\\ets',
  supportChunks: true,
  declaredFilesPath: undefined,
  shouldCollectDirectImportees: false,
  isByteCodeHarOptimize: false,
  expandImportPath: undefined,
  resourceTableTs: 'D:\\HW\\testproject\\complete\\4\\entry\\build\\default\\generated\\r\\default\\ResourceTable.ts',
  moduleMetaInfoFiles: [
    {
      filePath: 'D:\\HW\\testproject\\complete\\4\\entry\\build\\default\\generated\\r\\default\\ResourceTable.ts',
      ohmurl: '&entry/build/generated/r/ResourceTable&'
    }
  ],
  pkgNameToPkgBriefInfo: {
    entry: {
      pkgRoot: 'D:\\HW\\testproject\\complete\\4\\entry',
      originalSourceRoots: undefined,
      sourceRoots: [Array],
      pkgName: 'entry'
    }
  },
  projectModel: {
    'D:\\HW\\testproject\\complete\\4\\entry\\src\\main': {
      moduleName: 'entry',
      modulePkgPath: 'D:\\HW\\testproject\\complete\\4\\entry',
      belongProjectPath: 'D:\\HW\\testproject\\complete\\4'
    },
    'D:\\HW\\testproject\\complete\\4\\entry\\.test\\default\\intermediates\\src\\ohosTest\\ets': {
      moduleName: 'entry_test',
      modulePkgPath: 'D:\\HW\\testproject\\complete\\4\\entry',
      belongProjectPath: 'D:\\HW\\testproject\\complete\\4'
    },
    'D:\\HW\\testproject\\complete\\4\\entry\\src\\ohosTest': {
      moduleName: 'entry_test',
      modulePkgPath: 'D:\\HW\\testproject\\complete\\4\\entry',
      belongProjectPath: 'D:\\HW\\testproject\\complete\\4'
    },
    'D:\\HW\\testproject\\complete\\4\\entry': {
      moduleName: 'entry',
      modulePkgPath: 'D:\\HW\\testproject\\complete\\4\\entry',
      belongProjectPath: 'D:\\HW\\testproject\\complete\\4'
    },
    'D:\\HW\\testproject\\complete\\4': {
      moduleName: '4',
      modulePkgPath: 'D:\\HW\\testproject\\complete\\4',
      belongProjectPath: 'D:\\HW\\testproject\\complete\\4'
    }
  },
  pkgJsonFileHash: '7ab10e622b876a852aaa87f883a5ca46773dc428b9273d7582651c0540669143',
  allModulePaths: [ 'D:\\HW\\testproject\\complete\\4\\entry' ],
  routerMap: {},
  obfuscationOptions: undefined,
  byteCodeHarToDependencyKeys: undefined,
  compileBlockPkg: [],
  mockParams: {
    decorator: '@MockSetup',
    packageName: '@ohos/hamock',
    etsSourceRootPath: 'src/main/ets',
    mockConfigPath: 'D:\\HW\\testproject\\complete\\4\\entry\\src\\mock\\mock-config.json5',
    mockConfigKey2ModuleInfo: {},
    source2ModuleIdMap: {}
  },
  copyCodeResourceEnable: false,
  copyCodeResourceExcludes: [],
  copyCodeResourceIncludes: undefined,
  uiTransformOptimization: false,
  sdkPath: 'E:/DevEco Studio/sdk',
  needPreloadSoFileSet: {},
  preloadSoFilePath: 'D:\\HW\\testproject\\complete\\4\\entry\\build\\default\\intermediates\\preload\\default\\preload.json',
  useSourceHash: false,
  localModuleParamMap: {},
  otherPaths: {
    'entry/*': [
      '..\\*',
      '..\\..\\..\\build\\default\\generated\\profile\\default\\*'
    ]
  },
  collectImportersConfig: undefined
}
[2026-09-10T16:57:09.395] [DEBUG] debug-file - Compile arkts with external api path: E:\DevEco Studio\sdk\default\hms\ets
[2026-09-10T16:57:09.398] [DEBUG] debug-file - before submitting ArkTS compile task to worker pool, config.buildDir: D:\HW\testproject\complete\4\entry\build
[2026-09-10T16:57:09.398] [DEBUG] debug-file - default@CompileArkTS work[7] is submitted.
[2026-09-10T16:57:09.399] [DEBUG] debug-file - default@CompileArkTS work[7] is pushed to ready queue.
[2026-09-10T16:57:09.399] [DEBUG] debug-file - default@CompileArkTS work[7] is not dispatched.
[2026-09-10T16:57:09.399] [DEBUG] debug-file - entry : default@CompileArkTS cost memory -2.4563827514648438
[2026-09-10T16:57:09.402] [DEBUG] debug-file - Executing task :entry:default@BuildJS
[2026-09-10T16:57:09.403] [DEBUG] debug-file - Task 'entry:default@BuildJS' cost while wrapping incremental declarations: 1 ms 
[2026-09-10T16:57:09.410] [DEBUG] debug-file - entry : default@BuildJS cost memory 0.165435791015625
[2026-09-10T16:57:09.410] [DEBUG] debug-file - runTaskFromQueue task cost before running: 868 ms 
[2026-09-10T16:57:09.411] [INFO] debug-file - Finished :entry:default@BuildJS... after 9 ms 
[2026-09-10T16:57:09.416] [DEBUG] debug-file - Executing task :entry:default@CacheNativeLibs
[2026-09-10T16:57:09.416] [DEBUG] debug-file - File: 'D:\HW\testproject\complete\4\entry\build\default\intermediates\binxo\default' from 'cacheBinxoNativeLibs' is not exists, just ignore.
[2026-09-10T16:57:09.417] [DEBUG] debug-file - Task 'entry:default@CacheNativeLibs' cost while wrapping incremental declarations: 2 ms 
[2026-09-10T16:57:09.422] [DEBUG] debug-file - Incremental task entry:default@CacheNativeLibs pre-execution cost: 4 ms .
[2026-09-10T16:57:09.422] [DEBUG] debug-file - entry : default@CacheNativeLibs cost memory 0.0870819091796875
[2026-09-10T16:57:09.423] [INFO] debug-file - UP-TO-DATE :entry:default@CacheNativeLibs...  
[2026-09-10T16:57:09.613] [DEBUG] debug-file - A work dispatched to worker[15] failed because unable to get work from ready queue.
[2026-09-10T16:57:09.613] [DEBUG] debug-file - A work dispatched to worker[14] failed because unable to get work from ready queue.
[2026-09-10T16:57:09.613] [DEBUG] debug-file - A work dispatched to worker[13] failed because unable to get work from ready queue.
[2026-09-10T16:57:09.613] [DEBUG] debug-file - A work dispatched to worker[12] failed because unable to get work from ready queue.
[2026-09-10T16:57:09.614] [DEBUG] debug-file - A work dispatched to worker[11] failed because unable to get work from ready queue.
[2026-09-10T16:57:09.614] [DEBUG] debug-file - A work dispatched to worker[10] failed because unable to get work from ready queue.
[2026-09-10T16:57:09.614] [DEBUG] debug-file - A work dispatched to worker[9] failed because unable to get work from ready queue.
[2026-09-10T16:57:09.614] [DEBUG] debug-file - A work dispatched to worker[8] failed because unable to get work from ready queue.
[2026-09-10T16:57:09.614] [DEBUG] debug-file - A work dispatched to worker[7] failed because unable to get work from ready queue.
[2026-09-10T16:57:09.614] [DEBUG] debug-file - A work dispatched to worker[6] failed because unable to get work from ready queue.
[2026-09-10T16:57:09.614] [DEBUG] debug-file - A work dispatched to worker[5] failed because unable to get work from ready queue.
[2026-09-10T16:57:09.614] [DEBUG] debug-file - default@CompileArkTS work[7] has been dispatched to worker[4].
[2026-09-10T16:57:12.280] [DEBUG] debug-file - Ark compile task finished.finished time is 191454019939400
[2026-09-10T16:57:12.281] [DEBUG] debug-file - worker[4] has one work done.
[2026-09-10T16:57:12.286] [DEBUG] debug-file - default@CompileArkTS work[7] done.
[2026-09-10T16:57:12.297] [INFO] debug-file - Finished :entry:default@CompileArkTS... after 2 s 738 ms 
[2026-09-10T16:57:12.307] [DEBUG] debug-file - Executing task :entry:default@GeneratePkgModuleJson
[2026-09-10T16:57:12.308] [DEBUG] debug-file - File: 'D:\HW\testproject\complete\4\entry\build\default\intermediates\preload\default\preload.json' from 'preloadSoJsonPath' is not exists, just ignore.
[2026-09-10T16:57:12.308] [DEBUG] debug-file - Error occurs while handling @Input 'shouldDeduplicateHar': The "data" argument must be of type string or an instance of Buffer, TypedArray, or DataView. Received undefined
[2026-09-10T16:57:12.309] [DEBUG] debug-file - Task 'entry:default@GeneratePkgModuleJson' cost while wrapping incremental declarations: 2 ms 
[2026-09-10T16:57:12.311] [DEBUG] debug-file - Incremental task entry:default@GeneratePkgModuleJson pre-execution cost: 2 ms .
[2026-09-10T16:57:12.311] [DEBUG] debug-file - entry : default@GeneratePkgModuleJson cost memory 0.090972900390625
[2026-09-10T16:57:12.312] [INFO] debug-file - UP-TO-DATE :entry:default@GeneratePkgModuleJson...  
[2026-09-10T16:57:12.314] [DEBUG] debug-file - Executing task :entry:default@ProcessCompiledResources
[2026-09-10T16:57:12.315] [DEBUG] debug-file - File: 'D:\HW\testproject\complete\4\entry\build\default\intermediates\preload\default\preload.json' from 'preloadSoJsonPath' is not exists, just ignore.
[2026-09-10T16:57:12.315] [DEBUG] debug-file - Task 'entry:default@ProcessCompiledResources' cost while wrapping incremental declarations: 1 ms 
[2026-09-10T16:57:12.316] [DEBUG] debug-file - entry : default@ProcessCompiledResources cost memory 0.05023956298828125
[2026-09-10T16:57:12.316] [DEBUG] debug-file - runTaskFromQueue task cost before running: 3 s 773 ms 
[2026-09-10T16:57:12.317] [INFO] debug-file - Finished :entry:default@ProcessCompiledResources... after 3 ms 
[2026-09-10T16:57:12.320] [DEBUG] debug-file - Executing task :entry:default@PackageHap
[2026-09-10T16:57:12.335] [DEBUG] debug-file - entry:default@PackageHap is not up-to-date, since the input file 'D:\HW\testproject\complete\4\entry\build\default\intermediates\loader_out\default\ets' has been changed.
[2026-09-10T16:57:12.335] [DEBUG] debug-file - Incremental task entry:default@PackageHap pre-execution cost: 12 ms .
[2026-09-10T16:57:12.338] [DEBUG] debug-file - Use tool [E:\DevEco Studio\sdk\default\openharmony\toolchains\lib\app_packing_tool.jar]
 [
  'java',
  '-Dfile.encoding=GBK',
  '-jar',
  'E:\\DevEco Studio\\sdk\\default\\openharmony\\toolchains\\lib\\app_packing_tool.jar',
  '--mode',
  'hap',
  '--force',
  'true',
  '--lib-path',
  'D:\\HW\\testproject\\complete\\4\\entry\\build\\default\\intermediates\\stripped_native_libs\\default',
  '--json-path',
  'D:\\HW\\testproject\\complete\\4\\entry\\build\\default\\intermediates\\package\\default\\module.json',
  '--resources-path',
  'D:\\HW\\testproject\\complete\\4\\entry\\build\\default\\intermediates\\res\\default\\resources',
  '--index-path',
  'D:\\HW\\testproject\\complete\\4\\entry\\build\\default\\intermediates\\res\\default\\resources.index',
  '--pack-info-path',
  'D:\\HW\\testproject\\complete\\4\\entry\\build\\default\\outputs\\default\\pack.info',
  '--out-path',
  'D:\\HW\\testproject\\complete\\4\\entry\\build\\default\\outputs\\default\\entry-default-unsigned.hap',
  '--ets-path',
  'D:\\HW\\testproject\\complete\\4\\entry\\build\\default\\intermediates\\loader_out\\default\\ets',
  '--pkg-context-path',
  'D:\\HW\\testproject\\complete\\4\\entry\\build\\default\\intermediates\\loader\\default\\pkgContextInfo.json'
]
[2026-09-10T16:57:12.338] [DEBUG] debug-file - default@PackageHap work[8] is submitted.
[2026-09-10T16:57:12.339] [DEBUG] debug-file - default@PackageHap work[8] is pushed to ready queue.
[2026-09-10T16:57:12.339] [DEBUG] debug-file - A work dispatched to worker[15] failed because unable to get work from ready queue.
[2026-09-10T16:57:12.339] [DEBUG] debug-file - Create  resident worker with id: 14.
[2026-09-10T16:57:12.342] [DEBUG] debug-file - default@PackageHap work[8] has been dispatched to worker[14].
[2026-09-10T16:57:12.342] [DEBUG] debug-file - default@PackageHap work[8] is dispatched.
[2026-09-10T16:57:12.351] [DEBUG] debug-file - entry : default@PackageHap cost memory 0.451568603515625
[2026-09-10T16:57:17.049] [DEBUG] debug-file - current process  memoryUsage: {
  rss: 449245184,
  heapTotal: 78856192,
  heapUsed: 50482392,
  external: 3958577,
  arrayBuffers: 18671
} os memoryUsage :14.87115478515625
[2026-09-10T16:57:17.919] [DEBUG] debug-file - worker[14] has one work done.
[2026-09-10T16:57:17.919] [DEBUG] debug-file - default@PackageHap work[8] done.
[2026-09-10T16:57:17.919] [DEBUG] debug-file - A work dispatched to worker[14] failed because unable to get work from ready queue.
[2026-09-10T16:57:17.922] [INFO] debug-file - Finished :entry:default@PackageHap... after 910 ms 
[2026-09-10T16:57:17.924] [DEBUG] debug-file - Executing task :entry:default@PackingCheck
[2026-09-10T16:57:17.931] [DEBUG] debug-file - entry : default@PackingCheck cost memory 0.29433441162109375
[2026-09-10T16:57:17.931] [DEBUG] debug-file - runTaskFromQueue task cost before running: 9 s 388 ms 
[2026-09-10T16:57:17.932] [INFO] debug-file - Finished :entry:default@PackingCheck... after 8 ms 
[2026-09-10T16:57:17.933] [DEBUG] debug-file - Executing task :entry:default@SignHap
[2026-09-10T16:57:17.933] [WARN] debug-file - Will skip sign 'hos_hap'. No signingConfigs profile is configured in current project.
             If needed, configure the signingConfigs in D:\HW\testproject\complete\4\build-profile.json5.
[2026-09-10T16:57:17.934] [DEBUG] debug-file - entry:default@SignHap is not up-to-date, since the input file 'D:\HW\testproject\complete\4\entry\build\default\outputs\default\entry-default-unsigned.hap' has been changed.
[2026-09-10T16:57:17.935] [DEBUG] debug-file - Incremental task entry:default@SignHap pre-execution cost: 2 ms .
[2026-09-10T16:57:17.936] [DEBUG] debug-file - entry : default@SignHap cost memory 0.0770721435546875
[2026-09-10T16:57:17.936] [DEBUG] debug-file - runTaskFromQueue task cost before running: 9 s 393 ms 
[2026-09-10T16:57:17.937] [INFO] debug-file - Finished :entry:default@SignHap... after 4 ms 
[2026-09-10T16:57:17.939] [DEBUG] debug-file - Executing task :entry:default@CollectDebugSymbol
[2026-09-10T16:57:17.942] [DEBUG] debug-file - entry : default@CollectDebugSymbol cost memory 0.07732391357421875
[2026-09-10T16:57:17.943] [DEBUG] debug-file - runTaskFromQueue task cost before running: 9 s 400 ms 
[2026-09-10T16:57:17.943] [INFO] debug-file - Finished :entry:default@CollectDebugSymbol... after 5 ms 
[2026-09-10T16:57:17.944] [DEBUG] debug-file - Executing task :entry:assembleHap
[2026-09-10T16:57:17.944] [DEBUG] debug-file - entry : assembleHap cost memory 0.01395416259765625
[2026-09-10T16:57:17.944] [DEBUG] debug-file - runTaskFromQueue task cost before running: 9 s 401 ms 
[2026-09-10T16:57:17.944] [INFO] debug-file - Finished :entry:assembleHap... after 1 ms 
[2026-09-10T16:57:17.946] [INFO] debug-file - BUILD SUCCESSFUL in 9 s 403 ms 
[2026-09-10T16:57:17.946] [DEBUG] debug-file - There is no need to refresh cache, since the incremental task entry:default@PreBuild is up-to-date.
[2026-09-10T16:57:17.946] [DEBUG] debug-file - Update task entry:default@CreateModuleInfo output file:D:\HW\testproject\complete\4\entry\build\default\generated\profile\default\ModuleInfo.ts cache.
[2026-09-10T16:57:17.947] [DEBUG] debug-file - Incremental task entry:default@CreateModuleInfo post-execution cost:1 ms .
[2026-09-10T16:57:17.947] [DEBUG] debug-file - There is no need to refresh cache, since the incremental task entry:default@GenerateMetadata is up-to-date.
[2026-09-10T16:57:17.947] [DEBUG] debug-file - There is no need to refresh cache, since the incremental task entry:default@MergeProfile is up-to-date.
[2026-09-10T16:57:17.947] [DEBUG] debug-file - There is no need to refresh cache, since the incremental task entry:default@CreateBuildProfile is up-to-date.
[2026-09-10T16:57:17.947] [DEBUG] debug-file - There is no need to refresh cache, since the incremental task entry:default@GeneratePkgContextInfo is up-to-date.
[2026-09-10T16:57:17.947] [DEBUG] debug-file - Update task entry:default@GeneratePkgSdkInfo output file:D:\HW\testproject\complete\4\entry\build\default\intermediates\loader\default\pkgSdkInfo.json cache.
[2026-09-10T16:57:17.948] [DEBUG] debug-file - Incremental task entry:default@GeneratePkgSdkInfo post-execution cost:1 ms .
[2026-09-10T16:57:17.949] [DEBUG] debug-file - Update task entry:default@ProcessIntegratedHsp output file:D:\HW\testproject\complete\4\build\cache\default\integrated_hsp\integratedHspCache.json cache.
[2026-09-10T16:57:17.949] [DEBUG] debug-file - Incremental task entry:default@ProcessIntegratedHsp post-execution cost:1 ms .
[2026-09-10T16:57:17.950] [DEBUG] debug-file - There is no need to refresh cache, since the incremental task entry:default@MakePackInfo is up-to-date.
[2026-09-10T16:57:17.950] [DEBUG] debug-file - Update task entry:default@SyscapTransform input file:E:\DevEco Studio\sdk\default\openharmony\toolchains\syscap_tool.exe cache by regenerate.
[2026-09-10T16:57:17.951] [DEBUG] debug-file - Update task entry:default@SyscapTransform input file:E:\DevEco Studio\sdk\default\openharmony\ets\api\device-define cache by regenerate.
[2026-09-10T16:57:17.955] [DEBUG] debug-file - Update task entry:default@SyscapTransform output file:D:\HW\testproject\complete\4\entry\build\default\intermediates\syscap\default\rpcid.sc cache.
[2026-09-10T16:57:17.956] [DEBUG] debug-file - Incremental task entry:default@SyscapTransform post-execution cost:7 ms .
[2026-09-10T16:57:17.956] [DEBUG] debug-file - There is no need to refresh cache, since the incremental task entry:default@ProcessProfile is up-to-date.
[2026-09-10T16:57:17.956] [DEBUG] debug-file - There is no need to refresh cache, since the incremental task entry:default@ProcessRouterMap is up-to-date.
[2026-09-10T16:57:17.956] [DEBUG] debug-file - There is no need to refresh cache, since the incremental task entry:default@ProcessShareConfig is up-to-date.
[2026-09-10T16:57:17.957] [DEBUG] debug-file - Update task entry:default@ProcessStartupConfig input file:D:\HW\testproject\complete\4\entry\build\default\intermediates\loader\default\pkgContextInfo.json cache by regenerate.
[2026-09-10T16:57:17.958] [DEBUG] debug-file - Update task entry:default@ProcessStartupConfig output file:D:\HW\testproject\complete\4\entry\build\default\intermediates\startup\default\startup_config.json cache.
[2026-09-10T16:57:17.958] [DEBUG] debug-file - Incremental task entry:default@ProcessStartupConfig post-execution cost:2 ms .
[2026-09-10T16:57:17.958] [DEBUG] debug-file - There is no need to refresh cache, since the incremental task entry:default@ProcessResource is up-to-date.
[2026-09-10T16:57:17.959] [DEBUG] debug-file - There is no need to refresh cache, since the incremental task entry:default@GenerateLoaderJson is up-to-date.
[2026-09-10T16:57:17.959] [DEBUG] debug-file - There is no need to refresh cache, since the incremental task entry:default@ProcessLibs is up-to-date.
[2026-09-10T16:57:17.959] [DEBUG] debug-file - There is no need to refresh cache, since the incremental task entry:default@CompileResource is up-to-date.
[2026-09-10T16:57:17.960] [DEBUG] debug-file - There is no need to refresh cache, since the incremental task entry:default@DoNativeStrip is up-to-date.
[2026-09-10T16:57:17.966] [DEBUG] debug-file - Update task entry:default@CompileArkTS input file:D:\HW\testproject\complete\4\entry\build\default\intermediates\loader\default cache by regenerate.
[2026-09-10T16:57:17.968] [DEBUG] debug-file - Update task entry:default@CompileArkTS input file:D:\HW\testproject\complete\4\entry\build\default\intermediates\res\default\resources\rawfile cache by regenerate.
[2026-09-10T16:57:17.969] [DEBUG] debug-file - Update task entry:default@CompileArkTS input file:D:\HW\testproject\complete\4\entry\build\default\intermediates\res\default\ResourceTable.txt cache by regenerate.
[2026-09-10T16:57:17.969] [DEBUG] debug-file - Update task entry:default@CompileArkTS input file:D:\HW\testproject\complete\4\entry\build\default\intermediates\res\default\ark_module.json cache by regenerate.
[2026-09-10T16:57:17.969] [DEBUG] debug-file - Update task entry:default@CompileArkTS input file:D:\HW\testproject\complete\4\entry\build\default\intermediates\res\default\resources\base\profile cache by regenerate.
[2026-09-10T16:57:17.971] [DEBUG] debug-file - Update task entry:default@CompileArkTS input file:D:\HW\testproject\complete\4\entry\src\main\ets cache from map.
[2026-09-10T16:57:17.971] [DEBUG] debug-file - Update task entry:default@CompileArkTS input file:D:\HW\testproject\complete\4\entry\build\default\intermediates\loader\default\pkgContextInfo.json cache by regenerate.
[2026-09-10T16:57:17.971] [DEBUG] debug-file - Update task entry:default@CompileArkTS input file:D:\HW\testproject\complete\4\entry\build\default\generated\profile\default\BuildProfile.ets cache by regenerate.
[2026-09-10T16:57:17.971] [DEBUG] debug-file - Update task entry:default@CompileArkTS input file:D:\HW\testproject\complete\4\entry\src\mock\mock-config.json5 cache by regenerate.
[2026-09-10T16:57:17.972] [DEBUG] debug-file - Update task entry:default@CompileArkTS output file:D:\HW\testproject\complete\4\entry\build\default\intermediates\loader_out\default\ets cache.
[2026-09-10T16:57:17.973] [DEBUG] debug-file - Incremental task entry:default@CompileArkTS post-execution cost:14 ms .
[2026-09-10T16:57:17.975] [DEBUG] debug-file - Update task entry:default@BuildJS input file:D:\HW\testproject\complete\4\entry\build\default\intermediates\loader\default cache by regenerate.
[2026-09-10T16:57:17.976] [DEBUG] debug-file - Update task entry:default@BuildJS input file:D:\HW\testproject\complete\4\entry\build\default\intermediates\res\default\resources\rawfile cache by regenerate.
[2026-09-10T16:57:17.976] [DEBUG] debug-file - Update task entry:default@BuildJS input file:D:\HW\testproject\complete\4\entry\build\default\intermediates\res\default\ResourceTable.txt cache by regenerate.
[2026-09-10T16:57:17.977] [DEBUG] debug-file - Update task entry:default@BuildJS input file:D:\HW\testproject\complete\4\entry\build\default\intermediates\res\default\ark_module.json cache by regenerate.
[2026-09-10T16:57:17.978] [DEBUG] debug-file - Update task entry:default@BuildJS input file:D:\HW\testproject\complete\4\entry\build\default\intermediates\res\default\resources\base\profile cache by regenerate.
[2026-09-10T16:57:17.980] [DEBUG] debug-file - Update task entry:default@BuildJS input file:D:\HW\testproject\complete\4\entry\build\default\intermediates\loader\default\pkgContextInfo.json cache by regenerate.
[2026-09-10T16:57:17.981] [DEBUG] debug-file - Update task entry:default@BuildJS output file:D:\HW\testproject\complete\4\entry\build\default\intermediates\loader_out\default\js cache.
[2026-09-10T16:57:17.981] [DEBUG] debug-file - Incremental task entry:default@BuildJS post-execution cost:9 ms .
[2026-09-10T16:57:17.982] [DEBUG] debug-file - There is no need to refresh cache, since the incremental task entry:default@CacheNativeLibs is up-to-date.
[2026-09-10T16:57:17.982] [DEBUG] debug-file - There is no need to refresh cache, since the incremental task entry:default@GeneratePkgModuleJson is up-to-date.
[2026-09-10T16:57:17.983] [DEBUG] debug-file - Incremental task entry:default@ProcessCompiledResources post-execution cost:1 ms .
[2026-09-10T16:57:17.987] [DEBUG] debug-file - Update task entry:default@PackageHap input file:D:\HW\testproject\complete\4\entry\build\default\outputs\default\pack.info cache by regenerate.
[2026-09-10T16:57:17.987] [DEBUG] debug-file - Update task entry:default@PackageHap input file:D:\HW\testproject\complete\4\entry\build\default\intermediates\stripped_native_libs\default cache by regenerate.
[2026-09-10T16:57:17.988] [DEBUG] debug-file - Update task entry:default@PackageHap input file:D:\HW\testproject\complete\4\entry\build\default\intermediates\res\default\module.json cache by regenerate.
[2026-09-10T16:57:17.989] [DEBUG] debug-file - Update task entry:default@PackageHap input file:D:\HW\testproject\complete\4\entry\build\default\intermediates\res\default\resources cache by regenerate.
[2026-09-10T16:57:17.993] [DEBUG] debug-file - Update task entry:default@PackageHap input file:D:\HW\testproject\complete\4\entry\build\default\intermediates\res\default\resources.index cache by regenerate.
[2026-09-10T16:57:17.993] [DEBUG] debug-file - Update task entry:default@PackageHap input file:D:\HW\testproject\complete\4\entry\build\default\intermediates\loader_out\default\ets cache from map.
[2026-09-10T16:57:17.993] [DEBUG] debug-file - Update task entry:default@PackageHap input file:D:\HW\testproject\complete\4\entry\build\default\intermediates\loader\default\pkgContextInfo.json cache by regenerate.
[2026-09-10T16:57:17.993] [DEBUG] debug-file - Update task entry:default@PackageHap input file:D:\HW\testproject\complete\4\entry\build\default\intermediates\package\default\module.json cache by regenerate.
[2026-09-10T16:57:17.994] [DEBUG] debug-file - Update task entry:default@PackageHap input file:D:\HW\testproject\complete\4\entry\build\default\intermediates\loader_out\default\ets\sourceMaps.map cache by regenerate.
[2026-09-10T16:57:17.994] [DEBUG] debug-file - Update task entry:default@PackageHap input file:D:\HW\testproject\complete\4\entry\build\default\generated\profile\default\BuildProfile.ets cache by regenerate.
[2026-09-10T16:57:17.995] [DEBUG] debug-file - Update task entry:default@PackageHap output file:D:\HW\testproject\complete\4\entry\build\default\outputs\default\entry-default-unsigned.hap cache.
[2026-09-10T16:57:17.995] [DEBUG] debug-file - Update task entry:default@PackageHap output file:D:\HW\testproject\complete\4\entry\build\default\intermediates\source_map\default\sourceMaps.map cache.
[2026-09-10T16:57:17.996] [DEBUG] debug-file - Update task entry:default@PackageHap output file:D:\HW\testproject\complete\4\entry\build\default\outputs\default\mapping\sourceMaps.map cache.
[2026-09-10T16:57:17.997] [DEBUG] debug-file - Incremental task entry:default@PackageHap post-execution cost:13 ms .
[2026-09-10T16:57:17.998] [DEBUG] debug-file - Update task entry:default@SignHap input file:D:\HW\testproject\complete\4\entry\build\default\outputs\default\entry-default-unsigned.hap cache from map.
[2026-09-10T16:57:17.998] [DEBUG] debug-file - Update task entry:default@SignHap output file:D:\HW\testproject\complete\4\entry\build\default\outputs\default\entry-default-signed.hap cache.
[2026-09-10T16:57:17.999] [DEBUG] debug-file - Incremental task entry:default@SignHap post-execution cost:2 ms .
[2026-09-10T16:57:18.000] [DEBUG] debug-file - Update task entry:default@CollectDebugSymbol input file:D:\HW\testproject\complete\4\entry\build\default\intermediates\loader_out\default\ets\sourceMaps.map cache by regenerate.
[2026-09-10T16:57:18.001] [DEBUG] debug-file - Update task entry:default@CollectDebugSymbol input file:D:\HW\testproject\complete\4\entry\build\default\intermediates\libs\default cache by regenerate.
[2026-09-10T16:57:18.001] [DEBUG] debug-file - Update task entry:default@CollectDebugSymbol output file:D:\HW\testproject\complete\4\entry\build\default\outputs\default\symbol cache.
[2026-09-10T16:57:18.002] [DEBUG] debug-file - Incremental task entry:default@CollectDebugSymbol post-execution cost:3 ms .
[2026-09-10T16:57:18.024] [DEBUG] debug-file - Cleanup worker 14.
[2026-09-10T16:57:18.025] [DEBUG] debug-file - hvigor build process will be closed.
[2026-09-10T16:57:18.038] [DEBUG] debug-file - worker[14] exits with exit code 1.
[2026-09-10T16:57:18.038] [DEBUG] debug-file - Worker 14 has been cleaned up.
[2026-09-10T16:57:18.039] [DEBUG] debug-file - Current idle worker size: 1.
[2026-09-10T16:57:18.039] [DEBUG] debug-file - Current resident worker size: 1.
[2026-09-10T16:57:18.060] [DEBUG] debug-file - session manager: send message to worker process. WorkerThreadId: 0, data: {"type":"hvigor_failed","reason":"Server has disconnected."}
[2026-09-10T16:57:18.067] [DEBUG] debug-file - session manager: send message to worker process. WorkerThreadId: 0, data: {"type":"CloseWatch","reason":"Server has disconnected."}
[2026-09-10T16:57:18.063] [DEBUG] debug-file - watch worker: worker id should be larger than 0. Nothing will be sent to any worker thread.
[2026-09-10T16:57:18.064] [DEBUG] debug-file - ABORT_WORK sent to workers.
[2026-09-10T16:57:18.069] [DEBUG] debug-file - watch worker: worker id should be larger than 0. Nothing will be sent to any worker thread.
[2026-09-10T16:59:51.433] [DEBUG] debug-file - session manager: set active socket. socketId=YawPMqxm8NW3cXPNAAAN
[2026-09-10T16:59:51.453] [DEBUG] debug-file - watch worker: worker id should be larger than 0. Nothing will be sent to any worker thread.
[2026-09-10T16:59:51.464] [DEBUG] debug-file - Workers' log level updated to INFO
[2026-09-10T16:59:51.471] [DEBUG] debug-file - Hvigor init with startParameters:{
  hvigorfileTypeCheck: false,
  parallelExecution: true,
  incrementalExecution: true,
  printStackTrace: false,
  daemon: true,
  analyze: 0,
  logLevel: Level { level: 20000, levelStr: 'INFO', colour: 'green' },
  optimizationStrategy: 'memory',
  hotCompile: undefined,
  hotReloadBuild: undefined,
  customizedParam: undefined
}
[2026-09-10T16:59:51.484] [DEBUG] debug-file - Cache service initialization finished in 13 ms 
[2026-09-10T16:59:51.492] [DEBUG] debug-file - hvigorfile, resolving D:\HW\testproject\complete\4\hvigorfile.ts
[2026-09-10T16:59:51.502] [DEBUG] debug-file - hvigorfile, require result:  { default: { plugins: [] } }
[2026-09-10T16:59:51.503] [DEBUG] debug-file - hvigorfile, binding system plugins null
[2026-09-10T16:59:51.503] [DEBUG] debug-file - Starting plugin build process
[2026-09-10T16:59:51.503] [DEBUG] debug-file - App plugin prepare start...
[2026-09-10T16:59:51.503] [DEBUG] debug-file - App plugin prepare end...
[2026-09-10T16:59:51.503] [DEBUG] debug-file - App plugin creating...
[2026-09-10T16:59:51.509] [DEBUG] debug-file - App plugin register hook start...
[2026-09-10T16:59:51.510] [DEBUG] debug-file - App plugin register hook end...
[2026-09-10T16:59:51.511] [DEBUG] debug-file - Plugin build process completed
[2026-09-10T16:59:51.511] [DEBUG] debug-file - Start initialize project's product build option map with build mode debug.
[2026-09-10T16:59:51.511] [DEBUG] debug-file - Picking option from product 'default' with build mode 'debug'.
[2026-09-10T16:59:51.512] [DEBUG] debug-file - Product 'default' build option initialized
[2026-09-10T16:59:51.512] [DEBUG] debug-file - End initialize project's product build option map with build mode 'debug'.
[2026-09-10T16:59:51.512] [DEBUG] debug-file - Obtain build option for product 'default'in this build.
[2026-09-10T16:59:51.517] [DEBUG] debug-file - No signingConfig found, initRemoteHspCache failed.
[2026-09-10T16:59:51.523] [DEBUG] debug-file - Start recording SDK configuration permission data.
[2026-09-10T16:59:51.585] [DEBUG] debug-file - Sdk init in 66 ms 
[2026-09-10T16:59:51.593] [DEBUG] debug-file - Project task initialization takes 8 ms 
[2026-09-10T16:59:51.593] [DEBUG] debug-file - hvigorfile, begin to bind custom plugins...
[2026-09-10T16:59:51.594] [DEBUG] debug-file - hvigorfile, no custom plugins were found in D:\HW\testproject\complete\4\hvigorfile.ts
[2026-09-10T16:59:51.594] [DEBUG] debug-file - hvigorfile, resolve finished D:\HW\testproject\complete\4\hvigorfile.ts
[2026-09-10T16:59:51.596] [DEBUG] debug-file - hvigorfile, resolving D:\HW\testproject\complete\4\entry\hvigorfile.ts
[2026-09-10T16:59:51.606] [DEBUG] debug-file - hvigorfile, require result:  { default: { plugins: [] } }
[2026-09-10T16:59:51.607] [DEBUG] debug-file - hvigorfile, binding system plugins null
[2026-09-10T16:59:51.607] [DEBUG] debug-file - Starting plugin build process
[2026-09-10T16:59:51.607] [DEBUG] debug-file - Hap plugin creating...
[2026-09-10T16:59:51.611] [DEBUG] debug-file - failed to load cangjie to dynamically generate schemas: Error: Cannot find module '@ohos/cangjie-build-support/index'
Require stack:
- E:\DevEco Studio\tools\hvigor\hvigor-ohos-plugin\src\plugin\hooks\cangjie-register.js
- E:\DevEco Studio\tools\hvigor\hvigor-ohos-plugin\src\plugin\strategy\stage-init-strategy.js
- E:\DevEco Studio\tools\hvigor\hvigor-ohos-plugin\src\plugin\builder\abstract-plugin-builder.js
- E:\DevEco Studio\tools\hvigor\hvigor-ohos-plugin\src\plugin\builder\app-plugin-builder.js
- E:\DevEco Studio\tools\hvigor\hvigor-ohos-plugin\src\plugin\factory\plugin-factory.js
- E:\DevEco Studio\tools\hvigor\hvigor-ohos-plugin\index.js
- D:\HW\testproject\complete\4\hvigorfile.ts
- E:\DevEco Studio\tools\hvigor\hvigor\src\base\internal\lifecycle\configuration.js
- E:\DevEco Studio\tools\hvigor\hvigor\src\base\boot\index.js
- E:\DevEco Studio\tools\hvigor\hvigor\src\base\daemon\cluster\worker-process-lifecycle.js
- E:\DevEco Studio\tools\hvigor\hvigor\src\base\daemon\process\daemon-process-boot-script.js
[2026-09-10T16:59:51.617] [DEBUG] debug-file - Start initialize module-target build option map, moduleName=entry, buildMode=debug
[2026-09-10T16:59:51.618] [DEBUG] debug-file - Target 'default' config initialized
[2026-09-10T16:59:51.618] [DEBUG] debug-file - Target 'ohosTest' config initialized
[2026-09-10T16:59:51.619] [DEBUG] debug-file - Module 'entry' target 'default' build option initialized
[2026-09-10T16:59:51.619] [DEBUG] debug-file - Module 'entry' target 'ohosTest' build option initialized
[2026-09-10T16:59:51.619] [DEBUG] debug-file - End initialize module-target build option map, moduleName=entry
[2026-09-10T16:59:51.619] [DEBUG] debug-file - Start initialize module-target build option map, moduleName=entry, buildMode=release
[2026-09-10T16:59:51.620] [DEBUG] debug-file - Target 'default' config initialized
[2026-09-10T16:59:51.620] [DEBUG] debug-file - Target 'ohosTest' config initialized
[2026-09-10T16:59:51.621] [DEBUG] debug-file - Module 'entry' target 'default' build option initialized
[2026-09-10T16:59:51.621] [DEBUG] debug-file - Module 'entry' target 'ohosTest' build option initialized
[2026-09-10T16:59:51.621] [DEBUG] debug-file - End initialize module-target build option map, moduleName=entry
[2026-09-10T16:59:51.621] [DEBUG] debug-file - Start initialize module-target build option map, moduleName=entry, buildMode=debug
[2026-09-10T16:59:51.621] [DEBUG] debug-file - Target 'default' config initialized
[2026-09-10T16:59:51.622] [DEBUG] debug-file - Target 'ohosTest' config initialized
[2026-09-10T16:59:51.622] [DEBUG] debug-file - Module 'entry' target 'default' build option initialized
[2026-09-10T16:59:51.622] [DEBUG] debug-file - Module 'entry' target 'ohosTest' build option initialized
[2026-09-10T16:59:51.622] [DEBUG] debug-file - End initialize module-target build option map, moduleName=entry
[2026-09-10T16:59:51.622] [DEBUG] debug-file - Obtain build option for module 'entry' target 'default'in this build.
[2026-09-10T16:59:51.626] [DEBUG] debug-file - Module entry task initialization takes 3 ms 
[2026-09-10T16:59:51.626] [DEBUG] debug-file - Hap plugin register hook start...
[2026-09-10T16:59:51.627] [DEBUG] debug-file - Hap plugin register hook end...
[2026-09-10T16:59:51.627] [DEBUG] debug-file - Plugin build process completed
[2026-09-10T16:59:51.627] [DEBUG] debug-file - hvigorfile, begin to bind custom plugins...
[2026-09-10T16:59:51.627] [DEBUG] debug-file - hvigorfile, no custom plugins were found in D:\HW\testproject\complete\4\entry\hvigorfile.ts
[2026-09-10T16:59:51.627] [DEBUG] debug-file - hvigorfile, resolve finished D:\HW\testproject\complete\4\entry\hvigorfile.ts
[2026-09-10T16:59:51.795] [DEBUG] debug-file - hvigorfile, resolve hvigorfile dependencies in 168 ms 
[2026-09-10T16:59:51.796] [DEBUG] debug-file - project has submodules:entry
[2026-09-10T16:59:51.800] [DEBUG] debug-file - start to load updatedOhPackageInfo to the disk
[2026-09-10T16:59:51.811] [DEBUG] debug-file - load to the disk finished
[2026-09-10T16:59:51.813] [DEBUG] debug-file - Start to initialize dependency information.
[2026-09-10T16:59:51.837] [DEBUG] debug-file - Module 4 Collected Dependency: 
[2026-09-10T16:59:51.837] [DEBUG] debug-file - Module 4's total dependency: 0
[2026-09-10T16:59:51.837] [DEBUG] debug-file - Start to initialize dependency information.
[2026-09-10T16:59:51.842] [DEBUG] debug-file - Module entry Collected Dependency: 
[2026-09-10T16:59:51.843] [DEBUG] debug-file - Module entry's total dependency: 0
[2026-09-10T16:59:51.849] [DEBUG] debug-file - Configuration phase cost:361 ms 
[2026-09-10T16:59:51.853] [DEBUG] debug-file - Configuration task cost before running: 388 ms 
[2026-09-10T16:59:51.864] [DEBUG] debug-file - Executing task :entry:default@PreBuild
[2026-09-10T16:59:51.873] [DEBUG] debug-file - Task 'entry:default@PreBuild' cost while wrapping incremental declarations: 1 ms 
[2026-09-10T16:59:51.899] [DEBUG] debug-file - Incremental task entry:default@PreBuild pre-execution cost: 19 ms .
[2026-09-10T16:59:51.900] [DEBUG] debug-file - entry : default@PreBuild cost memory 0.52252197265625
[2026-09-10T16:59:51.910] [INFO] debug-file - UP-TO-DATE :entry:default@PreBuild...  
[2026-09-10T16:59:51.915] [DEBUG] debug-file - Executing task :entry:default@CreateModuleInfo
[2026-09-10T16:59:51.916] [DEBUG] debug-file - Task 'entry:default@CreateModuleInfo' cost while wrapping incremental declarations: 1 ms 
[2026-09-10T16:59:51.918] [DEBUG] debug-file - entry : default@CreateModuleInfo cost memory 0.0388031005859375
[2026-09-10T16:59:51.918] [DEBUG] debug-file - runTaskFromQueue task cost before running: 453 ms 
[2026-09-10T16:59:51.919] [INFO] debug-file - Finished :entry:default@CreateModuleInfo... after 4 ms 
[2026-09-10T16:59:51.924] [DEBUG] debug-file - Executing task :entry:default@GenerateMetadata
[2026-09-10T16:59:51.925] [DEBUG] debug-file - Task 'entry:default@GenerateMetadata' cost while wrapping incremental declarations: 2 ms 
[2026-09-10T16:59:51.929] [DEBUG] debug-file - Incremental task entry:default@GenerateMetadata pre-execution cost: 3 ms .
[2026-09-10T16:59:51.929] [DEBUG] debug-file - entry : default@GenerateMetadata cost memory 0.07415008544921875
[2026-09-10T16:59:51.930] [INFO] debug-file - UP-TO-DATE :entry:default@GenerateMetadata...  
[2026-09-10T16:59:51.934] [DEBUG] debug-file - Executing task :entry:default@ConfigureCmake
[2026-09-10T16:59:51.935] [DEBUG] debug-file - entry : default@ConfigureCmake cost memory 0.01416778564453125
[2026-09-10T16:59:51.936] [DEBUG] debug-file - runTaskFromQueue task cost before running: 471 ms 
[2026-09-10T16:59:51.938] [INFO] debug-file - Finished :entry:default@ConfigureCmake... after 2 ms 
[2026-09-10T16:59:51.944] [DEBUG] debug-file - Executing task :entry:default@MergeProfile
[2026-09-10T16:59:51.945] [DEBUG] debug-file - Task 'entry:default@MergeProfile' cost while wrapping incremental declarations: 1 ms 
[2026-09-10T16:59:51.954] [DEBUG] debug-file - Incremental task entry:default@MergeProfile pre-execution cost: 8 ms .
[2026-09-10T16:59:51.954] [DEBUG] debug-file - entry : default@MergeProfile cost memory 0.1159820556640625
[2026-09-10T16:59:51.957] [INFO] debug-file - UP-TO-DATE :entry:default@MergeProfile...  
[2026-09-10T16:59:51.963] [DEBUG] debug-file - Executing task :entry:default@CreateBuildProfile
[2026-09-10T16:59:51.966] [DEBUG] debug-file - Task 'entry:default@CreateBuildProfile' cost while wrapping incremental declarations: 3 ms 
[2026-09-10T16:59:51.977] [DEBUG] debug-file - Incremental task entry:default@CreateBuildProfile pre-execution cost: 5 ms .
[2026-09-10T16:59:51.977] [DEBUG] debug-file - entry : default@CreateBuildProfile cost memory -4.580162048339844
[2026-09-10T16:59:51.978] [INFO] debug-file - UP-TO-DATE :entry:default@CreateBuildProfile...  
[2026-09-10T16:59:51.983] [DEBUG] debug-file - Executing task :entry:default@PreCheckSyscap
[2026-09-10T16:59:51.985] [DEBUG] debug-file - entry : default@PreCheckSyscap cost memory 0.01446533203125
[2026-09-10T16:59:51.985] [DEBUG] debug-file - runTaskFromQueue task cost before running: 520 ms 
[2026-09-10T16:59:51.986] [INFO] debug-file - Finished :entry:default@PreCheckSyscap... after 3 ms 
[2026-09-10T16:59:51.991] [DEBUG] debug-file - Executing task :entry:default@GeneratePkgContextInfo
[2026-09-10T16:59:52.002] [DEBUG] debug-file - Task 'entry:default@GeneratePkgContextInfo' cost while wrapping incremental declarations: 1 ms 
[2026-09-10T16:59:52.005] [DEBUG] debug-file - Incremental task entry:default@GeneratePkgContextInfo pre-execution cost: 2 ms .
[2026-09-10T16:59:52.006] [DEBUG] debug-file - entry : default@GeneratePkgContextInfo cost memory 0.182373046875
[2026-09-10T16:59:52.007] [INFO] debug-file - UP-TO-DATE :entry:default@GeneratePkgContextInfo...  
[2026-09-10T16:59:52.009] [DEBUG] debug-file - Executing task :entry:default@GeneratePkgSdkInfo
[2026-09-10T16:59:52.020] [DEBUG] debug-file - Task 'entry:default@GeneratePkgSdkInfo' cost while wrapping incremental declarations: 1 ms 
[2026-09-10T16:59:52.022] [DEBUG] debug-file - entry : default@GeneratePkgSdkInfo cost memory 0.09778594970703125
[2026-09-10T16:59:52.022] [DEBUG] debug-file - runTaskFromQueue task cost before running: 557 ms 
[2026-09-10T16:59:52.023] [INFO] debug-file - Finished :entry:default@GeneratePkgSdkInfo... after 13 ms 
[2026-09-10T16:59:52.036] [DEBUG] debug-file - Executing task :entry:default@ProcessIntegratedHsp
[2026-09-10T16:59:52.038] [DEBUG] debug-file - entry:default@ProcessIntegratedHsp is not up-to-date, since the output file 'D:\HW\testproject\complete\4\build\cache\default\integrated_hsp\integratedHspCache.json' does not exist.
[2026-09-10T16:59:52.038] [DEBUG] debug-file - Incremental task entry:default@ProcessIntegratedHsp pre-execution cost: 1 ms .
[2026-09-10T16:59:52.039] [DEBUG] debug-file - entry : default@ProcessIntegratedHsp cost memory 0.05150604248046875
[2026-09-10T16:59:52.039] [DEBUG] debug-file - runTaskFromQueue task cost before running: 574 ms 
[2026-09-10T16:59:52.040] [INFO] debug-file - Finished :entry:default@ProcessIntegratedHsp... after 4 ms 
[2026-09-10T16:59:52.043] [DEBUG] debug-file - Executing task :entry:default@BuildNativeWithCmake
[2026-09-10T16:59:52.043] [DEBUG] debug-file - entry : default@BuildNativeWithCmake cost memory 0.0281219482421875
[2026-09-10T16:59:52.044] [DEBUG] debug-file - runTaskFromQueue task cost before running: 579 ms 
[2026-09-10T16:59:52.044] [INFO] debug-file - Finished :entry:default@BuildNativeWithCmake... after 2 ms 
[2026-09-10T16:59:52.048] [DEBUG] debug-file - Executing task :entry:default@MakePackInfo
[2026-09-10T16:59:52.058] [DEBUG] debug-file - Incremental task entry:default@MakePackInfo pre-execution cost: 7 ms .
[2026-09-10T16:59:52.058] [DEBUG] debug-file - entry : default@MakePackInfo cost memory 0.104888916015625
[2026-09-10T16:59:52.061] [INFO] debug-file - UP-TO-DATE :entry:default@MakePackInfo...  
[2026-09-10T16:59:52.064] [DEBUG] debug-file - Executing task :entry:default@SyscapTransform
[2026-09-10T16:59:52.064] [DEBUG] debug-file - File: 'D:\HW\testproject\complete\4\entry\src\main\syscap.json' from 'sysCapJsonPath' is not exists, just ignore.
[2026-09-10T16:59:52.066] [DEBUG] debug-file - Task 'entry:default@SyscapTransform' cost while wrapping incremental declarations: 2 ms 
[2026-09-10T16:59:52.070] [DEBUG] debug-file - entry:default@SyscapTransform is not up-to-date, since the output file 'D:\HW\testproject\complete\4\entry\build\default\intermediates\syscap\default\rpcid.sc' does not exist.
[2026-09-10T16:59:52.071] [DEBUG] debug-file - Incremental task entry:default@SyscapTransform pre-execution cost: 5 ms .
[2026-09-10T16:59:52.071] [DEBUG] debug-file - entry : default@SyscapTransform cost memory 0.1114654541015625
[2026-09-10T16:59:52.072] [DEBUG] debug-file - runTaskFromQueue task cost before running: 607 ms 
[2026-09-10T16:59:52.072] [INFO] debug-file - Finished :entry:default@SyscapTransform... after 8 ms 
[2026-09-10T16:59:52.076] [DEBUG] debug-file - Executing task :entry:default@ProcessProfile
[2026-09-10T16:59:52.080] [DEBUG] debug-file - Task 'entry:default@ProcessProfile' cost while wrapping incremental declarations: 1 ms 
[2026-09-10T16:59:52.082] [DEBUG] debug-file - Incremental task entry:default@ProcessProfile pre-execution cost: 2 ms .
[2026-09-10T16:59:52.082] [DEBUG] debug-file - entry : default@ProcessProfile cost memory 0.12445831298828125
[2026-09-10T16:59:52.083] [INFO] debug-file - UP-TO-DATE :entry:default@ProcessProfile...  
[2026-09-10T16:59:52.085] [DEBUG] debug-file - Executing task :entry:default@ProcessRouterMap
[2026-09-10T16:59:52.092] [DEBUG] debug-file - Incremental task entry:default@ProcessRouterMap pre-execution cost: 5 ms .
[2026-09-10T16:59:52.092] [DEBUG] debug-file - entry : default@ProcessRouterMap cost memory 0.12604522705078125
[2026-09-10T16:59:52.093] [INFO] debug-file - UP-TO-DATE :entry:default@ProcessRouterMap...  
[2026-09-10T16:59:52.095] [DEBUG] debug-file - Executing task :entry:default@ProcessShareConfig
[2026-09-10T16:59:52.100] [DEBUG] debug-file - Incremental task entry:default@ProcessShareConfig pre-execution cost: 4 ms .
[2026-09-10T16:59:52.101] [DEBUG] debug-file - entry : default@ProcessShareConfig cost memory 0.1058349609375
[2026-09-10T16:59:52.102] [INFO] debug-file - UP-TO-DATE :entry:default@ProcessShareConfig...  
[2026-09-10T16:59:52.104] [DEBUG] debug-file - Executing task :entry:default@ProcessStartupConfig
[2026-09-10T16:59:52.104] [DEBUG] debug-file - Task 'entry:default@ProcessStartupConfig' cost while wrapping incremental declarations: 1 ms 
[2026-09-10T16:59:52.107] [DEBUG] debug-file - entry:default@ProcessStartupConfig is not up-to-date, since the output file 'D:\HW\testproject\complete\4\entry\build\default\intermediates\startup\default\startup_config.json' does not exist.
[2026-09-10T16:59:52.108] [DEBUG] debug-file - Incremental task entry:default@ProcessStartupConfig pre-execution cost: 2 ms .
[2026-09-10T16:59:52.109] [DEBUG] debug-file - entry : default@ProcessStartupConfig cost memory 0.11109161376953125
[2026-09-10T16:59:52.110] [DEBUG] debug-file - runTaskFromQueue task cost before running: 645 ms 
[2026-09-10T16:59:52.111] [INFO] debug-file - Finished :entry:default@ProcessStartupConfig... after 6 ms 
[2026-09-10T16:59:52.119] [DEBUG] debug-file - Executing task :entry:default@BuildNativeWithNinja
[2026-09-10T16:59:52.120] [DEBUG] debug-file - entry : default@BuildNativeWithNinja cost memory 0.019012451171875
[2026-09-10T16:59:52.120] [DEBUG] debug-file - runTaskFromQueue task cost before running: 655 ms 
[2026-09-10T16:59:52.130] [INFO] debug-file - Finished :entry:default@BuildNativeWithNinja... after 2 ms 
[2026-09-10T16:59:52.134] [DEBUG] debug-file - restool module names: entry; moduleName=entry, taskName=default@ProcessResource
[2026-09-10T16:59:52.137] [DEBUG] debug-file - Executing task :entry:default@ProcessResource
[2026-09-10T16:59:52.138] [DEBUG] debug-file - Task 'entry:default@ProcessResource' cost while wrapping incremental declarations: 1 ms 
[2026-09-10T16:59:52.141] [DEBUG] debug-file - Incremental task entry:default@ProcessResource pre-execution cost: 3 ms .
[2026-09-10T16:59:52.141] [DEBUG] debug-file - entry : default@ProcessResource cost memory 0.11063385009765625
[2026-09-10T16:59:52.146] [INFO] debug-file - UP-TO-DATE :entry:default@ProcessResource...  
[2026-09-10T16:59:52.150] [DEBUG] debug-file - Executing task :entry:default@GenerateLoaderJson
[2026-09-10T16:59:52.152] [DEBUG] debug-file - Task 'entry:default@GenerateLoaderJson' cost while wrapping incremental declarations: 1 ms 
[2026-09-10T16:59:52.171] [DEBUG] debug-file - Incremental task entry:default@GenerateLoaderJson pre-execution cost: 11 ms .
[2026-09-10T16:59:52.171] [DEBUG] debug-file - entry : default@GenerateLoaderJson cost memory 0.41812896728515625
[2026-09-10T16:59:52.177] [INFO] debug-file - UP-TO-DATE :entry:default@GenerateLoaderJson...  
[2026-09-10T16:59:52.179] [DEBUG] debug-file - Executing task :entry:default@ProcessLibs
[2026-09-10T16:59:52.180] [DEBUG] debug-file - Task 'entry:default@ProcessLibs' cost while wrapping incremental declarations: 1 ms 
[2026-09-10T16:59:52.184] [DEBUG] debug-file - Incremental task entry:default@ProcessLibs pre-execution cost: 4 ms .
[2026-09-10T16:59:52.184] [DEBUG] debug-file - entry : default@ProcessLibs cost memory 0.09152984619140625
[2026-09-10T16:59:52.186] [INFO] debug-file - UP-TO-DATE :entry:default@ProcessLibs...  
[2026-09-10T16:59:52.188] [DEBUG] debug-file - restool module names: entry; moduleName=entry, taskName=default@CompileResource
[2026-09-10T16:59:52.189] [DEBUG] debug-file - Executing task :entry:default@CompileResource
[2026-09-10T16:59:52.216] [DEBUG] debug-file - Incremental task entry:default@CompileResource pre-execution cost: 25 ms .
[2026-09-10T16:59:52.216] [DEBUG] debug-file - entry : default@CompileResource cost memory 0.48133087158203125
[2026-09-10T16:59:52.219] [INFO] debug-file - UP-TO-DATE :entry:default@CompileResource...  
[2026-09-10T16:59:52.222] [DEBUG] debug-file - Executing task :entry:default@DoNativeStrip
[2026-09-10T16:59:52.223] [DEBUG] debug-file - File: 'D:\HW\testproject\complete\4\entry\build\default\intermediates\binxo\default' from 'doBinxoNativeLibs' is not exists, just ignore.
[2026-09-10T16:59:52.223] [DEBUG] debug-file - Task 'entry:default@DoNativeStrip' cost while wrapping incremental declarations: 1 ms 
[2026-09-10T16:59:52.226] [DEBUG] debug-file - Incremental task entry:default@DoNativeStrip pre-execution cost: 2 ms .
[2026-09-10T16:59:52.226] [DEBUG] debug-file - entry : default@DoNativeStrip cost memory 0.07279205322265625
[2026-09-10T16:59:52.227] [INFO] debug-file - UP-TO-DATE :entry:default@DoNativeStrip...  
[2026-09-10T16:59:52.229] [DEBUG] debug-file - Executing task :entry:default@CompileArkTS
[2026-09-10T16:59:52.230] [DEBUG] debug-file - obfuscationOptions: undefined
[2026-09-10T16:59:52.232] [DEBUG] debug-file - Task 'entry:default@CompileArkTS' cost while wrapping incremental declarations: 1 ms 
[2026-09-10T16:59:52.254] [DEBUG] debug-file - entry:default@CompileArkTS is not up-to-date, since the input file 'D:\HW\testproject\complete\4\entry\src\main\ets' has been changed.
[2026-09-10T16:59:52.254] [DEBUG] debug-file - Incremental task entry:default@CompileArkTS pre-execution cost: 17 ms .
[2026-09-10T16:59:52.297] [DEBUG] debug-file - build config:
[2026-09-10T16:59:52.297] [DEBUG] debug-file - {
  moduleType: 'entry',
  perf: 0,
  targetName: '.default',
  packageManagerType: 'ohpm',
  localPropertiesPath: 'D:\\HW\\testproject\\complete\\4\\local.properties',
  isPreview: false,
  isOhosTest: false,
  isLocalTest: false,
  buildMode: 'Debug',
  hotReloadBuild: undefined,
  watchMode: 'false',
  aceProfilePath: 'D:\\HW\\testproject\\complete\\4\\entry\\build\\default\\intermediates\\res\\default\\resources\\base\\profile',
  etsLoaderPath: 'E:\\DevEco Studio\\sdk\\default\\openharmony\\ets\\build-tools\\ets-loader',
  modulePath: 'D:\\HW\\testproject\\complete\\4\\entry',
  testFrameworkPar: {
    testMode: undefined,
    coveragePathFilter: undefined,
    coverageMode: undefined
  },
  needCoverageInsert: false,
  debugLine: false,
  projectTopDir: 'D:\\HW\\testproject\\complete\\4',
  compileSdkVersion: 26,
  compatibleSdkVersion: 26,
  originCompatibleSdkVersion: '26.0.0',
  compatibleSdkVersionStage: undefined,
  bundleName: 'c***p',
  etsLoaderVersion: '26.0.0.105',
  etsLoaderReleaseType: 'Release',
  aotCompileMode: 'type',
  apPath: 'D:\\HW\\testproject\\complete\\4\\entry\\modules.ap',
  entryModuleName: 'entry',
  entryModuleVersion: '1.0.0',
  entryPackageName: 'entry',
  allModuleNameHash: '30e07d57c30f75288c09608296ed8ed07fc604f1881982510ff25b77cb397b11',
  externalApiPaths: [ 'E:\\DevEco Studio\\sdk\\default\\hms\\ets' ],
  compilerTypes: [],
  isCrossplatform: false,
  hvigorPluginFile: undefined,
  compilePluginPath: undefined,
  buildGeneratedProfilePath: 'D:\\HW\\testproject\\complete\\4\\entry\\build\\default\\generated\\profile\\default',
  bundleType: 'app',
  arkTSVersion: undefined,
  apiVersion: 26,
  needCompleteSourcesMap: false,
  isFaMode: false,
  buildDir: 'D:\\HW\\testproject\\complete\\4\\entry\\build',
  buildCacheProjectDir: 'D:\\HW\\testproject\\complete\\4',
  deviceTypes: [ 'phone' ],
  pkgContextInfo: {
    '@ohos/hypium': {
      packageName: '@ohos/hypium',
      bundleName: '*****',
      moduleName: '',
      version: '1.0.24',
      entryPath: 'index.js',
      isSO: false,
      dependencyAlias: ''
    },
    '@ohos/hamock': {
      packageName: '@ohos/hamock',
      bundleName: '*****',
      moduleName: '',
      version: '1.0.0',
      entryPath: 'index.ets',
      isSO: false,
      dependencyAlias: ''
    },
    entry: {
      packageName: 'entry',
      bundleName: '*****',
      moduleName: '',
      version: '',
      entryPath: 'src/main/',
      isSO: false,
      dependencyAlias: ''
    }
  },
  ohPackagePathMap: {},
  dependencyAliasMap: {},
  permission: { requestPermissions: undefined, definePermissions: undefined },
  useGetCurrentBundleName: false,
  projectArkOption: undefined,
  sourceMapDir: undefined,
  branchElimination: false,
  transformLib: undefined,
  tsImportSendable: false,
  resolveConflictMode: true,
  depName2RootPath: {},
  depName2DepInfo: {},
  depName2OhExports: {},
  rootPathSet: [ 'D:\\HW\\testproject\\complete\\4' ],
  useNativeResolver: true,
  shouldEmitJs: true,
  useUnifiedAst: false,
  useTscResolve: false,
  singleFileEmit: false,
  userProjectConfig: {
    autoLazyImport: false,
    allowEmptyBundleName: false,
    reExportCheckMode: 'noCheck',
    executionMode: 'memory',
    usePathPlaceholder: false,
    writeRollupCache: true,
    isExpandImportEnabled: false,
    expandImportExclude: '',
    lazyImportExclude: '',
    lazyImportInclude: '',
    ignoreCrossplatformCheck: false,
    isHarDeduplicateEnabled: false,
    skipOhModulesLint: false,
    enableStrictCheckOHModule: false,
    disableSendableCheckRules: [],
    useDeclarationFileSignature: false,
    customizedOptions: undefined,
    integratedHsp: false,
    tsImportSoCheck: false,
    isPreloadSoEnabled: false
  },
  executionMode: 'memory',
  arkCompileCachePath: 'D:\\HW\\testproject\\complete\\4\\entry\\build\\default\\cache\\default\\default@CompileArkTS\\esmodule',
  autoLazyFilter: undefined,
  isHarDeduplicateEnabled: false,
  intermediateHarDuplicateDirPath: 'D:\\HW\\testproject\\complete\\4\\entry\\build\\default\\intermediates\\har_duplicate\\default',
  autoLazyImport: false,
  allowEmptyBundleName: false,
  reExportCheckMode: 'noCheck',
  usePathPlaceholder: false,
  writeRollupCache: true,
  isExpandImportEnabled: false,
  expandImportExclude: '',
  lazyImportExclude: '',
  lazyImportInclude: '',
  ignoreCrossplatformCheck: false,
  skipOhModulesLint: false,
  enableStrictCheckOHModule: false,
  disableSendableCheckRules: [],
  useDeclarationFileSignature: false,
  customizedOptions: undefined,
  integratedHsp: false,
  tsImportSoCheck: false,
  isPreloadSoEnabled: false,
  strictMode: {
    caseSensitiveCheck: true,
    useNormalizedOHMUrl: true,
    noExternalImportByPath: true
  },
  useNormalizedOHMUrl: true,
  caseSensitiveCheck: true,
  strictCheckerOnly: false,
  aceModuleJsonPath: 'D:\\HW\\testproject\\complete\\4\\entry\\build\\default\\intermediates\\res\\default\\ark_module.json',
  appResource: 'D:\\HW\\testproject\\complete\\4\\entry\\build\\default\\intermediates\\res\\default\\ResourceTable.txt',
  rawFileResource: 'D:\\HW\\testproject\\complete\\4\\entry\\build\\default\\intermediates\\res\\default\\resources\\rawfile',
  resourceTableHash: 'd81a83941c07883d4327563ba2cfe0ac7f68042912820a1577b99d29cbd144cc',
  runtimeOS: 'HarmonyOS',
  sdkInfo: 'false:26:26.0.0.105:Release',
  aceModuleRoot: 'D:\\HW\\testproject\\complete\\4\\entry\\src\\main\\ets',
  compileMode: 'esmodule',
  aceSuperVisualPath: 'D:\\HW\\testproject\\complete\\4\\entry\\src\\main\\supervisual',
  aceBuildJson: 'D:\\HW\\testproject\\complete\\4\\entry\\build\\default\\intermediates\\loader\\default\\loader.json',
  cachePath: 'D:\\HW\\testproject\\complete\\4\\entry\\build\\default\\cache\\default\\default@CompileArkTS\\esmodule\\debug',
  aceModuleBuild: 'D:\\HW\\testproject\\complete\\4\\entry\\build\\default\\intermediates\\loader_out\\default\\ets',
  supportChunks: true,
  declaredFilesPath: undefined,
  shouldCollectDirectImportees: false,
  isByteCodeHarOptimize: false,
  expandImportPath: undefined,
  resourceTableTs: 'D:\\HW\\testproject\\complete\\4\\entry\\build\\default\\generated\\r\\default\\ResourceTable.ts',
  moduleMetaInfoFiles: [
    {
      filePath: 'D:\\HW\\testproject\\complete\\4\\entry\\build\\default\\generated\\r\\default\\ResourceTable.ts',
      ohmurl: '&entry/build/generated/r/ResourceTable&'
    }
  ],
  pkgNameToPkgBriefInfo: {
    entry: {
      pkgRoot: 'D:\\HW\\testproject\\complete\\4\\entry',
      originalSourceRoots: undefined,
      sourceRoots: [Array],
      pkgName: 'entry'
    }
  },
  projectModel: {
    'D:\\HW\\testproject\\complete\\4\\entry\\src\\main': {
      moduleName: 'entry',
      modulePkgPath: 'D:\\HW\\testproject\\complete\\4\\entry',
      belongProjectPath: 'D:\\HW\\testproject\\complete\\4'
    },
    'D:\\HW\\testproject\\complete\\4\\entry\\.test\\default\\intermediates\\src\\ohosTest\\ets': {
      moduleName: 'entry_test',
      modulePkgPath: 'D:\\HW\\testproject\\complete\\4\\entry',
      belongProjectPath: 'D:\\HW\\testproject\\complete\\4'
    },
    'D:\\HW\\testproject\\complete\\4\\entry\\src\\ohosTest': {
      moduleName: 'entry_test',
      modulePkgPath: 'D:\\HW\\testproject\\complete\\4\\entry',
      belongProjectPath: 'D:\\HW\\testproject\\complete\\4'
    },
    'D:\\HW\\testproject\\complete\\4\\entry': {
      moduleName: 'entry',
      modulePkgPath: 'D:\\HW\\testproject\\complete\\4\\entry',
      belongProjectPath: 'D:\\HW\\testproject\\complete\\4'
    },
    'D:\\HW\\testproject\\complete\\4': {
      moduleName: '4',
      modulePkgPath: 'D:\\HW\\testproject\\complete\\4',
      belongProjectPath: 'D:\\HW\\testproject\\complete\\4'
    }
  },
  pkgJsonFileHash: '7ab10e622b876a852aaa87f883a5ca46773dc428b9273d7582651c0540669143',
  allModulePaths: [ 'D:\\HW\\testproject\\complete\\4\\entry' ],
  routerMap: {},
  obfuscationOptions: undefined,
  byteCodeHarToDependencyKeys: undefined,
  compileBlockPkg: [],
  mockParams: {
    decorator: '@MockSetup',
    packageName: '@ohos/hamock',
    etsSourceRootPath: 'src/main/ets',
    mockConfigPath: 'D:\\HW\\testproject\\complete\\4\\entry\\src\\mock\\mock-config.json5',
    mockConfigKey2ModuleInfo: {},
    source2ModuleIdMap: {}
  },
  copyCodeResourceEnable: false,
  copyCodeResourceExcludes: [],
  copyCodeResourceIncludes: undefined,
  uiTransformOptimization: false,
  sdkPath: 'E:/DevEco Studio/sdk',
  needPreloadSoFileSet: {},
  preloadSoFilePath: 'D:\\HW\\testproject\\complete\\4\\entry\\build\\default\\intermediates\\preload\\default\\preload.json',
  useSourceHash: false,
  localModuleParamMap: {},
  otherPaths: {
    'entry/*': [
      '..\\*',
      '..\\..\\..\\build\\default\\generated\\profile\\default\\*'
    ]
  },
  collectImportersConfig: undefined
}
[2026-09-10T16:59:52.298] [DEBUG] debug-file - Compile arkts with external api path: E:\DevEco Studio\sdk\default\hms\ets
[2026-09-10T16:59:52.302] [DEBUG] debug-file - before submitting ArkTS compile task to worker pool, config.buildDir: D:\HW\testproject\complete\4\entry\build
[2026-09-10T16:59:52.303] [DEBUG] debug-file - default@CompileArkTS work[9] is submitted.
[2026-09-10T16:59:52.304] [DEBUG] debug-file - default@CompileArkTS work[9] is pushed to ready queue.
[2026-09-10T16:59:52.304] [DEBUG] debug-file - default@CompileArkTS work[9] is not dispatched.
[2026-09-10T16:59:52.305] [DEBUG] debug-file - entry : default@CompileArkTS cost memory 0.9552459716796875
[2026-09-10T16:59:52.313] [DEBUG] debug-file - Executing task :entry:default@BuildJS
[2026-09-10T16:59:52.314] [DEBUG] debug-file - Task 'entry:default@BuildJS' cost while wrapping incremental declarations: 1 ms 
[2026-09-10T16:59:52.325] [DEBUG] debug-file - entry : default@BuildJS cost memory 0.118255615234375
[2026-09-10T16:59:52.326] [DEBUG] debug-file - runTaskFromQueue task cost before running: 861 ms 
[2026-09-10T16:59:52.327] [INFO] debug-file - Finished :entry:default@BuildJS... after 13 ms 
[2026-09-10T16:59:52.331] [DEBUG] debug-file - Executing task :entry:default@CacheNativeLibs
[2026-09-10T16:59:52.332] [DEBUG] debug-file - File: 'D:\HW\testproject\complete\4\entry\build\default\intermediates\binxo\default' from 'cacheBinxoNativeLibs' is not exists, just ignore.
[2026-09-10T16:59:52.333] [DEBUG] debug-file - Task 'entry:default@CacheNativeLibs' cost while wrapping incremental declarations: 2 ms 
[2026-09-10T16:59:52.338] [DEBUG] debug-file - Incremental task entry:default@CacheNativeLibs pre-execution cost: 5 ms .
[2026-09-10T16:59:52.339] [DEBUG] debug-file - entry : default@CacheNativeLibs cost memory 0.086151123046875
[2026-09-10T16:59:52.340] [INFO] debug-file - UP-TO-DATE :entry:default@CacheNativeLibs...  
[2026-09-10T16:59:52.404] [DEBUG] debug-file - A work dispatched to worker[15] failed because unable to get work from ready queue.
[2026-09-10T16:59:52.405] [DEBUG] debug-file - A work dispatched to worker[14] failed because unable to get work from ready queue.
[2026-09-10T16:59:52.405] [DEBUG] debug-file - A work dispatched to worker[13] failed because unable to get work from ready queue.
[2026-09-10T16:59:52.405] [DEBUG] debug-file - A work dispatched to worker[12] failed because unable to get work from ready queue.
[2026-09-10T16:59:52.405] [DEBUG] debug-file - A work dispatched to worker[11] failed because unable to get work from ready queue.
[2026-09-10T16:59:52.406] [DEBUG] debug-file - A work dispatched to worker[10] failed because unable to get work from ready queue.
[2026-09-10T16:59:52.406] [DEBUG] debug-file - A work dispatched to worker[9] failed because unable to get work from ready queue.
[2026-09-10T16:59:52.406] [DEBUG] debug-file - A work dispatched to worker[8] failed because unable to get work from ready queue.
[2026-09-10T16:59:52.406] [DEBUG] debug-file - A work dispatched to worker[7] failed because unable to get work from ready queue.
[2026-09-10T16:59:52.406] [DEBUG] debug-file - A work dispatched to worker[6] failed because unable to get work from ready queue.
[2026-09-10T16:59:52.406] [DEBUG] debug-file - A work dispatched to worker[5] failed because unable to get work from ready queue.
[2026-09-10T16:59:52.407] [DEBUG] debug-file - default@CompileArkTS work[9] has been dispatched to worker[4].
[2026-09-10T16:59:55.072] [DEBUG] debug-file - worker[4] has one work done.
[2026-09-10T16:59:55.072] [DEBUG] debug-file - Ark compile task finished.finished time is 191616811200100
[2026-09-10T16:59:55.076] [DEBUG] debug-file - default@CompileArkTS work[9] done.
[2026-09-10T16:59:55.082] [INFO] debug-file - Finished :entry:default@CompileArkTS... after 2 s 740 ms 
[2026-09-10T16:59:55.085] [DEBUG] debug-file - Executing task :entry:default@GeneratePkgModuleJson
[2026-09-10T16:59:55.085] [DEBUG] debug-file - File: 'D:\HW\testproject\complete\4\entry\build\default\intermediates\preload\default\preload.json' from 'preloadSoJsonPath' is not exists, just ignore.
[2026-09-10T16:59:55.086] [DEBUG] debug-file - Error occurs while handling @Input 'shouldDeduplicateHar': The "data" argument must be of type string or an instance of Buffer, TypedArray, or DataView. Received undefined
[2026-09-10T16:59:55.086] [DEBUG] debug-file - Task 'entry:default@GeneratePkgModuleJson' cost while wrapping incremental declarations: 2 ms 
[2026-09-10T16:59:55.088] [DEBUG] debug-file - Incremental task entry:default@GeneratePkgModuleJson pre-execution cost: 2 ms .
[2026-09-10T16:59:55.088] [DEBUG] debug-file - entry : default@GeneratePkgModuleJson cost memory 0.305084228515625
[2026-09-10T16:59:55.089] [INFO] debug-file - UP-TO-DATE :entry:default@GeneratePkgModuleJson...  
[2026-09-10T16:59:55.091] [DEBUG] debug-file - Executing task :entry:default@ProcessCompiledResources
[2026-09-10T16:59:55.092] [DEBUG] debug-file - File: 'D:\HW\testproject\complete\4\entry\build\default\intermediates\preload\default\preload.json' from 'preloadSoJsonPath' is not exists, just ignore.
[2026-09-10T16:59:55.093] [DEBUG] debug-file - Task 'entry:default@ProcessCompiledResources' cost while wrapping incremental declarations: 1 ms 
[2026-09-10T16:59:55.094] [DEBUG] debug-file - entry : default@ProcessCompiledResources cost memory 0.05419921875
[2026-09-10T16:59:55.094] [DEBUG] debug-file - runTaskFromQueue task cost before running: 3 s 629 ms 
[2026-09-10T16:59:55.095] [INFO] debug-file - Finished :entry:default@ProcessCompiledResources... after 3 ms 
[2026-09-10T16:59:55.101] [DEBUG] debug-file - Executing task :entry:default@PackageHap
[2026-09-10T16:59:55.132] [DEBUG] debug-file - entry:default@PackageHap is not up-to-date, since the input file 'D:\HW\testproject\complete\4\entry\build\default\intermediates\loader_out\default\ets' has been changed.
[2026-09-10T16:59:55.132] [DEBUG] debug-file - Incremental task entry:default@PackageHap pre-execution cost: 24 ms .
[2026-09-10T16:59:55.134] [DEBUG] debug-file - Use tool [E:\DevEco Studio\sdk\default\openharmony\toolchains\lib\app_packing_tool.jar]
 [
  'java',
  '-Dfile.encoding=GBK',
  '-jar',
  'E:\\DevEco Studio\\sdk\\default\\openharmony\\toolchains\\lib\\app_packing_tool.jar',
  '--mode',
  'hap',
  '--force',
  'true',
  '--lib-path',
  'D:\\HW\\testproject\\complete\\4\\entry\\build\\default\\intermediates\\stripped_native_libs\\default',
  '--json-path',
  'D:\\HW\\testproject\\complete\\4\\entry\\build\\default\\intermediates\\package\\default\\module.json',
  '--resources-path',
  'D:\\HW\\testproject\\complete\\4\\entry\\build\\default\\intermediates\\res\\default\\resources',
  '--index-path',
  'D:\\HW\\testproject\\complete\\4\\entry\\build\\default\\intermediates\\res\\default\\resources.index',
  '--pack-info-path',
  'D:\\HW\\testproject\\complete\\4\\entry\\build\\default\\outputs\\default\\pack.info',
  '--out-path',
  'D:\\HW\\testproject\\complete\\4\\entry\\build\\default\\outputs\\default\\entry-default-unsigned.hap',
  '--ets-path',
  'D:\\HW\\testproject\\complete\\4\\entry\\build\\default\\intermediates\\loader_out\\default\\ets',
  '--pkg-context-path',
  'D:\\HW\\testproject\\complete\\4\\entry\\build\\default\\intermediates\\loader\\default\\pkgContextInfo.json'
]
[2026-09-10T16:59:55.136] [DEBUG] debug-file - default@PackageHap work[10] is submitted.
[2026-09-10T16:59:55.136] [DEBUG] debug-file - default@PackageHap work[10] is pushed to ready queue.
[2026-09-10T16:59:55.136] [DEBUG] debug-file - A work dispatched to worker[15] failed because unable to get work from ready queue.
[2026-09-10T16:59:55.137] [DEBUG] debug-file - Create  resident worker with id: 14.
[2026-09-10T16:59:55.145] [DEBUG] debug-file - default@PackageHap work[10] has been dispatched to worker[14].
[2026-09-10T16:59:55.146] [DEBUG] debug-file - default@PackageHap work[10] is dispatched.
[2026-09-10T16:59:55.164] [DEBUG] debug-file - entry : default@PackageHap cost memory 0.466583251953125
[2026-09-10T16:59:59.759] [DEBUG] debug-file - current process  memoryUsage: {
  rss: 449466368,
  heapTotal: 79118336,
  heapUsed: 50232352,
  external: 3958577,
  arrayBuffers: 18671
} os memoryUsage :14.372611999511719
[2026-09-10T17:00:00.739] [DEBUG] debug-file - worker[14] has one work done.
[2026-09-10T17:00:00.740] [DEBUG] debug-file - default@PackageHap work[10] done.
[2026-09-10T17:00:00.740] [DEBUG] debug-file - A work dispatched to worker[14] failed because unable to get work from ready queue.
[2026-09-10T17:00:00.749] [INFO] debug-file - Finished :entry:default@PackageHap... after 1 s 51 ms 
[2026-09-10T17:00:00.770] [DEBUG] debug-file - Executing task :entry:default@PackingCheck
[2026-09-10T17:00:00.801] [DEBUG] debug-file - entry : default@PackingCheck cost memory 0.35707855224609375
[2026-09-10T17:00:00.802] [DEBUG] debug-file - runTaskFromQueue task cost before running: 9 s 337 ms 
[2026-09-10T17:00:00.803] [INFO] debug-file - Finished :entry:default@PackingCheck... after 32 ms 
[2026-09-10T17:00:00.809] [DEBUG] debug-file - Executing task :entry:default@SignHap
[2026-09-10T17:00:00.813] [WARN] debug-file - Will skip sign 'hos_hap'. No signingConfigs profile is configured in current project.
             If needed, configure the signingConfigs in D:\HW\testproject\complete\4\build-profile.json5.
[2026-09-10T17:00:00.819] [DEBUG] debug-file - entry:default@SignHap is not up-to-date, since the input file 'D:\HW\testproject\complete\4\entry\build\default\outputs\default\entry-default-unsigned.hap' has been changed.
[2026-09-10T17:00:00.820] [DEBUG] debug-file - Incremental task entry:default@SignHap pre-execution cost: 5 ms .
[2026-09-10T17:00:00.821] [DEBUG] debug-file - entry : default@SignHap cost memory 0.0706329345703125
[2026-09-10T17:00:00.821] [DEBUG] debug-file - runTaskFromQueue task cost before running: 9 s 356 ms 
[2026-09-10T17:00:00.825] [INFO] debug-file - Finished :entry:default@SignHap... after 12 ms 
[2026-09-10T17:00:00.829] [DEBUG] debug-file - Executing task :entry:default@CollectDebugSymbol
[2026-09-10T17:00:00.830] [DEBUG] debug-file - entry : default@CollectDebugSymbol cost memory 0.0776519775390625
[2026-09-10T17:00:00.831] [DEBUG] debug-file - runTaskFromQueue task cost before running: 9 s 366 ms 
[2026-09-10T17:00:00.832] [INFO] debug-file - Finished :entry:default@CollectDebugSymbol... after 4 ms 
[2026-09-10T17:00:00.832] [DEBUG] debug-file - Executing task :entry:assembleHap
[2026-09-10T17:00:00.833] [DEBUG] debug-file - entry : assembleHap cost memory 0.014068603515625
[2026-09-10T17:00:00.833] [DEBUG] debug-file - runTaskFromQueue task cost before running: 9 s 368 ms 
[2026-09-10T17:00:00.833] [INFO] debug-file - Finished :entry:assembleHap... after 1 ms 
[2026-09-10T17:00:00.836] [INFO] debug-file - BUILD SUCCESSFUL in 9 s 370 ms 
[2026-09-10T17:00:00.837] [DEBUG] debug-file - There is no need to refresh cache, since the incremental task entry:default@PreBuild is up-to-date.
[2026-09-10T17:00:00.837] [DEBUG] debug-file - Update task entry:default@CreateModuleInfo output file:D:\HW\testproject\complete\4\entry\build\default\generated\profile\default\ModuleInfo.ts cache.
[2026-09-10T17:00:00.837] [DEBUG] debug-file - Incremental task entry:default@CreateModuleInfo post-execution cost:1 ms .
[2026-09-10T17:00:00.837] [DEBUG] debug-file - There is no need to refresh cache, since the incremental task entry:default@GenerateMetadata is up-to-date.
[2026-09-10T17:00:00.837] [DEBUG] debug-file - There is no need to refresh cache, since the incremental task entry:default@MergeProfile is up-to-date.
[2026-09-10T17:00:00.838] [DEBUG] debug-file - There is no need to refresh cache, since the incremental task entry:default@CreateBuildProfile is up-to-date.
[2026-09-10T17:00:00.839] [DEBUG] debug-file - There is no need to refresh cache, since the incremental task entry:default@GeneratePkgContextInfo is up-to-date.
[2026-09-10T17:00:00.839] [DEBUG] debug-file - Update task entry:default@GeneratePkgSdkInfo output file:D:\HW\testproject\complete\4\entry\build\default\intermediates\loader\default\pkgSdkInfo.json cache.
[2026-09-10T17:00:00.840] [DEBUG] debug-file - Incremental task entry:default@GeneratePkgSdkInfo post-execution cost:1 ms .
[2026-09-10T17:00:00.840] [DEBUG] debug-file - Update task entry:default@ProcessIntegratedHsp output file:D:\HW\testproject\complete\4\build\cache\default\integrated_hsp\integratedHspCache.json cache.
[2026-09-10T17:00:00.840] [DEBUG] debug-file - Incremental task entry:default@ProcessIntegratedHsp post-execution cost:1 ms .
[2026-09-10T17:00:00.840] [DEBUG] debug-file - There is no need to refresh cache, since the incremental task entry:default@MakePackInfo is up-to-date.
[2026-09-10T17:00:00.842] [DEBUG] debug-file - Update task entry:default@SyscapTransform input file:E:\DevEco Studio\sdk\default\openharmony\toolchains\syscap_tool.exe cache by regenerate.
[2026-09-10T17:00:00.843] [DEBUG] debug-file - Update task entry:default@SyscapTransform input file:E:\DevEco Studio\sdk\default\openharmony\ets\api\device-define cache by regenerate.
[2026-09-10T17:00:00.844] [DEBUG] debug-file - Update task entry:default@SyscapTransform output file:D:\HW\testproject\complete\4\entry\build\default\intermediates\syscap\default\rpcid.sc cache.
[2026-09-10T17:00:00.845] [DEBUG] debug-file - Incremental task entry:default@SyscapTransform post-execution cost:3 ms .
[2026-09-10T17:00:00.845] [DEBUG] debug-file - There is no need to refresh cache, since the incremental task entry:default@ProcessProfile is up-to-date.
[2026-09-10T17:00:00.845] [DEBUG] debug-file - There is no need to refresh cache, since the incremental task entry:default@ProcessRouterMap is up-to-date.
[2026-09-10T17:00:00.845] [DEBUG] debug-file - There is no need to refresh cache, since the incremental task entry:default@ProcessShareConfig is up-to-date.
[2026-09-10T17:00:00.845] [DEBUG] debug-file - Update task entry:default@ProcessStartupConfig input file:D:\HW\testproject\complete\4\entry\build\default\intermediates\loader\default\pkgContextInfo.json cache by regenerate.
[2026-09-10T17:00:00.846] [DEBUG] debug-file - Update task entry:default@ProcessStartupConfig output file:D:\HW\testproject\complete\4\entry\build\default\intermediates\startup\default\startup_config.json cache.
[2026-09-10T17:00:00.846] [DEBUG] debug-file - Incremental task entry:default@ProcessStartupConfig post-execution cost:2 ms .
[2026-09-10T17:00:00.846] [DEBUG] debug-file - There is no need to refresh cache, since the incremental task entry:default@ProcessResource is up-to-date.
[2026-09-10T17:00:00.846] [DEBUG] debug-file - There is no need to refresh cache, since the incremental task entry:default@GenerateLoaderJson is up-to-date.
[2026-09-10T17:00:00.847] [DEBUG] debug-file - There is no need to refresh cache, since the incremental task entry:default@ProcessLibs is up-to-date.
[2026-09-10T17:00:00.847] [DEBUG] debug-file - There is no need to refresh cache, since the incremental task entry:default@CompileResource is up-to-date.
[2026-09-10T17:00:00.847] [DEBUG] debug-file - There is no need to refresh cache, since the incremental task entry:default@DoNativeStrip is up-to-date.
[2026-09-10T17:00:00.849] [DEBUG] debug-file - Update task entry:default@CompileArkTS input file:D:\HW\testproject\complete\4\entry\build\default\intermediates\loader\default cache by regenerate.
[2026-09-10T17:00:00.850] [DEBUG] debug-file - Update task entry:default@CompileArkTS input file:D:\HW\testproject\complete\4\entry\build\default\intermediates\res\default\resources\rawfile cache by regenerate.
[2026-09-10T17:00:00.851] [DEBUG] debug-file - Update task entry:default@CompileArkTS input file:D:\HW\testproject\complete\4\entry\build\default\intermediates\res\default\ResourceTable.txt cache by regenerate.
[2026-09-10T17:00:00.851] [DEBUG] debug-file - Update task entry:default@CompileArkTS input file:D:\HW\testproject\complete\4\entry\build\default\intermediates\res\default\ark_module.json cache by regenerate.
[2026-09-10T17:00:00.851] [DEBUG] debug-file - Update task entry:default@CompileArkTS input file:D:\HW\testproject\complete\4\entry\build\default\intermediates\res\default\resources\base\profile cache by regenerate.
[2026-09-10T17:00:00.852] [DEBUG] debug-file - Update task entry:default@CompileArkTS input file:D:\HW\testproject\complete\4\entry\src\main\ets cache from map.
[2026-09-10T17:00:00.852] [DEBUG] debug-file - Update task entry:default@CompileArkTS input file:D:\HW\testproject\complete\4\entry\build\default\intermediates\loader\default\pkgContextInfo.json cache by regenerate.
[2026-09-10T17:00:00.853] [DEBUG] debug-file - Update task entry:default@CompileArkTS input file:D:\HW\testproject\complete\4\entry\build\default\generated\profile\default\BuildProfile.ets cache by regenerate.
[2026-09-10T17:00:00.853] [DEBUG] debug-file - Update task entry:default@CompileArkTS input file:D:\HW\testproject\complete\4\entry\src\mock\mock-config.json5 cache by regenerate.
[2026-09-10T17:00:00.853] [DEBUG] debug-file - Update task entry:default@CompileArkTS output file:D:\HW\testproject\complete\4\entry\build\default\intermediates\loader_out\default\ets cache.
[2026-09-10T17:00:00.854] [DEBUG] debug-file - Incremental task entry:default@CompileArkTS post-execution cost:8 ms .
[2026-09-10T17:00:00.856] [DEBUG] debug-file - Update task entry:default@BuildJS input file:D:\HW\testproject\complete\4\entry\build\default\intermediates\loader\default cache by regenerate.
[2026-09-10T17:00:00.857] [DEBUG] debug-file - Update task entry:default@BuildJS input file:D:\HW\testproject\complete\4\entry\build\default\intermediates\res\default\resources\rawfile cache by regenerate.
[2026-09-10T17:00:00.857] [DEBUG] debug-file - Update task entry:default@BuildJS input file:D:\HW\testproject\complete\4\entry\build\default\intermediates\res\default\ResourceTable.txt cache by regenerate.
[2026-09-10T17:00:00.858] [DEBUG] debug-file - Update task entry:default@BuildJS input file:D:\HW\testproject\complete\4\entry\build\default\intermediates\res\default\ark_module.json cache by regenerate.
[2026-09-10T17:00:00.858] [DEBUG] debug-file - Update task entry:default@BuildJS input file:D:\HW\testproject\complete\4\entry\build\default\intermediates\res\default\resources\base\profile cache by regenerate.
[2026-09-10T17:00:00.859] [DEBUG] debug-file - Update task entry:default@BuildJS input file:D:\HW\testproject\complete\4\entry\build\default\intermediates\loader\default\pkgContextInfo.json cache by regenerate.
[2026-09-10T17:00:00.859] [DEBUG] debug-file - Update task entry:default@BuildJS output file:D:\HW\testproject\complete\4\entry\build\default\intermediates\loader_out\default\js cache.
[2026-09-10T17:00:00.860] [DEBUG] debug-file - Incremental task entry:default@BuildJS post-execution cost:6 ms .
[2026-09-10T17:00:00.860] [DEBUG] debug-file - There is no need to refresh cache, since the incremental task entry:default@CacheNativeLibs is up-to-date.
[2026-09-10T17:00:00.860] [DEBUG] debug-file - There is no need to refresh cache, since the incremental task entry:default@GeneratePkgModuleJson is up-to-date.
[2026-09-10T17:00:00.860] [DEBUG] debug-file - Incremental task entry:default@ProcessCompiledResources post-execution cost:1 ms .
[2026-09-10T17:00:00.861] [DEBUG] debug-file - Update task entry:default@PackageHap input file:D:\HW\testproject\complete\4\entry\build\default\outputs\default\pack.info cache by regenerate.
[2026-09-10T17:00:00.862] [DEBUG] debug-file - Update task entry:default@PackageHap input file:D:\HW\testproject\complete\4\entry\build\default\intermediates\stripped_native_libs\default cache by regenerate.
[2026-09-10T17:00:00.862] [DEBUG] debug-file - Update task entry:default@PackageHap input file:D:\HW\testproject\complete\4\entry\build\default\intermediates\res\default\module.json cache by regenerate.
[2026-09-10T17:00:00.863] [DEBUG] debug-file - Update task entry:default@PackageHap input file:D:\HW\testproject\complete\4\entry\build\default\intermediates\res\default\resources cache by regenerate.
[2026-09-10T17:00:00.866] [DEBUG] debug-file - Update task entry:default@PackageHap input file:D:\HW\testproject\complete\4\entry\build\default\intermediates\res\default\resources.index cache by regenerate.
[2026-09-10T17:00:00.867] [DEBUG] debug-file - Update task entry:default@PackageHap input file:D:\HW\testproject\complete\4\entry\build\default\intermediates\loader_out\default\ets cache from map.
[2026-09-10T17:00:00.867] [DEBUG] debug-file - Update task entry:default@PackageHap input file:D:\HW\testproject\complete\4\entry\build\default\intermediates\loader\default\pkgContextInfo.json cache by regenerate.
[2026-09-10T17:00:00.867] [DEBUG] debug-file - Update task entry:default@PackageHap input file:D:\HW\testproject\complete\4\entry\build\default\intermediates\package\default\module.json cache by regenerate.
[2026-09-10T17:00:00.867] [DEBUG] debug-file - Update task entry:default@PackageHap input file:D:\HW\testproject\complete\4\entry\build\default\intermediates\loader_out\default\ets\sourceMaps.map cache by regenerate.
[2026-09-10T17:00:00.868] [DEBUG] debug-file - Update task entry:default@PackageHap input file:D:\HW\testproject\complete\4\entry\build\default\generated\profile\default\BuildProfile.ets cache by regenerate.
[2026-09-10T17:00:00.868] [DEBUG] debug-file - Update task entry:default@PackageHap output file:D:\HW\testproject\complete\4\entry\build\default\outputs\default\entry-default-unsigned.hap cache.
[2026-09-10T17:00:00.869] [DEBUG] debug-file - Update task entry:default@PackageHap output file:D:\HW\testproject\complete\4\entry\build\default\intermediates\source_map\default\sourceMaps.map cache.
[2026-09-10T17:00:00.869] [DEBUG] debug-file - Update task entry:default@PackageHap output file:D:\HW\testproject\complete\4\entry\build\default\outputs\default\mapping\sourceMaps.map cache.
[2026-09-10T17:00:00.870] [DEBUG] debug-file - Incremental task entry:default@PackageHap post-execution cost:10 ms .
[2026-09-10T17:00:00.870] [DEBUG] debug-file - Update task entry:default@SignHap input file:D:\HW\testproject\complete\4\entry\build\default\outputs\default\entry-default-unsigned.hap cache from map.
[2026-09-10T17:00:00.870] [DEBUG] debug-file - Update task entry:default@SignHap output file:D:\HW\testproject\complete\4\entry\build\default\outputs\default\entry-default-signed.hap cache.
[2026-09-10T17:00:00.870] [DEBUG] debug-file - Incremental task entry:default@SignHap post-execution cost:1 ms .
[2026-09-10T17:00:00.871] [DEBUG] debug-file - Update task entry:default@CollectDebugSymbol input file:D:\HW\testproject\complete\4\entry\build\default\intermediates\loader_out\default\ets\sourceMaps.map cache by regenerate.
[2026-09-10T17:00:00.872] [DEBUG] debug-file - Update task entry:default@CollectDebugSymbol input file:D:\HW\testproject\complete\4\entry\build\default\intermediates\libs\default cache by regenerate.
[2026-09-10T17:00:00.872] [DEBUG] debug-file - Update task entry:default@CollectDebugSymbol output file:D:\HW\testproject\complete\4\entry\build\default\outputs\default\symbol cache.
[2026-09-10T17:00:00.872] [DEBUG] debug-file - Incremental task entry:default@CollectDebugSymbol post-execution cost:2 ms .
[2026-09-10T17:00:00.888] [DEBUG] debug-file - Cleanup worker 14.
[2026-09-10T17:00:00.889] [DEBUG] debug-file - hvigor build process will be closed.
[2026-09-10T17:00:00.898] [DEBUG] debug-file - worker[14] exits with exit code 1.
[2026-09-10T17:00:00.898] [DEBUG] debug-file - Worker 14 has been cleaned up.
[2026-09-10T17:00:00.898] [DEBUG] debug-file - Current idle worker size: 1.
[2026-09-10T17:00:00.898] [DEBUG] debug-file - Current resident worker size: 1.
[2026-09-10T17:00:00.917] [DEBUG] debug-file - session manager: send message to worker process. WorkerThreadId: 0, data: {"type":"hvigor_failed","reason":"Server has disconnected."}
[2026-09-10T17:00:00.920] [DEBUG] debug-file - session manager: send message to worker process. WorkerThreadId: 0, data: {"type":"CloseWatch","reason":"Server has disconnected."}
[2026-09-10T17:00:00.918] [DEBUG] debug-file - watch worker: worker id should be larger than 0. Nothing will be sent to any worker thread.
[2026-09-10T17:00:00.918] [DEBUG] debug-file - ABORT_WORK sent to workers.
[2026-09-10T17:00:00.921] [DEBUG] debug-file - watch worker: worker id should be larger than 0. Nothing will be sent to any worker thread.
[2026-09-10T17:01:31.048] [DEBUG] debug-file - session manager: set active socket. socketId=IIFGE-ZxYqROCDN9AAAP
[2026-09-10T17:01:31.083] [DEBUG] debug-file - watch worker: worker id should be larger than 0. Nothing will be sent to any worker thread.
[2026-09-10T17:01:31.093] [DEBUG] debug-file - Workers' log level updated to INFO
[2026-09-10T17:01:31.099] [DEBUG] debug-file - Hvigor init with startParameters:{
  hvigorfileTypeCheck: false,
  parallelExecution: true,
  incrementalExecution: true,
  printStackTrace: false,
  daemon: true,
  analyze: 0,
  logLevel: Level { level: 20000, levelStr: 'INFO', colour: 'green' },
  optimizationStrategy: 'memory',
  hotCompile: undefined,
  hotReloadBuild: undefined,
  customizedParam: undefined
}
[2026-09-10T17:01:31.110] [DEBUG] debug-file - Cache service initialization finished in 11 ms 
[2026-09-10T17:01:31.125] [DEBUG] debug-file - hvigorfile, resolving D:\HW\testproject\complete\4\hvigorfile.ts
[2026-09-10T17:01:31.134] [DEBUG] debug-file - hvigorfile, require result:  { default: { plugins: [] } }
[2026-09-10T17:01:31.134] [DEBUG] debug-file - hvigorfile, binding system plugins null
[2026-09-10T17:01:31.134] [DEBUG] debug-file - Starting plugin build process
[2026-09-10T17:01:31.135] [DEBUG] debug-file - App plugin prepare start...
[2026-09-10T17:01:31.135] [DEBUG] debug-file - App plugin prepare end...
[2026-09-10T17:01:31.135] [DEBUG] debug-file - App plugin creating...
[2026-09-10T17:01:31.148] [DEBUG] debug-file - App plugin register hook start...
[2026-09-10T17:01:31.149] [DEBUG] debug-file - App plugin register hook end...
[2026-09-10T17:01:31.149] [DEBUG] debug-file - Plugin build process completed
[2026-09-10T17:01:31.149] [DEBUG] debug-file - Start initialize project's product build option map with build mode debug.
[2026-09-10T17:01:31.149] [DEBUG] debug-file - Picking option from product 'default' with build mode 'debug'.
[2026-09-10T17:01:31.150] [DEBUG] debug-file - Product 'default' build option initialized
[2026-09-10T17:01:31.151] [DEBUG] debug-file - End initialize project's product build option map with build mode 'debug'.
[2026-09-10T17:01:31.151] [DEBUG] debug-file - Obtain build option for product 'default'in this build.
[2026-09-10T17:01:31.160] [DEBUG] debug-file - No signingConfig found, initRemoteHspCache failed.
[2026-09-10T17:01:31.165] [DEBUG] debug-file - Start recording SDK configuration permission data.
[2026-09-10T17:01:31.239] [DEBUG] debug-file - Sdk init in 77 ms 
[2026-09-10T17:01:31.242] [DEBUG] debug-file - Project task initialization takes 3 ms 
[2026-09-10T17:01:31.242] [DEBUG] debug-file - hvigorfile, begin to bind custom plugins...
[2026-09-10T17:01:31.243] [DEBUG] debug-file - hvigorfile, no custom plugins were found in D:\HW\testproject\complete\4\hvigorfile.ts
[2026-09-10T17:01:31.243] [DEBUG] debug-file - hvigorfile, resolve finished D:\HW\testproject\complete\4\hvigorfile.ts
[2026-09-10T17:01:31.244] [DEBUG] debug-file - hvigorfile, resolving D:\HW\testproject\complete\4\entry\hvigorfile.ts
[2026-09-10T17:01:31.258] [DEBUG] debug-file - hvigorfile, require result:  { default: { plugins: [] } }
[2026-09-10T17:01:31.258] [DEBUG] debug-file - hvigorfile, binding system plugins null
[2026-09-10T17:01:31.259] [DEBUG] debug-file - Starting plugin build process
[2026-09-10T17:01:31.259] [DEBUG] debug-file - Hap plugin creating...
[2026-09-10T17:01:31.262] [DEBUG] debug-file - failed to load cangjie to dynamically generate schemas: Error: Cannot find module '@ohos/cangjie-build-support/index'
Require stack:
- E:\DevEco Studio\tools\hvigor\hvigor-ohos-plugin\src\plugin\hooks\cangjie-register.js
- E:\DevEco Studio\tools\hvigor\hvigor-ohos-plugin\src\plugin\strategy\stage-init-strategy.js
- E:\DevEco Studio\tools\hvigor\hvigor-ohos-plugin\src\plugin\builder\abstract-plugin-builder.js
- E:\DevEco Studio\tools\hvigor\hvigor-ohos-plugin\src\plugin\builder\app-plugin-builder.js
- E:\DevEco Studio\tools\hvigor\hvigor-ohos-plugin\src\plugin\factory\plugin-factory.js
- E:\DevEco Studio\tools\hvigor\hvigor-ohos-plugin\index.js
- D:\HW\testproject\complete\4\hvigorfile.ts
- E:\DevEco Studio\tools\hvigor\hvigor\src\base\internal\lifecycle\configuration.js
- E:\DevEco Studio\tools\hvigor\hvigor\src\base\boot\index.js
- E:\DevEco Studio\tools\hvigor\hvigor\src\base\daemon\cluster\worker-process-lifecycle.js
- E:\DevEco Studio\tools\hvigor\hvigor\src\base\daemon\process\daemon-process-boot-script.js
[2026-09-10T17:01:31.269] [DEBUG] debug-file - Start initialize module-target build option map, moduleName=entry, buildMode=debug
[2026-09-10T17:01:31.270] [DEBUG] debug-file - Target 'default' config initialized
[2026-09-10T17:01:31.271] [DEBUG] debug-file - Target 'ohosTest' config initialized
[2026-09-10T17:01:31.271] [DEBUG] debug-file - Module 'entry' target 'default' build option initialized
[2026-09-10T17:01:31.271] [DEBUG] debug-file - Module 'entry' target 'ohosTest' build option initialized
[2026-09-10T17:01:31.271] [DEBUG] debug-file - End initialize module-target build option map, moduleName=entry
[2026-09-10T17:01:31.272] [DEBUG] debug-file - Start initialize module-target build option map, moduleName=entry, buildMode=release
[2026-09-10T17:01:31.272] [DEBUG] debug-file - Target 'default' config initialized
[2026-09-10T17:01:31.273] [DEBUG] debug-file - Target 'ohosTest' config initialized
[2026-09-10T17:01:31.273] [DEBUG] debug-file - Module 'entry' target 'default' build option initialized
[2026-09-10T17:01:31.274] [DEBUG] debug-file - Module 'entry' target 'ohosTest' build option initialized
[2026-09-10T17:01:31.274] [DEBUG] debug-file - End initialize module-target build option map, moduleName=entry
[2026-09-10T17:01:31.274] [DEBUG] debug-file - Start initialize module-target build option map, moduleName=entry, buildMode=debug
[2026-09-10T17:01:31.274] [DEBUG] debug-file - Target 'default' config initialized
[2026-09-10T17:01:31.277] [DEBUG] debug-file - Target 'ohosTest' config initialized
[2026-09-10T17:01:31.277] [DEBUG] debug-file - Module 'entry' target 'default' build option initialized
[2026-09-10T17:01:31.278] [DEBUG] debug-file - Module 'entry' target 'ohosTest' build option initialized
[2026-09-10T17:01:31.278] [DEBUG] debug-file - End initialize module-target build option map, moduleName=entry
[2026-09-10T17:01:31.278] [DEBUG] debug-file - Obtain build option for module 'entry' target 'default'in this build.
[2026-09-10T17:01:31.284] [DEBUG] debug-file - Module entry task initialization takes 4 ms 
[2026-09-10T17:01:31.284] [DEBUG] debug-file - Hap plugin register hook start...
[2026-09-10T17:01:31.285] [DEBUG] debug-file - Hap plugin register hook end...
[2026-09-10T17:01:31.285] [DEBUG] debug-file - Plugin build process completed
[2026-09-10T17:01:31.285] [DEBUG] debug-file - hvigorfile, begin to bind custom plugins...
[2026-09-10T17:01:31.285] [DEBUG] debug-file - hvigorfile, no custom plugins were found in D:\HW\testproject\complete\4\entry\hvigorfile.ts
[2026-09-10T17:01:31.285] [DEBUG] debug-file - hvigorfile, resolve finished D:\HW\testproject\complete\4\entry\hvigorfile.ts
[2026-09-10T17:01:31.448] [DEBUG] debug-file - hvigorfile, resolve hvigorfile dependencies in 162 ms 
[2026-09-10T17:01:31.448] [DEBUG] debug-file - project has submodules:entry
[2026-09-10T17:01:31.454] [DEBUG] debug-file - start to load updatedOhPackageInfo to the disk
[2026-09-10T17:01:31.459] [DEBUG] debug-file - load to the disk finished
[2026-09-10T17:01:31.461] [DEBUG] debug-file - Start to initialize dependency information.
[2026-09-10T17:01:31.477] [DEBUG] debug-file - Module 4 Collected Dependency: 
[2026-09-10T17:01:31.477] [DEBUG] debug-file - Module 4's total dependency: 0
[2026-09-10T17:01:31.478] [DEBUG] debug-file - Start to initialize dependency information.
[2026-09-10T17:01:31.483] [DEBUG] debug-file - Module entry Collected Dependency: 
[2026-09-10T17:01:31.483] [DEBUG] debug-file - Module entry's total dependency: 0
[2026-09-10T17:01:31.491] [DEBUG] debug-file - Configuration phase cost:381 ms 
[2026-09-10T17:01:31.498] [DEBUG] debug-file - Configuration task cost before running: 404 ms 
[2026-09-10T17:01:31.514] [DEBUG] debug-file - Executing task :entry:default@PreBuild
[2026-09-10T17:01:31.527] [DEBUG] debug-file - Task 'entry:default@PreBuild' cost while wrapping incremental declarations: 1 ms 
[2026-09-10T17:01:31.560] [DEBUG] debug-file - Incremental task entry:default@PreBuild pre-execution cost: 18 ms .
[2026-09-10T17:01:31.561] [DEBUG] debug-file - entry : default@PreBuild cost memory 0.5288619995117188
[2026-09-10T17:01:31.568] [INFO] debug-file - UP-TO-DATE :entry:default@PreBuild...  
[2026-09-10T17:01:31.571] [DEBUG] debug-file - Executing task :entry:default@CreateModuleInfo
[2026-09-10T17:01:31.572] [DEBUG] debug-file - Task 'entry:default@CreateModuleInfo' cost while wrapping incremental declarations: 1 ms 
[2026-09-10T17:01:31.573] [DEBUG] debug-file - entry : default@CreateModuleInfo cost memory 0.03924560546875
[2026-09-10T17:01:31.573] [DEBUG] debug-file - runTaskFromQueue task cost before running: 480 ms 
[2026-09-10T17:01:31.574] [INFO] debug-file - Finished :entry:default@CreateModuleInfo... after 3 ms 
[2026-09-10T17:01:31.577] [DEBUG] debug-file - Executing task :entry:default@GenerateMetadata
[2026-09-10T17:01:31.578] [DEBUG] debug-file - Task 'entry:default@GenerateMetadata' cost while wrapping incremental declarations: 1 ms 
[2026-09-10T17:01:31.582] [DEBUG] debug-file - Incremental task entry:default@GenerateMetadata pre-execution cost: 4 ms .
[2026-09-10T17:01:31.583] [DEBUG] debug-file - entry : default@GenerateMetadata cost memory 0.07022857666015625
[2026-09-10T17:01:31.583] [INFO] debug-file - UP-TO-DATE :entry:default@GenerateMetadata...  
[2026-09-10T17:01:31.586] [DEBUG] debug-file - Executing task :entry:default@ConfigureCmake
[2026-09-10T17:01:31.586] [DEBUG] debug-file - entry : default@ConfigureCmake cost memory 0.01438140869140625
[2026-09-10T17:01:31.587] [DEBUG] debug-file - runTaskFromQueue task cost before running: 493 ms 
[2026-09-10T17:01:31.587] [INFO] debug-file - Finished :entry:default@ConfigureCmake... after 2 ms 
[2026-09-10T17:01:31.591] [DEBUG] debug-file - Executing task :entry:default@MergeProfile
[2026-09-10T17:01:31.591] [DEBUG] debug-file - Task 'entry:default@MergeProfile' cost while wrapping incremental declarations: 1 ms 
[2026-09-10T17:01:31.596] [DEBUG] debug-file - Incremental task entry:default@MergeProfile pre-execution cost: 4 ms .
[2026-09-10T17:01:31.596] [DEBUG] debug-file - entry : default@MergeProfile cost memory 0.10553741455078125
[2026-09-10T17:01:31.597] [INFO] debug-file - UP-TO-DATE :entry:default@MergeProfile...  
[2026-09-10T17:01:31.599] [DEBUG] debug-file - Executing task :entry:default@CreateBuildProfile
[2026-09-10T17:01:31.601] [DEBUG] debug-file - Task 'entry:default@CreateBuildProfile' cost while wrapping incremental declarations: 2 ms 
[2026-09-10T17:01:31.605] [DEBUG] debug-file - Incremental task entry:default@CreateBuildProfile pre-execution cost: 3 ms .
[2026-09-10T17:01:31.605] [DEBUG] debug-file - entry : default@CreateBuildProfile cost memory 0.0933837890625
[2026-09-10T17:01:31.606] [INFO] debug-file - UP-TO-DATE :entry:default@CreateBuildProfile...  
[2026-09-10T17:01:31.612] [DEBUG] debug-file - Executing task :entry:default@PreCheckSyscap
[2026-09-10T17:01:31.614] [DEBUG] debug-file - entry : default@PreCheckSyscap cost memory 0.014617919921875
[2026-09-10T17:01:31.617] [DEBUG] debug-file - runTaskFromQueue task cost before running: 523 ms 
[2026-09-10T17:01:31.618] [INFO] debug-file - Finished :entry:default@PreCheckSyscap... after 3 ms 
[2026-09-10T17:01:31.623] [DEBUG] debug-file - Executing task :entry:default@GeneratePkgContextInfo
[2026-09-10T17:01:31.639] [DEBUG] debug-file - Task 'entry:default@GeneratePkgContextInfo' cost while wrapping incremental declarations: 1 ms 
[2026-09-10T17:01:31.641] [DEBUG] debug-file - Incremental task entry:default@GeneratePkgContextInfo pre-execution cost: 2 ms .
[2026-09-10T17:01:31.641] [DEBUG] debug-file - entry : default@GeneratePkgContextInfo cost memory 0.19045257568359375
[2026-09-10T17:01:31.642] [INFO] debug-file - UP-TO-DATE :entry:default@GeneratePkgContextInfo...  
[2026-09-10T17:01:31.653] [DEBUG] debug-file - Executing task :entry:default@GeneratePkgSdkInfo
[2026-09-10T17:01:31.666] [DEBUG] debug-file - Task 'entry:default@GeneratePkgSdkInfo' cost while wrapping incremental declarations: 1 ms 
[2026-09-10T17:01:31.667] [DEBUG] debug-file - entry : default@GeneratePkgSdkInfo cost memory 0.10546875
[2026-09-10T17:01:31.668] [DEBUG] debug-file - runTaskFromQueue task cost before running: 574 ms 
[2026-09-10T17:01:31.670] [INFO] debug-file - Finished :entry:default@GeneratePkgSdkInfo... after 15 ms 
[2026-09-10T17:01:31.686] [DEBUG] debug-file - Executing task :entry:default@ProcessIntegratedHsp
[2026-09-10T17:01:31.687] [DEBUG] debug-file - entry:default@ProcessIntegratedHsp is not up-to-date, since the output file 'D:\HW\testproject\complete\4\build\cache\default\integrated_hsp\integratedHspCache.json' does not exist.
[2026-09-10T17:01:31.687] [DEBUG] debug-file - Incremental task entry:default@ProcessIntegratedHsp pre-execution cost: 1 ms .
[2026-09-10T17:01:31.688] [DEBUG] debug-file - entry : default@ProcessIntegratedHsp cost memory 0.04909515380859375
[2026-09-10T17:01:31.688] [DEBUG] debug-file - runTaskFromQueue task cost before running: 595 ms 
[2026-09-10T17:01:31.689] [INFO] debug-file - Finished :entry:default@ProcessIntegratedHsp... after 3 ms 
[2026-09-10T17:01:31.692] [DEBUG] debug-file - Executing task :entry:default@BuildNativeWithCmake
[2026-09-10T17:01:31.693] [DEBUG] debug-file - entry : default@BuildNativeWithCmake cost memory 0.0281219482421875
[2026-09-10T17:01:31.693] [DEBUG] debug-file - runTaskFromQueue task cost before running: 599 ms 
[2026-09-10T17:01:31.694] [INFO] debug-file - Finished :entry:default@BuildNativeWithCmake... after 2 ms 
[2026-09-10T17:01:31.699] [DEBUG] debug-file - Executing task :entry:default@MakePackInfo
[2026-09-10T17:01:31.710] [DEBUG] debug-file - Incremental task entry:default@MakePackInfo pre-execution cost: 8 ms .
[2026-09-10T17:01:31.711] [DEBUG] debug-file - entry : default@MakePackInfo cost memory 0.10449981689453125
[2026-09-10T17:01:31.714] [INFO] debug-file - UP-TO-DATE :entry:default@MakePackInfo...  
[2026-09-10T17:01:31.717] [DEBUG] debug-file - Executing task :entry:default@SyscapTransform
[2026-09-10T17:01:31.717] [DEBUG] debug-file - File: 'D:\HW\testproject\complete\4\entry\src\main\syscap.json' from 'sysCapJsonPath' is not exists, just ignore.
[2026-09-10T17:01:31.718] [DEBUG] debug-file - Task 'entry:default@SyscapTransform' cost while wrapping incremental declarations: 2 ms 
[2026-09-10T17:01:31.723] [DEBUG] debug-file - entry:default@SyscapTransform is not up-to-date, since the output file 'D:\HW\testproject\complete\4\entry\build\default\intermediates\syscap\default\rpcid.sc' does not exist.
[2026-09-10T17:01:31.723] [DEBUG] debug-file - Incremental task entry:default@SyscapTransform pre-execution cost: 5 ms .
[2026-09-10T17:01:31.724] [DEBUG] debug-file - entry : default@SyscapTransform cost memory 0.11090087890625
[2026-09-10T17:01:31.724] [DEBUG] debug-file - runTaskFromQueue task cost before running: 630 ms 
[2026-09-10T17:01:31.724] [INFO] debug-file - Finished :entry:default@SyscapTransform... after 8 ms 
[2026-09-10T17:01:31.726] [DEBUG] debug-file - Executing task :entry:default@ProcessProfile
[2026-09-10T17:01:31.729] [DEBUG] debug-file - Task 'entry:default@ProcessProfile' cost while wrapping incremental declarations: 1 ms 
[2026-09-10T17:01:31.730] [DEBUG] debug-file - Incremental task entry:default@ProcessProfile pre-execution cost: 2 ms .
[2026-09-10T17:01:31.730] [DEBUG] debug-file - entry : default@ProcessProfile cost memory 0.12854766845703125
[2026-09-10T17:01:31.731] [INFO] debug-file - UP-TO-DATE :entry:default@ProcessProfile...  
[2026-09-10T17:01:31.732] [DEBUG] debug-file - Executing task :entry:default@ProcessRouterMap
[2026-09-10T17:01:31.738] [DEBUG] debug-file - Incremental task entry:default@ProcessRouterMap pre-execution cost: 6 ms .
[2026-09-10T17:01:31.739] [DEBUG] debug-file - entry : default@ProcessRouterMap cost memory 0.12938690185546875
[2026-09-10T17:01:31.740] [INFO] debug-file - UP-TO-DATE :entry:default@ProcessRouterMap...  
[2026-09-10T17:01:31.741] [DEBUG] debug-file - Executing task :entry:default@ProcessShareConfig
[2026-09-10T17:01:31.745] [DEBUG] debug-file - Incremental task entry:default@ProcessShareConfig pre-execution cost: 4 ms .
[2026-09-10T17:01:31.746] [DEBUG] debug-file - entry : default@ProcessShareConfig cost memory 0.10584259033203125
[2026-09-10T17:01:31.747] [INFO] debug-file - UP-TO-DATE :entry:default@ProcessShareConfig...  
[2026-09-10T17:01:31.749] [DEBUG] debug-file - Executing task :entry:default@ProcessStartupConfig
[2026-09-10T17:01:31.749] [DEBUG] debug-file - Task 'entry:default@ProcessStartupConfig' cost while wrapping incremental declarations: 1 ms 
[2026-09-10T17:01:31.750] [DEBUG] debug-file - entry:default@ProcessStartupConfig is not up-to-date, since the output file 'D:\HW\testproject\complete\4\entry\build\default\intermediates\startup\default\startup_config.json' does not exist.
[2026-09-10T17:01:31.751] [DEBUG] debug-file - Incremental task entry:default@ProcessStartupConfig pre-execution cost: 1 ms .
[2026-09-10T17:01:31.752] [DEBUG] debug-file - entry : default@ProcessStartupConfig cost memory 0.11103057861328125
[2026-09-10T17:01:31.752] [DEBUG] debug-file - runTaskFromQueue task cost before running: 658 ms 
[2026-09-10T17:01:31.753] [INFO] debug-file - Finished :entry:default@ProcessStartupConfig... after 4 ms 
[2026-09-10T17:01:31.755] [DEBUG] debug-file - Executing task :entry:default@BuildNativeWithNinja
[2026-09-10T17:01:31.755] [DEBUG] debug-file - entry : default@BuildNativeWithNinja cost memory 0.01908111572265625
[2026-09-10T17:01:31.756] [DEBUG] debug-file - runTaskFromQueue task cost before running: 662 ms 
[2026-09-10T17:01:31.756] [INFO] debug-file - Finished :entry:default@BuildNativeWithNinja... after 1 ms 
[2026-09-10T17:01:31.758] [DEBUG] debug-file - restool module names: entry; moduleName=entry, taskName=default@ProcessResource
[2026-09-10T17:01:31.760] [DEBUG] debug-file - Executing task :entry:default@ProcessResource
[2026-09-10T17:01:31.760] [DEBUG] debug-file - Task 'entry:default@ProcessResource' cost while wrapping incremental declarations: 1 ms 
[2026-09-10T17:01:31.763] [DEBUG] debug-file - Incremental task entry:default@ProcessResource pre-execution cost: 2 ms .
[2026-09-10T17:01:31.763] [DEBUG] debug-file - entry : default@ProcessResource cost memory 0.111114501953125
[2026-09-10T17:01:31.767] [INFO] debug-file - UP-TO-DATE :entry:default@ProcessResource...  
[2026-09-10T17:01:31.769] [DEBUG] debug-file - Executing task :entry:default@GenerateLoaderJson
[2026-09-10T17:01:31.772] [DEBUG] debug-file - Task 'entry:default@GenerateLoaderJson' cost while wrapping incremental declarations: 1 ms 
[2026-09-10T17:01:31.795] [DEBUG] debug-file - Incremental task entry:default@GenerateLoaderJson pre-execution cost: 8 ms .
[2026-09-10T17:01:31.795] [DEBUG] debug-file - entry : default@GenerateLoaderJson cost memory 0.426727294921875
[2026-09-10T17:01:31.800] [INFO] debug-file - UP-TO-DATE :entry:default@GenerateLoaderJson...  
[2026-09-10T17:01:31.801] [DEBUG] debug-file - Executing task :entry:default@ProcessLibs
[2026-09-10T17:01:31.802] [DEBUG] debug-file - Task 'entry:default@ProcessLibs' cost while wrapping incremental declarations: 1 ms 
[2026-09-10T17:01:31.806] [DEBUG] debug-file - Incremental task entry:default@ProcessLibs pre-execution cost: 3 ms .
[2026-09-10T17:01:31.806] [DEBUG] debug-file - entry : default@ProcessLibs cost memory 0.09180450439453125
[2026-09-10T17:01:31.807] [INFO] debug-file - UP-TO-DATE :entry:default@ProcessLibs...  
[2026-09-10T17:01:31.809] [DEBUG] debug-file - restool module names: entry; moduleName=entry, taskName=default@CompileResource
[2026-09-10T17:01:31.809] [DEBUG] debug-file - Executing task :entry:default@CompileResource
[2026-09-10T17:01:31.838] [DEBUG] debug-file - Incremental task entry:default@CompileResource pre-execution cost: 28 ms .
[2026-09-10T17:01:31.838] [DEBUG] debug-file - entry : default@CompileResource cost memory -3.9417724609375
[2026-09-10T17:01:31.841] [INFO] debug-file - UP-TO-DATE :entry:default@CompileResource...  
[2026-09-10T17:01:31.842] [DEBUG] debug-file - Executing task :entry:default@DoNativeStrip
[2026-09-10T17:01:31.842] [DEBUG] debug-file - File: 'D:\HW\testproject\complete\4\entry\build\default\intermediates\binxo\default' from 'doBinxoNativeLibs' is not exists, just ignore.
[2026-09-10T17:01:31.843] [DEBUG] debug-file - Task 'entry:default@DoNativeStrip' cost while wrapping incremental declarations: 1 ms 
[2026-09-10T17:01:31.847] [DEBUG] debug-file - Incremental task entry:default@DoNativeStrip pre-execution cost: 4 ms .
[2026-09-10T17:01:31.847] [DEBUG] debug-file - entry : default@DoNativeStrip cost memory 0.07279205322265625
[2026-09-10T17:01:31.848] [INFO] debug-file - UP-TO-DATE :entry:default@DoNativeStrip...  
[2026-09-10T17:01:31.857] [DEBUG] debug-file - Executing task :entry:default@CompileArkTS
[2026-09-10T17:01:31.857] [DEBUG] debug-file - obfuscationOptions: undefined
[2026-09-10T17:01:31.862] [DEBUG] debug-file - Task 'entry:default@CompileArkTS' cost while wrapping incremental declarations: 1 ms 
[2026-09-10T17:01:31.891] [DEBUG] debug-file - entry:default@CompileArkTS is not up-to-date, since the input file 'D:\HW\testproject\complete\4\entry\src\main\ets' has been changed.
[2026-09-10T17:01:31.892] [DEBUG] debug-file - Incremental task entry:default@CompileArkTS pre-execution cost: 24 ms .
[2026-09-10T17:01:31.926] [DEBUG] debug-file - build config:
[2026-09-10T17:01:31.927] [DEBUG] debug-file - {
  moduleType: 'entry',
  perf: 0,
  targetName: '.default',
  packageManagerType: 'ohpm',
  localPropertiesPath: 'D:\\HW\\testproject\\complete\\4\\local.properties',
  isPreview: false,
  isOhosTest: false,
  isLocalTest: false,
  buildMode: 'Debug',
  hotReloadBuild: undefined,
  watchMode: 'false',
  aceProfilePath: 'D:\\HW\\testproject\\complete\\4\\entry\\build\\default\\intermediates\\res\\default\\resources\\base\\profile',
  etsLoaderPath: 'E:\\DevEco Studio\\sdk\\default\\openharmony\\ets\\build-tools\\ets-loader',
  modulePath: 'D:\\HW\\testproject\\complete\\4\\entry',
  testFrameworkPar: {
    testMode: undefined,
    coveragePathFilter: undefined,
    coverageMode: undefined
  },
  needCoverageInsert: false,
  debugLine: false,
  projectTopDir: 'D:\\HW\\testproject\\complete\\4',
  compileSdkVersion: 26,
  compatibleSdkVersion: 26,
  originCompatibleSdkVersion: '26.0.0',
  compatibleSdkVersionStage: undefined,
  bundleName: 'c***p',
  etsLoaderVersion: '26.0.0.105',
  etsLoaderReleaseType: 'Release',
  aotCompileMode: 'type',
  apPath: 'D:\\HW\\testproject\\complete\\4\\entry\\modules.ap',
  entryModuleName: 'entry',
  entryModuleVersion: '1.0.0',
  entryPackageName: 'entry',
  allModuleNameHash: '30e07d57c30f75288c09608296ed8ed07fc604f1881982510ff25b77cb397b11',
  externalApiPaths: [ 'E:\\DevEco Studio\\sdk\\default\\hms\\ets' ],
  compilerTypes: [],
  isCrossplatform: false,
  hvigorPluginFile: undefined,
  compilePluginPath: undefined,
  buildGeneratedProfilePath: 'D:\\HW\\testproject\\complete\\4\\entry\\build\\default\\generated\\profile\\default',
  bundleType: 'app',
  arkTSVersion: undefined,
  apiVersion: 26,
  needCompleteSourcesMap: false,
  isFaMode: false,
  buildDir: 'D:\\HW\\testproject\\complete\\4\\entry\\build',
  buildCacheProjectDir: 'D:\\HW\\testproject\\complete\\4',
  deviceTypes: [ 'phone' ],
  pkgContextInfo: {
    '@ohos/hypium': {
      packageName: '@ohos/hypium',
      bundleName: '*****',
      moduleName: '',
      version: '1.0.24',
      entryPath: 'index.js',
      isSO: false,
      dependencyAlias: ''
    },
    '@ohos/hamock': {
      packageName: '@ohos/hamock',
      bundleName: '*****',
      moduleName: '',
      version: '1.0.0',
      entryPath: 'index.ets',
      isSO: false,
      dependencyAlias: ''
    },
    entry: {
      packageName: 'entry',
      bundleName: '*****',
      moduleName: '',
      version: '',
      entryPath: 'src/main/',
      isSO: false,
      dependencyAlias: ''
    }
  },
  ohPackagePathMap: {},
  dependencyAliasMap: {},
  permission: { requestPermissions: undefined, definePermissions: undefined },
  useGetCurrentBundleName: false,
  projectArkOption: undefined,
  sourceMapDir: undefined,
  branchElimination: false,
  transformLib: undefined,
  tsImportSendable: false,
  resolveConflictMode: true,
  depName2RootPath: {},
  depName2DepInfo: {},
  depName2OhExports: {},
  rootPathSet: [ 'D:\\HW\\testproject\\complete\\4' ],
  useNativeResolver: true,
  shouldEmitJs: true,
  useUnifiedAst: false,
  useTscResolve: false,
  singleFileEmit: false,
  userProjectConfig: {
    autoLazyImport: false,
    allowEmptyBundleName: false,
    reExportCheckMode: 'noCheck',
    executionMode: 'memory',
    usePathPlaceholder: false,
    writeRollupCache: true,
    isExpandImportEnabled: false,
    expandImportExclude: '',
    lazyImportExclude: '',
    lazyImportInclude: '',
    ignoreCrossplatformCheck: false,
    isHarDeduplicateEnabled: false,
    skipOhModulesLint: false,
    enableStrictCheckOHModule: false,
    disableSendableCheckRules: [],
    useDeclarationFileSignature: false,
    customizedOptions: undefined,
    integratedHsp: false,
    tsImportSoCheck: false,
    isPreloadSoEnabled: false
  },
  executionMode: 'memory',
  arkCompileCachePath: 'D:\\HW\\testproject\\complete\\4\\entry\\build\\default\\cache\\default\\default@CompileArkTS\\esmodule',
  autoLazyFilter: undefined,
  isHarDeduplicateEnabled: false,
  intermediateHarDuplicateDirPath: 'D:\\HW\\testproject\\complete\\4\\entry\\build\\default\\intermediates\\har_duplicate\\default',
  autoLazyImport: false,
  allowEmptyBundleName: false,
  reExportCheckMode: 'noCheck',
  usePathPlaceholder: false,
  writeRollupCache: true,
  isExpandImportEnabled: false,
  expandImportExclude: '',
  lazyImportExclude: '',
  lazyImportInclude: '',
  ignoreCrossplatformCheck: false,
  skipOhModulesLint: false,
  enableStrictCheckOHModule: false,
  disableSendableCheckRules: [],
  useDeclarationFileSignature: false,
  customizedOptions: undefined,
  integratedHsp: false,
  tsImportSoCheck: false,
  isPreloadSoEnabled: false,
  strictMode: {
    caseSensitiveCheck: true,
    useNormalizedOHMUrl: true,
    noExternalImportByPath: true
  },
  useNormalizedOHMUrl: true,
  caseSensitiveCheck: true,
  strictCheckerOnly: false,
  aceModuleJsonPath: 'D:\\HW\\testproject\\complete\\4\\entry\\build\\default\\intermediates\\res\\default\\ark_module.json',
  appResource: 'D:\\HW\\testproject\\complete\\4\\entry\\build\\default\\intermediates\\res\\default\\ResourceTable.txt',
  rawFileResource: 'D:\\HW\\testproject\\complete\\4\\entry\\build\\default\\intermediates\\res\\default\\resources\\rawfile',
  resourceTableHash: 'd81a83941c07883d4327563ba2cfe0ac7f68042912820a1577b99d29cbd144cc',
  runtimeOS: 'HarmonyOS',
  sdkInfo: 'false:26:26.0.0.105:Release',
  aceModuleRoot: 'D:\\HW\\testproject\\complete\\4\\entry\\src\\main\\ets',
  compileMode: 'esmodule',
  aceSuperVisualPath: 'D:\\HW\\testproject\\complete\\4\\entry\\src\\main\\supervisual',
  aceBuildJson: 'D:\\HW\\testproject\\complete\\4\\entry\\build\\default\\intermediates\\loader\\default\\loader.json',
  cachePath: 'D:\\HW\\testproject\\complete\\4\\entry\\build\\default\\cache\\default\\default@CompileArkTS\\esmodule\\debug',
  aceModuleBuild: 'D:\\HW\\testproject\\complete\\4\\entry\\build\\default\\intermediates\\loader_out\\default\\ets',
  supportChunks: true,
  declaredFilesPath: undefined,
  shouldCollectDirectImportees: false,
  isByteCodeHarOptimize: false,
  expandImportPath: undefined,
  resourceTableTs: 'D:\\HW\\testproject\\complete\\4\\entry\\build\\default\\generated\\r\\default\\ResourceTable.ts',
  moduleMetaInfoFiles: [
    {
      filePath: 'D:\\HW\\testproject\\complete\\4\\entry\\build\\default\\generated\\r\\default\\ResourceTable.ts',
      ohmurl: '&entry/build/generated/r/ResourceTable&'
    }
  ],
  pkgNameToPkgBriefInfo: {
    entry: {
      pkgRoot: 'D:\\HW\\testproject\\complete\\4\\entry',
      originalSourceRoots: undefined,
      sourceRoots: [Array],
      pkgName: 'entry'
    }
  },
  projectModel: {
    'D:\\HW\\testproject\\complete\\4\\entry\\src\\main': {
      moduleName: 'entry',
      modulePkgPath: 'D:\\HW\\testproject\\complete\\4\\entry',
      belongProjectPath: 'D:\\HW\\testproject\\complete\\4'
    },
    'D:\\HW\\testproject\\complete\\4\\entry\\.test\\default\\intermediates\\src\\ohosTest\\ets': {
      moduleName: 'entry_test',
      modulePkgPath: 'D:\\HW\\testproject\\complete\\4\\entry',
      belongProjectPath: 'D:\\HW\\testproject\\complete\\4'
    },
    'D:\\HW\\testproject\\complete\\4\\entry\\src\\ohosTest': {
      moduleName: 'entry_test',
      modulePkgPath: 'D:\\HW\\testproject\\complete\\4\\entry',
      belongProjectPath: 'D:\\HW\\testproject\\complete\\4'
    },
    'D:\\HW\\testproject\\complete\\4\\entry': {
      moduleName: 'entry',
      modulePkgPath: 'D:\\HW\\testproject\\complete\\4\\entry',
      belongProjectPath: 'D:\\HW\\testproject\\complete\\4'
    },
    'D:\\HW\\testproject\\complete\\4': {
      moduleName: '4',
      modulePkgPath: 'D:\\HW\\testproject\\complete\\4',
      belongProjectPath: 'D:\\HW\\testproject\\complete\\4'
    }
  },
  pkgJsonFileHash: '7ab10e622b876a852aaa87f883a5ca46773dc428b9273d7582651c0540669143',
  allModulePaths: [ 'D:\\HW\\testproject\\complete\\4\\entry' ],
  routerMap: {},
  obfuscationOptions: undefined,
  byteCodeHarToDependencyKeys: undefined,
  compileBlockPkg: [],
  mockParams: {
    decorator: '@MockSetup',
    packageName: '@ohos/hamock',
    etsSourceRootPath: 'src/main/ets',
    mockConfigPath: 'D:\\HW\\testproject\\complete\\4\\entry\\src\\mock\\mock-config.json5',
    mockConfigKey2ModuleInfo: {},
    source2ModuleIdMap: {}
  },
  copyCodeResourceEnable: false,
  copyCodeResourceExcludes: [],
  copyCodeResourceIncludes: undefined,
  uiTransformOptimization: false,
  sdkPath: 'E:/DevEco Studio/sdk',
  needPreloadSoFileSet: {},
  preloadSoFilePath: 'D:\\HW\\testproject\\complete\\4\\entry\\build\\default\\intermediates\\preload\\default\\preload.json',
  useSourceHash: false,
  localModuleParamMap: {},
  otherPaths: {
    'entry/*': [
      '..\\*',
      '..\\..\\..\\build\\default\\generated\\profile\\default\\*'
    ]
  },
  collectImportersConfig: undefined
}
[2026-09-10T17:01:31.929] [DEBUG] debug-file - Compile arkts with external api path: E:\DevEco Studio\sdk\default\hms\ets
[2026-09-10T17:01:31.932] [DEBUG] debug-file - before submitting ArkTS compile task to worker pool, config.buildDir: D:\HW\testproject\complete\4\entry\build
[2026-09-10T17:01:31.933] [DEBUG] debug-file - default@CompileArkTS work[11] is submitted.
[2026-09-10T17:01:31.933] [DEBUG] debug-file - default@CompileArkTS work[11] is pushed to ready queue.
[2026-09-10T17:01:31.933] [DEBUG] debug-file - A work dispatched to worker[15] failed because unable to get work from ready queue.
[2026-09-10T17:01:31.933] [DEBUG] debug-file - A work dispatched to worker[14] failed because unable to get work from ready queue.
[2026-09-10T17:01:31.933] [DEBUG] debug-file - A work dispatched to worker[13] failed because unable to get work from ready queue.
[2026-09-10T17:01:31.933] [DEBUG] debug-file - A work dispatched to worker[12] failed because unable to get work from ready queue.
[2026-09-10T17:01:31.934] [DEBUG] debug-file - A work dispatched to worker[11] failed because unable to get work from ready queue.
[2026-09-10T17:01:31.934] [DEBUG] debug-file - A work dispatched to worker[10] failed because unable to get work from ready queue.
[2026-09-10T17:01:31.934] [DEBUG] debug-file - A work dispatched to worker[9] failed because unable to get work from ready queue.
[2026-09-10T17:01:31.934] [DEBUG] debug-file - A work dispatched to worker[8] failed because unable to get work from ready queue.
[2026-09-10T17:01:31.934] [DEBUG] debug-file - A work dispatched to worker[7] failed because unable to get work from ready queue.
[2026-09-10T17:01:31.934] [DEBUG] debug-file - A work dispatched to worker[6] failed because unable to get work from ready queue.
[2026-09-10T17:01:31.934] [DEBUG] debug-file - A work dispatched to worker[5] failed because unable to get work from ready queue.
[2026-09-10T17:01:31.934] [DEBUG] debug-file - default@CompileArkTS work[11] has been dispatched to worker[4].
[2026-09-10T17:01:31.934] [DEBUG] debug-file - default@CompileArkTS work[11] is dispatched.
[2026-09-10T17:01:31.934] [DEBUG] debug-file - entry : default@CompileArkTS cost memory 1.0523223876953125
[2026-09-10T17:01:31.940] [DEBUG] debug-file - Executing task :entry:default@BuildJS
[2026-09-10T17:01:31.942] [DEBUG] debug-file - Task 'entry:default@BuildJS' cost while wrapping incremental declarations: 1 ms 
[2026-09-10T17:01:31.954] [DEBUG] debug-file - entry : default@BuildJS cost memory 0.11773681640625
[2026-09-10T17:01:31.955] [DEBUG] debug-file - runTaskFromQueue task cost before running: 861 ms 
[2026-09-10T17:01:31.956] [INFO] debug-file - Finished :entry:default@BuildJS... after 15 ms 
[2026-09-10T17:01:31.962] [DEBUG] debug-file - Executing task :entry:default@CacheNativeLibs
[2026-09-10T17:01:31.963] [DEBUG] debug-file - File: 'D:\HW\testproject\complete\4\entry\build\default\intermediates\binxo\default' from 'cacheBinxoNativeLibs' is not exists, just ignore.
[2026-09-10T17:01:31.964] [DEBUG] debug-file - Task 'entry:default@CacheNativeLibs' cost while wrapping incremental declarations: 2 ms 
[2026-09-10T17:01:31.970] [DEBUG] debug-file - Incremental task entry:default@CacheNativeLibs pre-execution cost: 5 ms .
[2026-09-10T17:01:31.971] [DEBUG] debug-file - entry : default@CacheNativeLibs cost memory 0.0861053466796875
[2026-09-10T17:01:31.972] [INFO] debug-file - UP-TO-DATE :entry:default@CacheNativeLibs...  
[2026-09-10T17:01:34.363] [DEBUG] debug-file - Ark compile task finished.finished time is 191716103322500
[2026-09-10T17:01:34.363] [DEBUG] debug-file - worker[4] has one work done.
[2026-09-10T17:01:34.365] [DEBUG] debug-file - default@CompileArkTS work[11] done.
[2026-09-10T17:01:34.369] [INFO] debug-file - Finished :entry:default@CompileArkTS... after 2 s 507 ms 
[2026-09-10T17:01:34.370] [DEBUG] debug-file - Executing task :entry:default@GeneratePkgModuleJson
[2026-09-10T17:01:34.371] [DEBUG] debug-file - File: 'D:\HW\testproject\complete\4\entry\build\default\intermediates\preload\default\preload.json' from 'preloadSoJsonPath' is not exists, just ignore.
[2026-09-10T17:01:34.371] [DEBUG] debug-file - Error occurs while handling @Input 'shouldDeduplicateHar': The "data" argument must be of type string or an instance of Buffer, TypedArray, or DataView. Received undefined
[2026-09-10T17:01:34.371] [DEBUG] debug-file - Task 'entry:default@GeneratePkgModuleJson' cost while wrapping incremental declarations: 1 ms 
[2026-09-10T17:01:34.373] [DEBUG] debug-file - Incremental task entry:default@GeneratePkgModuleJson pre-execution cost: 2 ms .
[2026-09-10T17:01:34.373] [DEBUG] debug-file - entry : default@GeneratePkgModuleJson cost memory 0.08321380615234375
[2026-09-10T17:01:34.373] [INFO] debug-file - UP-TO-DATE :entry:default@GeneratePkgModuleJson...  
[2026-09-10T17:01:34.375] [DEBUG] debug-file - Executing task :entry:default@ProcessCompiledResources
[2026-09-10T17:01:34.375] [DEBUG] debug-file - File: 'D:\HW\testproject\complete\4\entry\build\default\intermediates\preload\default\preload.json' from 'preloadSoJsonPath' is not exists, just ignore.
[2026-09-10T17:01:34.375] [DEBUG] debug-file - Task 'entry:default@ProcessCompiledResources' cost while wrapping incremental declarations: 1 ms 
[2026-09-10T17:01:34.376] [DEBUG] debug-file - entry : default@ProcessCompiledResources cost memory 0.05457305908203125
[2026-09-10T17:01:34.376] [DEBUG] debug-file - runTaskFromQueue task cost before running: 3 s 282 ms 
[2026-09-10T17:01:34.376] [INFO] debug-file - Finished :entry:default@ProcessCompiledResources... after 2 ms 
[2026-09-10T17:01:34.379] [DEBUG] debug-file - Executing task :entry:default@PackageHap
[2026-09-10T17:01:34.391] [DEBUG] debug-file - entry:default@PackageHap is not up-to-date, since the input file 'D:\HW\testproject\complete\4\entry\build\default\intermediates\loader_out\default\ets' has been changed.
[2026-09-10T17:01:34.392] [DEBUG] debug-file - Incremental task entry:default@PackageHap pre-execution cost: 11 ms .
[2026-09-10T17:01:34.393] [DEBUG] debug-file - Use tool [E:\DevEco Studio\sdk\default\openharmony\toolchains\lib\app_packing_tool.jar]
 [
  'java',
  '-Dfile.encoding=GBK',
  '-jar',
  'E:\\DevEco Studio\\sdk\\default\\openharmony\\toolchains\\lib\\app_packing_tool.jar',
  '--mode',
  'hap',
  '--force',
  'true',
  '--lib-path',
  'D:\\HW\\testproject\\complete\\4\\entry\\build\\default\\intermediates\\stripped_native_libs\\default',
  '--json-path',
  'D:\\HW\\testproject\\complete\\4\\entry\\build\\default\\intermediates\\package\\default\\module.json',
  '--resources-path',
  'D:\\HW\\testproject\\complete\\4\\entry\\build\\default\\intermediates\\res\\default\\resources',
  '--index-path',
  'D:\\HW\\testproject\\complete\\4\\entry\\build\\default\\intermediates\\res\\default\\resources.index',
  '--pack-info-path',
  'D:\\HW\\testproject\\complete\\4\\entry\\build\\default\\outputs\\default\\pack.info',
  '--out-path',
  'D:\\HW\\testproject\\complete\\4\\entry\\build\\default\\outputs\\default\\entry-default-unsigned.hap',
  '--ets-path',
  'D:\\HW\\testproject\\complete\\4\\entry\\build\\default\\intermediates\\loader_out\\default\\ets',
  '--pkg-context-path',
  'D:\\HW\\testproject\\complete\\4\\entry\\build\\default\\intermediates\\loader\\default\\pkgContextInfo.json'
]
[2026-09-10T17:01:34.394] [DEBUG] debug-file - default@PackageHap work[12] is submitted.
[2026-09-10T17:01:34.394] [DEBUG] debug-file - default@PackageHap work[12] is pushed to ready queue.
[2026-09-10T17:01:34.394] [DEBUG] debug-file - A work dispatched to worker[15] failed because unable to get work from ready queue.
[2026-09-10T17:01:34.395] [DEBUG] debug-file - Create  resident worker with id: 14.
[2026-09-10T17:01:34.397] [DEBUG] debug-file - default@PackageHap work[12] has been dispatched to worker[14].
[2026-09-10T17:01:34.397] [DEBUG] debug-file - default@PackageHap work[12] is dispatched.
[2026-09-10T17:01:34.404] [DEBUG] debug-file - entry : default@PackageHap cost memory 0.4309539794921875
[2026-09-10T17:01:38.906] [DEBUG] debug-file - current process  memoryUsage: {
  rss: 452530176,
  heapTotal: 79118336,
  heapUsed: 50457152,
  external: 3958577,
  arrayBuffers: 18671
} os memoryUsage :14.578540802001953
[2026-09-10T17:01:39.666] [DEBUG] debug-file - worker[14] has one work done.
[2026-09-10T17:01:39.667] [DEBUG] debug-file - default@PackageHap work[12] done.
[2026-09-10T17:01:39.667] [DEBUG] debug-file - A work dispatched to worker[14] failed because unable to get work from ready queue.
[2026-09-10T17:01:39.669] [INFO] debug-file - Finished :entry:default@PackageHap... after 797 ms 
[2026-09-10T17:01:39.671] [DEBUG] debug-file - Executing task :entry:default@PackingCheck
[2026-09-10T17:01:39.677] [DEBUG] debug-file - entry : default@PackingCheck cost memory 0.294952392578125
[2026-09-10T17:01:39.678] [DEBUG] debug-file - runTaskFromQueue task cost before running: 8 s 584 ms 
[2026-09-10T17:01:39.678] [INFO] debug-file - Finished :entry:default@PackingCheck... after 7 ms 
[2026-09-10T17:01:39.679] [DEBUG] debug-file - Executing task :entry:default@SignHap
[2026-09-10T17:01:39.679] [WARN] debug-file - Will skip sign 'hos_hap'. No signingConfigs profile is configured in current project.
             If needed, configure the signingConfigs in D:\HW\testproject\complete\4\build-profile.json5.
[2026-09-10T17:01:39.680] [DEBUG] debug-file - entry:default@SignHap is not up-to-date, since the input file 'D:\HW\testproject\complete\4\entry\build\default\outputs\default\entry-default-unsigned.hap' has been changed.
[2026-09-10T17:01:39.681] [DEBUG] debug-file - Incremental task entry:default@SignHap pre-execution cost: 1 ms .
[2026-09-10T17:01:39.681] [DEBUG] debug-file - entry : default@SignHap cost memory 0.0710296630859375
[2026-09-10T17:01:39.681] [DEBUG] debug-file - runTaskFromQueue task cost before running: 8 s 588 ms 
[2026-09-10T17:01:39.682] [INFO] debug-file - Finished :entry:default@SignHap... after 3 ms 
[2026-09-10T17:01:39.684] [DEBUG] debug-file - Executing task :entry:default@CollectDebugSymbol
[2026-09-10T17:01:39.687] [DEBUG] debug-file - entry : default@CollectDebugSymbol cost memory 0.07726287841796875
[2026-09-10T17:01:39.688] [DEBUG] debug-file - runTaskFromQueue task cost before running: 8 s 594 ms 
[2026-09-10T17:01:39.688] [INFO] debug-file - Finished :entry:default@CollectDebugSymbol... after 3 ms 
[2026-09-10T17:01:39.689] [DEBUG] debug-file - Executing task :entry:assembleHap
[2026-09-10T17:01:39.689] [DEBUG] debug-file - entry : assembleHap cost memory 0.0139923095703125
[2026-09-10T17:01:39.689] [DEBUG] debug-file - runTaskFromQueue task cost before running: 8 s 596 ms 
[2026-09-10T17:01:39.690] [INFO] debug-file - Finished :entry:assembleHap... after 1 ms 
[2026-09-10T17:01:39.691] [INFO] debug-file - BUILD SUCCESSFUL in 8 s 597 ms 
[2026-09-10T17:01:39.692] [DEBUG] debug-file - There is no need to refresh cache, since the incremental task entry:default@PreBuild is up-to-date.
[2026-09-10T17:01:39.692] [DEBUG] debug-file - Update task entry:default@CreateModuleInfo output file:D:\HW\testproject\complete\4\entry\build\default\generated\profile\default\ModuleInfo.ts cache.
[2026-09-10T17:01:39.693] [DEBUG] debug-file - Incremental task entry:default@CreateModuleInfo post-execution cost:1 ms .
[2026-09-10T17:01:39.693] [DEBUG] debug-file - There is no need to refresh cache, since the incremental task entry:default@GenerateMetadata is up-to-date.
[2026-09-10T17:01:39.693] [DEBUG] debug-file - There is no need to refresh cache, since the incremental task entry:default@MergeProfile is up-to-date.
[2026-09-10T17:01:39.693] [DEBUG] debug-file - There is no need to refresh cache, since the incremental task entry:default@CreateBuildProfile is up-to-date.
[2026-09-10T17:01:39.693] [DEBUG] debug-file - There is no need to refresh cache, since the incremental task entry:default@GeneratePkgContextInfo is up-to-date.
[2026-09-10T17:01:39.693] [DEBUG] debug-file - Update task entry:default@GeneratePkgSdkInfo output file:D:\HW\testproject\complete\4\entry\build\default\intermediates\loader\default\pkgSdkInfo.json cache.
[2026-09-10T17:01:39.694] [DEBUG] debug-file - Incremental task entry:default@GeneratePkgSdkInfo post-execution cost:1 ms .
[2026-09-10T17:01:39.694] [DEBUG] debug-file - Update task entry:default@ProcessIntegratedHsp output file:D:\HW\testproject\complete\4\build\cache\default\integrated_hsp\integratedHspCache.json cache.
[2026-09-10T17:01:39.695] [DEBUG] debug-file - Incremental task entry:default@ProcessIntegratedHsp post-execution cost:1 ms .
[2026-09-10T17:01:39.695] [DEBUG] debug-file - There is no need to refresh cache, since the incremental task entry:default@MakePackInfo is up-to-date.
[2026-09-10T17:01:39.695] [DEBUG] debug-file - Update task entry:default@SyscapTransform input file:E:\DevEco Studio\sdk\default\openharmony\toolchains\syscap_tool.exe cache by regenerate.
[2026-09-10T17:01:39.696] [DEBUG] debug-file - Update task entry:default@SyscapTransform input file:E:\DevEco Studio\sdk\default\openharmony\ets\api\device-define cache by regenerate.
[2026-09-10T17:01:39.700] [DEBUG] debug-file - Update task entry:default@SyscapTransform output file:D:\HW\testproject\complete\4\entry\build\default\intermediates\syscap\default\rpcid.sc cache.
[2026-09-10T17:01:39.701] [DEBUG] debug-file - Incremental task entry:default@SyscapTransform post-execution cost:6 ms .
[2026-09-10T17:01:39.701] [DEBUG] debug-file - There is no need to refresh cache, since the incremental task entry:default@ProcessProfile is up-to-date.
[2026-09-10T17:01:39.701] [DEBUG] debug-file - There is no need to refresh cache, since the incremental task entry:default@ProcessRouterMap is up-to-date.
[2026-09-10T17:01:39.702] [DEBUG] debug-file - There is no need to refresh cache, since the incremental task entry:default@ProcessShareConfig is up-to-date.
[2026-09-10T17:01:39.703] [DEBUG] debug-file - Update task entry:default@ProcessStartupConfig input file:D:\HW\testproject\complete\4\entry\build\default\intermediates\loader\default\pkgContextInfo.json cache by regenerate.
[2026-09-10T17:01:39.704] [DEBUG] debug-file - Update task entry:default@ProcessStartupConfig output file:D:\HW\testproject\complete\4\entry\build\default\intermediates\startup\default\startup_config.json cache.
[2026-09-10T17:01:39.705] [DEBUG] debug-file - Incremental task entry:default@ProcessStartupConfig post-execution cost:4 ms .
[2026-09-10T17:01:39.706] [DEBUG] debug-file - There is no need to refresh cache, since the incremental task entry:default@ProcessResource is up-to-date.
[2026-09-10T17:01:39.706] [DEBUG] debug-file - There is no need to refresh cache, since the incremental task entry:default@GenerateLoaderJson is up-to-date.
[2026-09-10T17:01:39.707] [DEBUG] debug-file - There is no need to refresh cache, since the incremental task entry:default@ProcessLibs is up-to-date.
[2026-09-10T17:01:39.708] [DEBUG] debug-file - There is no need to refresh cache, since the incremental task entry:default@CompileResource is up-to-date.
[2026-09-10T17:01:39.708] [DEBUG] debug-file - There is no need to refresh cache, since the incremental task entry:default@DoNativeStrip is up-to-date.
[2026-09-10T17:01:39.721] [DEBUG] debug-file - Update task entry:default@CompileArkTS input file:D:\HW\testproject\complete\4\entry\build\default\intermediates\loader\default cache by regenerate.
[2026-09-10T17:01:39.723] [DEBUG] debug-file - Update task entry:default@CompileArkTS input file:D:\HW\testproject\complete\4\entry\build\default\intermediates\res\default\resources\rawfile cache by regenerate.
[2026-09-10T17:01:39.724] [DEBUG] debug-file - Update task entry:default@CompileArkTS input file:D:\HW\testproject\complete\4\entry\build\default\intermediates\res\default\ResourceTable.txt cache by regenerate.
[2026-09-10T17:01:39.725] [DEBUG] debug-file - Update task entry:default@CompileArkTS input file:D:\HW\testproject\complete\4\entry\build\default\intermediates\res\default\ark_module.json cache by regenerate.
[2026-09-10T17:01:39.726] [DEBUG] debug-file - Update task entry:default@CompileArkTS input file:D:\HW\testproject\complete\4\entry\build\default\intermediates\res\default\resources\base\profile cache by regenerate.
[2026-09-10T17:01:39.728] [DEBUG] debug-file - Update task entry:default@CompileArkTS input file:D:\HW\testproject\complete\4\entry\src\main\ets cache from map.
[2026-09-10T17:01:39.728] [DEBUG] debug-file - Update task entry:default@CompileArkTS input file:D:\HW\testproject\complete\4\entry\build\default\intermediates\loader\default\pkgContextInfo.json cache by regenerate.
[2026-09-10T17:01:39.729] [DEBUG] debug-file - Update task entry:default@CompileArkTS input file:D:\HW\testproject\complete\4\entry\build\default\generated\profile\default\BuildProfile.ets cache by regenerate.
[2026-09-10T17:01:39.729] [DEBUG] debug-file - Update task entry:default@CompileArkTS input file:D:\HW\testproject\complete\4\entry\src\mock\mock-config.json5 cache by regenerate.
[2026-09-10T17:01:39.730] [DEBUG] debug-file - Update task entry:default@CompileArkTS output file:D:\HW\testproject\complete\4\entry\build\default\intermediates\loader_out\default\ets cache.
[2026-09-10T17:01:39.732] [DEBUG] debug-file - Incremental task entry:default@CompileArkTS post-execution cost:24 ms .
[2026-09-10T17:01:39.736] [DEBUG] debug-file - Update task entry:default@BuildJS input file:D:\HW\testproject\complete\4\entry\build\default\intermediates\loader\default cache by regenerate.
[2026-09-10T17:01:39.738] [DEBUG] debug-file - Update task entry:default@BuildJS input file:D:\HW\testproject\complete\4\entry\build\default\intermediates\res\default\resources\rawfile cache by regenerate.
[2026-09-10T17:01:39.739] [DEBUG] debug-file - Update task entry:default@BuildJS input file:D:\HW\testproject\complete\4\entry\build\default\intermediates\res\default\ResourceTable.txt cache by regenerate.
[2026-09-10T17:01:39.740] [DEBUG] debug-file - Update task entry:default@BuildJS input file:D:\HW\testproject\complete\4\entry\build\default\intermediates\res\default\ark_module.json cache by regenerate.
[2026-09-10T17:01:39.740] [DEBUG] debug-file - Update task entry:default@BuildJS input file:D:\HW\testproject\complete\4\entry\build\default\intermediates\res\default\resources\base\profile cache by regenerate.
[2026-09-10T17:01:39.742] [DEBUG] debug-file - Update task entry:default@BuildJS input file:D:\HW\testproject\complete\4\entry\build\default\intermediates\loader\default\pkgContextInfo.json cache by regenerate.
[2026-09-10T17:01:39.742] [DEBUG] debug-file - Update task entry:default@BuildJS output file:D:\HW\testproject\complete\4\entry\build\default\intermediates\loader_out\default\js cache.
[2026-09-10T17:01:39.745] [DEBUG] debug-file - Incremental task entry:default@BuildJS post-execution cost:14 ms .
[2026-09-10T17:01:39.746] [DEBUG] debug-file - There is no need to refresh cache, since the incremental task entry:default@CacheNativeLibs is up-to-date.
[2026-09-10T17:01:39.746] [DEBUG] debug-file - There is no need to refresh cache, since the incremental task entry:default@GeneratePkgModuleJson is up-to-date.
[2026-09-10T17:01:39.746] [DEBUG] debug-file - Incremental task entry:default@ProcessCompiledResources post-execution cost:1 ms .
[2026-09-10T17:01:39.750] [DEBUG] debug-file - Update task entry:default@PackageHap input file:D:\HW\testproject\complete\4\entry\build\default\outputs\default\pack.info cache by regenerate.
[2026-09-10T17:01:39.751] [DEBUG] debug-file - Update task entry:default@PackageHap input file:D:\HW\testproject\complete\4\entry\build\default\intermediates\stripped_native_libs\default cache by regenerate.
[2026-09-10T17:01:39.752] [DEBUG] debug-file - Update task entry:default@PackageHap input file:D:\HW\testproject\complete\4\entry\build\default\intermediates\res\default\module.json cache by regenerate.
[2026-09-10T17:01:39.753] [DEBUG] debug-file - Update task entry:default@PackageHap input file:D:\HW\testproject\complete\4\entry\build\default\intermediates\res\default\resources cache by regenerate.
[2026-09-10T17:01:39.761] [DEBUG] debug-file - Update task entry:default@PackageHap input file:D:\HW\testproject\complete\4\entry\build\default\intermediates\res\default\resources.index cache by regenerate.
[2026-09-10T17:01:39.762] [DEBUG] debug-file - Update task entry:default@PackageHap input file:D:\HW\testproject\complete\4\entry\build\default\intermediates\loader_out\default\ets cache from map.
[2026-09-10T17:01:39.762] [DEBUG] debug-file - Update task entry:default@PackageHap input file:D:\HW\testproject\complete\4\entry\build\default\intermediates\loader\default\pkgContextInfo.json cache by regenerate.
[2026-09-10T17:01:39.763] [DEBUG] debug-file - Update task entry:default@PackageHap input file:D:\HW\testproject\complete\4\entry\build\default\intermediates\package\default\module.json cache by regenerate.
[2026-09-10T17:01:39.764] [DEBUG] debug-file - Update task entry:default@PackageHap input file:D:\HW\testproject\complete\4\entry\build\default\intermediates\loader_out\default\ets\sourceMaps.map cache by regenerate.
[2026-09-10T17:01:39.765] [DEBUG] debug-file - Update task entry:default@PackageHap input file:D:\HW\testproject\complete\4\entry\build\default\generated\profile\default\BuildProfile.ets cache by regenerate.
[2026-09-10T17:01:39.767] [DEBUG] debug-file - Update task entry:default@PackageHap output file:D:\HW\testproject\complete\4\entry\build\default\outputs\default\entry-default-unsigned.hap cache.
[2026-09-10T17:01:39.768] [DEBUG] debug-file - Update task entry:default@PackageHap output file:D:\HW\testproject\complete\4\entry\build\default\intermediates\source_map\default\sourceMaps.map cache.
[2026-09-10T17:01:39.769] [DEBUG] debug-file - Update task entry:default@PackageHap output file:D:\HW\testproject\complete\4\entry\build\default\outputs\default\mapping\sourceMaps.map cache.
[2026-09-10T17:01:39.770] [DEBUG] debug-file - Incremental task entry:default@PackageHap post-execution cost:24 ms .
[2026-09-10T17:01:39.770] [DEBUG] debug-file - Update task entry:default@SignHap input file:D:\HW\testproject\complete\4\entry\build\default\outputs\default\entry-default-unsigned.hap cache from map.
[2026-09-10T17:01:39.771] [DEBUG] debug-file - Update task entry:default@SignHap output file:D:\HW\testproject\complete\4\entry\build\default\outputs\default\entry-default-signed.hap cache.
[2026-09-10T17:01:39.771] [DEBUG] debug-file - Incremental task entry:default@SignHap post-execution cost:2 ms .
[2026-09-10T17:01:39.773] [DEBUG] debug-file - Update task entry:default@CollectDebugSymbol input file:D:\HW\testproject\complete\4\entry\build\default\intermediates\loader_out\default\ets\sourceMaps.map cache by regenerate.
[2026-09-10T17:01:39.774] [DEBUG] debug-file - Update task entry:default@CollectDebugSymbol input file:D:\HW\testproject\complete\4\entry\build\default\intermediates\libs\default cache by regenerate.
[2026-09-10T17:01:39.775] [DEBUG] debug-file - Update task entry:default@CollectDebugSymbol output file:D:\HW\testproject\complete\4\entry\build\default\outputs\default\symbol cache.
[2026-09-10T17:01:39.776] [DEBUG] debug-file - Incremental task entry:default@CollectDebugSymbol post-execution cost:5 ms .
[2026-09-10T17:01:39.806] [DEBUG] debug-file - Cleanup worker 14.
[2026-09-10T17:01:39.807] [DEBUG] debug-file - hvigor build process will be closed.
[2026-09-10T17:01:39.817] [DEBUG] debug-file - worker[14] exits with exit code 1.
[2026-09-10T17:01:39.818] [DEBUG] debug-file - Worker 14 has been cleaned up.
[2026-09-10T17:01:39.818] [DEBUG] debug-file - Current idle worker size: 1.
[2026-09-10T17:01:39.818] [DEBUG] debug-file - Current resident worker size: 1.
[2026-09-10T17:01:39.834] [DEBUG] debug-file - session manager: send message to worker process. WorkerThreadId: 0, data: {"type":"hvigor_failed","reason":"Server has disconnected."}
[2026-09-10T17:01:39.838] [DEBUG] debug-file - session manager: send message to worker process. WorkerThreadId: 0, data: {"type":"CloseWatch","reason":"Server has disconnected."}
[2026-09-10T17:01:39.836] [DEBUG] debug-file - watch worker: worker id should be larger than 0. Nothing will be sent to any worker thread.
[2026-09-10T17:01:39.837] [DEBUG] debug-file - ABORT_WORK sent to workers.
[2026-09-10T17:01:39.839] [DEBUG] debug-file - watch worker: worker id should be larger than 0. Nothing will be sent to any worker thread.
[2026-09-10T17:02:09.998] [DEBUG] debug-file - session manager: set active socket. socketId=HHHHuPhpHeHhHpuyAAAR
[2026-09-10T17:02:10.017] [DEBUG] debug-file - watch worker: worker id should be larger than 0. Nothing will be sent to any worker thread.
[2026-09-10T17:02:10.027] [DEBUG] debug-file - Workers' log level updated to INFO
[2026-09-10T17:02:10.031] [DEBUG] debug-file - Hvigor init with startParameters:{
  hvigorfileTypeCheck: false,
  parallelExecution: true,
  incrementalExecution: true,
  printStackTrace: false,
  daemon: true,
  analyze: 0,
  logLevel: Level { level: 20000, levelStr: 'INFO', colour: 'green' },
  optimizationStrategy: 'memory',
  hotCompile: undefined,
  hotReloadBuild: undefined,
  customizedParam: undefined
}
[2026-09-10T17:02:10.039] [DEBUG] debug-file - Cache service initialization finished in 8 ms 
[2026-09-10T17:02:10.040] [DEBUG] debug-file - hvigorfile, resolving D:\HW\testproject\complete\4\hvigorfile.ts
[2026-09-10T17:02:10.046] [DEBUG] debug-file - hvigorfile, require result:  { default: { plugins: [] } }
[2026-09-10T17:02:10.046] [DEBUG] debug-file - hvigorfile, binding system plugins null
[2026-09-10T17:02:10.046] [DEBUG] debug-file - Starting plugin build process
[2026-09-10T17:02:10.046] [DEBUG] debug-file - App plugin prepare start...
[2026-09-10T17:02:10.046] [DEBUG] debug-file - App plugin prepare end...
[2026-09-10T17:02:10.047] [DEBUG] debug-file - App plugin creating...
[2026-09-10T17:02:10.057] [DEBUG] debug-file - App plugin register hook start...
[2026-09-10T17:02:10.058] [DEBUG] debug-file - App plugin register hook end...
[2026-09-10T17:02:10.058] [DEBUG] debug-file - Plugin build process completed
[2026-09-10T17:02:10.059] [DEBUG] debug-file - Start initialize project's product build option map with build mode debug.
[2026-09-10T17:02:10.059] [DEBUG] debug-file - Picking option from product 'default' with build mode 'debug'.
[2026-09-10T17:02:10.060] [DEBUG] debug-file - Product 'default' build option initialized
[2026-09-10T17:02:10.060] [DEBUG] debug-file - End initialize project's product build option map with build mode 'debug'.
[2026-09-10T17:02:10.061] [DEBUG] debug-file - Obtain build option for product 'default'in this build.
[2026-09-10T17:02:10.070] [DEBUG] debug-file - No signingConfig found, initRemoteHspCache failed.
[2026-09-10T17:02:10.076] [DEBUG] debug-file - Start recording SDK configuration permission data.
[2026-09-10T17:02:10.144] [DEBUG] debug-file - Sdk init in 73 ms 
[2026-09-10T17:02:10.151] [DEBUG] debug-file - Project task initialization takes 6 ms 
[2026-09-10T17:02:10.152] [DEBUG] debug-file - hvigorfile, begin to bind custom plugins...
[2026-09-10T17:02:10.152] [DEBUG] debug-file - hvigorfile, no custom plugins were found in D:\HW\testproject\complete\4\hvigorfile.ts
[2026-09-10T17:02:10.152] [DEBUG] debug-file - hvigorfile, resolve finished D:\HW\testproject\complete\4\hvigorfile.ts
[2026-09-10T17:02:10.154] [DEBUG] debug-file - hvigorfile, resolving D:\HW\testproject\complete\4\entry\hvigorfile.ts
[2026-09-10T17:02:10.161] [DEBUG] debug-file - hvigorfile, require result:  { default: { plugins: [] } }
[2026-09-10T17:02:10.162] [DEBUG] debug-file - hvigorfile, binding system plugins null
[2026-09-10T17:02:10.163] [DEBUG] debug-file - Starting plugin build process
[2026-09-10T17:02:10.163] [DEBUG] debug-file - Hap plugin creating...
[2026-09-10T17:02:10.168] [DEBUG] debug-file - failed to load cangjie to dynamically generate schemas: Error: Cannot find module '@ohos/cangjie-build-support/index'
Require stack:
- E:\DevEco Studio\tools\hvigor\hvigor-ohos-plugin\src\plugin\hooks\cangjie-register.js
- E:\DevEco Studio\tools\hvigor\hvigor-ohos-plugin\src\plugin\strategy\stage-init-strategy.js
- E:\DevEco Studio\tools\hvigor\hvigor-ohos-plugin\src\plugin\builder\abstract-plugin-builder.js
- E:\DevEco Studio\tools\hvigor\hvigor-ohos-plugin\src\plugin\builder\app-plugin-builder.js
- E:\DevEco Studio\tools\hvigor\hvigor-ohos-plugin\src\plugin\factory\plugin-factory.js
- E:\DevEco Studio\tools\hvigor\hvigor-ohos-plugin\index.js
- D:\HW\testproject\complete\4\hvigorfile.ts
- E:\DevEco Studio\tools\hvigor\hvigor\src\base\internal\lifecycle\configuration.js
- E:\DevEco Studio\tools\hvigor\hvigor\src\base\boot\index.js
- E:\DevEco Studio\tools\hvigor\hvigor\src\base\daemon\cluster\worker-process-lifecycle.js
- E:\DevEco Studio\tools\hvigor\hvigor\src\base\daemon\process\daemon-process-boot-script.js
[2026-09-10T17:02:10.177] [DEBUG] debug-file - Start initialize module-target build option map, moduleName=entry, buildMode=debug
[2026-09-10T17:02:10.177] [DEBUG] debug-file - Target 'default' config initialized
[2026-09-10T17:02:10.179] [DEBUG] debug-file - Target 'ohosTest' config initialized
[2026-09-10T17:02:10.181] [DEBUG] debug-file - Module 'entry' target 'default' build option initialized
[2026-09-10T17:02:10.181] [DEBUG] debug-file - Module 'entry' target 'ohosTest' build option initialized
[2026-09-10T17:02:10.181] [DEBUG] debug-file - End initialize module-target build option map, moduleName=entry
[2026-09-10T17:02:10.182] [DEBUG] debug-file - Start initialize module-target build option map, moduleName=entry, buildMode=release
[2026-09-10T17:02:10.183] [DEBUG] debug-file - Target 'default' config initialized
[2026-09-10T17:02:10.184] [DEBUG] debug-file - Target 'ohosTest' config initialized
[2026-09-10T17:02:10.184] [DEBUG] debug-file - Module 'entry' target 'default' build option initialized
[2026-09-10T17:02:10.185] [DEBUG] debug-file - Module 'entry' target 'ohosTest' build option initialized
[2026-09-10T17:02:10.185] [DEBUG] debug-file - End initialize module-target build option map, moduleName=entry
[2026-09-10T17:02:10.185] [DEBUG] debug-file - Start initialize module-target build option map, moduleName=entry, buildMode=debug
[2026-09-10T17:02:10.185] [DEBUG] debug-file - Target 'default' config initialized
[2026-09-10T17:02:10.186] [DEBUG] debug-file - Target 'ohosTest' config initialized
[2026-09-10T17:02:10.187] [DEBUG] debug-file - Module 'entry' target 'default' build option initialized
[2026-09-10T17:02:10.187] [DEBUG] debug-file - Module 'entry' target 'ohosTest' build option initialized
[2026-09-10T17:02:10.187] [DEBUG] debug-file - End initialize module-target build option map, moduleName=entry
[2026-09-10T17:02:10.188] [DEBUG] debug-file - Obtain build option for module 'entry' target 'default'in this build.
[2026-09-10T17:02:10.195] [DEBUG] debug-file - Module entry task initialization takes 5 ms 
[2026-09-10T17:02:10.195] [DEBUG] debug-file - Hap plugin register hook start...
[2026-09-10T17:02:10.196] [DEBUG] debug-file - Hap plugin register hook end...
[2026-09-10T17:02:10.196] [DEBUG] debug-file - Plugin build process completed
[2026-09-10T17:02:10.196] [DEBUG] debug-file - hvigorfile, begin to bind custom plugins...
[2026-09-10T17:02:10.196] [DEBUG] debug-file - hvigorfile, no custom plugins were found in D:\HW\testproject\complete\4\entry\hvigorfile.ts
[2026-09-10T17:02:10.196] [DEBUG] debug-file - hvigorfile, resolve finished D:\HW\testproject\complete\4\entry\hvigorfile.ts
[2026-09-10T17:02:10.341] [DEBUG] debug-file - hvigorfile, resolve hvigorfile dependencies in 145 ms 
[2026-09-10T17:02:10.341] [DEBUG] debug-file - project has submodules:entry
[2026-09-10T17:02:10.343] [DEBUG] debug-file - start to load updatedOhPackageInfo to the disk
[2026-09-10T17:02:10.347] [DEBUG] debug-file - load to the disk finished
[2026-09-10T17:02:10.349] [DEBUG] debug-file - Start to initialize dependency information.
[2026-09-10T17:02:10.359] [DEBUG] debug-file - Module 4 Collected Dependency: 
[2026-09-10T17:02:10.359] [DEBUG] debug-file - Module 4's total dependency: 0
[2026-09-10T17:02:10.360] [DEBUG] debug-file - Start to initialize dependency information.
[2026-09-10T17:02:10.363] [DEBUG] debug-file - Module entry Collected Dependency: 
[2026-09-10T17:02:10.363] [DEBUG] debug-file - Module entry's total dependency: 0
[2026-09-10T17:02:10.367] [DEBUG] debug-file - Configuration phase cost:328 ms 
[2026-09-10T17:02:10.369] [DEBUG] debug-file - Configuration task cost before running: 342 ms 
[2026-09-10T17:02:10.377] [DEBUG] debug-file - Executing task :entry:default@PreBuild
[2026-09-10T17:02:10.384] [DEBUG] debug-file - Task 'entry:default@PreBuild' cost while wrapping incremental declarations: 1 ms 
[2026-09-10T17:02:10.397] [DEBUG] debug-file - Incremental task entry:default@PreBuild pre-execution cost: 9 ms .
[2026-09-10T17:02:10.398] [DEBUG] debug-file - entry : default@PreBuild cost memory 0.53045654296875
[2026-09-10T17:02:10.401] [INFO] debug-file - UP-TO-DATE :entry:default@PreBuild...  
[2026-09-10T17:02:10.402] [DEBUG] debug-file - Executing task :entry:default@CreateModuleInfo
[2026-09-10T17:02:10.402] [DEBUG] debug-file - Task 'entry:default@CreateModuleInfo' cost while wrapping incremental declarations: 1 ms 
[2026-09-10T17:02:10.403] [DEBUG] debug-file - entry : default@CreateModuleInfo cost memory 0.0390472412109375
[2026-09-10T17:02:10.403] [DEBUG] debug-file - runTaskFromQueue task cost before running: 376 ms 
[2026-09-10T17:02:10.403] [INFO] debug-file - Finished :entry:default@CreateModuleInfo... after 1 ms 
[2026-09-10T17:02:10.405] [DEBUG] debug-file - Executing task :entry:default@GenerateMetadata
[2026-09-10T17:02:10.405] [DEBUG] debug-file - Task 'entry:default@GenerateMetadata' cost while wrapping incremental declarations: 1 ms 
[2026-09-10T17:02:10.407] [DEBUG] debug-file - Incremental task entry:default@GenerateMetadata pre-execution cost: 2 ms .
[2026-09-10T17:02:10.407] [DEBUG] debug-file - entry : default@GenerateMetadata cost memory 0.0754547119140625
[2026-09-10T17:02:10.407] [INFO] debug-file - UP-TO-DATE :entry:default@GenerateMetadata...  
[2026-09-10T17:02:10.408] [DEBUG] debug-file - Executing task :entry:default@ConfigureCmake
[2026-09-10T17:02:10.409] [DEBUG] debug-file - entry : default@ConfigureCmake cost memory 0.01416778564453125
[2026-09-10T17:02:10.409] [DEBUG] debug-file - runTaskFromQueue task cost before running: 381 ms 
[2026-09-10T17:02:10.409] [INFO] debug-file - Finished :entry:default@ConfigureCmake... after 1 ms 
[2026-09-10T17:02:10.410] [DEBUG] debug-file - Executing task :entry:default@MergeProfile
[2026-09-10T17:02:10.411] [DEBUG] debug-file - Task 'entry:default@MergeProfile' cost while wrapping incremental declarations: 1 ms 
[2026-09-10T17:02:10.413] [DEBUG] debug-file - Incremental task entry:default@MergeProfile pre-execution cost: 2 ms .
[2026-09-10T17:02:10.413] [DEBUG] debug-file - entry : default@MergeProfile cost memory 0.1163482666015625
[2026-09-10T17:02:10.414] [INFO] debug-file - UP-TO-DATE :entry:default@MergeProfile...  
[2026-09-10T17:02:10.415] [DEBUG] debug-file - Executing task :entry:default@CreateBuildProfile
[2026-09-10T17:02:10.416] [DEBUG] debug-file - Task 'entry:default@CreateBuildProfile' cost while wrapping incremental declarations: 1 ms 
[2026-09-10T17:02:10.418] [DEBUG] debug-file - Incremental task entry:default@CreateBuildProfile pre-execution cost: 2 ms .
[2026-09-10T17:02:10.419] [DEBUG] debug-file - entry : default@CreateBuildProfile cost memory 0.09447479248046875
[2026-09-10T17:02:10.419] [INFO] debug-file - UP-TO-DATE :entry:default@CreateBuildProfile...  
[2026-09-10T17:02:10.421] [DEBUG] debug-file - Executing task :entry:default@PreCheckSyscap
[2026-09-10T17:02:10.421] [DEBUG] debug-file - entry : default@PreCheckSyscap cost memory 0.014404296875
[2026-09-10T17:02:10.422] [DEBUG] debug-file - runTaskFromQueue task cost before running: 394 ms 
[2026-09-10T17:02:10.422] [INFO] debug-file - Finished :entry:default@PreCheckSyscap... after 1 ms 
[2026-09-10T17:02:10.425] [DEBUG] debug-file - Executing task :entry:default@GeneratePkgContextInfo
[2026-09-10T17:02:10.430] [DEBUG] debug-file - Task 'entry:default@GeneratePkgContextInfo' cost while wrapping incremental declarations: 1 ms 
[2026-09-10T17:02:10.431] [DEBUG] debug-file - Incremental task entry:default@GeneratePkgContextInfo pre-execution cost: 1 ms .
[2026-09-10T17:02:10.431] [DEBUG] debug-file - entry : default@GeneratePkgContextInfo cost memory 0.17377471923828125
[2026-09-10T17:02:10.431] [INFO] debug-file - UP-TO-DATE :entry:default@GeneratePkgContextInfo...  
[2026-09-10T17:02:10.432] [DEBUG] debug-file - Executing task :entry:default@GeneratePkgSdkInfo
[2026-09-10T17:02:10.437] [DEBUG] debug-file - Task 'entry:default@GeneratePkgSdkInfo' cost while wrapping incremental declarations: 1 ms 
[2026-09-10T17:02:10.437] [DEBUG] debug-file - entry : default@GeneratePkgSdkInfo cost memory 0.09769439697265625
[2026-09-10T17:02:10.438] [DEBUG] debug-file - runTaskFromQueue task cost before running: 410 ms 
[2026-09-10T17:02:10.438] [INFO] debug-file - Finished :entry:default@GeneratePkgSdkInfo... after 6 ms 
[2026-09-10T17:02:10.447] [DEBUG] debug-file - Executing task :entry:default@ProcessIntegratedHsp
[2026-09-10T17:02:10.448] [DEBUG] debug-file - entry:default@ProcessIntegratedHsp is not up-to-date, since the output file 'D:\HW\testproject\complete\4\build\cache\default\integrated_hsp\integratedHspCache.json' does not exist.
[2026-09-10T17:02:10.449] [DEBUG] debug-file - Incremental task entry:default@ProcessIntegratedHsp pre-execution cost: 1 ms .
[2026-09-10T17:02:10.449] [DEBUG] debug-file - entry : default@ProcessIntegratedHsp cost memory 0.05043792724609375
[2026-09-10T17:02:10.450] [DEBUG] debug-file - runTaskFromQueue task cost before running: 422 ms 
[2026-09-10T17:02:10.450] [INFO] debug-file - Finished :entry:default@ProcessIntegratedHsp... after 3 ms 
[2026-09-10T17:02:10.459] [DEBUG] debug-file - Executing task :entry:default@BuildNativeWithCmake
[2026-09-10T17:02:10.462] [DEBUG] debug-file - entry : default@BuildNativeWithCmake cost memory 0.0279693603515625
[2026-09-10T17:02:10.462] [DEBUG] debug-file - runTaskFromQueue task cost before running: 435 ms 
[2026-09-10T17:02:10.463] [INFO] debug-file - Finished :entry:default@BuildNativeWithCmake... after 4 ms 
[2026-09-10T17:02:10.466] [DEBUG] debug-file - Executing task :entry:default@MakePackInfo
[2026-09-10T17:02:10.486] [DEBUG] debug-file - Incremental task entry:default@MakePackInfo pre-execution cost: 15 ms .
[2026-09-10T17:02:10.487] [DEBUG] debug-file - entry : default@MakePackInfo cost memory 0.1042938232421875
[2026-09-10T17:02:10.490] [INFO] debug-file - UP-TO-DATE :entry:default@MakePackInfo...  
[2026-09-10T17:02:10.492] [DEBUG] debug-file - Executing task :entry:default@SyscapTransform
[2026-09-10T17:02:10.493] [DEBUG] debug-file - File: 'D:\HW\testproject\complete\4\entry\src\main\syscap.json' from 'sysCapJsonPath' is not exists, just ignore.
[2026-09-10T17:02:10.494] [DEBUG] debug-file - Task 'entry:default@SyscapTransform' cost while wrapping incremental declarations: 2 ms 
[2026-09-10T17:02:10.498] [DEBUG] debug-file - entry:default@SyscapTransform is not up-to-date, since the output file 'D:\HW\testproject\complete\4\entry\build\default\intermediates\syscap\default\rpcid.sc' does not exist.
[2026-09-10T17:02:10.498] [DEBUG] debug-file - Incremental task entry:default@SyscapTransform pre-execution cost: 3 ms .
[2026-09-10T17:02:10.498] [DEBUG] debug-file - entry : default@SyscapTransform cost memory 0.12296295166015625
[2026-09-10T17:02:10.498] [DEBUG] debug-file - runTaskFromQueue task cost before running: 471 ms 
[2026-09-10T17:02:10.498] [INFO] debug-file - Finished :entry:default@SyscapTransform... after 7 ms 
[2026-09-10T17:02:10.500] [DEBUG] debug-file - Executing task :entry:default@ProcessProfile
[2026-09-10T17:02:10.506] [DEBUG] debug-file - Task 'entry:default@ProcessProfile' cost while wrapping incremental declarations: 1 ms 
[2026-09-10T17:02:10.509] [DEBUG] debug-file - Incremental task entry:default@ProcessProfile pre-execution cost: 3 ms .
[2026-09-10T17:02:10.510] [DEBUG] debug-file - entry : default@ProcessProfile cost memory 0.13274383544921875
[2026-09-10T17:02:10.510] [INFO] debug-file - UP-TO-DATE :entry:default@ProcessProfile...  
[2026-09-10T17:02:10.514] [DEBUG] debug-file - Executing task :entry:default@ProcessRouterMap
[2026-09-10T17:02:10.524] [DEBUG] debug-file - Incremental task entry:default@ProcessRouterMap pre-execution cost: 7 ms .
[2026-09-10T17:02:10.524] [DEBUG] debug-file - entry : default@ProcessRouterMap cost memory 0.12574005126953125
[2026-09-10T17:02:10.527] [INFO] debug-file - UP-TO-DATE :entry:default@ProcessRouterMap...  
[2026-09-10T17:02:10.530] [DEBUG] debug-file - Executing task :entry:default@ProcessShareConfig
[2026-09-10T17:02:10.539] [DEBUG] debug-file - Incremental task entry:default@ProcessShareConfig pre-execution cost: 8 ms .
[2026-09-10T17:02:10.539] [DEBUG] debug-file - entry : default@ProcessShareConfig cost memory -3.4511184692382812
[2026-09-10T17:02:10.540] [INFO] debug-file - UP-TO-DATE :entry:default@ProcessShareConfig...  
[2026-09-10T17:02:10.543] [DEBUG] debug-file - Executing task :entry:default@ProcessStartupConfig
[2026-09-10T17:02:10.543] [DEBUG] debug-file - Task 'entry:default@ProcessStartupConfig' cost while wrapping incremental declarations: 1 ms 
[2026-09-10T17:02:10.545] [DEBUG] debug-file - entry:default@ProcessStartupConfig is not up-to-date, since the output file 'D:\HW\testproject\complete\4\entry\build\default\intermediates\startup\default\startup_config.json' does not exist.
[2026-09-10T17:02:10.545] [DEBUG] debug-file - Incremental task entry:default@ProcessStartupConfig pre-execution cost: 2 ms .
[2026-09-10T17:02:10.546] [DEBUG] debug-file - entry : default@ProcessStartupConfig cost memory 0.1109161376953125
[2026-09-10T17:02:10.547] [DEBUG] debug-file - runTaskFromQueue task cost before running: 519 ms 
[2026-09-10T17:02:10.547] [INFO] debug-file - Finished :entry:default@ProcessStartupConfig... after 5 ms 
[2026-09-10T17:02:10.550] [DEBUG] debug-file - Executing task :entry:default@BuildNativeWithNinja
[2026-09-10T17:02:10.552] [DEBUG] debug-file - entry : default@BuildNativeWithNinja cost memory 0.01897430419921875
[2026-09-10T17:02:10.552] [DEBUG] debug-file - runTaskFromQueue task cost before running: 525 ms 
[2026-09-10T17:02:10.554] [INFO] debug-file - Finished :entry:default@BuildNativeWithNinja... after 3 ms 
[2026-09-10T17:02:10.559] [DEBUG] debug-file - restool module names: entry; moduleName=entry, taskName=default@ProcessResource
[2026-09-10T17:02:10.570] [DEBUG] debug-file - Executing task :entry:default@ProcessResource
[2026-09-10T17:02:10.571] [DEBUG] debug-file - Task 'entry:default@ProcessResource' cost while wrapping incremental declarations: 1 ms 
[2026-09-10T17:02:10.575] [DEBUG] debug-file - Incremental task entry:default@ProcessResource pre-execution cost: 3 ms .
[2026-09-10T17:02:10.576] [DEBUG] debug-file - entry : default@ProcessResource cost memory 0.11089324951171875
[2026-09-10T17:02:10.584] [INFO] debug-file - UP-TO-DATE :entry:default@ProcessResource...  
[2026-09-10T17:02:10.590] [DEBUG] debug-file - Executing task :entry:default@GenerateLoaderJson
[2026-09-10T17:02:10.593] [DEBUG] debug-file - Task 'entry:default@GenerateLoaderJson' cost while wrapping incremental declarations: 1 ms 
[2026-09-10T17:02:10.622] [DEBUG] debug-file - Incremental task entry:default@GenerateLoaderJson pre-execution cost: 15 ms .
[2026-09-10T17:02:10.622] [DEBUG] debug-file - entry : default@GenerateLoaderJson cost memory 0.41617584228515625
[2026-09-10T17:02:10.633] [INFO] debug-file - UP-TO-DATE :entry:default@GenerateLoaderJson...  
[2026-09-10T17:02:10.637] [DEBUG] debug-file - Executing task :entry:default@ProcessLibs
[2026-09-10T17:02:10.638] [DEBUG] debug-file - Task 'entry:default@ProcessLibs' cost while wrapping incremental declarations: 1 ms 
[2026-09-10T17:02:10.646] [DEBUG] debug-file - Incremental task entry:default@ProcessLibs pre-execution cost: 6 ms .
[2026-09-10T17:02:10.646] [DEBUG] debug-file - entry : default@ProcessLibs cost memory 0.0915069580078125
[2026-09-10T17:02:10.649] [INFO] debug-file - UP-TO-DATE :entry:default@ProcessLibs...  
[2026-09-10T17:02:10.654] [DEBUG] debug-file - restool module names: entry; moduleName=entry, taskName=default@CompileResource
[2026-09-10T17:02:10.655] [DEBUG] debug-file - Executing task :entry:default@CompileResource
[2026-09-10T17:02:10.703] [DEBUG] debug-file - Incremental task entry:default@CompileResource pre-execution cost: 43 ms .
[2026-09-10T17:02:10.703] [DEBUG] debug-file - entry : default@CompileResource cost memory 0.4833526611328125
[2026-09-10T17:02:10.708] [INFO] debug-file - UP-TO-DATE :entry:default@CompileResource...  
[2026-09-10T17:02:10.710] [DEBUG] debug-file - Executing task :entry:default@DoNativeStrip
[2026-09-10T17:02:10.710] [DEBUG] debug-file - File: 'D:\HW\testproject\complete\4\entry\build\default\intermediates\binxo\default' from 'doBinxoNativeLibs' is not exists, just ignore.
[2026-09-10T17:02:10.710] [DEBUG] debug-file - Task 'entry:default@DoNativeStrip' cost while wrapping incremental declarations: 1 ms 
[2026-09-10T17:02:10.713] [DEBUG] debug-file - Incremental task entry:default@DoNativeStrip pre-execution cost: 3 ms .
[2026-09-10T17:02:10.713] [DEBUG] debug-file - entry : default@DoNativeStrip cost memory 0.0727996826171875
[2026-09-10T17:02:10.714] [INFO] debug-file - UP-TO-DATE :entry:default@DoNativeStrip...  
[2026-09-10T17:02:10.717] [DEBUG] debug-file - Executing task :entry:default@CompileArkTS
[2026-09-10T17:02:10.718] [DEBUG] debug-file - obfuscationOptions: undefined
[2026-09-10T17:02:10.722] [DEBUG] debug-file - Task 'entry:default@CompileArkTS' cost while wrapping incremental declarations: 1 ms 
[2026-09-10T17:02:10.738] [DEBUG] debug-file - entry:default@CompileArkTS is not up-to-date, since the input file 'D:\HW\testproject\complete\4\entry\src\main\ets' has been changed.
[2026-09-10T17:02:10.738] [DEBUG] debug-file - Incremental task entry:default@CompileArkTS pre-execution cost: 13 ms .
[2026-09-10T17:02:10.798] [DEBUG] debug-file - build config:
[2026-09-10T17:02:10.799] [DEBUG] debug-file - {
  moduleType: 'entry',
  perf: 0,
  targetName: '.default',
  packageManagerType: 'ohpm',
  localPropertiesPath: 'D:\\HW\\testproject\\complete\\4\\local.properties',
  isPreview: false,
  isOhosTest: false,
  isLocalTest: false,
  buildMode: 'Debug',
  hotReloadBuild: undefined,
  watchMode: 'false',
  aceProfilePath: 'D:\\HW\\testproject\\complete\\4\\entry\\build\\default\\intermediates\\res\\default\\resources\\base\\profile',
  etsLoaderPath: 'E:\\DevEco Studio\\sdk\\default\\openharmony\\ets\\build-tools\\ets-loader',
  modulePath: 'D:\\HW\\testproject\\complete\\4\\entry',
  testFrameworkPar: {
    testMode: undefined,
    coveragePathFilter: undefined,
    coverageMode: undefined
  },
  needCoverageInsert: false,
  debugLine: false,
  projectTopDir: 'D:\\HW\\testproject\\complete\\4',
  compileSdkVersion: 26,
  compatibleSdkVersion: 26,
  originCompatibleSdkVersion: '26.0.0',
  compatibleSdkVersionStage: undefined,
  bundleName: 'c***p',
  etsLoaderVersion: '26.0.0.105',
  etsLoaderReleaseType: 'Release',
  aotCompileMode: 'type',
  apPath: 'D:\\HW\\testproject\\complete\\4\\entry\\modules.ap',
  entryModuleName: 'entry',
  entryModuleVersion: '1.0.0',
  entryPackageName: 'entry',
  allModuleNameHash: '30e07d57c30f75288c09608296ed8ed07fc604f1881982510ff25b77cb397b11',
  externalApiPaths: [ 'E:\\DevEco Studio\\sdk\\default\\hms\\ets' ],
  compilerTypes: [],
  isCrossplatform: false,
  hvigorPluginFile: undefined,
  compilePluginPath: undefined,
  buildGeneratedProfilePath: 'D:\\HW\\testproject\\complete\\4\\entry\\build\\default\\generated\\profile\\default',
  bundleType: 'app',
  arkTSVersion: undefined,
  apiVersion: 26,
  needCompleteSourcesMap: false,
  isFaMode: false,
  buildDir: 'D:\\HW\\testproject\\complete\\4\\entry\\build',
  buildCacheProjectDir: 'D:\\HW\\testproject\\complete\\4',
  deviceTypes: [ 'phone' ],
  pkgContextInfo: {
    '@ohos/hypium': {
      packageName: '@ohos/hypium',
      bundleName: '*****',
      moduleName: '',
      version: '1.0.24',
      entryPath: 'index.js',
      isSO: false,
      dependencyAlias: ''
    },
    '@ohos/hamock': {
      packageName: '@ohos/hamock',
      bundleName: '*****',
      moduleName: '',
      version: '1.0.0',
      entryPath: 'index.ets',
      isSO: false,
      dependencyAlias: ''
    },
    entry: {
      packageName: 'entry',
      bundleName: '*****',
      moduleName: '',
      version: '',
      entryPath: 'src/main/',
      isSO: false,
      dependencyAlias: ''
    }
  },
  ohPackagePathMap: {},
  dependencyAliasMap: {},
  permission: { requestPermissions: undefined, definePermissions: undefined },
  useGetCurrentBundleName: false,
  projectArkOption: undefined,
  sourceMapDir: undefined,
  branchElimination: false,
  transformLib: undefined,
  tsImportSendable: false,
  resolveConflictMode: true,
  depName2RootPath: {},
  depName2DepInfo: {},
  depName2OhExports: {},
  rootPathSet: [ 'D:\\HW\\testproject\\complete\\4' ],
  useNativeResolver: true,
  shouldEmitJs: true,
  useUnifiedAst: false,
  useTscResolve: false,
  singleFileEmit: false,
  userProjectConfig: {
    autoLazyImport: false,
    allowEmptyBundleName: false,
    reExportCheckMode: 'noCheck',
    executionMode: 'memory',
    usePathPlaceholder: false,
    writeRollupCache: true,
    isExpandImportEnabled: false,
    expandImportExclude: '',
    lazyImportExclude: '',
    lazyImportInclude: '',
    ignoreCrossplatformCheck: false,
    isHarDeduplicateEnabled: false,
    skipOhModulesLint: false,
    enableStrictCheckOHModule: false,
    disableSendableCheckRules: [],
    useDeclarationFileSignature: false,
    customizedOptions: undefined,
    integratedHsp: false,
    tsImportSoCheck: false,
    isPreloadSoEnabled: false
  },
  executionMode: 'memory',
  arkCompileCachePath: 'D:\\HW\\testproject\\complete\\4\\entry\\build\\default\\cache\\default\\default@CompileArkTS\\esmodule',
  autoLazyFilter: undefined,
  isHarDeduplicateEnabled: false,
  intermediateHarDuplicateDirPath: 'D:\\HW\\testproject\\complete\\4\\entry\\build\\default\\intermediates\\har_duplicate\\default',
  autoLazyImport: false,
  allowEmptyBundleName: false,
  reExportCheckMode: 'noCheck',
  usePathPlaceholder: false,
  writeRollupCache: true,
  isExpandImportEnabled: false,
  expandImportExclude: '',
  lazyImportExclude: '',
  lazyImportInclude: '',
  ignoreCrossplatformCheck: false,
  skipOhModulesLint: false,
  enableStrictCheckOHModule: false,
  disableSendableCheckRules: [],
  useDeclarationFileSignature: false,
  customizedOptions: undefined,
  integratedHsp: false,
  tsImportSoCheck: false,
  isPreloadSoEnabled: false,
  strictMode: {
    caseSensitiveCheck: true,
    useNormalizedOHMUrl: true,
    noExternalImportByPath: true
  },
  useNormalizedOHMUrl: true,
  caseSensitiveCheck: true,
  strictCheckerOnly: false,
  aceModuleJsonPath: 'D:\\HW\\testproject\\complete\\4\\entry\\build\\default\\intermediates\\res\\default\\ark_module.json',
  appResource: 'D:\\HW\\testproject\\complete\\4\\entry\\build\\default\\intermediates\\res\\default\\ResourceTable.txt',
  rawFileResource: 'D:\\HW\\testproject\\complete\\4\\entry\\build\\default\\intermediates\\res\\default\\resources\\rawfile',
  resourceTableHash: 'd81a83941c07883d4327563ba2cfe0ac7f68042912820a1577b99d29cbd144cc',
  runtimeOS: 'HarmonyOS',
  sdkInfo: 'false:26:26.0.0.105:Release',
  aceModuleRoot: 'D:\\HW\\testproject\\complete\\4\\entry\\src\\main\\ets',
  compileMode: 'esmodule',
  aceSuperVisualPath: 'D:\\HW\\testproject\\complete\\4\\entry\\src\\main\\supervisual',
  aceBuildJson: 'D:\\HW\\testproject\\complete\\4\\entry\\build\\default\\intermediates\\loader\\default\\loader.json',
  cachePath: 'D:\\HW\\testproject\\complete\\4\\entry\\build\\default\\cache\\default\\default@CompileArkTS\\esmodule\\debug',
  aceModuleBuild: 'D:\\HW\\testproject\\complete\\4\\entry\\build\\default\\intermediates\\loader_out\\default\\ets',
  supportChunks: true,
  declaredFilesPath: undefined,
  shouldCollectDirectImportees: false,
  isByteCodeHarOptimize: false,
  expandImportPath: undefined,
  resourceTableTs: 'D:\\HW\\testproject\\complete\\4\\entry\\build\\default\\generated\\r\\default\\ResourceTable.ts',
  moduleMetaInfoFiles: [
    {
      filePath: 'D:\\HW\\testproject\\complete\\4\\entry\\build\\default\\generated\\r\\default\\ResourceTable.ts',
      ohmurl: '&entry/build/generated/r/ResourceTable&'
    }
  ],
  pkgNameToPkgBriefInfo: {
    entry: {
      pkgRoot: 'D:\\HW\\testproject\\complete\\4\\entry',
      originalSourceRoots: undefined,
      sourceRoots: [Array],
      pkgName: 'entry'
    }
  },
  projectModel: {
    'D:\\HW\\testproject\\complete\\4\\entry\\src\\main': {
      moduleName: 'entry',
      modulePkgPath: 'D:\\HW\\testproject\\complete\\4\\entry',
      belongProjectPath: 'D:\\HW\\testproject\\complete\\4'
    },
    'D:\\HW\\testproject\\complete\\4\\entry\\.test\\default\\intermediates\\src\\ohosTest\\ets': {
      moduleName: 'entry_test',
      modulePkgPath: 'D:\\HW\\testproject\\complete\\4\\entry',
      belongProjectPath: 'D:\\HW\\testproject\\complete\\4'
    },
    'D:\\HW\\testproject\\complete\\4\\entry\\src\\ohosTest': {
      moduleName: 'entry_test',
      modulePkgPath: 'D:\\HW\\testproject\\complete\\4\\entry',
      belongProjectPath: 'D:\\HW\\testproject\\complete\\4'
    },
    'D:\\HW\\testproject\\complete\\4\\entry': {
      moduleName: 'entry',
      modulePkgPath: 'D:\\HW\\testproject\\complete\\4\\entry',
      belongProjectPath: 'D:\\HW\\testproject\\complete\\4'
    },
    'D:\\HW\\testproject\\complete\\4': {
      moduleName: '4',
      modulePkgPath: 'D:\\HW\\testproject\\complete\\4',
      belongProjectPath: 'D:\\HW\\testproject\\complete\\4'
    }
  },
  pkgJsonFileHash: '7ab10e622b876a852aaa87f883a5ca46773dc428b9273d7582651c0540669143',
  allModulePaths: [ 'D:\\HW\\testproject\\complete\\4\\entry' ],
  routerMap: {},
  obfuscationOptions: undefined,
  byteCodeHarToDependencyKeys: undefined,
  compileBlockPkg: [],
  mockParams: {
    decorator: '@MockSetup',
    packageName: '@ohos/hamock',
    etsSourceRootPath: 'src/main/ets',
    mockConfigPath: 'D:\\HW\\testproject\\complete\\4\\entry\\src\\mock\\mock-config.json5',
    mockConfigKey2ModuleInfo: {},
    source2ModuleIdMap: {}
  },
  copyCodeResourceEnable: false,
  copyCodeResourceExcludes: [],
  copyCodeResourceIncludes: undefined,
  uiTransformOptimization: false,
  sdkPath: 'E:/DevEco Studio/sdk',
  needPreloadSoFileSet: {},
  preloadSoFilePath: 'D:\\HW\\testproject\\complete\\4\\entry\\build\\default\\intermediates\\preload\\default\\preload.json',
  useSourceHash: false,
  localModuleParamMap: {},
  otherPaths: {
    'entry/*': [
      '..\\*',
      '..\\..\\..\\build\\default\\generated\\profile\\default\\*'
    ]
  },
  collectImportersConfig: undefined
}
[2026-09-10T17:02:10.801] [DEBUG] debug-file - Compile arkts with external api path: E:\DevEco Studio\sdk\default\hms\ets
[2026-09-10T17:02:10.805] [DEBUG] debug-file - before submitting ArkTS compile task to worker pool, config.buildDir: D:\HW\testproject\complete\4\entry\build
[2026-09-10T17:02:10.806] [DEBUG] debug-file - default@CompileArkTS work[13] is submitted.
[2026-09-10T17:02:10.806] [DEBUG] debug-file - default@CompileArkTS work[13] is pushed to ready queue.
[2026-09-10T17:02:10.806] [DEBUG] debug-file - A work dispatched to worker[15] failed because unable to get work from ready queue.
[2026-09-10T17:02:10.807] [DEBUG] debug-file - A work dispatched to worker[14] failed because unable to get work from ready queue.
[2026-09-10T17:02:10.807] [DEBUG] debug-file - A work dispatched to worker[13] failed because unable to get work from ready queue.
[2026-09-10T17:02:10.807] [DEBUG] debug-file - A work dispatched to worker[12] failed because unable to get work from ready queue.
[2026-09-10T17:02:10.807] [DEBUG] debug-file - A work dispatched to worker[11] failed because unable to get work from ready queue.
[2026-09-10T17:02:10.807] [DEBUG] debug-file - A work dispatched to worker[10] failed because unable to get work from ready queue.
[2026-09-10T17:02:10.807] [DEBUG] debug-file - A work dispatched to worker[9] failed because unable to get work from ready queue.
[2026-09-10T17:02:10.807] [DEBUG] debug-file - A work dispatched to worker[8] failed because unable to get work from ready queue.
[2026-09-10T17:02:10.807] [DEBUG] debug-file - A work dispatched to worker[7] failed because unable to get work from ready queue.
[2026-09-10T17:02:10.808] [DEBUG] debug-file - A work dispatched to worker[6] failed because unable to get work from ready queue.
[2026-09-10T17:02:10.808] [DEBUG] debug-file - A work dispatched to worker[5] failed because unable to get work from ready queue.
[2026-09-10T17:02:10.808] [DEBUG] debug-file - default@CompileArkTS work[13] has been dispatched to worker[4].
[2026-09-10T17:02:10.809] [DEBUG] debug-file - default@CompileArkTS work[13] is dispatched.
[2026-09-10T17:02:10.810] [DEBUG] debug-file - entry : default@CompileArkTS cost memory 1.0367813110351562
[2026-09-10T17:02:10.815] [DEBUG] debug-file - Executing task :entry:default@BuildJS
[2026-09-10T17:02:10.816] [DEBUG] debug-file - Task 'entry:default@BuildJS' cost while wrapping incremental declarations: 1 ms 
[2026-09-10T17:02:10.827] [DEBUG] debug-file - entry : default@BuildJS cost memory 0.11736297607421875
[2026-09-10T17:02:10.827] [DEBUG] debug-file - runTaskFromQueue task cost before running: 800 ms 
[2026-09-10T17:02:10.828] [INFO] debug-file - Finished :entry:default@BuildJS... after 13 ms 
[2026-09-10T17:02:10.831] [DEBUG] debug-file - Executing task :entry:default@CacheNativeLibs
[2026-09-10T17:02:10.832] [DEBUG] debug-file - File: 'D:\HW\testproject\complete\4\entry\build\default\intermediates\binxo\default' from 'cacheBinxoNativeLibs' is not exists, just ignore.
[2026-09-10T17:02:10.833] [DEBUG] debug-file - Task 'entry:default@CacheNativeLibs' cost while wrapping incremental declarations: 2 ms 
[2026-09-10T17:02:10.839] [DEBUG] debug-file - Incremental task entry:default@CacheNativeLibs pre-execution cost: 5 ms .
[2026-09-10T17:02:10.840] [DEBUG] debug-file - entry : default@CacheNativeLibs cost memory 0.0869598388671875
[2026-09-10T17:02:10.841] [INFO] debug-file - UP-TO-DATE :entry:default@CacheNativeLibs...  
[2026-09-10T17:02:12.881] [DEBUG] debug-file - Ark compile task finished.finished time is 191754620638800
[2026-09-10T17:02:12.881] [DEBUG] debug-file - worker[4] has one work done.
[2026-09-10T17:02:12.885] [DEBUG] debug-file - default@CompileArkTS work[13] done.
[2026-09-10T17:02:12.892] [INFO] debug-file - Finished :entry:default@CompileArkTS... after 2 s 164 ms 
[2026-09-10T17:02:12.896] [DEBUG] debug-file - Executing task :entry:default@GeneratePkgModuleJson
[2026-09-10T17:02:12.897] [DEBUG] debug-file - File: 'D:\HW\testproject\complete\4\entry\build\default\intermediates\preload\default\preload.json' from 'preloadSoJsonPath' is not exists, just ignore.
[2026-09-10T17:02:12.898] [DEBUG] debug-file - Error occurs while handling @Input 'shouldDeduplicateHar': The "data" argument must be of type string or an instance of Buffer, TypedArray, or DataView. Received undefined
[2026-09-10T17:02:12.898] [DEBUG] debug-file - Task 'entry:default@GeneratePkgModuleJson' cost while wrapping incremental declarations: 2 ms 
[2026-09-10T17:02:12.901] [DEBUG] debug-file - Incremental task entry:default@GeneratePkgModuleJson pre-execution cost: 3 ms .
[2026-09-10T17:02:12.901] [DEBUG] debug-file - entry : default@GeneratePkgModuleJson cost memory 0.08470916748046875
[2026-09-10T17:02:12.903] [INFO] debug-file - UP-TO-DATE :entry:default@GeneratePkgModuleJson...  
[2026-09-10T17:02:12.906] [DEBUG] debug-file - Executing task :entry:default@ProcessCompiledResources
[2026-09-10T17:02:12.907] [DEBUG] debug-file - File: 'D:\HW\testproject\complete\4\entry\build\default\intermediates\preload\default\preload.json' from 'preloadSoJsonPath' is not exists, just ignore.
[2026-09-10T17:02:12.908] [DEBUG] debug-file - Task 'entry:default@ProcessCompiledResources' cost while wrapping incremental declarations: 1 ms 
[2026-09-10T17:02:12.909] [DEBUG] debug-file - entry : default@ProcessCompiledResources cost memory 0.05020904541015625
[2026-09-10T17:02:12.909] [DEBUG] debug-file - runTaskFromQueue task cost before running: 2 s 882 ms 
[2026-09-10T17:02:12.910] [INFO] debug-file - Finished :entry:default@ProcessCompiledResources... after 4 ms 
[2026-09-10T17:02:12.916] [DEBUG] debug-file - Executing task :entry:default@PackageHap
[2026-09-10T17:02:12.954] [DEBUG] debug-file - entry:default@PackageHap is not up-to-date, since the input file 'D:\HW\testproject\complete\4\entry\build\default\intermediates\loader_out\default\ets' has been changed.
[2026-09-10T17:02:12.956] [DEBUG] debug-file - Incremental task entry:default@PackageHap pre-execution cost: 33 ms .
[2026-09-10T17:02:12.962] [DEBUG] debug-file - Use tool [E:\DevEco Studio\sdk\default\openharmony\toolchains\lib\app_packing_tool.jar]
 [
  'java',
  '-Dfile.encoding=GBK',
  '-jar',
  'E:\\DevEco Studio\\sdk\\default\\openharmony\\toolchains\\lib\\app_packing_tool.jar',
  '--mode',
  'hap',
  '--force',
  'true',
  '--lib-path',
  'D:\\HW\\testproject\\complete\\4\\entry\\build\\default\\intermediates\\stripped_native_libs\\default',
  '--json-path',
  'D:\\HW\\testproject\\complete\\4\\entry\\build\\default\\intermediates\\package\\default\\module.json',
  '--resources-path',
  'D:\\HW\\testproject\\complete\\4\\entry\\build\\default\\intermediates\\res\\default\\resources',
  '--index-path',
  'D:\\HW\\testproject\\complete\\4\\entry\\build\\default\\intermediates\\res\\default\\resources.index',
  '--pack-info-path',
  'D:\\HW\\testproject\\complete\\4\\entry\\build\\default\\outputs\\default\\pack.info',
  '--out-path',
  'D:\\HW\\testproject\\complete\\4\\entry\\build\\default\\outputs\\default\\entry-default-unsigned.hap',
  '--ets-path',
  'D:\\HW\\testproject\\complete\\4\\entry\\build\\default\\intermediates\\loader_out\\default\\ets',
  '--pkg-context-path',
  'D:\\HW\\testproject\\complete\\4\\entry\\build\\default\\intermediates\\loader\\default\\pkgContextInfo.json'
]
[2026-09-10T17:02:12.964] [DEBUG] debug-file - default@PackageHap work[14] is submitted.
[2026-09-10T17:02:12.964] [DEBUG] debug-file - default@PackageHap work[14] is pushed to ready queue.
[2026-09-10T17:02:12.965] [DEBUG] debug-file - A work dispatched to worker[15] failed because unable to get work from ready queue.
[2026-09-10T17:02:12.965] [DEBUG] debug-file - Create  resident worker with id: 14.
[2026-09-10T17:02:12.974] [DEBUG] debug-file - default@PackageHap work[14] has been dispatched to worker[14].
[2026-09-10T17:02:12.975] [DEBUG] debug-file - default@PackageHap work[14] is dispatched.
[2026-09-10T17:02:12.994] [DEBUG] debug-file - entry : default@PackageHap cost memory 0.44698333740234375
[2026-09-10T17:02:16.536] [DEBUG] debug-file - current process  memoryUsage: {
  rss: 450379776,
  heapTotal: 79118336,
  heapUsed: 50497272,
  external: 3958577,
  arrayBuffers: 18671
} os memoryUsage :14.47690200805664
[2026-09-10T17:02:17.425] [DEBUG] debug-file - worker[14] has one work done.
[2026-09-10T17:02:17.425] [DEBUG] debug-file - default@PackageHap work[14] done.
[2026-09-10T17:02:17.425] [DEBUG] debug-file - A work dispatched to worker[14] failed because unable to get work from ready queue.
[2026-09-10T17:02:17.427] [INFO] debug-file - Finished :entry:default@PackageHap... after 975 ms 
[2026-09-10T17:02:17.429] [DEBUG] debug-file - Executing task :entry:default@PackingCheck
[2026-09-10T17:02:17.436] [DEBUG] debug-file - entry : default@PackingCheck cost memory 0.34889984130859375
[2026-09-10T17:02:17.436] [DEBUG] debug-file - runTaskFromQueue task cost before running: 7 s 409 ms 
[2026-09-10T17:02:17.437] [INFO] debug-file - Finished :entry:default@PackingCheck... after 8 ms 
[2026-09-10T17:02:17.439] [DEBUG] debug-file - Executing task :entry:default@SignHap
[2026-09-10T17:02:17.439] [WARN] debug-file - Will skip sign 'hos_hap'. No signingConfigs profile is configured in current project.
             If needed, configure the signingConfigs in D:\HW\testproject\complete\4\build-profile.json5.
[2026-09-10T17:02:17.440] [DEBUG] debug-file - entry:default@SignHap is not up-to-date, since the input file 'D:\HW\testproject\complete\4\entry\build\default\outputs\default\entry-default-unsigned.hap' has been changed.
[2026-09-10T17:02:17.440] [DEBUG] debug-file - Incremental task entry:default@SignHap pre-execution cost: 2 ms .
[2026-09-10T17:02:17.441] [DEBUG] debug-file - entry : default@SignHap cost memory 0.07402801513671875
[2026-09-10T17:02:17.441] [DEBUG] debug-file - runTaskFromQueue task cost before running: 7 s 414 ms 
[2026-09-10T17:02:17.442] [INFO] debug-file - Finished :entry:default@SignHap... after 3 ms 
[2026-09-10T17:02:17.444] [DEBUG] debug-file - Executing task :entry:default@CollectDebugSymbol
[2026-09-10T17:02:17.445] [DEBUG] debug-file - entry : default@CollectDebugSymbol cost memory 0.07729339599609375
[2026-09-10T17:02:17.445] [DEBUG] debug-file - runTaskFromQueue task cost before running: 7 s 418 ms 
[2026-09-10T17:02:17.446] [INFO] debug-file - Finished :entry:default@CollectDebugSymbol... after 2 ms 
[2026-09-10T17:02:17.446] [DEBUG] debug-file - Executing task :entry:assembleHap
[2026-09-10T17:02:17.446] [DEBUG] debug-file - entry : assembleHap cost memory 0.01397705078125
[2026-09-10T17:02:17.446] [DEBUG] debug-file - runTaskFromQueue task cost before running: 7 s 419 ms 
[2026-09-10T17:02:17.447] [INFO] debug-file - Finished :entry:assembleHap... after 1 ms 
[2026-09-10T17:02:17.448] [INFO] debug-file - BUILD SUCCESSFUL in 7 s 420 ms 
[2026-09-10T17:02:17.448] [DEBUG] debug-file - There is no need to refresh cache, since the incremental task entry:default@PreBuild is up-to-date.
[2026-09-10T17:02:17.448] [DEBUG] debug-file - Update task entry:default@CreateModuleInfo output file:D:\HW\testproject\complete\4\entry\build\default\generated\profile\default\ModuleInfo.ts cache.
[2026-09-10T17:02:17.449] [DEBUG] debug-file - Incremental task entry:default@CreateModuleInfo post-execution cost:1 ms .
[2026-09-10T17:02:17.449] [DEBUG] debug-file - There is no need to refresh cache, since the incremental task entry:default@GenerateMetadata is up-to-date.
[2026-09-10T17:02:17.449] [DEBUG] debug-file - There is no need to refresh cache, since the incremental task entry:default@MergeProfile is up-to-date.
[2026-09-10T17:02:17.450] [DEBUG] debug-file - There is no need to refresh cache, since the incremental task entry:default@CreateBuildProfile is up-to-date.
[2026-09-10T17:02:17.450] [DEBUG] debug-file - There is no need to refresh cache, since the incremental task entry:default@GeneratePkgContextInfo is up-to-date.
[2026-09-10T17:02:17.450] [DEBUG] debug-file - Update task entry:default@GeneratePkgSdkInfo output file:D:\HW\testproject\complete\4\entry\build\default\intermediates\loader\default\pkgSdkInfo.json cache.
[2026-09-10T17:02:17.450] [DEBUG] debug-file - Incremental task entry:default@GeneratePkgSdkInfo post-execution cost:1 ms .
[2026-09-10T17:02:17.451] [DEBUG] debug-file - Update task entry:default@ProcessIntegratedHsp output file:D:\HW\testproject\complete\4\build\cache\default\integrated_hsp\integratedHspCache.json cache.
[2026-09-10T17:02:17.451] [DEBUG] debug-file - Incremental task entry:default@ProcessIntegratedHsp post-execution cost:1 ms .
[2026-09-10T17:02:17.451] [DEBUG] debug-file - There is no need to refresh cache, since the incremental task entry:default@MakePackInfo is up-to-date.
[2026-09-10T17:02:17.451] [DEBUG] debug-file - Update task entry:default@SyscapTransform input file:E:\DevEco Studio\sdk\default\openharmony\toolchains\syscap_tool.exe cache by regenerate.
[2026-09-10T17:02:17.452] [DEBUG] debug-file - Update task entry:default@SyscapTransform input file:E:\DevEco Studio\sdk\default\openharmony\ets\api\device-define cache by regenerate.
[2026-09-10T17:02:17.455] [DEBUG] debug-file - Update task entry:default@SyscapTransform output file:D:\HW\testproject\complete\4\entry\build\default\intermediates\syscap\default\rpcid.sc cache.
[2026-09-10T17:02:17.456] [DEBUG] debug-file - Incremental task entry:default@SyscapTransform post-execution cost:5 ms .
[2026-09-10T17:02:17.456] [DEBUG] debug-file - There is no need to refresh cache, since the incremental task entry:default@ProcessProfile is up-to-date.
[2026-09-10T17:02:17.456] [DEBUG] debug-file - There is no need to refresh cache, since the incremental task entry:default@ProcessRouterMap is up-to-date.
[2026-09-10T17:02:17.456] [DEBUG] debug-file - There is no need to refresh cache, since the incremental task entry:default@ProcessShareConfig is up-to-date.
[2026-09-10T17:02:17.457] [DEBUG] debug-file - Update task entry:default@ProcessStartupConfig input file:D:\HW\testproject\complete\4\entry\build\default\intermediates\loader\default\pkgContextInfo.json cache by regenerate.
[2026-09-10T17:02:17.457] [DEBUG] debug-file - Update task entry:default@ProcessStartupConfig output file:D:\HW\testproject\complete\4\entry\build\default\intermediates\startup\default\startup_config.json cache.
[2026-09-10T17:02:17.458] [DEBUG] debug-file - Incremental task entry:default@ProcessStartupConfig post-execution cost:2 ms .
[2026-09-10T17:02:17.458] [DEBUG] debug-file - There is no need to refresh cache, since the incremental task entry:default@ProcessResource is up-to-date.
[2026-09-10T17:02:17.458] [DEBUG] debug-file - There is no need to refresh cache, since the incremental task entry:default@GenerateLoaderJson is up-to-date.
[2026-09-10T17:02:17.458] [DEBUG] debug-file - There is no need to refresh cache, since the incremental task entry:default@ProcessLibs is up-to-date.
[2026-09-10T17:02:17.458] [DEBUG] debug-file - There is no need to refresh cache, since the incremental task entry:default@CompileResource is up-to-date.
[2026-09-10T17:02:17.458] [DEBUG] debug-file - There is no need to refresh cache, since the incremental task entry:default@DoNativeStrip is up-to-date.
[2026-09-10T17:02:17.461] [DEBUG] debug-file - Update task entry:default@CompileArkTS input file:D:\HW\testproject\complete\4\entry\build\default\intermediates\loader\default cache by regenerate.
[2026-09-10T17:02:17.462] [DEBUG] debug-file - Update task entry:default@CompileArkTS input file:D:\HW\testproject\complete\4\entry\build\default\intermediates\res\default\resources\rawfile cache by regenerate.
[2026-09-10T17:02:17.462] [DEBUG] debug-file - Update task entry:default@CompileArkTS input file:D:\HW\testproject\complete\4\entry\build\default\intermediates\res\default\ResourceTable.txt cache by regenerate.
[2026-09-10T17:02:17.463] [DEBUG] debug-file - Update task entry:default@CompileArkTS input file:D:\HW\testproject\complete\4\entry\build\default\intermediates\res\default\ark_module.json cache by regenerate.
[2026-09-10T17:02:17.463] [DEBUG] debug-file - Update task entry:default@CompileArkTS input file:D:\HW\testproject\complete\4\entry\build\default\intermediates\res\default\resources\base\profile cache by regenerate.
[2026-09-10T17:02:17.464] [DEBUG] debug-file - Update task entry:default@CompileArkTS input file:D:\HW\testproject\complete\4\entry\src\main\ets cache from map.
[2026-09-10T17:02:17.464] [DEBUG] debug-file - Update task entry:default@CompileArkTS input file:D:\HW\testproject\complete\4\entry\build\default\intermediates\loader\default\pkgContextInfo.json cache by regenerate.
[2026-09-10T17:02:17.464] [DEBUG] debug-file - Update task entry:default@CompileArkTS input file:D:\HW\testproject\complete\4\entry\build\default\generated\profile\default\BuildProfile.ets cache by regenerate.
[2026-09-10T17:02:17.465] [DEBUG] debug-file - Update task entry:default@CompileArkTS input file:D:\HW\testproject\complete\4\entry\src\mock\mock-config.json5 cache by regenerate.
[2026-09-10T17:02:17.465] [DEBUG] debug-file - Update task entry:default@CompileArkTS output file:D:\HW\testproject\complete\4\entry\build\default\intermediates\loader_out\default\ets cache.
[2026-09-10T17:02:17.466] [DEBUG] debug-file - Incremental task entry:default@CompileArkTS post-execution cost:8 ms .
[2026-09-10T17:02:17.468] [DEBUG] debug-file - Update task entry:default@BuildJS input file:D:\HW\testproject\complete\4\entry\build\default\intermediates\loader\default cache by regenerate.
[2026-09-10T17:02:17.470] [DEBUG] debug-file - Update task entry:default@BuildJS input file:D:\HW\testproject\complete\4\entry\build\default\intermediates\res\default\resources\rawfile cache by regenerate.
[2026-09-10T17:02:17.470] [DEBUG] debug-file - Update task entry:default@BuildJS input file:D:\HW\testproject\complete\4\entry\build\default\intermediates\res\default\ResourceTable.txt cache by regenerate.
[2026-09-10T17:02:17.471] [DEBUG] debug-file - Update task entry:default@BuildJS input file:D:\HW\testproject\complete\4\entry\build\default\intermediates\res\default\ark_module.json cache by regenerate.
[2026-09-10T17:02:17.471] [DEBUG] debug-file - Update task entry:default@BuildJS input file:D:\HW\testproject\complete\4\entry\build\default\intermediates\res\default\resources\base\profile cache by regenerate.
[2026-09-10T17:02:17.473] [DEBUG] debug-file - Update task entry:default@BuildJS input file:D:\HW\testproject\complete\4\entry\build\default\intermediates\loader\default\pkgContextInfo.json cache by regenerate.
[2026-09-10T17:02:17.473] [DEBUG] debug-file - Update task entry:default@BuildJS output file:D:\HW\testproject\complete\4\entry\build\default\intermediates\loader_out\default\js cache.
[2026-09-10T17:02:17.474] [DEBUG] debug-file - Incremental task entry:default@BuildJS post-execution cost:8 ms .
[2026-09-10T17:02:17.474] [DEBUG] debug-file - There is no need to refresh cache, since the incremental task entry:default@CacheNativeLibs is up-to-date.
[2026-09-10T17:02:17.474] [DEBUG] debug-file - There is no need to refresh cache, since the incremental task entry:default@GeneratePkgModuleJson is up-to-date.
[2026-09-10T17:02:17.474] [DEBUG] debug-file - Incremental task entry:default@ProcessCompiledResources post-execution cost:1 ms .
[2026-09-10T17:02:17.476] [DEBUG] debug-file - Update task entry:default@PackageHap input file:D:\HW\testproject\complete\4\entry\build\default\outputs\default\pack.info cache by regenerate.
[2026-09-10T17:02:17.477] [DEBUG] debug-file - Update task entry:default@PackageHap input file:D:\HW\testproject\complete\4\entry\build\default\intermediates\stripped_native_libs\default cache by regenerate.
[2026-09-10T17:02:17.478] [DEBUG] debug-file - Update task entry:default@PackageHap input file:D:\HW\testproject\complete\4\entry\build\default\intermediates\res\default\module.json cache by regenerate.
[2026-09-10T17:02:17.478] [DEBUG] debug-file - Update task entry:default@PackageHap input file:D:\HW\testproject\complete\4\entry\build\default\intermediates\res\default\resources cache by regenerate.
[2026-09-10T17:02:17.482] [DEBUG] debug-file - Update task entry:default@PackageHap input file:D:\HW\testproject\complete\4\entry\build\default\intermediates\res\default\resources.index cache by regenerate.
[2026-09-10T17:02:17.482] [DEBUG] debug-file - Update task entry:default@PackageHap input file:D:\HW\testproject\complete\4\entry\build\default\intermediates\loader_out\default\ets cache from map.
[2026-09-10T17:02:17.482] [DEBUG] debug-file - Update task entry:default@PackageHap input file:D:\HW\testproject\complete\4\entry\build\default\intermediates\loader\default\pkgContextInfo.json cache by regenerate.
[2026-09-10T17:02:17.482] [DEBUG] debug-file - Update task entry:default@PackageHap input file:D:\HW\testproject\complete\4\entry\build\default\intermediates\package\default\module.json cache by regenerate.
[2026-09-10T17:02:17.483] [DEBUG] debug-file - Update task entry:default@PackageHap input file:D:\HW\testproject\complete\4\entry\build\default\intermediates\loader_out\default\ets\sourceMaps.map cache by regenerate.
[2026-09-10T17:02:17.484] [DEBUG] debug-file - Update task entry:default@PackageHap input file:D:\HW\testproject\complete\4\entry\build\default\generated\profile\default\BuildProfile.ets cache by regenerate.
[2026-09-10T17:02:17.485] [DEBUG] debug-file - Update task entry:default@PackageHap output file:D:\HW\testproject\complete\4\entry\build\default\outputs\default\entry-default-unsigned.hap cache.
[2026-09-10T17:02:17.488] [DEBUG] debug-file - Update task entry:default@PackageHap output file:D:\HW\testproject\complete\4\entry\build\default\intermediates\source_map\default\sourceMaps.map cache.
[2026-09-10T17:02:17.488] [DEBUG] debug-file - Update task entry:default@PackageHap output file:D:\HW\testproject\complete\4\entry\build\default\outputs\default\mapping\sourceMaps.map cache.
[2026-09-10T17:02:17.489] [DEBUG] debug-file - Incremental task entry:default@PackageHap post-execution cost:15 ms .
[2026-09-10T17:02:17.489] [DEBUG] debug-file - Update task entry:default@SignHap input file:D:\HW\testproject\complete\4\entry\build\default\outputs\default\entry-default-unsigned.hap cache from map.
[2026-09-10T17:02:17.489] [DEBUG] debug-file - Update task entry:default@SignHap output file:D:\HW\testproject\complete\4\entry\build\default\outputs\default\entry-default-signed.hap cache.
[2026-09-10T17:02:17.489] [DEBUG] debug-file - Incremental task entry:default@SignHap post-execution cost:1 ms .
[2026-09-10T17:02:17.490] [DEBUG] debug-file - Update task entry:default@CollectDebugSymbol input file:D:\HW\testproject\complete\4\entry\build\default\intermediates\loader_out\default\ets\sourceMaps.map cache by regenerate.
[2026-09-10T17:02:17.490] [DEBUG] debug-file - Update task entry:default@CollectDebugSymbol input file:D:\HW\testproject\complete\4\entry\build\default\intermediates\libs\default cache by regenerate.
[2026-09-10T17:02:17.491] [DEBUG] debug-file - Update task entry:default@CollectDebugSymbol output file:D:\HW\testproject\complete\4\entry\build\default\outputs\default\symbol cache.
[2026-09-10T17:02:17.491] [DEBUG] debug-file - Incremental task entry:default@CollectDebugSymbol post-execution cost:2 ms .
[2026-09-10T17:02:17.509] [DEBUG] debug-file - Cleanup worker 14.
[2026-09-10T17:02:17.511] [DEBUG] debug-file - hvigor build process will be closed.
[2026-09-10T17:02:17.524] [DEBUG] debug-file - worker[14] exits with exit code 1.
[2026-09-10T17:02:17.524] [DEBUG] debug-file - Worker 14 has been cleaned up.
[2026-09-10T17:02:17.525] [DEBUG] debug-file - Current idle worker size: 1.
[2026-09-10T17:02:17.525] [DEBUG] debug-file - Current resident worker size: 1.
[2026-09-10T17:02:17.546] [DEBUG] debug-file - session manager: send message to worker process. WorkerThreadId: 0, data: {"type":"hvigor_failed","reason":"Server has disconnected."}
[2026-09-10T17:02:17.551] [DEBUG] debug-file - session manager: send message to worker process. WorkerThreadId: 0, data: {"type":"CloseWatch","reason":"Server has disconnected."}
[2026-09-10T17:02:17.546] [DEBUG] debug-file - watch worker: worker id should be larger than 0. Nothing will be sent to any worker thread.
[2026-09-10T17:02:17.547] [DEBUG] debug-file - ABORT_WORK sent to workers.
[2026-09-10T17:02:17.551] [DEBUG] debug-file - watch worker: worker id should be larger than 0. Nothing will be sent to any worker thread.
[2026-09-10T17:03:38.925] [DEBUG] debug-file - session manager: set active socket. socketId=W7-nRPuE9aSDlIGkAAAT
[2026-09-10T17:03:38.946] [DEBUG] debug-file - watch worker: worker id should be larger than 0. Nothing will be sent to any worker thread.
[2026-09-10T17:03:38.961] [DEBUG] debug-file - Workers' log level updated to INFO
[2026-09-10T17:03:38.968] [DEBUG] debug-file - Hvigor init with startParameters:{
  hvigorfileTypeCheck: false,
  parallelExecution: true,
  incrementalExecution: true,
  printStackTrace: false,
  daemon: true,
  analyze: 0,
  logLevel: Level { level: 20000, levelStr: 'INFO', colour: 'green' },
  optimizationStrategy: 'memory',
  hotCompile: undefined,
  hotReloadBuild: undefined,
  customizedParam: undefined
}
[2026-09-10T17:03:38.979] [DEBUG] debug-file - Cache service initialization finished in 11 ms 
[2026-09-10T17:03:38.980] [DEBUG] debug-file - hvigorfile, resolving D:\HW\testproject\complete\4\hvigorfile.ts
[2026-09-10T17:03:38.993] [DEBUG] debug-file - hvigorfile, require result:  { default: { plugins: [] } }
[2026-09-10T17:03:38.993] [DEBUG] debug-file - hvigorfile, binding system plugins null
[2026-09-10T17:03:38.993] [DEBUG] debug-file - Starting plugin build process
[2026-09-10T17:03:38.993] [DEBUG] debug-file - App plugin prepare start...
[2026-09-10T17:03:38.993] [DEBUG] debug-file - App plugin prepare end...
[2026-09-10T17:03:38.994] [DEBUG] debug-file - App plugin creating...
[2026-09-10T17:03:39.005] [DEBUG] debug-file - App plugin register hook start...
[2026-09-10T17:03:39.005] [DEBUG] debug-file - App plugin register hook end...
[2026-09-10T17:03:39.005] [DEBUG] debug-file - Plugin build process completed
[2026-09-10T17:03:39.006] [DEBUG] debug-file - Start initialize project's product build option map with build mode debug.
[2026-09-10T17:03:39.006] [DEBUG] debug-file - Picking option from product 'default' with build mode 'debug'.
[2026-09-10T17:03:39.006] [DEBUG] debug-file - Product 'default' build option initialized
[2026-09-10T17:03:39.007] [DEBUG] debug-file - End initialize project's product build option map with build mode 'debug'.
[2026-09-10T17:03:39.007] [DEBUG] debug-file - Obtain build option for product 'default'in this build.
[2026-09-10T17:03:39.017] [DEBUG] debug-file - No signingConfig found, initRemoteHspCache failed.
[2026-09-10T17:03:39.022] [DEBUG] debug-file - Start recording SDK configuration permission data.
[2026-09-10T17:03:39.119] [DEBUG] debug-file - Sdk init in 100 ms 
[2026-09-10T17:03:39.129] [DEBUG] debug-file - Project task initialization takes 9 ms 
[2026-09-10T17:03:39.130] [DEBUG] debug-file - hvigorfile, begin to bind custom plugins...
[2026-09-10T17:03:39.130] [DEBUG] debug-file - hvigorfile, no custom plugins were found in D:\HW\testproject\complete\4\hvigorfile.ts
[2026-09-10T17:03:39.130] [DEBUG] debug-file - hvigorfile, resolve finished D:\HW\testproject\complete\4\hvigorfile.ts
[2026-09-10T17:03:39.132] [DEBUG] debug-file - hvigorfile, resolving D:\HW\testproject\complete\4\entry\hvigorfile.ts
[2026-09-10T17:03:39.144] [DEBUG] debug-file - hvigorfile, require result:  { default: { plugins: [] } }
[2026-09-10T17:03:39.144] [DEBUG] debug-file - hvigorfile, binding system plugins null
[2026-09-10T17:03:39.145] [DEBUG] debug-file - Starting plugin build process
[2026-09-10T17:03:39.145] [DEBUG] debug-file - Hap plugin creating...
[2026-09-10T17:03:39.150] [DEBUG] debug-file - failed to load cangjie to dynamically generate schemas: Error: Cannot find module '@ohos/cangjie-build-support/index'
Require stack:
- E:\DevEco Studio\tools\hvigor\hvigor-ohos-plugin\src\plugin\hooks\cangjie-register.js
- E:\DevEco Studio\tools\hvigor\hvigor-ohos-plugin\src\plugin\strategy\stage-init-strategy.js
- E:\DevEco Studio\tools\hvigor\hvigor-ohos-plugin\src\plugin\builder\abstract-plugin-builder.js
- E:\DevEco Studio\tools\hvigor\hvigor-ohos-plugin\src\plugin\builder\app-plugin-builder.js
- E:\DevEco Studio\tools\hvigor\hvigor-ohos-plugin\src\plugin\factory\plugin-factory.js
- E:\DevEco Studio\tools\hvigor\hvigor-ohos-plugin\index.js
- D:\HW\testproject\complete\4\hvigorfile.ts
- E:\DevEco Studio\tools\hvigor\hvigor\src\base\internal\lifecycle\configuration.js
- E:\DevEco Studio\tools\hvigor\hvigor\src\base\boot\index.js
- E:\DevEco Studio\tools\hvigor\hvigor\src\base\daemon\cluster\worker-process-lifecycle.js
- E:\DevEco Studio\tools\hvigor\hvigor\src\base\daemon\process\daemon-process-boot-script.js
[2026-09-10T17:03:39.157] [DEBUG] debug-file - Start initialize module-target build option map, moduleName=entry, buildMode=debug
[2026-09-10T17:03:39.158] [DEBUG] debug-file - Target 'default' config initialized
[2026-09-10T17:03:39.159] [DEBUG] debug-file - Target 'ohosTest' config initialized
[2026-09-10T17:03:39.160] [DEBUG] debug-file - Module 'entry' target 'default' build option initialized
[2026-09-10T17:03:39.161] [DEBUG] debug-file - Module 'entry' target 'ohosTest' build option initialized
[2026-09-10T17:03:39.161] [DEBUG] debug-file - End initialize module-target build option map, moduleName=entry
[2026-09-10T17:03:39.161] [DEBUG] debug-file - Start initialize module-target build option map, moduleName=entry, buildMode=release
[2026-09-10T17:03:39.161] [DEBUG] debug-file - Target 'default' config initialized
[2026-09-10T17:03:39.163] [DEBUG] debug-file - Target 'ohosTest' config initialized
[2026-09-10T17:03:39.164] [DEBUG] debug-file - Module 'entry' target 'default' build option initialized
[2026-09-10T17:03:39.164] [DEBUG] debug-file - Module 'entry' target 'ohosTest' build option initialized
[2026-09-10T17:03:39.164] [DEBUG] debug-file - End initialize module-target build option map, moduleName=entry
[2026-09-10T17:03:39.165] [DEBUG] debug-file - Start initialize module-target build option map, moduleName=entry, buildMode=debug
[2026-09-10T17:03:39.165] [DEBUG] debug-file - Target 'default' config initialized
[2026-09-10T17:03:39.166] [DEBUG] debug-file - Target 'ohosTest' config initialized
[2026-09-10T17:03:39.168] [DEBUG] debug-file - Module 'entry' target 'default' build option initialized
[2026-09-10T17:03:39.168] [DEBUG] debug-file - Module 'entry' target 'ohosTest' build option initialized
[2026-09-10T17:03:39.168] [DEBUG] debug-file - End initialize module-target build option map, moduleName=entry
[2026-09-10T17:03:39.169] [DEBUG] debug-file - Obtain build option for module 'entry' target 'default'in this build.
[2026-09-10T17:03:39.180] [DEBUG] debug-file - Module entry task initialization takes 8 ms 
[2026-09-10T17:03:39.180] [DEBUG] debug-file - Hap plugin register hook start...
[2026-09-10T17:03:39.181] [DEBUG] debug-file - Hap plugin register hook end...
[2026-09-10T17:03:39.181] [DEBUG] debug-file - Plugin build process completed
[2026-09-10T17:03:39.181] [DEBUG] debug-file - hvigorfile, begin to bind custom plugins...
[2026-09-10T17:03:39.181] [DEBUG] debug-file - hvigorfile, no custom plugins were found in D:\HW\testproject\complete\4\entry\hvigorfile.ts
[2026-09-10T17:03:39.182] [DEBUG] debug-file - hvigorfile, resolve finished D:\HW\testproject\complete\4\entry\hvigorfile.ts
[2026-09-10T17:03:39.339] [DEBUG] debug-file - hvigorfile, resolve hvigorfile dependencies in 157 ms 
[2026-09-10T17:03:39.339] [DEBUG] debug-file - project has submodules:entry
[2026-09-10T17:03:39.353] [DEBUG] debug-file - start to load updatedOhPackageInfo to the disk
[2026-09-10T17:03:39.370] [DEBUG] debug-file - load to the disk finished
[2026-09-10T17:03:39.374] [DEBUG] debug-file - Start to initialize dependency information.
[2026-09-10T17:03:39.392] [DEBUG] debug-file - Module 4 Collected Dependency: 
[2026-09-10T17:03:39.392] [DEBUG] debug-file - Module 4's total dependency: 0
[2026-09-10T17:03:39.393] [DEBUG] debug-file - Start to initialize dependency information.
[2026-09-10T17:03:39.399] [DEBUG] debug-file - Module entry Collected Dependency: 
[2026-09-10T17:03:39.400] [DEBUG] debug-file - Module entry's total dependency: 0
[2026-09-10T17:03:39.406] [DEBUG] debug-file - Configuration phase cost:428 ms 
[2026-09-10T17:03:39.410] [DEBUG] debug-file - Configuration task cost before running: 448 ms 
[2026-09-10T17:03:39.423] [DEBUG] debug-file - Executing task :entry:default@PreBuild
[2026-09-10T17:03:39.440] [DEBUG] debug-file - Task 'entry:default@PreBuild' cost while wrapping incremental declarations: 1 ms 
[2026-09-10T17:03:39.476] [DEBUG] debug-file - Incremental task entry:default@PreBuild pre-execution cost: 24 ms .
[2026-09-10T17:03:39.476] [DEBUG] debug-file - entry : default@PreBuild cost memory 0.5317001342773438
[2026-09-10T17:03:39.486] [INFO] debug-file - UP-TO-DATE :entry:default@PreBuild...  
[2026-09-10T17:03:39.490] [DEBUG] debug-file - Executing task :entry:default@CreateModuleInfo
[2026-09-10T17:03:39.492] [DEBUG] debug-file - Task 'entry:default@CreateModuleInfo' cost while wrapping incremental declarations: 1 ms 
[2026-09-10T17:03:39.493] [DEBUG] debug-file - entry : default@CreateModuleInfo cost memory 0.03937530517578125
[2026-09-10T17:03:39.494] [DEBUG] debug-file - runTaskFromQueue task cost before running: 532 ms 
[2026-09-10T17:03:39.495] [INFO] debug-file - Finished :entry:default@CreateModuleInfo... after 4 ms 
[2026-09-10T17:03:39.500] [DEBUG] debug-file - Executing task :entry:default@GenerateMetadata
[2026-09-10T17:03:39.502] [DEBUG] debug-file - Task 'entry:default@GenerateMetadata' cost while wrapping incremental declarations: 2 ms 
[2026-09-10T17:03:39.505] [DEBUG] debug-file - Incremental task entry:default@GenerateMetadata pre-execution cost: 3 ms .
[2026-09-10T17:03:39.505] [DEBUG] debug-file - entry : default@GenerateMetadata cost memory 0.07697296142578125
[2026-09-10T17:03:39.506] [INFO] debug-file - UP-TO-DATE :entry:default@GenerateMetadata...  
[2026-09-10T17:03:39.509] [DEBUG] debug-file - Executing task :entry:default@ConfigureCmake
[2026-09-10T17:03:39.510] [DEBUG] debug-file - entry : default@ConfigureCmake cost memory 0.02069091796875
[2026-09-10T17:03:39.510] [DEBUG] debug-file - runTaskFromQueue task cost before running: 548 ms 
[2026-09-10T17:03:39.511] [INFO] debug-file - Finished :entry:default@ConfigureCmake... after 2 ms 
[2026-09-10T17:03:39.516] [DEBUG] debug-file - Executing task :entry:default@MergeProfile
[2026-09-10T17:03:39.517] [DEBUG] debug-file - Task 'entry:default@MergeProfile' cost while wrapping incremental declarations: 1 ms 
[2026-09-10T17:03:39.524] [DEBUG] debug-file - Incremental task entry:default@MergeProfile pre-execution cost: 6 ms .
[2026-09-10T17:03:39.525] [DEBUG] debug-file - entry : default@MergeProfile cost memory 0.10460662841796875
[2026-09-10T17:03:39.526] [INFO] debug-file - UP-TO-DATE :entry:default@MergeProfile...  
[2026-09-10T17:03:39.529] [DEBUG] debug-file - Executing task :entry:default@CreateBuildProfile
[2026-09-10T17:03:39.532] [DEBUG] debug-file - Task 'entry:default@CreateBuildProfile' cost while wrapping incremental declarations: 2 ms 
[2026-09-10T17:03:39.536] [DEBUG] debug-file - Incremental task entry:default@CreateBuildProfile pre-execution cost: 4 ms .
[2026-09-10T17:03:39.537] [DEBUG] debug-file - entry : default@CreateBuildProfile cost memory 0.1002044677734375
[2026-09-10T17:03:39.537] [INFO] debug-file - UP-TO-DATE :entry:default@CreateBuildProfile...  
[2026-09-10T17:03:39.541] [DEBUG] debug-file - Executing task :entry:default@PreCheckSyscap
[2026-09-10T17:03:39.542] [DEBUG] debug-file - entry : default@PreCheckSyscap cost memory 0.02114105224609375
[2026-09-10T17:03:39.542] [DEBUG] debug-file - runTaskFromQueue task cost before running: 580 ms 
[2026-09-10T17:03:39.543] [INFO] debug-file - Finished :entry:default@PreCheckSyscap... after 2 ms 
[2026-09-10T17:03:39.548] [DEBUG] debug-file - Executing task :entry:default@GeneratePkgContextInfo
[2026-09-10T17:03:39.561] [DEBUG] debug-file - Task 'entry:default@GeneratePkgContextInfo' cost while wrapping incremental declarations: 1 ms 
[2026-09-10T17:03:39.565] [DEBUG] debug-file - Incremental task entry:default@GeneratePkgContextInfo pre-execution cost: 2 ms .
[2026-09-10T17:03:39.565] [DEBUG] debug-file - entry : default@GeneratePkgContextInfo cost memory 0.19644927978515625
[2026-09-10T17:03:39.566] [INFO] debug-file - UP-TO-DATE :entry:default@GeneratePkgContextInfo...  
[2026-09-10T17:03:39.570] [DEBUG] debug-file - Executing task :entry:default@GeneratePkgSdkInfo
[2026-09-10T17:03:39.581] [DEBUG] debug-file - Task 'entry:default@GeneratePkgSdkInfo' cost while wrapping incremental declarations: 1 ms 
[2026-09-10T17:03:39.583] [DEBUG] debug-file - entry : default@GeneratePkgSdkInfo cost memory 0.098297119140625
[2026-09-10T17:03:39.584] [DEBUG] debug-file - runTaskFromQueue task cost before running: 622 ms 
[2026-09-10T17:03:39.585] [INFO] debug-file - Finished :entry:default@GeneratePkgSdkInfo... after 14 ms 
[2026-09-10T17:03:39.598] [DEBUG] debug-file - Executing task :entry:default@ProcessIntegratedHsp
[2026-09-10T17:03:39.600] [DEBUG] debug-file - entry:default@ProcessIntegratedHsp is not up-to-date, since the output file 'D:\HW\testproject\complete\4\build\cache\default\integrated_hsp\integratedHspCache.json' does not exist.
[2026-09-10T17:03:39.600] [DEBUG] debug-file - Incremental task entry:default@ProcessIntegratedHsp pre-execution cost: 1 ms .
[2026-09-10T17:03:39.601] [DEBUG] debug-file - entry : default@ProcessIntegratedHsp cost memory -0.3092193603515625
[2026-09-10T17:03:39.601] [DEBUG] debug-file - runTaskFromQueue task cost before running: 639 ms 
[2026-09-10T17:03:39.602] [INFO] debug-file - Finished :entry:default@ProcessIntegratedHsp... after 3 ms 
[2026-09-10T17:03:39.608] [DEBUG] debug-file - Executing task :entry:default@BuildNativeWithCmake
[2026-09-10T17:03:39.609] [DEBUG] debug-file - entry : default@BuildNativeWithCmake cost memory 0.0280303955078125
[2026-09-10T17:03:39.609] [DEBUG] debug-file - runTaskFromQueue task cost before running: 647 ms 
[2026-09-10T17:03:39.610] [INFO] debug-file - Finished :entry:default@BuildNativeWithCmake... after 2 ms 
[2026-09-10T17:03:39.613] [DEBUG] debug-file - Executing task :entry:default@MakePackInfo
[2026-09-10T17:03:39.624] [DEBUG] debug-file - Incremental task entry:default@MakePackInfo pre-execution cost: 8 ms .
[2026-09-10T17:03:39.624] [DEBUG] debug-file - entry : default@MakePackInfo cost memory 0.1100311279296875
[2026-09-10T17:03:39.627] [INFO] debug-file - UP-TO-DATE :entry:default@MakePackInfo...  
[2026-09-10T17:03:39.630] [DEBUG] debug-file - Executing task :entry:default@SyscapTransform
[2026-09-10T17:03:39.630] [DEBUG] debug-file - File: 'D:\HW\testproject\complete\4\entry\src\main\syscap.json' from 'sysCapJsonPath' is not exists, just ignore.
[2026-09-10T17:03:39.632] [DEBUG] debug-file - Task 'entry:default@SyscapTransform' cost while wrapping incremental declarations: 3 ms 
[2026-09-10T17:03:39.638] [DEBUG] debug-file - entry:default@SyscapTransform is not up-to-date, since the output file 'D:\HW\testproject\complete\4\entry\build\default\intermediates\syscap\default\rpcid.sc' does not exist.
[2026-09-10T17:03:39.638] [DEBUG] debug-file - Incremental task entry:default@SyscapTransform pre-execution cost: 6 ms .
[2026-09-10T17:03:39.639] [DEBUG] debug-file - entry : default@SyscapTransform cost memory 0.1194305419921875
[2026-09-10T17:03:39.639] [DEBUG] debug-file - runTaskFromQueue task cost before running: 677 ms 
[2026-09-10T17:03:39.640] [INFO] debug-file - Finished :entry:default@SyscapTransform... after 10 ms 
[2026-09-10T17:03:39.644] [DEBUG] debug-file - Executing task :entry:default@ProcessProfile
[2026-09-10T17:03:39.651] [DEBUG] debug-file - Task 'entry:default@ProcessProfile' cost while wrapping incremental declarations: 1 ms 
[2026-09-10T17:03:39.656] [DEBUG] debug-file - Incremental task entry:default@ProcessProfile pre-execution cost: 3 ms .
[2026-09-10T17:03:39.656] [DEBUG] debug-file - entry : default@ProcessProfile cost memory -3.4177932739257812
[2026-09-10T17:03:39.657] [INFO] debug-file - UP-TO-DATE :entry:default@ProcessProfile...  
[2026-09-10T17:03:39.660] [DEBUG] debug-file - Executing task :entry:default@ProcessRouterMap
[2026-09-10T17:03:39.669] [DEBUG] debug-file - Incremental task entry:default@ProcessRouterMap pre-execution cost: 7 ms .
[2026-09-10T17:03:39.669] [DEBUG] debug-file - entry : default@ProcessRouterMap cost memory 0.13314056396484375
[2026-09-10T17:03:39.672] [INFO] debug-file - UP-TO-DATE :entry:default@ProcessRouterMap...  
[2026-09-10T17:03:39.675] [DEBUG] debug-file - Executing task :entry:default@ProcessShareConfig
[2026-09-10T17:03:39.686] [DEBUG] debug-file - Incremental task entry:default@ProcessShareConfig pre-execution cost: 9 ms .
[2026-09-10T17:03:39.687] [DEBUG] debug-file - entry : default@ProcessShareConfig cost memory 0.4220733642578125
[2026-09-10T17:03:39.690] [INFO] debug-file - UP-TO-DATE :entry:default@ProcessShareConfig...  
[2026-09-10T17:03:39.694] [DEBUG] debug-file - Executing task :entry:default@ProcessStartupConfig
[2026-09-10T17:03:39.695] [DEBUG] debug-file - Task 'entry:default@ProcessStartupConfig' cost while wrapping incremental declarations: 1 ms 
[2026-09-10T17:03:39.698] [DEBUG] debug-file - entry:default@ProcessStartupConfig is not up-to-date, since the output file 'D:\HW\testproject\complete\4\entry\build\default\intermediates\startup\default\startup_config.json' does not exist.
[2026-09-10T17:03:39.699] [DEBUG] debug-file - Incremental task entry:default@ProcessStartupConfig pre-execution cost: 3 ms .
[2026-09-10T17:03:39.705] [DEBUG] debug-file - entry : default@ProcessStartupConfig cost memory 0.11850738525390625
[2026-09-10T17:03:39.706] [DEBUG] debug-file - runTaskFromQueue task cost before running: 744 ms 
[2026-09-10T17:03:39.707] [INFO] debug-file - Finished :entry:default@ProcessStartupConfig... after 12 ms 
[2026-09-10T17:03:39.720] [DEBUG] debug-file - Executing task :entry:default@BuildNativeWithNinja
[2026-09-10T17:03:39.725] [DEBUG] debug-file - entry : default@BuildNativeWithNinja cost memory 0.01903533935546875
[2026-09-10T17:03:39.725] [DEBUG] debug-file - runTaskFromQueue task cost before running: 763 ms 
[2026-09-10T17:03:39.727] [INFO] debug-file - Finished :entry:default@BuildNativeWithNinja... after 7 ms 
[2026-09-10T17:03:39.731] [DEBUG] debug-file - restool module names: entry; moduleName=entry, taskName=default@ProcessResource
[2026-09-10T17:03:39.735] [DEBUG] debug-file - Executing task :entry:default@ProcessResource
[2026-09-10T17:03:39.735] [DEBUG] debug-file - Task 'entry:default@ProcessResource' cost while wrapping incremental declarations: 1 ms 
[2026-09-10T17:03:39.738] [DEBUG] debug-file - Incremental task entry:default@ProcessResource pre-execution cost: 2 ms .
[2026-09-10T17:03:39.738] [DEBUG] debug-file - entry : default@ProcessResource cost memory 0.1163177490234375
[2026-09-10T17:03:39.742] [INFO] debug-file - UP-TO-DATE :entry:default@ProcessResource...  
[2026-09-10T17:03:39.746] [DEBUG] debug-file - Executing task :entry:default@GenerateLoaderJson
[2026-09-10T17:03:39.749] [DEBUG] debug-file - Task 'entry:default@GenerateLoaderJson' cost while wrapping incremental declarations: 1 ms 
[2026-09-10T17:03:39.783] [DEBUG] debug-file - Incremental task entry:default@GenerateLoaderJson pre-execution cost: 22 ms .
[2026-09-10T17:03:39.784] [DEBUG] debug-file - entry : default@GenerateLoaderJson cost memory 0.1743927001953125
[2026-09-10T17:03:39.791] [INFO] debug-file - UP-TO-DATE :entry:default@GenerateLoaderJson...  
[2026-09-10T17:03:39.794] [DEBUG] debug-file - Executing task :entry:default@ProcessLibs
[2026-09-10T17:03:39.796] [DEBUG] debug-file - Task 'entry:default@ProcessLibs' cost while wrapping incremental declarations: 1 ms 
[2026-09-10T17:03:39.802] [DEBUG] debug-file - Incremental task entry:default@ProcessLibs pre-execution cost: 5 ms .
[2026-09-10T17:03:39.802] [DEBUG] debug-file - entry : default@ProcessLibs cost memory 0.111602783203125
[2026-09-10T17:03:39.804] [INFO] debug-file - UP-TO-DATE :entry:default@ProcessLibs...  
[2026-09-10T17:03:39.808] [DEBUG] debug-file - restool module names: entry; moduleName=entry, taskName=default@CompileResource
[2026-09-10T17:03:39.809] [DEBUG] debug-file - Executing task :entry:default@CompileResource
[2026-09-10T17:03:39.852] [DEBUG] debug-file - Incremental task entry:default@CompileResource pre-execution cost: 41 ms .
[2026-09-10T17:03:39.853] [DEBUG] debug-file - entry : default@CompileResource cost memory 0.48664093017578125
[2026-09-10T17:03:39.856] [INFO] debug-file - UP-TO-DATE :entry:default@CompileResource...  
[2026-09-10T17:03:39.858] [DEBUG] debug-file - Executing task :entry:default@DoNativeStrip
[2026-09-10T17:03:39.858] [DEBUG] debug-file - File: 'D:\HW\testproject\complete\4\entry\build\default\intermediates\binxo\default' from 'doBinxoNativeLibs' is not exists, just ignore.
[2026-09-10T17:03:39.859] [DEBUG] debug-file - Task 'entry:default@DoNativeStrip' cost while wrapping incremental declarations: 1 ms 
[2026-09-10T17:03:39.861] [DEBUG] debug-file - Incremental task entry:default@DoNativeStrip pre-execution cost: 2 ms .
[2026-09-10T17:03:39.861] [DEBUG] debug-file - entry : default@DoNativeStrip cost memory 0.07294464111328125
[2026-09-10T17:03:39.862] [INFO] debug-file - UP-TO-DATE :entry:default@DoNativeStrip...  
[2026-09-10T17:03:39.864] [DEBUG] debug-file - Executing task :entry:default@CompileArkTS
[2026-09-10T17:03:39.865] [DEBUG] debug-file - obfuscationOptions: undefined
[2026-09-10T17:03:39.868] [DEBUG] debug-file - Task 'entry:default@CompileArkTS' cost while wrapping incremental declarations: 1 ms 
[2026-09-10T17:03:39.882] [DEBUG] debug-file - entry:default@CompileArkTS is not up-to-date, since the input file 'D:\HW\testproject\complete\4\entry\src\main\ets' has been changed.
[2026-09-10T17:03:39.882] [DEBUG] debug-file - Incremental task entry:default@CompileArkTS pre-execution cost: 11 ms .
[2026-09-10T17:03:39.905] [DEBUG] debug-file - build config:
[2026-09-10T17:03:39.906] [DEBUG] debug-file - {
  moduleType: 'entry',
  perf: 0,
  targetName: '.default',
  packageManagerType: 'ohpm',
  localPropertiesPath: 'D:\\HW\\testproject\\complete\\4\\local.properties',
  isPreview: false,
  isOhosTest: false,
  isLocalTest: false,
  buildMode: 'Debug',
  hotReloadBuild: undefined,
  watchMode: 'false',
  aceProfilePath: 'D:\\HW\\testproject\\complete\\4\\entry\\build\\default\\intermediates\\res\\default\\resources\\base\\profile',
  etsLoaderPath: 'E:\\DevEco Studio\\sdk\\default\\openharmony\\ets\\build-tools\\ets-loader',
  modulePath: 'D:\\HW\\testproject\\complete\\4\\entry',
  testFrameworkPar: {
    testMode: undefined,
    coveragePathFilter: undefined,
    coverageMode: undefined
  },
  needCoverageInsert: false,
  debugLine: false,
  projectTopDir: 'D:\\HW\\testproject\\complete\\4',
  compileSdkVersion: 26,
  compatibleSdkVersion: 26,
  originCompatibleSdkVersion: '26.0.0',
  compatibleSdkVersionStage: undefined,
  bundleName: 'c***p',
  etsLoaderVersion: '26.0.0.105',
  etsLoaderReleaseType: 'Release',
  aotCompileMode: 'type',
  apPath: 'D:\\HW\\testproject\\complete\\4\\entry\\modules.ap',
  entryModuleName: 'entry',
  entryModuleVersion: '1.0.0',
  entryPackageName: 'entry',
  allModuleNameHash: '30e07d57c30f75288c09608296ed8ed07fc604f1881982510ff25b77cb397b11',
  externalApiPaths: [ 'E:\\DevEco Studio\\sdk\\default\\hms\\ets' ],
  compilerTypes: [],
  isCrossplatform: false,
  hvigorPluginFile: undefined,
  compilePluginPath: undefined,
  buildGeneratedProfilePath: 'D:\\HW\\testproject\\complete\\4\\entry\\build\\default\\generated\\profile\\default',
  bundleType: 'app',
  arkTSVersion: undefined,
  apiVersion: 26,
  needCompleteSourcesMap: false,
  isFaMode: false,
  buildDir: 'D:\\HW\\testproject\\complete\\4\\entry\\build',
  buildCacheProjectDir: 'D:\\HW\\testproject\\complete\\4',
  deviceTypes: [ 'phone' ],
  pkgContextInfo: {
    '@ohos/hypium': {
      packageName: '@ohos/hypium',
      bundleName: '*****',
      moduleName: '',
      version: '1.0.24',
      entryPath: 'index.js',
      isSO: false,
      dependencyAlias: ''
    },
    '@ohos/hamock': {
      packageName: '@ohos/hamock',
      bundleName: '*****',
      moduleName: '',
      version: '1.0.0',
      entryPath: 'index.ets',
      isSO: false,
      dependencyAlias: ''
    },
    entry: {
      packageName: 'entry',
      bundleName: '*****',
      moduleName: '',
      version: '',
      entryPath: 'src/main/',
      isSO: false,
      dependencyAlias: ''
    }
  },
  ohPackagePathMap: {},
  dependencyAliasMap: {},
  permission: { requestPermissions: undefined, definePermissions: undefined },
  useGetCurrentBundleName: false,
  projectArkOption: undefined,
  sourceMapDir: undefined,
  branchElimination: false,
  transformLib: undefined,
  tsImportSendable: false,
  resolveConflictMode: true,
  depName2RootPath: {},
  depName2DepInfo: {},
  depName2OhExports: {},
  rootPathSet: [ 'D:\\HW\\testproject\\complete\\4' ],
  useNativeResolver: true,
  shouldEmitJs: true,
  useUnifiedAst: false,
  useTscResolve: false,
  singleFileEmit: false,
  userProjectConfig: {
    autoLazyImport: false,
    allowEmptyBundleName: false,
    reExportCheckMode: 'noCheck',
    executionMode: 'memory',
    usePathPlaceholder: false,
    writeRollupCache: true,
    isExpandImportEnabled: false,
    expandImportExclude: '',
    lazyImportExclude: '',
    lazyImportInclude: '',
    ignoreCrossplatformCheck: false,
    isHarDeduplicateEnabled: false,
    skipOhModulesLint: false,
    enableStrictCheckOHModule: false,
    disableSendableCheckRules: [],
    useDeclarationFileSignature: false,
    customizedOptions: undefined,
    integratedHsp: false,
    tsImportSoCheck: false,
    isPreloadSoEnabled: false
  },
  executionMode: 'memory',
  arkCompileCachePath: 'D:\\HW\\testproject\\complete\\4\\entry\\build\\default\\cache\\default\\default@CompileArkTS\\esmodule',
  autoLazyFilter: undefined,
  isHarDeduplicateEnabled: false,
  intermediateHarDuplicateDirPath: 'D:\\HW\\testproject\\complete\\4\\entry\\build\\default\\intermediates\\har_duplicate\\default',
  autoLazyImport: false,
  allowEmptyBundleName: false,
  reExportCheckMode: 'noCheck',
  usePathPlaceholder: false,
  writeRollupCache: true,
  isExpandImportEnabled: false,
  expandImportExclude: '',
  lazyImportExclude: '',
  lazyImportInclude: '',
  ignoreCrossplatformCheck: false,
  skipOhModulesLint: false,
  enableStrictCheckOHModule: false,
  disableSendableCheckRules: [],
  useDeclarationFileSignature: false,
  customizedOptions: undefined,
  integratedHsp: false,
  tsImportSoCheck: false,
  isPreloadSoEnabled: false,
  strictMode: {
    caseSensitiveCheck: true,
    useNormalizedOHMUrl: true,
    noExternalImportByPath: true
  },
  useNormalizedOHMUrl: true,
  caseSensitiveCheck: true,
  strictCheckerOnly: false,
  aceModuleJsonPath: 'D:\\HW\\testproject\\complete\\4\\entry\\build\\default\\intermediates\\res\\default\\ark_module.json',
  appResource: 'D:\\HW\\testproject\\complete\\4\\entry\\build\\default\\intermediates\\res\\default\\ResourceTable.txt',
  rawFileResource: 'D:\\HW\\testproject\\complete\\4\\entry\\build\\default\\intermediates\\res\\default\\resources\\rawfile',
  resourceTableHash: 'd81a83941c07883d4327563ba2cfe0ac7f68042912820a1577b99d29cbd144cc',
  runtimeOS: 'HarmonyOS',
  sdkInfo: 'false:26:26.0.0.105:Release',
  aceModuleRoot: 'D:\\HW\\testproject\\complete\\4\\entry\\src\\main\\ets',
  compileMode: 'esmodule',
  aceSuperVisualPath: 'D:\\HW\\testproject\\complete\\4\\entry\\src\\main\\supervisual',
  aceBuildJson: 'D:\\HW\\testproject\\complete\\4\\entry\\build\\default\\intermediates\\loader\\default\\loader.json',
  cachePath: 'D:\\HW\\testproject\\complete\\4\\entry\\build\\default\\cache\\default\\default@CompileArkTS\\esmodule\\debug',
  aceModuleBuild: 'D:\\HW\\testproject\\complete\\4\\entry\\build\\default\\intermediates\\loader_out\\default\\ets',
  supportChunks: true,
  declaredFilesPath: undefined,
  shouldCollectDirectImportees: false,
  isByteCodeHarOptimize: false,
  expandImportPath: undefined,
  resourceTableTs: 'D:\\HW\\testproject\\complete\\4\\entry\\build\\default\\generated\\r\\default\\ResourceTable.ts',
  moduleMetaInfoFiles: [
    {
      filePath: 'D:\\HW\\testproject\\complete\\4\\entry\\build\\default\\generated\\r\\default\\ResourceTable.ts',
      ohmurl: '&entry/build/generated/r/ResourceTable&'
    }
  ],
  pkgNameToPkgBriefInfo: {
    entry: {
      pkgRoot: 'D:\\HW\\testproject\\complete\\4\\entry',
      originalSourceRoots: undefined,
      sourceRoots: [Array],
      pkgName: 'entry'
    }
  },
  projectModel: {
    'D:\\HW\\testproject\\complete\\4\\entry\\src\\main': {
      moduleName: 'entry',
      modulePkgPath: 'D:\\HW\\testproject\\complete\\4\\entry',
      belongProjectPath: 'D:\\HW\\testproject\\complete\\4'
    },
    'D:\\HW\\testproject\\complete\\4\\entry\\.test\\default\\intermediates\\src\\ohosTest\\ets': {
      moduleName: 'entry_test',
      modulePkgPath: 'D:\\HW\\testproject\\complete\\4\\entry',
      belongProjectPath: 'D:\\HW\\testproject\\complete\\4'
    },
    'D:\\HW\\testproject\\complete\\4\\entry\\src\\ohosTest': {
      moduleName: 'entry_test',
      modulePkgPath: 'D:\\HW\\testproject\\complete\\4\\entry',
      belongProjectPath: 'D:\\HW\\testproject\\complete\\4'
    },
    'D:\\HW\\testproject\\complete\\4\\entry': {
      moduleName: 'entry',
      modulePkgPath: 'D:\\HW\\testproject\\complete\\4\\entry',
      belongProjectPath: 'D:\\HW\\testproject\\complete\\4'
    },
    'D:\\HW\\testproject\\complete\\4': {
      moduleName: '4',
      modulePkgPath: 'D:\\HW\\testproject\\complete\\4',
      belongProjectPath: 'D:\\HW\\testproject\\complete\\4'
    }
  },
  pkgJsonFileHash: '7ab10e622b876a852aaa87f883a5ca46773dc428b9273d7582651c0540669143',
  allModulePaths: [ 'D:\\HW\\testproject\\complete\\4\\entry' ],
  routerMap: {},
  obfuscationOptions: undefined,
  byteCodeHarToDependencyKeys: undefined,
  compileBlockPkg: [],
  mockParams: {
    decorator: '@MockSetup',
    packageName: '@ohos/hamock',
    etsSourceRootPath: 'src/main/ets',
    mockConfigPath: 'D:\\HW\\testproject\\complete\\4\\entry\\src\\mock\\mock-config.json5',
    mockConfigKey2ModuleInfo: {},
    source2ModuleIdMap: {}
  },
  copyCodeResourceEnable: false,
  copyCodeResourceExcludes: [],
  copyCodeResourceIncludes: undefined,
  uiTransformOptimization: false,
  sdkPath: 'E:/DevEco Studio/sdk',
  needPreloadSoFileSet: {},
  preloadSoFilePath: 'D:\\HW\\testproject\\complete\\4\\entry\\build\\default\\intermediates\\preload\\default\\preload.json',
  useSourceHash: false,
  localModuleParamMap: {},
  otherPaths: {
    'entry/*': [
      '..\\*',
      '..\\..\\..\\build\\default\\generated\\profile\\default\\*'
    ]
  },
  collectImportersConfig: undefined
}
[2026-09-10T17:03:39.906] [DEBUG] debug-file - Compile arkts with external api path: E:\DevEco Studio\sdk\default\hms\ets
[2026-09-10T17:03:39.908] [DEBUG] debug-file - before submitting ArkTS compile task to worker pool, config.buildDir: D:\HW\testproject\complete\4\entry\build
[2026-09-10T17:03:39.908] [DEBUG] debug-file - default@CompileArkTS work[15] is submitted.
[2026-09-10T17:03:39.909] [DEBUG] debug-file - default@CompileArkTS work[15] is pushed to ready queue.
[2026-09-10T17:03:39.909] [DEBUG] debug-file - A work dispatched to worker[15] failed because unable to get work from ready queue.
[2026-09-10T17:03:39.909] [DEBUG] debug-file - A work dispatched to worker[14] failed because unable to get work from ready queue.
[2026-09-10T17:03:39.909] [DEBUG] debug-file - A work dispatched to worker[13] failed because unable to get work from ready queue.
[2026-09-10T17:03:39.909] [DEBUG] debug-file - A work dispatched to worker[12] failed because unable to get work from ready queue.
[2026-09-10T17:03:39.909] [DEBUG] debug-file - A work dispatched to worker[11] failed because unable to get work from ready queue.
[2026-09-10T17:03:39.909] [DEBUG] debug-file - A work dispatched to worker[10] failed because unable to get work from ready queue.
[2026-09-10T17:03:39.910] [DEBUG] debug-file - A work dispatched to worker[9] failed because unable to get work from ready queue.
[2026-09-10T17:03:39.910] [DEBUG] debug-file - A work dispatched to worker[8] failed because unable to get work from ready queue.
[2026-09-10T17:03:39.910] [DEBUG] debug-file - A work dispatched to worker[7] failed because unable to get work from ready queue.
[2026-09-10T17:03:39.910] [DEBUG] debug-file - A work dispatched to worker[6] failed because unable to get work from ready queue.
[2026-09-10T17:03:39.910] [DEBUG] debug-file - A work dispatched to worker[5] failed because unable to get work from ready queue.
[2026-09-10T17:03:39.910] [DEBUG] debug-file - default@CompileArkTS work[15] has been dispatched to worker[4].
[2026-09-10T17:03:39.911] [DEBUG] debug-file - default@CompileArkTS work[15] is dispatched.
[2026-09-10T17:03:39.911] [DEBUG] debug-file - entry : default@CompileArkTS cost memory 1.0657577514648438
[2026-09-10T17:03:39.914] [DEBUG] debug-file - Executing task :entry:default@BuildJS
[2026-09-10T17:03:39.919] [DEBUG] debug-file - Task 'entry:default@BuildJS' cost while wrapping incremental declarations: 1 ms 
[2026-09-10T17:03:39.924] [DEBUG] debug-file - entry : default@BuildJS cost memory -3.2214126586914062
[2026-09-10T17:03:39.925] [DEBUG] debug-file - runTaskFromQueue task cost before running: 963 ms 
[2026-09-10T17:03:39.925] [INFO] debug-file - Finished :entry:default@BuildJS... after 11 ms 
[2026-09-10T17:03:39.926] [DEBUG] debug-file - Executing task :entry:default@CacheNativeLibs
[2026-09-10T17:03:39.927] [DEBUG] debug-file - File: 'D:\HW\testproject\complete\4\entry\build\default\intermediates\binxo\default' from 'cacheBinxoNativeLibs' is not exists, just ignore.
[2026-09-10T17:03:39.927] [DEBUG] debug-file - Task 'entry:default@CacheNativeLibs' cost while wrapping incremental declarations: 1 ms 
[2026-09-10T17:03:39.932] [DEBUG] debug-file - Incremental task entry:default@CacheNativeLibs pre-execution cost: 5 ms .
[2026-09-10T17:03:39.933] [DEBUG] debug-file - entry : default@CacheNativeLibs cost memory 0.0855255126953125
[2026-09-10T17:03:39.933] [INFO] debug-file - UP-TO-DATE :entry:default@CacheNativeLibs...  
[2026-09-10T17:03:42.407] [DEBUG] debug-file - Ark compile task finished.finished time is 191844146855900
[2026-09-10T17:03:42.407] [DEBUG] debug-file - worker[4] has one work done.
[2026-09-10T17:03:42.409] [DEBUG] debug-file - default@CompileArkTS work[15] done.
[2026-09-10T17:03:42.412] [INFO] debug-file - Finished :entry:default@CompileArkTS... after 2 s 543 ms 
[2026-09-10T17:03:42.414] [DEBUG] debug-file - Executing task :entry:default@GeneratePkgModuleJson
[2026-09-10T17:03:42.414] [DEBUG] debug-file - File: 'D:\HW\testproject\complete\4\entry\build\default\intermediates\preload\default\preload.json' from 'preloadSoJsonPath' is not exists, just ignore.
[2026-09-10T17:03:42.415] [DEBUG] debug-file - Error occurs while handling @Input 'shouldDeduplicateHar': The "data" argument must be of type string or an instance of Buffer, TypedArray, or DataView. Received undefined
[2026-09-10T17:03:42.415] [DEBUG] debug-file - Task 'entry:default@GeneratePkgModuleJson' cost while wrapping incremental declarations: 1 ms 
[2026-09-10T17:03:42.416] [DEBUG] debug-file - Incremental task entry:default@GeneratePkgModuleJson pre-execution cost: 1 ms .
[2026-09-10T17:03:42.416] [DEBUG] debug-file - entry : default@GeneratePkgModuleJson cost memory 0.08884429931640625
[2026-09-10T17:03:42.417] [INFO] debug-file - UP-TO-DATE :entry:default@GeneratePkgModuleJson...  
[2026-09-10T17:03:42.418] [DEBUG] debug-file - Executing task :entry:default@ProcessCompiledResources
[2026-09-10T17:03:42.418] [DEBUG] debug-file - File: 'D:\HW\testproject\complete\4\entry\build\default\intermediates\preload\default\preload.json' from 'preloadSoJsonPath' is not exists, just ignore.
[2026-09-10T17:03:42.419] [DEBUG] debug-file - Task 'entry:default@ProcessCompiledResources' cost while wrapping incremental declarations: 1 ms 
[2026-09-10T17:03:42.419] [DEBUG] debug-file - entry : default@ProcessCompiledResources cost memory 0.05013275146484375
[2026-09-10T17:03:42.419] [DEBUG] debug-file - runTaskFromQueue task cost before running: 3 s 457 ms 
[2026-09-10T17:03:42.420] [INFO] debug-file - Finished :entry:default@ProcessCompiledResources... after 2 ms 
[2026-09-10T17:03:42.422] [DEBUG] debug-file - Executing task :entry:default@PackageHap
[2026-09-10T17:03:42.433] [DEBUG] debug-file - entry:default@PackageHap is not up-to-date, since the input file 'D:\HW\testproject\complete\4\entry\build\default\intermediates\loader_out\default\ets' has been changed.
[2026-09-10T17:03:42.434] [DEBUG] debug-file - Incremental task entry:default@PackageHap pre-execution cost: 11 ms .
[2026-09-10T17:03:42.435] [DEBUG] debug-file - Use tool [E:\DevEco Studio\sdk\default\openharmony\toolchains\lib\app_packing_tool.jar]
 [
  'java',
  '-Dfile.encoding=GBK',
  '-jar',
  'E:\\DevEco Studio\\sdk\\default\\openharmony\\toolchains\\lib\\app_packing_tool.jar',
  '--mode',
  'hap',
  '--force',
  'true',
  '--lib-path',
  'D:\\HW\\testproject\\complete\\4\\entry\\build\\default\\intermediates\\stripped_native_libs\\default',
  '--json-path',
  'D:\\HW\\testproject\\complete\\4\\entry\\build\\default\\intermediates\\package\\default\\module.json',
  '--resources-path',
  'D:\\HW\\testproject\\complete\\4\\entry\\build\\default\\intermediates\\res\\default\\resources',
  '--index-path',
  'D:\\HW\\testproject\\complete\\4\\entry\\build\\default\\intermediates\\res\\default\\resources.index',
  '--pack-info-path',
  'D:\\HW\\testproject\\complete\\4\\entry\\build\\default\\outputs\\default\\pack.info',
  '--out-path',
  'D:\\HW\\testproject\\complete\\4\\entry\\build\\default\\outputs\\default\\entry-default-unsigned.hap',
  '--ets-path',
  'D:\\HW\\testproject\\complete\\4\\entry\\build\\default\\intermediates\\loader_out\\default\\ets',
  '--pkg-context-path',
  'D:\\HW\\testproject\\complete\\4\\entry\\build\\default\\intermediates\\loader\\default\\pkgContextInfo.json'
]
[2026-09-10T17:03:42.435] [DEBUG] debug-file - default@PackageHap work[16] is submitted.
[2026-09-10T17:03:42.435] [DEBUG] debug-file - default@PackageHap work[16] is pushed to ready queue.
[2026-09-10T17:03:42.436] [DEBUG] debug-file - A work dispatched to worker[15] failed because unable to get work from ready queue.
[2026-09-10T17:03:42.436] [DEBUG] debug-file - Create  resident worker with id: 14.
[2026-09-10T17:03:42.437] [DEBUG] debug-file - default@PackageHap work[16] has been dispatched to worker[14].
[2026-09-10T17:03:42.437] [DEBUG] debug-file - default@PackageHap work[16] is dispatched.
[2026-09-10T17:03:42.462] [DEBUG] debug-file - entry : default@PackageHap cost memory 0.4300079345703125
[2026-09-10T17:03:46.177] [DEBUG] debug-file - current process  memoryUsage: {
  rss: 451657728,
  heapTotal: 78856192,
  heapUsed: 50320440,
  external: 3958577,
  arrayBuffers: 18671
} os memoryUsage :15.134513854980469
[2026-09-10T17:03:47.295] [DEBUG] debug-file - worker[14] has one work done.
[2026-09-10T17:03:47.295] [DEBUG] debug-file - default@PackageHap work[16] done.
[2026-09-10T17:03:47.296] [DEBUG] debug-file - A work dispatched to worker[14] failed because unable to get work from ready queue.
[2026-09-10T17:03:47.302] [INFO] debug-file - Finished :entry:default@PackageHap... after 1 s 176 ms 
[2026-09-10T17:03:47.306] [DEBUG] debug-file - Executing task :entry:default@PackingCheck
[2026-09-10T17:03:47.319] [DEBUG] debug-file - entry : default@PackingCheck cost memory 0.11980438232421875
[2026-09-10T17:03:47.319] [DEBUG] debug-file - runTaskFromQueue task cost before running: 8 s 357 ms 
[2026-09-10T17:03:47.320] [INFO] debug-file - Finished :entry:default@PackingCheck... after 14 ms 
[2026-09-10T17:03:47.324] [DEBUG] debug-file - Executing task :entry:default@SignHap
[2026-09-10T17:03:47.324] [WARN] debug-file - Will skip sign 'hos_hap'. No signingConfigs profile is configured in current project.
             If needed, configure the signingConfigs in D:\HW\testproject\complete\4\build-profile.json5.
[2026-09-10T17:03:47.326] [DEBUG] debug-file - entry:default@SignHap is not up-to-date, since the input file 'D:\HW\testproject\complete\4\entry\build\default\outputs\default\entry-default-unsigned.hap' has been changed.
[2026-09-10T17:03:47.327] [DEBUG] debug-file - Incremental task entry:default@SignHap pre-execution cost: 2 ms .
[2026-09-10T17:03:47.327] [DEBUG] debug-file - entry : default@SignHap cost memory 0.074554443359375
[2026-09-10T17:03:47.327] [DEBUG] debug-file - runTaskFromQueue task cost before running: 8 s 365 ms 
[2026-09-10T17:03:47.328] [INFO] debug-file - Finished :entry:default@SignHap... after 4 ms 
[2026-09-10T17:03:47.332] [DEBUG] debug-file - Executing task :entry:default@CollectDebugSymbol
[2026-09-10T17:03:47.336] [DEBUG] debug-file - entry : default@CollectDebugSymbol cost memory 0.082916259765625
[2026-09-10T17:03:47.336] [DEBUG] debug-file - runTaskFromQueue task cost before running: 8 s 374 ms 
[2026-09-10T17:03:47.337] [INFO] debug-file - Finished :entry:default@CollectDebugSymbol... after 5 ms 
[2026-09-10T17:03:47.338] [DEBUG] debug-file - Executing task :entry:assembleHap
[2026-09-10T17:03:47.338] [DEBUG] debug-file - entry : assembleHap cost memory 0.01401519775390625
[2026-09-10T17:03:47.339] [DEBUG] debug-file - runTaskFromQueue task cost before running: 8 s 376 ms 
[2026-09-10T17:03:47.339] [INFO] debug-file - Finished :entry:assembleHap... after 1 ms 
[2026-09-10T17:03:47.341] [INFO] debug-file - BUILD SUCCESSFUL in 8 s 379 ms 
[2026-09-10T17:03:47.342] [DEBUG] debug-file - There is no need to refresh cache, since the incremental task entry:default@PreBuild is up-to-date.
[2026-09-10T17:03:47.343] [DEBUG] debug-file - Update task entry:default@CreateModuleInfo output file:D:\HW\testproject\complete\4\entry\build\default\generated\profile\default\ModuleInfo.ts cache.
[2026-09-10T17:03:47.344] [DEBUG] debug-file - Incremental task entry:default@CreateModuleInfo post-execution cost:2 ms .
[2026-09-10T17:03:47.344] [DEBUG] debug-file - There is no need to refresh cache, since the incremental task entry:default@GenerateMetadata is up-to-date.
[2026-09-10T17:03:47.345] [DEBUG] debug-file - There is no need to refresh cache, since the incremental task entry:default@MergeProfile is up-to-date.
[2026-09-10T17:03:47.346] [DEBUG] debug-file - There is no need to refresh cache, since the incremental task entry:default@CreateBuildProfile is up-to-date.
[2026-09-10T17:03:47.346] [DEBUG] debug-file - There is no need to refresh cache, since the incremental task entry:default@GeneratePkgContextInfo is up-to-date.
[2026-09-10T17:03:47.347] [DEBUG] debug-file - Update task entry:default@GeneratePkgSdkInfo output file:D:\HW\testproject\complete\4\entry\build\default\intermediates\loader\default\pkgSdkInfo.json cache.
[2026-09-10T17:03:47.348] [DEBUG] debug-file - Incremental task entry:default@GeneratePkgSdkInfo post-execution cost:2 ms .
[2026-09-10T17:03:47.349] [DEBUG] debug-file - Update task entry:default@ProcessIntegratedHsp output file:D:\HW\testproject\complete\4\build\cache\default\integrated_hsp\integratedHspCache.json cache.
[2026-09-10T17:03:47.351] [DEBUG] debug-file - Incremental task entry:default@ProcessIntegratedHsp post-execution cost:3 ms .
[2026-09-10T17:03:47.351] [DEBUG] debug-file - There is no need to refresh cache, since the incremental task entry:default@MakePackInfo is up-to-date.
[2026-09-10T17:03:47.351] [DEBUG] debug-file - Update task entry:default@SyscapTransform input file:E:\DevEco Studio\sdk\default\openharmony\toolchains\syscap_tool.exe cache by regenerate.
[2026-09-10T17:03:47.353] [DEBUG] debug-file - Update task entry:default@SyscapTransform input file:E:\DevEco Studio\sdk\default\openharmony\ets\api\device-define cache by regenerate.
[2026-09-10T17:03:47.357] [DEBUG] debug-file - Update task entry:default@SyscapTransform output file:D:\HW\testproject\complete\4\entry\build\default\intermediates\syscap\default\rpcid.sc cache.
[2026-09-10T17:03:47.358] [DEBUG] debug-file - Incremental task entry:default@SyscapTransform post-execution cost:7 ms .
[2026-09-10T17:03:47.359] [DEBUG] debug-file - There is no need to refresh cache, since the incremental task entry:default@ProcessProfile is up-to-date.
[2026-09-10T17:03:47.359] [DEBUG] debug-file - There is no need to refresh cache, since the incremental task entry:default@ProcessRouterMap is up-to-date.
[2026-09-10T17:03:47.360] [DEBUG] debug-file - There is no need to refresh cache, since the incremental task entry:default@ProcessShareConfig is up-to-date.
[2026-09-10T17:03:47.361] [DEBUG] debug-file - Update task entry:default@ProcessStartupConfig input file:D:\HW\testproject\complete\4\entry\build\default\intermediates\loader\default\pkgContextInfo.json cache by regenerate.
[2026-09-10T17:03:47.363] [DEBUG] debug-file - Update task entry:default@ProcessStartupConfig output file:D:\HW\testproject\complete\4\entry\build\default\intermediates\startup\default\startup_config.json cache.
[2026-09-10T17:03:47.365] [DEBUG] debug-file - Incremental task entry:default@ProcessStartupConfig post-execution cost:5 ms .
[2026-09-10T17:03:47.365] [DEBUG] debug-file - There is no need to refresh cache, since the incremental task entry:default@ProcessResource is up-to-date.
[2026-09-10T17:03:47.366] [DEBUG] debug-file - There is no need to refresh cache, since the incremental task entry:default@GenerateLoaderJson is up-to-date.
[2026-09-10T17:03:47.367] [DEBUG] debug-file - There is no need to refresh cache, since the incremental task entry:default@ProcessLibs is up-to-date.
[2026-09-10T17:03:47.368] [DEBUG] debug-file - There is no need to refresh cache, since the incremental task entry:default@CompileResource is up-to-date.
[2026-09-10T17:03:47.368] [DEBUG] debug-file - There is no need to refresh cache, since the incremental task entry:default@DoNativeStrip is up-to-date.
[2026-09-10T17:03:47.374] [DEBUG] debug-file - Update task entry:default@CompileArkTS input file:D:\HW\testproject\complete\4\entry\build\default\intermediates\loader\default cache by regenerate.
[2026-09-10T17:03:47.377] [DEBUG] debug-file - Update task entry:default@CompileArkTS input file:D:\HW\testproject\complete\4\entry\build\default\intermediates\res\default\resources\rawfile cache by regenerate.
[2026-09-10T17:03:47.379] [DEBUG] debug-file - Update task entry:default@CompileArkTS input file:D:\HW\testproject\complete\4\entry\build\default\intermediates\res\default\ResourceTable.txt cache by regenerate.
[2026-09-10T17:03:47.380] [DEBUG] debug-file - Update task entry:default@CompileArkTS input file:D:\HW\testproject\complete\4\entry\build\default\intermediates\res\default\ark_module.json cache by regenerate.
[2026-09-10T17:03:47.381] [DEBUG] debug-file - Update task entry:default@CompileArkTS input file:D:\HW\testproject\complete\4\entry\build\default\intermediates\res\default\resources\base\profile cache by regenerate.
[2026-09-10T17:03:47.383] [DEBUG] debug-file - Update task entry:default@CompileArkTS input file:D:\HW\testproject\complete\4\entry\src\main\ets cache from map.
[2026-09-10T17:03:47.384] [DEBUG] debug-file - Update task entry:default@CompileArkTS input file:D:\HW\testproject\complete\4\entry\build\default\intermediates\loader\default\pkgContextInfo.json cache by regenerate.
[2026-09-10T17:03:47.386] [DEBUG] debug-file - Update task entry:default@CompileArkTS input file:D:\HW\testproject\complete\4\entry\build\default\generated\profile\default\BuildProfile.ets cache by regenerate.
[2026-09-10T17:03:47.386] [DEBUG] debug-file - Update task entry:default@CompileArkTS input file:D:\HW\testproject\complete\4\entry\src\mock\mock-config.json5 cache by regenerate.
[2026-09-10T17:03:47.388] [DEBUG] debug-file - Update task entry:default@CompileArkTS output file:D:\HW\testproject\complete\4\entry\build\default\intermediates\loader_out\default\ets cache.
[2026-09-10T17:03:47.391] [DEBUG] debug-file - Incremental task entry:default@CompileArkTS post-execution cost:23 ms .
[2026-09-10T17:03:47.396] [DEBUG] debug-file - Update task entry:default@BuildJS input file:D:\HW\testproject\complete\4\entry\build\default\intermediates\loader\default cache by regenerate.
[2026-09-10T17:03:47.400] [DEBUG] debug-file - Update task entry:default@BuildJS input file:D:\HW\testproject\complete\4\entry\build\default\intermediates\res\default\resources\rawfile cache by regenerate.
[2026-09-10T17:03:47.401] [DEBUG] debug-file - Update task entry:default@BuildJS input file:D:\HW\testproject\complete\4\entry\build\default\intermediates\res\default\ResourceTable.txt cache by regenerate.
[2026-09-10T17:03:47.402] [DEBUG] debug-file - Update task entry:default@BuildJS input file:D:\HW\testproject\complete\4\entry\build\default\intermediates\res\default\ark_module.json cache by regenerate.
[2026-09-10T17:03:47.403] [DEBUG] debug-file - Update task entry:default@BuildJS input file:D:\HW\testproject\complete\4\entry\build\default\intermediates\res\default\resources\base\profile cache by regenerate.
[2026-09-10T17:03:47.405] [DEBUG] debug-file - Update task entry:default@BuildJS input file:D:\HW\testproject\complete\4\entry\build\default\intermediates\loader\default\pkgContextInfo.json cache by regenerate.
[2026-09-10T17:03:47.406] [DEBUG] debug-file - Update task entry:default@BuildJS output file:D:\HW\testproject\complete\4\entry\build\default\intermediates\loader_out\default\js cache.
[2026-09-10T17:03:47.407] [DEBUG] debug-file - Incremental task entry:default@BuildJS post-execution cost:16 ms .
[2026-09-10T17:03:47.407] [DEBUG] debug-file - There is no need to refresh cache, since the incremental task entry:default@CacheNativeLibs is up-to-date.
[2026-09-10T17:03:47.407] [DEBUG] debug-file - There is no need to refresh cache, since the incremental task entry:default@GeneratePkgModuleJson is up-to-date.
[2026-09-10T17:03:47.407] [DEBUG] debug-file - Incremental task entry:default@ProcessCompiledResources post-execution cost:1 ms .
[2026-09-10T17:03:47.410] [DEBUG] debug-file - Update task entry:default@PackageHap input file:D:\HW\testproject\complete\4\entry\build\default\outputs\default\pack.info cache by regenerate.
[2026-09-10T17:03:47.411] [DEBUG] debug-file - Update task entry:default@PackageHap input file:D:\HW\testproject\complete\4\entry\build\default\intermediates\stripped_native_libs\default cache by regenerate.
[2026-09-10T17:03:47.412] [DEBUG] debug-file - Update task entry:default@PackageHap input file:D:\HW\testproject\complete\4\entry\build\default\intermediates\res\default\module.json cache by regenerate.
[2026-09-10T17:03:47.413] [DEBUG] debug-file - Update task entry:default@PackageHap input file:D:\HW\testproject\complete\4\entry\build\default\intermediates\res\default\resources cache by regenerate.
[2026-09-10T17:03:47.419] [DEBUG] debug-file - Update task entry:default@PackageHap input file:D:\HW\testproject\complete\4\entry\build\default\intermediates\res\default\resources.index cache by regenerate.
[2026-09-10T17:03:47.420] [DEBUG] debug-file - Update task entry:default@PackageHap input file:D:\HW\testproject\complete\4\entry\build\default\intermediates\loader_out\default\ets cache from map.
[2026-09-10T17:03:47.420] [DEBUG] debug-file - Update task entry:default@PackageHap input file:D:\HW\testproject\complete\4\entry\build\default\intermediates\loader\default\pkgContextInfo.json cache by regenerate.
[2026-09-10T17:03:47.421] [DEBUG] debug-file - Update task entry:default@PackageHap input file:D:\HW\testproject\complete\4\entry\build\default\intermediates\package\default\module.json cache by regenerate.
[2026-09-10T17:03:47.421] [DEBUG] debug-file - Update task entry:default@PackageHap input file:D:\HW\testproject\complete\4\entry\build\default\intermediates\loader_out\default\ets\sourceMaps.map cache by regenerate.
[2026-09-10T17:03:47.422] [DEBUG] debug-file - Update task entry:default@PackageHap input file:D:\HW\testproject\complete\4\entry\build\default\generated\profile\default\BuildProfile.ets cache by regenerate.
[2026-09-10T17:03:47.423] [DEBUG] debug-file - Update task entry:default@PackageHap output file:D:\HW\testproject\complete\4\entry\build\default\outputs\default\entry-default-unsigned.hap cache.
[2026-09-10T17:03:47.424] [DEBUG] debug-file - Update task entry:default@PackageHap output file:D:\HW\testproject\complete\4\entry\build\default\intermediates\source_map\default\sourceMaps.map cache.
[2026-09-10T17:03:47.425] [DEBUG] debug-file - Update task entry:default@PackageHap output file:D:\HW\testproject\complete\4\entry\build\default\outputs\default\mapping\sourceMaps.map cache.
[2026-09-10T17:03:47.426] [DEBUG] debug-file - Incremental task entry:default@PackageHap post-execution cost:19 ms .
[2026-09-10T17:03:47.426] [DEBUG] debug-file - Update task entry:default@SignHap input file:D:\HW\testproject\complete\4\entry\build\default\outputs\default\entry-default-unsigned.hap cache from map.
[2026-09-10T17:03:47.427] [DEBUG] debug-file - Update task entry:default@SignHap output file:D:\HW\testproject\complete\4\entry\build\default\outputs\default\entry-default-signed.hap cache.
[2026-09-10T17:03:47.427] [DEBUG] debug-file - Incremental task entry:default@SignHap post-execution cost:2 ms .
[2026-09-10T17:03:47.429] [DEBUG] debug-file - Update task entry:default@CollectDebugSymbol input file:D:\HW\testproject\complete\4\entry\build\default\intermediates\loader_out\default\ets\sourceMaps.map cache by regenerate.
[2026-09-10T17:03:47.430] [DEBUG] debug-file - Update task entry:default@CollectDebugSymbol input file:D:\HW\testproject\complete\4\entry\build\default\intermediates\libs\default cache by regenerate.
[2026-09-10T17:03:47.431] [DEBUG] debug-file - Update task entry:default@CollectDebugSymbol output file:D:\HW\testproject\complete\4\entry\build\default\outputs\default\symbol cache.
[2026-09-10T17:03:47.431] [DEBUG] debug-file - Incremental task entry:default@CollectDebugSymbol post-execution cost:4 ms .
[2026-09-10T17:03:47.472] [DEBUG] debug-file - Cleanup worker 14.
[2026-09-10T17:03:47.474] [DEBUG] debug-file - hvigor build process will be closed.
[2026-09-10T17:03:47.492] [DEBUG] debug-file - worker[14] exits with exit code 1.
[2026-09-10T17:03:47.493] [DEBUG] debug-file - Worker 14 has been cleaned up.
[2026-09-10T17:03:47.510] [DEBUG] debug-file - session manager: send message to worker process. WorkerThreadId: 0, data: {"type":"hvigor_failed","reason":"Server has disconnected."}
[2026-09-10T17:03:47.512] [DEBUG] debug-file - session manager: send message to worker process. WorkerThreadId: 0, data: {"type":"CloseWatch","reason":"Server has disconnected."}
[2026-09-10T17:03:47.493] [DEBUG] debug-file - Current idle worker size: 1.
[2026-09-10T17:03:47.494] [DEBUG] debug-file - Current resident worker size: 1.
[2026-09-10T17:03:47.511] [DEBUG] debug-file - watch worker: worker id should be larger than 0. Nothing will be sent to any worker thread.
[2026-09-10T17:03:47.512] [DEBUG] debug-file - ABORT_WORK sent to workers.
[2026-09-10T17:03:47.513] [DEBUG] debug-file - watch worker: worker id should be larger than 0. Nothing will be sent to any worker thread.
[2026-09-10T17:04:41.652] [DEBUG] debug-file - session manager: set active socket. socketId=bNMhBj0fm1dYo2DPAAAV
[2026-09-10T17:04:41.666] [DEBUG] debug-file - watch worker: worker id should be larger than 0. Nothing will be sent to any worker thread.
[2026-09-10T17:04:41.673] [DEBUG] debug-file - Workers' log level updated to INFO
[2026-09-10T17:04:41.676] [DEBUG] debug-file - Hvigor init with startParameters:{
  hvigorfileTypeCheck: false,
  parallelExecution: true,
  incrementalExecution: true,
  printStackTrace: false,
  daemon: true,
  analyze: 0,
  logLevel: Level { level: 20000, levelStr: 'INFO', colour: 'green' },
  optimizationStrategy: 'memory',
  hotCompile: undefined,
  hotReloadBuild: undefined,
  customizedParam: undefined
}
[2026-09-10T17:04:41.685] [DEBUG] debug-file - Cache service initialization finished in 9 ms 
[2026-09-10T17:04:41.685] [DEBUG] debug-file - hvigorfile, resolving D:\HW\testproject\complete\4\hvigorfile.ts
[2026-09-10T17:04:41.691] [DEBUG] debug-file - hvigorfile, require result:  { default: { plugins: [] } }
[2026-09-10T17:04:41.691] [DEBUG] debug-file - hvigorfile, binding system plugins null
[2026-09-10T17:04:41.691] [DEBUG] debug-file - Starting plugin build process
[2026-09-10T17:04:41.691] [DEBUG] debug-file - App plugin prepare start...
[2026-09-10T17:04:41.691] [DEBUG] debug-file - App plugin prepare end...
[2026-09-10T17:04:41.691] [DEBUG] debug-file - App plugin creating...
[2026-09-10T17:04:41.697] [DEBUG] debug-file - App plugin register hook start...
[2026-09-10T17:04:41.697] [DEBUG] debug-file - App plugin register hook end...
[2026-09-10T17:04:41.697] [DEBUG] debug-file - Plugin build process completed
[2026-09-10T17:04:41.697] [DEBUG] debug-file - Start initialize project's product build option map with build mode debug.
[2026-09-10T17:04:41.697] [DEBUG] debug-file - Picking option from product 'default' with build mode 'debug'.
[2026-09-10T17:04:41.697] [DEBUG] debug-file - Product 'default' build option initialized
[2026-09-10T17:04:41.698] [DEBUG] debug-file - End initialize project's product build option map with build mode 'debug'.
[2026-09-10T17:04:41.698] [DEBUG] debug-file - Obtain build option for product 'default'in this build.
[2026-09-10T17:04:41.702] [DEBUG] debug-file - No signingConfig found, initRemoteHspCache failed.
[2026-09-10T17:04:41.704] [DEBUG] debug-file - Start recording SDK configuration permission data.
[2026-09-10T17:04:41.758] [DEBUG] debug-file - Sdk init in 56 ms 
[2026-09-10T17:04:41.764] [DEBUG] debug-file - Project task initialization takes 5 ms 
[2026-09-10T17:04:41.764] [DEBUG] debug-file - hvigorfile, begin to bind custom plugins...
[2026-09-10T17:04:41.764] [DEBUG] debug-file - hvigorfile, no custom plugins were found in D:\HW\testproject\complete\4\hvigorfile.ts
[2026-09-10T17:04:41.764] [DEBUG] debug-file - hvigorfile, resolve finished D:\HW\testproject\complete\4\hvigorfile.ts
[2026-09-10T17:04:41.765] [DEBUG] debug-file - hvigorfile, resolving D:\HW\testproject\complete\4\entry\hvigorfile.ts
[2026-09-10T17:04:41.772] [DEBUG] debug-file - hvigorfile, require result:  { default: { plugins: [] } }
[2026-09-10T17:04:41.772] [DEBUG] debug-file - hvigorfile, binding system plugins null
[2026-09-10T17:04:41.773] [DEBUG] debug-file - Starting plugin build process
[2026-09-10T17:04:41.773] [DEBUG] debug-file - Hap plugin creating...
[2026-09-10T17:04:41.775] [DEBUG] debug-file - failed to load cangjie to dynamically generate schemas: Error: Cannot find module '@ohos/cangjie-build-support/index'
Require stack:
- E:\DevEco Studio\tools\hvigor\hvigor-ohos-plugin\src\plugin\hooks\cangjie-register.js
- E:\DevEco Studio\tools\hvigor\hvigor-ohos-plugin\src\plugin\strategy\stage-init-strategy.js
- E:\DevEco Studio\tools\hvigor\hvigor-ohos-plugin\src\plugin\builder\abstract-plugin-builder.js
- E:\DevEco Studio\tools\hvigor\hvigor-ohos-plugin\src\plugin\builder\app-plugin-builder.js
- E:\DevEco Studio\tools\hvigor\hvigor-ohos-plugin\src\plugin\factory\plugin-factory.js
- E:\DevEco Studio\tools\hvigor\hvigor-ohos-plugin\index.js
- D:\HW\testproject\complete\4\hvigorfile.ts
- E:\DevEco Studio\tools\hvigor\hvigor\src\base\internal\lifecycle\configuration.js
- E:\DevEco Studio\tools\hvigor\hvigor\src\base\boot\index.js
- E:\DevEco Studio\tools\hvigor\hvigor\src\base\daemon\cluster\worker-process-lifecycle.js
- E:\DevEco Studio\tools\hvigor\hvigor\src\base\daemon\process\daemon-process-boot-script.js
[2026-09-10T17:04:41.778] [DEBUG] debug-file - Start initialize module-target build option map, moduleName=entry, buildMode=debug
[2026-09-10T17:04:41.779] [DEBUG] debug-file - Target 'default' config initialized
[2026-09-10T17:04:41.779] [DEBUG] debug-file - Target 'ohosTest' config initialized
[2026-09-10T17:04:41.779] [DEBUG] debug-file - Module 'entry' target 'default' build option initialized
[2026-09-10T17:04:41.779] [DEBUG] debug-file - Module 'entry' target 'ohosTest' build option initialized
[2026-09-10T17:04:41.780] [DEBUG] debug-file - End initialize module-target build option map, moduleName=entry
[2026-09-10T17:04:41.780] [DEBUG] debug-file - Start initialize module-target build option map, moduleName=entry, buildMode=release
[2026-09-10T17:04:41.780] [DEBUG] debug-file - Target 'default' config initialized
[2026-09-10T17:04:41.780] [DEBUG] debug-file - Target 'ohosTest' config initialized
[2026-09-10T17:04:41.780] [DEBUG] debug-file - Module 'entry' target 'default' build option initialized
[2026-09-10T17:04:41.780] [DEBUG] debug-file - Module 'entry' target 'ohosTest' build option initialized
[2026-09-10T17:04:41.780] [DEBUG] debug-file - End initialize module-target build option map, moduleName=entry
[2026-09-10T17:04:41.781] [DEBUG] debug-file - Start initialize module-target build option map, moduleName=entry, buildMode=debug
[2026-09-10T17:04:41.781] [DEBUG] debug-file - Target 'default' config initialized
[2026-09-10T17:04:41.781] [DEBUG] debug-file - Target 'ohosTest' config initialized
[2026-09-10T17:04:41.782] [DEBUG] debug-file - Module 'entry' target 'default' build option initialized
[2026-09-10T17:04:41.782] [DEBUG] debug-file - Module 'entry' target 'ohosTest' build option initialized
[2026-09-10T17:04:41.782] [DEBUG] debug-file - End initialize module-target build option map, moduleName=entry
[2026-09-10T17:04:41.782] [DEBUG] debug-file - Obtain build option for module 'entry' target 'default'in this build.
[2026-09-10T17:04:41.784] [DEBUG] debug-file - Module entry task initialization takes 2 ms 
[2026-09-10T17:04:41.784] [DEBUG] debug-file - Hap plugin register hook start...
[2026-09-10T17:04:41.785] [DEBUG] debug-file - Hap plugin register hook end...
[2026-09-10T17:04:41.785] [DEBUG] debug-file - Plugin build process completed
[2026-09-10T17:04:41.785] [DEBUG] debug-file - hvigorfile, begin to bind custom plugins...
[2026-09-10T17:04:41.785] [DEBUG] debug-file - hvigorfile, no custom plugins were found in D:\HW\testproject\complete\4\entry\hvigorfile.ts
[2026-09-10T17:04:41.785] [DEBUG] debug-file - hvigorfile, resolve finished D:\HW\testproject\complete\4\entry\hvigorfile.ts
[2026-09-10T17:04:41.895] [DEBUG] debug-file - hvigorfile, resolve hvigorfile dependencies in 110 ms 
[2026-09-10T17:04:41.895] [DEBUG] debug-file - project has submodules:entry
[2026-09-10T17:04:41.897] [DEBUG] debug-file - start to load updatedOhPackageInfo to the disk
[2026-09-10T17:04:41.902] [DEBUG] debug-file - load to the disk finished
[2026-09-10T17:04:41.904] [DEBUG] debug-file - Start to initialize dependency information.
[2026-09-10T17:04:41.925] [DEBUG] debug-file - Module 4 Collected Dependency: 
[2026-09-10T17:04:41.925] [DEBUG] debug-file - Module 4's total dependency: 0
[2026-09-10T17:04:41.926] [DEBUG] debug-file - Start to initialize dependency information.
[2026-09-10T17:04:41.929] [DEBUG] debug-file - Module entry Collected Dependency: 
[2026-09-10T17:04:41.929] [DEBUG] debug-file - Module entry's total dependency: 0
[2026-09-10T17:04:41.931] [DEBUG] debug-file - Configuration phase cost:247 ms 
[2026-09-10T17:04:41.934] [DEBUG] debug-file - Configuration task cost before running: 262 ms 
[2026-09-10T17:04:41.940] [DEBUG] debug-file - Executing task :entry:default@PreBuild
[2026-09-10T17:04:41.945] [DEBUG] debug-file - Task 'entry:default@PreBuild' cost while wrapping incremental declarations: 1 ms 
[2026-09-10T17:04:41.962] [DEBUG] debug-file - Incremental task entry:default@PreBuild pre-execution cost: 12 ms .
[2026-09-10T17:04:41.962] [DEBUG] debug-file - entry : default@PreBuild cost memory 0.5949020385742188
[2026-09-10T17:04:41.968] [INFO] debug-file - UP-TO-DATE :entry:default@PreBuild...  
[2026-09-10T17:04:41.969] [DEBUG] debug-file - Executing task :entry:default@CreateModuleInfo
[2026-09-10T17:04:41.970] [DEBUG] debug-file - Task 'entry:default@CreateModuleInfo' cost while wrapping incremental declarations: 1 ms 
[2026-09-10T17:04:41.970] [DEBUG] debug-file - entry : default@CreateModuleInfo cost memory 0.03885650634765625
[2026-09-10T17:04:41.970] [DEBUG] debug-file - runTaskFromQueue task cost before running: 297 ms 
[2026-09-10T17:04:41.971] [INFO] debug-file - Finished :entry:default@CreateModuleInfo... after 1 ms 
[2026-09-10T17:04:41.974] [DEBUG] debug-file - Executing task :entry:default@GenerateMetadata
[2026-09-10T17:04:41.976] [DEBUG] debug-file - Task 'entry:default@GenerateMetadata' cost while wrapping incremental declarations: 2 ms 
[2026-09-10T17:04:41.979] [DEBUG] debug-file - Incremental task entry:default@GenerateMetadata pre-execution cost: 3 ms .
[2026-09-10T17:04:41.979] [DEBUG] debug-file - entry : default@GenerateMetadata cost memory 0.07410430908203125
[2026-09-10T17:04:41.980] [INFO] debug-file - UP-TO-DATE :entry:default@GenerateMetadata...  
[2026-09-10T17:04:41.985] [DEBUG] debug-file - Executing task :entry:default@ConfigureCmake
[2026-09-10T17:04:41.986] [DEBUG] debug-file - entry : default@ConfigureCmake cost memory 0.01416778564453125
[2026-09-10T17:04:41.986] [DEBUG] debug-file - runTaskFromQueue task cost before running: 313 ms 
[2026-09-10T17:04:41.987] [INFO] debug-file - Finished :entry:default@ConfigureCmake... after 2 ms 
[2026-09-10T17:04:41.991] [DEBUG] debug-file - Executing task :entry:default@MergeProfile
[2026-09-10T17:04:41.991] [DEBUG] debug-file - Task 'entry:default@MergeProfile' cost while wrapping incremental declarations: 1 ms 
[2026-09-10T17:04:42.007] [DEBUG] debug-file - Incremental task entry:default@MergeProfile pre-execution cost: 16 ms .
[2026-09-10T17:04:42.008] [DEBUG] debug-file - entry : default@MergeProfile cost memory 0.11681365966796875
[2026-09-10T17:04:42.009] [INFO] debug-file - UP-TO-DATE :entry:default@MergeProfile...  
[2026-09-10T17:04:42.012] [DEBUG] debug-file - Executing task :entry:default@CreateBuildProfile
[2026-09-10T17:04:42.015] [DEBUG] debug-file - Task 'entry:default@CreateBuildProfile' cost while wrapping incremental declarations: 2 ms 
[2026-09-10T17:04:42.019] [DEBUG] debug-file - Incremental task entry:default@CreateBuildProfile pre-execution cost: 4 ms .
[2026-09-10T17:04:42.019] [DEBUG] debug-file - entry : default@CreateBuildProfile cost memory 0.0931396484375
[2026-09-10T17:04:42.021] [INFO] debug-file - UP-TO-DATE :entry:default@CreateBuildProfile...  
[2026-09-10T17:04:42.025] [DEBUG] debug-file - Executing task :entry:default@PreCheckSyscap
[2026-09-10T17:04:42.026] [DEBUG] debug-file - entry : default@PreCheckSyscap cost memory 0.01446533203125
[2026-09-10T17:04:42.026] [DEBUG] debug-file - runTaskFromQueue task cost before running: 353 ms 
[2026-09-10T17:04:42.027] [INFO] debug-file - Finished :entry:default@PreCheckSyscap... after 2 ms 
[2026-09-10T17:04:42.030] [DEBUG] debug-file - Executing task :entry:default@GeneratePkgContextInfo
[2026-09-10T17:04:42.042] [DEBUG] debug-file - Task 'entry:default@GeneratePkgContextInfo' cost while wrapping incremental declarations: 1 ms 
[2026-09-10T17:04:42.046] [DEBUG] debug-file - Incremental task entry:default@GeneratePkgContextInfo pre-execution cost: 4 ms .
[2026-09-10T17:04:42.047] [DEBUG] debug-file - entry : default@GeneratePkgContextInfo cost memory 0.174468994140625
[2026-09-10T17:04:42.047] [INFO] debug-file - UP-TO-DATE :entry:default@GeneratePkgContextInfo...  
[2026-09-10T17:04:42.051] [DEBUG] debug-file - Executing task :entry:default@GeneratePkgSdkInfo
[2026-09-10T17:04:42.056] [DEBUG] debug-file - Task 'entry:default@GeneratePkgSdkInfo' cost while wrapping incremental declarations: 1 ms 
[2026-09-10T17:04:42.057] [DEBUG] debug-file - entry : default@GeneratePkgSdkInfo cost memory 0.10514068603515625
[2026-09-10T17:04:42.057] [DEBUG] debug-file - runTaskFromQueue task cost before running: 384 ms 
[2026-09-10T17:04:42.057] [INFO] debug-file - Finished :entry:default@GeneratePkgSdkInfo... after 7 ms 
[2026-09-10T17:04:42.062] [DEBUG] debug-file - Executing task :entry:default@ProcessIntegratedHsp
[2026-09-10T17:04:42.062] [DEBUG] debug-file - entry:default@ProcessIntegratedHsp is not up-to-date, since the output file 'D:\HW\testproject\complete\4\build\cache\default\integrated_hsp\integratedHspCache.json' does not exist.
[2026-09-10T17:04:42.062] [DEBUG] debug-file - Incremental task entry:default@ProcessIntegratedHsp pre-execution cost: 1 ms .
[2026-09-10T17:04:42.063] [DEBUG] debug-file - entry : default@ProcessIntegratedHsp cost memory 0.04889678955078125
[2026-09-10T17:04:42.063] [DEBUG] debug-file - runTaskFromQueue task cost before running: 390 ms 
[2026-09-10T17:04:42.064] [INFO] debug-file - Finished :entry:default@ProcessIntegratedHsp... after 2 ms 
[2026-09-10T17:04:42.067] [DEBUG] debug-file - Executing task :entry:default@BuildNativeWithCmake
[2026-09-10T17:04:42.068] [DEBUG] debug-file - entry : default@BuildNativeWithCmake cost memory 0.0279693603515625
[2026-09-10T17:04:42.069] [DEBUG] debug-file - runTaskFromQueue task cost before running: 396 ms 
[2026-09-10T17:04:42.070] [INFO] debug-file - Finished :entry:default@BuildNativeWithCmake... after 2 ms 
[2026-09-10T17:04:42.073] [DEBUG] debug-file - Executing task :entry:default@MakePackInfo
[2026-09-10T17:04:42.084] [DEBUG] debug-file - Incremental task entry:default@MakePackInfo pre-execution cost: 8 ms .
[2026-09-10T17:04:42.085] [DEBUG] debug-file - entry : default@MakePackInfo cost memory 0.10822296142578125
[2026-09-10T17:04:42.088] [INFO] debug-file - UP-TO-DATE :entry:default@MakePackInfo...  
[2026-09-10T17:04:42.089] [DEBUG] debug-file - Executing task :entry:default@SyscapTransform
[2026-09-10T17:04:42.089] [DEBUG] debug-file - File: 'D:\HW\testproject\complete\4\entry\src\main\syscap.json' from 'sysCapJsonPath' is not exists, just ignore.
[2026-09-10T17:04:42.092] [DEBUG] debug-file - Task 'entry:default@SyscapTransform' cost while wrapping incremental declarations: 3 ms 
[2026-09-10T17:04:42.098] [DEBUG] debug-file - entry:default@SyscapTransform is not up-to-date, since the output file 'D:\HW\testproject\complete\4\entry\build\default\intermediates\syscap\default\rpcid.sc' does not exist.
[2026-09-10T17:04:42.098] [DEBUG] debug-file - Incremental task entry:default@SyscapTransform pre-execution cost: 6 ms .
[2026-09-10T17:04:42.099] [DEBUG] debug-file - entry : default@SyscapTransform cost memory 0.1118621826171875
[2026-09-10T17:04:42.100] [DEBUG] debug-file - runTaskFromQueue task cost before running: 427 ms 
[2026-09-10T17:04:42.101] [INFO] debug-file - Finished :entry:default@SyscapTransform... after 11 ms 
[2026-09-10T17:04:42.104] [DEBUG] debug-file - Executing task :entry:default@ProcessProfile
[2026-09-10T17:04:42.109] [DEBUG] debug-file - Task 'entry:default@ProcessProfile' cost while wrapping incremental declarations: 1 ms 
[2026-09-10T17:04:42.110] [DEBUG] debug-file - Incremental task entry:default@ProcessProfile pre-execution cost: 2 ms .
[2026-09-10T17:04:42.110] [DEBUG] debug-file - entry : default@ProcessProfile cost memory 0.1255645751953125
[2026-09-10T17:04:42.111] [INFO] debug-file - UP-TO-DATE :entry:default@ProcessProfile...  
[2026-09-10T17:04:42.113] [DEBUG] debug-file - Executing task :entry:default@ProcessRouterMap
[2026-09-10T17:04:42.119] [DEBUG] debug-file - Incremental task entry:default@ProcessRouterMap pre-execution cost: 6 ms .
[2026-09-10T17:04:42.120] [DEBUG] debug-file - entry : default@ProcessRouterMap cost memory 0.12561798095703125
[2026-09-10T17:04:42.121] [INFO] debug-file - UP-TO-DATE :entry:default@ProcessRouterMap...  
[2026-09-10T17:04:42.123] [DEBUG] debug-file - Executing task :entry:default@ProcessShareConfig
[2026-09-10T17:04:42.127] [DEBUG] debug-file - Incremental task entry:default@ProcessShareConfig pre-execution cost: 3 ms .
[2026-09-10T17:04:42.127] [DEBUG] debug-file - entry : default@ProcessShareConfig cost memory 0.105682373046875
[2026-09-10T17:04:42.128] [INFO] debug-file - UP-TO-DATE :entry:default@ProcessShareConfig...  
[2026-09-10T17:04:42.132] [DEBUG] debug-file - Executing task :entry:default@ProcessStartupConfig
[2026-09-10T17:04:42.132] [DEBUG] debug-file - Task 'entry:default@ProcessStartupConfig' cost while wrapping incremental declarations: 1 ms 
[2026-09-10T17:04:42.135] [DEBUG] debug-file - entry:default@ProcessStartupConfig is not up-to-date, since the output file 'D:\HW\testproject\complete\4\entry\build\default\intermediates\startup\default\startup_config.json' does not exist.
[2026-09-10T17:04:42.135] [DEBUG] debug-file - Incremental task entry:default@ProcessStartupConfig pre-execution cost: 2 ms .
[2026-09-10T17:04:42.137] [DEBUG] debug-file - entry : default@ProcessStartupConfig cost memory 0.11380767822265625
[2026-09-10T17:04:42.137] [DEBUG] debug-file - runTaskFromQueue task cost before running: 464 ms 
[2026-09-10T17:04:42.138] [INFO] debug-file - Finished :entry:default@ProcessStartupConfig... after 6 ms 
[2026-09-10T17:04:42.140] [DEBUG] debug-file - Executing task :entry:default@BuildNativeWithNinja
[2026-09-10T17:04:42.142] [DEBUG] debug-file - entry : default@BuildNativeWithNinja cost memory 0.01897430419921875
[2026-09-10T17:04:42.143] [DEBUG] debug-file - runTaskFromQueue task cost before running: 470 ms 
[2026-09-10T17:04:42.144] [INFO] debug-file - Finished :entry:default@BuildNativeWithNinja... after 3 ms 
[2026-09-10T17:04:42.148] [DEBUG] debug-file - restool module names: entry; moduleName=entry, taskName=default@ProcessResource
[2026-09-10T17:04:42.152] [DEBUG] debug-file - Executing task :entry:default@ProcessResource
[2026-09-10T17:04:42.153] [DEBUG] debug-file - Task 'entry:default@ProcessResource' cost while wrapping incremental declarations: 1 ms 
[2026-09-10T17:04:42.156] [DEBUG] debug-file - Incremental task entry:default@ProcessResource pre-execution cost: 2 ms .
[2026-09-10T17:04:42.156] [DEBUG] debug-file - entry : default@ProcessResource cost memory 0.1092071533203125
[2026-09-10T17:04:42.162] [INFO] debug-file - UP-TO-DATE :entry:default@ProcessResource...  
[2026-09-10T17:04:42.165] [DEBUG] debug-file - Executing task :entry:default@GenerateLoaderJson
[2026-09-10T17:04:42.171] [DEBUG] debug-file - Task 'entry:default@GenerateLoaderJson' cost while wrapping incremental declarations: 1 ms 
[2026-09-10T17:04:42.198] [DEBUG] debug-file - Incremental task entry:default@GenerateLoaderJson pre-execution cost: 9 ms .
[2026-09-10T17:04:42.198] [DEBUG] debug-file - entry : default@GenerateLoaderJson cost memory 0.41754150390625
[2026-09-10T17:04:42.203] [INFO] debug-file - UP-TO-DATE :entry:default@GenerateLoaderJson...  
[2026-09-10T17:04:42.204] [DEBUG] debug-file - Executing task :entry:default@ProcessLibs
[2026-09-10T17:04:42.205] [DEBUG] debug-file - Task 'entry:default@ProcessLibs' cost while wrapping incremental declarations: 1 ms 
[2026-09-10T17:04:42.208] [DEBUG] debug-file - Incremental task entry:default@ProcessLibs pre-execution cost: 3 ms .
[2026-09-10T17:04:42.208] [DEBUG] debug-file - entry : default@ProcessLibs cost memory 0.0925750732421875
[2026-09-10T17:04:42.209] [INFO] debug-file - UP-TO-DATE :entry:default@ProcessLibs...  
[2026-09-10T17:04:42.211] [DEBUG] debug-file - restool module names: entry; moduleName=entry, taskName=default@CompileResource
[2026-09-10T17:04:42.211] [DEBUG] debug-file - Executing task :entry:default@CompileResource
[2026-09-10T17:04:42.233] [DEBUG] debug-file - Incremental task entry:default@CompileResource pre-execution cost: 21 ms .
[2026-09-10T17:04:42.234] [DEBUG] debug-file - entry : default@CompileResource cost memory 0.5330276489257812
[2026-09-10T17:04:42.235] [INFO] debug-file - UP-TO-DATE :entry:default@CompileResource...  
[2026-09-10T17:04:42.237] [DEBUG] debug-file - Executing task :entry:default@DoNativeStrip
[2026-09-10T17:04:42.238] [DEBUG] debug-file - File: 'D:\HW\testproject\complete\4\entry\build\default\intermediates\binxo\default' from 'doBinxoNativeLibs' is not exists, just ignore.
[2026-09-10T17:04:42.239] [DEBUG] debug-file - Task 'entry:default@DoNativeStrip' cost while wrapping incremental declarations: 1 ms 
[2026-09-10T17:04:42.240] [DEBUG] debug-file - Incremental task entry:default@DoNativeStrip pre-execution cost: 2 ms .
[2026-09-10T17:04:42.241] [DEBUG] debug-file - entry : default@DoNativeStrip cost memory 0.07259368896484375
[2026-09-10T17:04:42.241] [INFO] debug-file - UP-TO-DATE :entry:default@DoNativeStrip...  
[2026-09-10T17:04:42.243] [DEBUG] debug-file - Executing task :entry:default@CompileArkTS
[2026-09-10T17:04:42.243] [DEBUG] debug-file - obfuscationOptions: undefined
[2026-09-10T17:04:42.244] [DEBUG] debug-file - Task 'entry:default@CompileArkTS' cost while wrapping incremental declarations: 1 ms 
[2026-09-10T17:04:42.260] [DEBUG] debug-file - entry:default@CompileArkTS is not up-to-date, since the input file 'D:\HW\testproject\complete\4\entry\src\main\ets' has been changed.
[2026-09-10T17:04:42.260] [DEBUG] debug-file - Incremental task entry:default@CompileArkTS pre-execution cost: 13 ms .
[2026-09-10T17:04:42.294] [DEBUG] debug-file - build config:
[2026-09-10T17:04:42.294] [DEBUG] debug-file - {
  moduleType: 'entry',
  perf: 0,
  targetName: '.default',
  packageManagerType: 'ohpm',
  localPropertiesPath: 'D:\\HW\\testproject\\complete\\4\\local.properties',
  isPreview: false,
  isOhosTest: false,
  isLocalTest: false,
  buildMode: 'Debug',
  hotReloadBuild: undefined,
  watchMode: 'false',
  aceProfilePath: 'D:\\HW\\testproject\\complete\\4\\entry\\build\\default\\intermediates\\res\\default\\resources\\base\\profile',
  etsLoaderPath: 'E:\\DevEco Studio\\sdk\\default\\openharmony\\ets\\build-tools\\ets-loader',
  modulePath: 'D:\\HW\\testproject\\complete\\4\\entry',
  testFrameworkPar: {
    testMode: undefined,
    coveragePathFilter: undefined,
    coverageMode: undefined
  },
  needCoverageInsert: false,
  debugLine: false,
  projectTopDir: 'D:\\HW\\testproject\\complete\\4',
  compileSdkVersion: 26,
  compatibleSdkVersion: 26,
  originCompatibleSdkVersion: '26.0.0',
  compatibleSdkVersionStage: undefined,
  bundleName: 'c***p',
  etsLoaderVersion: '26.0.0.105',
  etsLoaderReleaseType: 'Release',
  aotCompileMode: 'type',
  apPath: 'D:\\HW\\testproject\\complete\\4\\entry\\modules.ap',
  entryModuleName: 'entry',
  entryModuleVersion: '1.0.0',
  entryPackageName: 'entry',
  allModuleNameHash: '30e07d57c30f75288c09608296ed8ed07fc604f1881982510ff25b77cb397b11',
  externalApiPaths: [ 'E:\\DevEco Studio\\sdk\\default\\hms\\ets' ],
  compilerTypes: [],
  isCrossplatform: false,
  hvigorPluginFile: undefined,
  compilePluginPath: undefined,
  buildGeneratedProfilePath: 'D:\\HW\\testproject\\complete\\4\\entry\\build\\default\\generated\\profile\\default',
  bundleType: 'app',
  arkTSVersion: undefined,
  apiVersion: 26,
  needCompleteSourcesMap: false,
  isFaMode: false,
  buildDir: 'D:\\HW\\testproject\\complete\\4\\entry\\build',
  buildCacheProjectDir: 'D:\\HW\\testproject\\complete\\4',
  deviceTypes: [ 'phone' ],
  pkgContextInfo: {
    '@ohos/hypium': {
      packageName: '@ohos/hypium',
      bundleName: '*****',
      moduleName: '',
      version: '1.0.24',
      entryPath: 'index.js',
      isSO: false,
      dependencyAlias: ''
    },
    '@ohos/hamock': {
      packageName: '@ohos/hamock',
      bundleName: '*****',
      moduleName: '',
      version: '1.0.0',
      entryPath: 'index.ets',
      isSO: false,
      dependencyAlias: ''
    },
    entry: {
      packageName: 'entry',
      bundleName: '*****',
      moduleName: '',
      version: '',
      entryPath: 'src/main/',
      isSO: false,
      dependencyAlias: ''
    }
  },
  ohPackagePathMap: {},
  dependencyAliasMap: {},
  permission: { requestPermissions: undefined, definePermissions: undefined },
  useGetCurrentBundleName: false,
  projectArkOption: undefined,
  sourceMapDir: undefined,
  branchElimination: false,
  transformLib: undefined,
  tsImportSendable: false,
  resolveConflictMode: true,
  depName2RootPath: {},
  depName2DepInfo: {},
  depName2OhExports: {},
  rootPathSet: [ 'D:\\HW\\testproject\\complete\\4' ],
  useNativeResolver: true,
  shouldEmitJs: true,
  useUnifiedAst: false,
  useTscResolve: false,
  singleFileEmit: false,
  userProjectConfig: {
    autoLazyImport: false,
    allowEmptyBundleName: false,
    reExportCheckMode: 'noCheck',
    executionMode: 'memory',
    usePathPlaceholder: false,
    writeRollupCache: true,
    isExpandImportEnabled: false,
    expandImportExclude: '',
    lazyImportExclude: '',
    lazyImportInclude: '',
    ignoreCrossplatformCheck: false,
    isHarDeduplicateEnabled: false,
    skipOhModulesLint: false,
    enableStrictCheckOHModule: false,
    disableSendableCheckRules: [],
    useDeclarationFileSignature: false,
    customizedOptions: undefined,
    integratedHsp: false,
    tsImportSoCheck: false,
    isPreloadSoEnabled: false
  },
  executionMode: 'memory',
  arkCompileCachePath: 'D:\\HW\\testproject\\complete\\4\\entry\\build\\default\\cache\\default\\default@CompileArkTS\\esmodule',
  autoLazyFilter: undefined,
  isHarDeduplicateEnabled: false,
  intermediateHarDuplicateDirPath: 'D:\\HW\\testproject\\complete\\4\\entry\\build\\default\\intermediates\\har_duplicate\\default',
  autoLazyImport: false,
  allowEmptyBundleName: false,
  reExportCheckMode: 'noCheck',
  usePathPlaceholder: false,
  writeRollupCache: true,
  isExpandImportEnabled: false,
  expandImportExclude: '',
  lazyImportExclude: '',
  lazyImportInclude: '',
  ignoreCrossplatformCheck: false,
  skipOhModulesLint: false,
  enableStrictCheckOHModule: false,
  disableSendableCheckRules: [],
  useDeclarationFileSignature: false,
  customizedOptions: undefined,
  integratedHsp: false,
  tsImportSoCheck: false,
  isPreloadSoEnabled: false,
  strictMode: {
    caseSensitiveCheck: true,
    useNormalizedOHMUrl: true,
    noExternalImportByPath: true
  },
  useNormalizedOHMUrl: true,
  caseSensitiveCheck: true,
  strictCheckerOnly: false,
  aceModuleJsonPath: 'D:\\HW\\testproject\\complete\\4\\entry\\build\\default\\intermediates\\res\\default\\ark_module.json',
  appResource: 'D:\\HW\\testproject\\complete\\4\\entry\\build\\default\\intermediates\\res\\default\\ResourceTable.txt',
  rawFileResource: 'D:\\HW\\testproject\\complete\\4\\entry\\build\\default\\intermediates\\res\\default\\resources\\rawfile',
  resourceTableHash: 'd81a83941c07883d4327563ba2cfe0ac7f68042912820a1577b99d29cbd144cc',
  runtimeOS: 'HarmonyOS',
  sdkInfo: 'false:26:26.0.0.105:Release',
  aceModuleRoot: 'D:\\HW\\testproject\\complete\\4\\entry\\src\\main\\ets',
  compileMode: 'esmodule',
  aceSuperVisualPath: 'D:\\HW\\testproject\\complete\\4\\entry\\src\\main\\supervisual',
  aceBuildJson: 'D:\\HW\\testproject\\complete\\4\\entry\\build\\default\\intermediates\\loader\\default\\loader.json',
  cachePath: 'D:\\HW\\testproject\\complete\\4\\entry\\build\\default\\cache\\default\\default@CompileArkTS\\esmodule\\debug',
  aceModuleBuild: 'D:\\HW\\testproject\\complete\\4\\entry\\build\\default\\intermediates\\loader_out\\default\\ets',
  supportChunks: true,
  declaredFilesPath: undefined,
  shouldCollectDirectImportees: false,
  isByteCodeHarOptimize: false,
  expandImportPath: undefined,
  resourceTableTs: 'D:\\HW\\testproject\\complete\\4\\entry\\build\\default\\generated\\r\\default\\ResourceTable.ts',
  moduleMetaInfoFiles: [
    {
      filePath: 'D:\\HW\\testproject\\complete\\4\\entry\\build\\default\\generated\\r\\default\\ResourceTable.ts',
      ohmurl: '&entry/build/generated/r/ResourceTable&'
    }
  ],
  pkgNameToPkgBriefInfo: {
    entry: {
      pkgRoot: 'D:\\HW\\testproject\\complete\\4\\entry',
      originalSourceRoots: undefined,
      sourceRoots: [Array],
      pkgName: 'entry'
    }
  },
  projectModel: {
    'D:\\HW\\testproject\\complete\\4\\entry\\src\\main': {
      moduleName: 'entry',
      modulePkgPath: 'D:\\HW\\testproject\\complete\\4\\entry',
      belongProjectPath: 'D:\\HW\\testproject\\complete\\4'
    },
    'D:\\HW\\testproject\\complete\\4\\entry\\.test\\default\\intermediates\\src\\ohosTest\\ets': {
      moduleName: 'entry_test',
      modulePkgPath: 'D:\\HW\\testproject\\complete\\4\\entry',
      belongProjectPath: 'D:\\HW\\testproject\\complete\\4'
    },
    'D:\\HW\\testproject\\complete\\4\\entry\\src\\ohosTest': {
      moduleName: 'entry_test',
      modulePkgPath: 'D:\\HW\\testproject\\complete\\4\\entry',
      belongProjectPath: 'D:\\HW\\testproject\\complete\\4'
    },
    'D:\\HW\\testproject\\complete\\4\\entry': {
      moduleName: 'entry',
      modulePkgPath: 'D:\\HW\\testproject\\complete\\4\\entry',
      belongProjectPath: 'D:\\HW\\testproject\\complete\\4'
    },
    'D:\\HW\\testproject\\complete\\4': {
      moduleName: '4',
      modulePkgPath: 'D:\\HW\\testproject\\complete\\4',
      belongProjectPath: 'D:\\HW\\testproject\\complete\\4'
    }
  },
  pkgJsonFileHash: '7ab10e622b876a852aaa87f883a5ca46773dc428b9273d7582651c0540669143',
  allModulePaths: [ 'D:\\HW\\testproject\\complete\\4\\entry' ],
  routerMap: {},
  obfuscationOptions: undefined,
  byteCodeHarToDependencyKeys: undefined,
  compileBlockPkg: [],
  mockParams: {
    decorator: '@MockSetup',
    packageName: '@ohos/hamock',
    etsSourceRootPath: 'src/main/ets',
    mockConfigPath: 'D:\\HW\\testproject\\complete\\4\\entry\\src\\mock\\mock-config.json5',
    mockConfigKey2ModuleInfo: {},
    source2ModuleIdMap: {}
  },
  copyCodeResourceEnable: false,
  copyCodeResourceExcludes: [],
  copyCodeResourceIncludes: undefined,
  uiTransformOptimization: false,
  sdkPath: 'E:/DevEco Studio/sdk',
  needPreloadSoFileSet: {},
  preloadSoFilePath: 'D:\\HW\\testproject\\complete\\4\\entry\\build\\default\\intermediates\\preload\\default\\preload.json',
  useSourceHash: false,
  localModuleParamMap: {},
  otherPaths: {
    'entry/*': [
      '..\\*',
      '..\\..\\..\\build\\default\\generated\\profile\\default\\*'
    ]
  },
  collectImportersConfig: undefined
}
[2026-09-10T17:04:42.295] [DEBUG] debug-file - Compile arkts with external api path: E:\DevEco Studio\sdk\default\hms\ets
[2026-09-10T17:04:42.303] [DEBUG] debug-file - before submitting ArkTS compile task to worker pool, config.buildDir: D:\HW\testproject\complete\4\entry\build
[2026-09-10T17:04:42.304] [DEBUG] debug-file - default@CompileArkTS work[17] is submitted.
[2026-09-10T17:04:42.304] [DEBUG] debug-file - default@CompileArkTS work[17] is pushed to ready queue.
[2026-09-10T17:04:42.305] [DEBUG] debug-file - A work dispatched to worker[15] failed because unable to get work from ready queue.
[2026-09-10T17:04:42.305] [DEBUG] debug-file - A work dispatched to worker[14] failed because unable to get work from ready queue.
[2026-09-10T17:04:42.305] [DEBUG] debug-file - A work dispatched to worker[13] failed because unable to get work from ready queue.
[2026-09-10T17:04:42.305] [DEBUG] debug-file - A work dispatched to worker[12] failed because unable to get work from ready queue.
[2026-09-10T17:04:42.305] [DEBUG] debug-file - A work dispatched to worker[11] failed because unable to get work from ready queue.
[2026-09-10T17:04:42.305] [DEBUG] debug-file - A work dispatched to worker[10] failed because unable to get work from ready queue.
[2026-09-10T17:04:42.305] [DEBUG] debug-file - A work dispatched to worker[9] failed because unable to get work from ready queue.
[2026-09-10T17:04:42.306] [DEBUG] debug-file - A work dispatched to worker[8] failed because unable to get work from ready queue.
[2026-09-10T17:04:42.306] [DEBUG] debug-file - A work dispatched to worker[7] failed because unable to get work from ready queue.
[2026-09-10T17:04:42.306] [DEBUG] debug-file - A work dispatched to worker[6] failed because unable to get work from ready queue.
[2026-09-10T17:04:42.306] [DEBUG] debug-file - A work dispatched to worker[5] failed because unable to get work from ready queue.
[2026-09-10T17:04:42.307] [DEBUG] debug-file - default@CompileArkTS work[17] has been dispatched to worker[4].
[2026-09-10T17:04:42.307] [DEBUG] debug-file - default@CompileArkTS work[17] is dispatched.
[2026-09-10T17:04:42.307] [DEBUG] debug-file - entry : default@CompileArkTS cost memory 1.1088943481445312
[2026-09-10T17:04:42.311] [DEBUG] debug-file - Executing task :entry:default@BuildJS
[2026-09-10T17:04:42.312] [DEBUG] debug-file - Task 'entry:default@BuildJS' cost while wrapping incremental declarations: 1 ms 
[2026-09-10T17:04:42.323] [DEBUG] debug-file - entry : default@BuildJS cost memory 0.11730194091796875
[2026-09-10T17:04:42.324] [DEBUG] debug-file - runTaskFromQueue task cost before running: 651 ms 
[2026-09-10T17:04:42.324] [INFO] debug-file - Finished :entry:default@BuildJS... after 13 ms 
[2026-09-10T17:04:42.328] [DEBUG] debug-file - Executing task :entry:default@CacheNativeLibs
[2026-09-10T17:04:42.329] [DEBUG] debug-file - File: 'D:\HW\testproject\complete\4\entry\build\default\intermediates\binxo\default' from 'cacheBinxoNativeLibs' is not exists, just ignore.
[2026-09-10T17:04:42.331] [DEBUG] debug-file - Task 'entry:default@CacheNativeLibs' cost while wrapping incremental declarations: 3 ms 
[2026-09-10T17:04:42.338] [DEBUG] debug-file - Incremental task entry:default@CacheNativeLibs pre-execution cost: 4 ms .
[2026-09-10T17:04:42.339] [DEBUG] debug-file - entry : default@CacheNativeLibs cost memory -3.2698135375976562
[2026-09-10T17:04:42.340] [INFO] debug-file - UP-TO-DATE :entry:default@CacheNativeLibs...  
[2026-09-10T17:04:44.743] [DEBUG] debug-file - Ark compile task finished.finished time is 191906483080100
[2026-09-10T17:04:44.746] [DEBUG] debug-file - worker[4] has one work done.
[2026-09-10T17:04:44.758] [DEBUG] debug-file - default@CompileArkTS work[17] done.
[2026-09-10T17:04:44.768] [INFO] debug-file - Finished :entry:default@CompileArkTS... after 2 s 500 ms 
[2026-09-10T17:04:44.771] [DEBUG] debug-file - Executing task :entry:default@GeneratePkgModuleJson
[2026-09-10T17:04:44.772] [DEBUG] debug-file - File: 'D:\HW\testproject\complete\4\entry\build\default\intermediates\preload\default\preload.json' from 'preloadSoJsonPath' is not exists, just ignore.
[2026-09-10T17:04:44.773] [DEBUG] debug-file - Error occurs while handling @Input 'shouldDeduplicateHar': The "data" argument must be of type string or an instance of Buffer, TypedArray, or DataView. Received undefined
[2026-09-10T17:04:44.774] [DEBUG] debug-file - Task 'entry:default@GeneratePkgModuleJson' cost while wrapping incremental declarations: 2 ms 
[2026-09-10T17:04:44.778] [DEBUG] debug-file - Incremental task entry:default@GeneratePkgModuleJson pre-execution cost: 4 ms .
[2026-09-10T17:04:44.779] [DEBUG] debug-file - entry : default@GeneratePkgModuleJson cost memory 0.082977294921875
[2026-09-10T17:04:44.780] [INFO] debug-file - UP-TO-DATE :entry:default@GeneratePkgModuleJson...  
[2026-09-10T17:04:44.784] [DEBUG] debug-file - Executing task :entry:default@ProcessCompiledResources
[2026-09-10T17:04:44.785] [DEBUG] debug-file - File: 'D:\HW\testproject\complete\4\entry\build\default\intermediates\preload\default\preload.json' from 'preloadSoJsonPath' is not exists, just ignore.
[2026-09-10T17:04:44.786] [DEBUG] debug-file - Task 'entry:default@ProcessCompiledResources' cost while wrapping incremental declarations: 1 ms 
[2026-09-10T17:04:44.787] [DEBUG] debug-file - entry : default@ProcessCompiledResources cost memory 0.04999542236328125
[2026-09-10T17:04:44.788] [DEBUG] debug-file - runTaskFromQueue task cost before running: 3 s 115 ms 
[2026-09-10T17:04:44.788] [INFO] debug-file - Finished :entry:default@ProcessCompiledResources... after 4 ms 
[2026-09-10T17:04:44.792] [DEBUG] debug-file - Executing task :entry:default@PackageHap
[2026-09-10T17:04:44.804] [DEBUG] debug-file - entry:default@PackageHap is not up-to-date, since the input file 'D:\HW\testproject\complete\4\entry\build\default\intermediates\loader_out\default\ets' has been changed.
[2026-09-10T17:04:44.805] [DEBUG] debug-file - Incremental task entry:default@PackageHap pre-execution cost: 11 ms .
[2026-09-10T17:04:44.806] [DEBUG] debug-file - Use tool [E:\DevEco Studio\sdk\default\openharmony\toolchains\lib\app_packing_tool.jar]
 [
  'java',
  '-Dfile.encoding=GBK',
  '-jar',
  'E:\\DevEco Studio\\sdk\\default\\openharmony\\toolchains\\lib\\app_packing_tool.jar',
  '--mode',
  'hap',
  '--force',
  'true',
  '--lib-path',
  'D:\\HW\\testproject\\complete\\4\\entry\\build\\default\\intermediates\\stripped_native_libs\\default',
  '--json-path',
  'D:\\HW\\testproject\\complete\\4\\entry\\build\\default\\intermediates\\package\\default\\module.json',
  '--resources-path',
  'D:\\HW\\testproject\\complete\\4\\entry\\build\\default\\intermediates\\res\\default\\resources',
  '--index-path',
  'D:\\HW\\testproject\\complete\\4\\entry\\build\\default\\intermediates\\res\\default\\resources.index',
  '--pack-info-path',
  'D:\\HW\\testproject\\complete\\4\\entry\\build\\default\\outputs\\default\\pack.info',
  '--out-path',
  'D:\\HW\\testproject\\complete\\4\\entry\\build\\default\\outputs\\default\\entry-default-unsigned.hap',
  '--ets-path',
  'D:\\HW\\testproject\\complete\\4\\entry\\build\\default\\intermediates\\loader_out\\default\\ets',
  '--pkg-context-path',
  'D:\\HW\\testproject\\complete\\4\\entry\\build\\default\\intermediates\\loader\\default\\pkgContextInfo.json'
]
[2026-09-10T17:04:44.806] [DEBUG] debug-file - default@PackageHap work[18] is submitted.
[2026-09-10T17:04:44.806] [DEBUG] debug-file - default@PackageHap work[18] is pushed to ready queue.
[2026-09-10T17:04:44.806] [DEBUG] debug-file - A work dispatched to worker[15] failed because unable to get work from ready queue.
[2026-09-10T17:04:44.807] [DEBUG] debug-file - Create  resident worker with id: 14.
[2026-09-10T17:04:44.808] [DEBUG] debug-file - default@PackageHap work[18] has been dispatched to worker[14].
[2026-09-10T17:04:44.808] [DEBUG] debug-file - default@PackageHap work[18] is dispatched.
[2026-09-10T17:04:44.815] [DEBUG] debug-file - entry : default@PackageHap cost memory 0.4313507080078125
[2026-09-10T17:04:48.003] [DEBUG] debug-file - current process  memoryUsage: {
  rss: 453152768,
  heapTotal: 78856192,
  heapUsed: 50384736,
  external: 3958577,
  arrayBuffers: 18671
} os memoryUsage :15.020946502685547
[2026-09-10T17:04:48.919] [DEBUG] debug-file - worker[14] has one work done.
[2026-09-10T17:04:48.919] [DEBUG] debug-file - default@PackageHap work[18] done.
[2026-09-10T17:04:48.920] [DEBUG] debug-file - A work dispatched to worker[14] failed because unable to get work from ready queue.
[2026-09-10T17:04:48.922] [INFO] debug-file - Finished :entry:default@PackageHap... after 965 ms 
[2026-09-10T17:04:48.923] [DEBUG] debug-file - Executing task :entry:default@PackingCheck
[2026-09-10T17:04:48.929] [DEBUG] debug-file - entry : default@PackingCheck cost memory 0.296417236328125
[2026-09-10T17:04:48.929] [DEBUG] debug-file - runTaskFromQueue task cost before running: 7 s 257 ms 
[2026-09-10T17:04:48.930] [INFO] debug-file - Finished :entry:default@PackingCheck... after 7 ms 
[2026-09-10T17:04:48.933] [DEBUG] debug-file - Executing task :entry:default@SignHap
[2026-09-10T17:04:48.933] [WARN] debug-file - Will skip sign 'hos_hap'. No signingConfigs profile is configured in current project.
             If needed, configure the signingConfigs in D:\HW\testproject\complete\4\build-profile.json5.
[2026-09-10T17:04:48.935] [DEBUG] debug-file - entry:default@SignHap is not up-to-date, since the input file 'D:\HW\testproject\complete\4\entry\build\default\outputs\default\entry-default-unsigned.hap' has been changed.
[2026-09-10T17:04:48.936] [DEBUG] debug-file - Incremental task entry:default@SignHap pre-execution cost: 2 ms .
[2026-09-10T17:04:48.937] [DEBUG] debug-file - entry : default@SignHap cost memory 0.07004547119140625
[2026-09-10T17:04:48.937] [DEBUG] debug-file - runTaskFromQueue task cost before running: 7 s 264 ms 
[2026-09-10T17:04:48.938] [INFO] debug-file - Finished :entry:default@SignHap... after 5 ms 
[2026-09-10T17:04:48.942] [DEBUG] debug-file - Executing task :entry:default@CollectDebugSymbol
[2026-09-10T17:04:48.947] [DEBUG] debug-file - entry : default@CollectDebugSymbol cost memory 0.07727813720703125
[2026-09-10T17:04:48.948] [DEBUG] debug-file - runTaskFromQueue task cost before running: 7 s 275 ms 
[2026-09-10T17:04:48.951] [INFO] debug-file - Finished :entry:default@CollectDebugSymbol... after 7 ms 
[2026-09-10T17:04:48.953] [DEBUG] debug-file - Executing task :entry:assembleHap
[2026-09-10T17:04:48.955] [DEBUG] debug-file - entry : assembleHap cost memory 0.01392364501953125
[2026-09-10T17:04:48.956] [DEBUG] debug-file - runTaskFromQueue task cost before running: 7 s 284 ms 
[2026-09-10T17:04:48.959] [INFO] debug-file - Finished :entry:assembleHap... after 4 ms 
[2026-09-10T17:04:48.976] [INFO] debug-file - BUILD SUCCESSFUL in 7 s 300 ms 
[2026-09-10T17:04:48.987] [DEBUG] debug-file - There is no need to refresh cache, since the incremental task entry:default@PreBuild is up-to-date.
[2026-09-10T17:04:48.988] [DEBUG] debug-file - Update task entry:default@CreateModuleInfo output file:D:\HW\testproject\complete\4\entry\build\default\generated\profile\default\ModuleInfo.ts cache.
[2026-09-10T17:04:48.999] [DEBUG] debug-file - Incremental task entry:default@CreateModuleInfo post-execution cost:12 ms .
[2026-09-10T17:04:49.000] [DEBUG] debug-file - There is no need to refresh cache, since the incremental task entry:default@GenerateMetadata is up-to-date.
[2026-09-10T17:04:49.000] [DEBUG] debug-file - There is no need to refresh cache, since the incremental task entry:default@MergeProfile is up-to-date.
[2026-09-10T17:04:49.000] [DEBUG] debug-file - There is no need to refresh cache, since the incremental task entry:default@CreateBuildProfile is up-to-date.
[2026-09-10T17:04:49.000] [DEBUG] debug-file - There is no need to refresh cache, since the incremental task entry:default@GeneratePkgContextInfo is up-to-date.
[2026-09-10T17:04:49.000] [DEBUG] debug-file - Update task entry:default@GeneratePkgSdkInfo output file:D:\HW\testproject\complete\4\entry\build\default\intermediates\loader\default\pkgSdkInfo.json cache.
[2026-09-10T17:04:49.001] [DEBUG] debug-file - Incremental task entry:default@GeneratePkgSdkInfo post-execution cost:1 ms .
[2026-09-10T17:04:49.002] [DEBUG] debug-file - Update task entry:default@ProcessIntegratedHsp output file:D:\HW\testproject\complete\4\build\cache\default\integrated_hsp\integratedHspCache.json cache.
[2026-09-10T17:04:49.006] [DEBUG] debug-file - Incremental task entry:default@ProcessIntegratedHsp post-execution cost:5 ms .
[2026-09-10T17:04:49.006] [DEBUG] debug-file - There is no need to refresh cache, since the incremental task entry:default@MakePackInfo is up-to-date.
[2026-09-10T17:04:49.007] [DEBUG] debug-file - Update task entry:default@SyscapTransform input file:E:\DevEco Studio\sdk\default\openharmony\toolchains\syscap_tool.exe cache by regenerate.
[2026-09-10T17:04:49.008] [DEBUG] debug-file - Update task entry:default@SyscapTransform input file:E:\DevEco Studio\sdk\default\openharmony\ets\api\device-define cache by regenerate.
[2026-09-10T17:04:49.018] [DEBUG] debug-file - Update task entry:default@SyscapTransform output file:D:\HW\testproject\complete\4\entry\build\default\intermediates\syscap\default\rpcid.sc cache.
[2026-09-10T17:04:49.019] [DEBUG] debug-file - Incremental task entry:default@SyscapTransform post-execution cost:13 ms .
[2026-09-10T17:04:49.022] [DEBUG] debug-file - There is no need to refresh cache, since the incremental task entry:default@ProcessProfile is up-to-date.
[2026-09-10T17:04:49.022] [DEBUG] debug-file - There is no need to refresh cache, since the incremental task entry:default@ProcessRouterMap is up-to-date.
[2026-09-10T17:04:49.023] [DEBUG] debug-file - There is no need to refresh cache, since the incremental task entry:default@ProcessShareConfig is up-to-date.
[2026-09-10T17:04:49.024] [DEBUG] debug-file - Update task entry:default@ProcessStartupConfig input file:D:\HW\testproject\complete\4\entry\build\default\intermediates\loader\default\pkgContextInfo.json cache by regenerate.
[2026-09-10T17:04:49.026] [DEBUG] debug-file - Update task entry:default@ProcessStartupConfig output file:D:\HW\testproject\complete\4\entry\build\default\intermediates\startup\default\startup_config.json cache.
[2026-09-10T17:04:49.027] [DEBUG] debug-file - Incremental task entry:default@ProcessStartupConfig post-execution cost:5 ms .
[2026-09-10T17:04:49.027] [DEBUG] debug-file - There is no need to refresh cache, since the incremental task entry:default@ProcessResource is up-to-date.
[2026-09-10T17:04:49.028] [DEBUG] debug-file - There is no need to refresh cache, since the incremental task entry:default@GenerateLoaderJson is up-to-date.
[2026-09-10T17:04:49.028] [DEBUG] debug-file - There is no need to refresh cache, since the incremental task entry:default@ProcessLibs is up-to-date.
[2026-09-10T17:04:49.028] [DEBUG] debug-file - There is no need to refresh cache, since the incremental task entry:default@CompileResource is up-to-date.
[2026-09-10T17:04:49.028] [DEBUG] debug-file - There is no need to refresh cache, since the incremental task entry:default@DoNativeStrip is up-to-date.
[2026-09-10T17:04:49.036] [DEBUG] debug-file - Update task entry:default@CompileArkTS input file:D:\HW\testproject\complete\4\entry\build\default\intermediates\loader\default cache by regenerate.
[2026-09-10T17:04:49.040] [DEBUG] debug-file - Update task entry:default@CompileArkTS input file:D:\HW\testproject\complete\4\entry\build\default\intermediates\res\default\resources\rawfile cache by regenerate.
[2026-09-10T17:04:49.041] [DEBUG] debug-file - Update task entry:default@CompileArkTS input file:D:\HW\testproject\complete\4\entry\build\default\intermediates\res\default\ResourceTable.txt cache by regenerate.
[2026-09-10T17:04:49.042] [DEBUG] debug-file - Update task entry:default@CompileArkTS input file:D:\HW\testproject\complete\4\entry\build\default\intermediates\res\default\ark_module.json cache by regenerate.
[2026-09-10T17:04:49.043] [DEBUG] debug-file - Update task entry:default@CompileArkTS input file:D:\HW\testproject\complete\4\entry\build\default\intermediates\res\default\resources\base\profile cache by regenerate.
[2026-09-10T17:04:49.044] [DEBUG] debug-file - Update task entry:default@CompileArkTS input file:D:\HW\testproject\complete\4\entry\src\main\ets cache from map.
[2026-09-10T17:04:49.045] [DEBUG] debug-file - Update task entry:default@CompileArkTS input file:D:\HW\testproject\complete\4\entry\build\default\intermediates\loader\default\pkgContextInfo.json cache by regenerate.
[2026-09-10T17:04:49.045] [DEBUG] debug-file - Update task entry:default@CompileArkTS input file:D:\HW\testproject\complete\4\entry\build\default\generated\profile\default\BuildProfile.ets cache by regenerate.
[2026-09-10T17:04:49.046] [DEBUG] debug-file - Update task entry:default@CompileArkTS input file:D:\HW\testproject\complete\4\entry\src\mock\mock-config.json5 cache by regenerate.
[2026-09-10T17:04:49.048] [DEBUG] debug-file - Update task entry:default@CompileArkTS output file:D:\HW\testproject\complete\4\entry\build\default\intermediates\loader_out\default\ets cache.
[2026-09-10T17:04:49.050] [DEBUG] debug-file - Incremental task entry:default@CompileArkTS post-execution cost:22 ms .
[2026-09-10T17:04:49.056] [DEBUG] debug-file - Update task entry:default@BuildJS input file:D:\HW\testproject\complete\4\entry\build\default\intermediates\loader\default cache by regenerate.
[2026-09-10T17:04:49.057] [DEBUG] debug-file - Update task entry:default@BuildJS input file:D:\HW\testproject\complete\4\entry\build\default\intermediates\res\default\resources\rawfile cache by regenerate.
[2026-09-10T17:04:49.059] [DEBUG] debug-file - Update task entry:default@BuildJS input file:D:\HW\testproject\complete\4\entry\build\default\intermediates\res\default\ResourceTable.txt cache by regenerate.
[2026-09-10T17:04:49.062] [DEBUG] debug-file - Update task entry:default@BuildJS input file:D:\HW\testproject\complete\4\entry\build\default\intermediates\res\default\ark_module.json cache by regenerate.
[2026-09-10T17:04:49.068] [DEBUG] debug-file - Update task entry:default@BuildJS input file:D:\HW\testproject\complete\4\entry\build\default\intermediates\res\default\resources\base\profile cache by regenerate.
[2026-09-10T17:04:49.077] [DEBUG] debug-file - Update task entry:default@BuildJS input file:D:\HW\testproject\complete\4\entry\build\default\intermediates\loader\default\pkgContextInfo.json cache by regenerate.
[2026-09-10T17:04:49.077] [DEBUG] debug-file - Update task entry:default@BuildJS output file:D:\HW\testproject\complete\4\entry\build\default\intermediates\loader_out\default\js cache.
[2026-09-10T17:04:49.078] [DEBUG] debug-file - Incremental task entry:default@BuildJS post-execution cost:28 ms .
[2026-09-10T17:04:49.078] [DEBUG] debug-file - There is no need to refresh cache, since the incremental task entry:default@CacheNativeLibs is up-to-date.
[2026-09-10T17:04:49.078] [DEBUG] debug-file - There is no need to refresh cache, since the incremental task entry:default@GeneratePkgModuleJson is up-to-date.
[2026-09-10T17:04:49.078] [DEBUG] debug-file - Incremental task entry:default@ProcessCompiledResources post-execution cost:1 ms .
[2026-09-10T17:04:49.084] [DEBUG] debug-file - Update task entry:default@PackageHap input file:D:\HW\testproject\complete\4\entry\build\default\outputs\default\pack.info cache by regenerate.
[2026-09-10T17:04:49.087] [DEBUG] debug-file - Update task entry:default@PackageHap input file:D:\HW\testproject\complete\4\entry\build\default\intermediates\stripped_native_libs\default cache by regenerate.
[2026-09-10T17:04:49.088] [DEBUG] debug-file - Update task entry:default@PackageHap input file:D:\HW\testproject\complete\4\entry\build\default\intermediates\res\default\module.json cache by regenerate.
[2026-09-10T17:04:49.088] [DEBUG] debug-file - Update task entry:default@PackageHap input file:D:\HW\testproject\complete\4\entry\build\default\intermediates\res\default\resources cache by regenerate.
[2026-09-10T17:04:49.094] [DEBUG] debug-file - Update task entry:default@PackageHap input file:D:\HW\testproject\complete\4\entry\build\default\intermediates\res\default\resources.index cache by regenerate.
[2026-09-10T17:04:49.094] [DEBUG] debug-file - Update task entry:default@PackageHap input file:D:\HW\testproject\complete\4\entry\build\default\intermediates\loader_out\default\ets cache from map.
[2026-09-10T17:04:49.094] [DEBUG] debug-file - Update task entry:default@PackageHap input file:D:\HW\testproject\complete\4\entry\build\default\intermediates\loader\default\pkgContextInfo.json cache by regenerate.
[2026-09-10T17:04:49.095] [DEBUG] debug-file - Update task entry:default@PackageHap input file:D:\HW\testproject\complete\4\entry\build\default\intermediates\package\default\module.json cache by regenerate.
[2026-09-10T17:04:49.096] [DEBUG] debug-file - Update task entry:default@PackageHap input file:D:\HW\testproject\complete\4\entry\build\default\intermediates\loader_out\default\ets\sourceMaps.map cache by regenerate.
[2026-09-10T17:04:49.096] [DEBUG] debug-file - Update task entry:default@PackageHap input file:D:\HW\testproject\complete\4\entry\build\default\generated\profile\default\BuildProfile.ets cache by regenerate.
[2026-09-10T17:04:49.096] [DEBUG] debug-file - Update task entry:default@PackageHap output file:D:\HW\testproject\complete\4\entry\build\default\outputs\default\entry-default-unsigned.hap cache.
[2026-09-10T17:04:49.097] [DEBUG] debug-file - Update task entry:default@PackageHap output file:D:\HW\testproject\complete\4\entry\build\default\intermediates\source_map\default\sourceMaps.map cache.
[2026-09-10T17:04:49.098] [DEBUG] debug-file - Update task entry:default@PackageHap output file:D:\HW\testproject\complete\4\entry\build\default\outputs\default\mapping\sourceMaps.map cache.
[2026-09-10T17:04:49.098] [DEBUG] debug-file - Incremental task entry:default@PackageHap post-execution cost:21 ms .
[2026-09-10T17:04:49.099] [DEBUG] debug-file - Update task entry:default@SignHap input file:D:\HW\testproject\complete\4\entry\build\default\outputs\default\entry-default-unsigned.hap cache from map.
[2026-09-10T17:04:49.099] [DEBUG] debug-file - Update task entry:default@SignHap output file:D:\HW\testproject\complete\4\entry\build\default\outputs\default\entry-default-signed.hap cache.
[2026-09-10T17:04:49.099] [DEBUG] debug-file - Incremental task entry:default@SignHap post-execution cost:1 ms .
[2026-09-10T17:04:49.101] [DEBUG] debug-file - Update task entry:default@CollectDebugSymbol input file:D:\HW\testproject\complete\4\entry\build\default\intermediates\loader_out\default\ets\sourceMaps.map cache by regenerate.
[2026-09-10T17:04:49.101] [DEBUG] debug-file - Update task entry:default@CollectDebugSymbol input file:D:\HW\testproject\complete\4\entry\build\default\intermediates\libs\default cache by regenerate.
[2026-09-10T17:04:49.102] [DEBUG] debug-file - Update task entry:default@CollectDebugSymbol output file:D:\HW\testproject\complete\4\entry\build\default\outputs\default\symbol cache.
[2026-09-10T17:04:49.102] [DEBUG] debug-file - Incremental task entry:default@CollectDebugSymbol post-execution cost:3 ms .
[2026-09-10T17:04:49.118] [DEBUG] debug-file - Cleanup worker 14.
[2026-09-10T17:04:49.119] [DEBUG] debug-file - hvigor build process will be closed.
[2026-09-10T17:04:49.125] [DEBUG] debug-file - worker[14] exits with exit code 1.
[2026-09-10T17:04:49.125] [DEBUG] debug-file - Worker 14 has been cleaned up.
[2026-09-10T17:04:49.125] [DEBUG] debug-file - Current idle worker size: 1.
[2026-09-10T17:04:49.125] [DEBUG] debug-file - Current resident worker size: 1.
[2026-09-10T17:04:49.140] [DEBUG] debug-file - session manager: send message to worker process. WorkerThreadId: 0, data: {"type":"hvigor_failed","reason":"Server has disconnected."}
[2026-09-10T17:04:49.143] [DEBUG] debug-file - session manager: send message to worker process. WorkerThreadId: 0, data: {"type":"CloseWatch","reason":"Server has disconnected."}
[2026-09-10T17:04:49.141] [DEBUG] debug-file - watch worker: worker id should be larger than 0. Nothing will be sent to any worker thread.
[2026-09-10T17:04:49.141] [DEBUG] debug-file - ABORT_WORK sent to workers.
[2026-09-10T17:04:49.143] [DEBUG] debug-file - watch worker: worker id should be larger than 0. Nothing will be sent to any worker thread.
[2026-09-10T17:06:28.403] [DEBUG] debug-file - session manager: set active socket. socketId=yMA-9YmR0p3WtEM7AAAX
[2026-09-10T17:06:28.443] [DEBUG] debug-file - watch worker: worker id should be larger than 0. Nothing will be sent to any worker thread.
[2026-09-10T17:06:28.459] [DEBUG] debug-file - Workers' log level updated to INFO
[2026-09-10T17:06:28.466] [DEBUG] debug-file - Hvigor init with startParameters:{
  hvigorfileTypeCheck: false,
  parallelExecution: true,
  incrementalExecution: true,
  printStackTrace: false,
  daemon: true,
  analyze: 0,
  logLevel: Level { level: 20000, levelStr: 'INFO', colour: 'green' },
  optimizationStrategy: 'memory',
  hotCompile: undefined,
  hotReloadBuild: undefined,
  customizedParam: undefined
}
[2026-09-10T17:06:28.479] [DEBUG] debug-file - Cache service initialization finished in 14 ms 
[2026-09-10T17:06:28.481] [DEBUG] debug-file - hvigorfile, resolving D:\HW\testproject\complete\4\hvigorfile.ts
[2026-09-10T17:06:28.490] [DEBUG] debug-file - hvigorfile, require result:  { default: { plugins: [] } }
[2026-09-10T17:06:28.491] [DEBUG] debug-file - hvigorfile, binding system plugins null
[2026-09-10T17:06:28.491] [DEBUG] debug-file - Starting plugin build process
[2026-09-10T17:06:28.491] [DEBUG] debug-file - App plugin prepare start...
[2026-09-10T17:06:28.491] [DEBUG] debug-file - App plugin prepare end...
[2026-09-10T17:06:28.491] [DEBUG] debug-file - App plugin creating...
[2026-09-10T17:06:28.502] [DEBUG] debug-file - App plugin register hook start...
[2026-09-10T17:06:28.502] [DEBUG] debug-file - App plugin register hook end...
[2026-09-10T17:06:28.502] [DEBUG] debug-file - Plugin build process completed
[2026-09-10T17:06:28.502] [DEBUG] debug-file - Start initialize project's product build option map with build mode debug.
[2026-09-10T17:06:28.502] [DEBUG] debug-file - Picking option from product 'default' with build mode 'debug'.
[2026-09-10T17:06:28.502] [DEBUG] debug-file - Product 'default' build option initialized
[2026-09-10T17:06:28.503] [DEBUG] debug-file - End initialize project's product build option map with build mode 'debug'.
[2026-09-10T17:06:28.503] [DEBUG] debug-file - Obtain build option for product 'default'in this build.
[2026-09-10T17:06:28.512] [DEBUG] debug-file - No signingConfig found, initRemoteHspCache failed.
[2026-09-10T17:06:28.520] [DEBUG] debug-file - Start recording SDK configuration permission data.
[2026-09-10T17:06:28.696] [DEBUG] debug-file - Sdk init in 182 ms 
[2026-09-10T17:06:28.704] [DEBUG] debug-file - Project task initialization takes 8 ms 
[2026-09-10T17:06:28.705] [DEBUG] debug-file - hvigorfile, begin to bind custom plugins...
[2026-09-10T17:06:28.705] [DEBUG] debug-file - hvigorfile, no custom plugins were found in D:\HW\testproject\complete\4\hvigorfile.ts
[2026-09-10T17:06:28.705] [DEBUG] debug-file - hvigorfile, resolve finished D:\HW\testproject\complete\4\hvigorfile.ts
[2026-09-10T17:06:28.707] [DEBUG] debug-file - hvigorfile, resolving D:\HW\testproject\complete\4\entry\hvigorfile.ts
[2026-09-10T17:06:28.720] [DEBUG] debug-file - hvigorfile, require result:  { default: { plugins: [] } }
[2026-09-10T17:06:28.722] [DEBUG] debug-file - hvigorfile, binding system plugins null
[2026-09-10T17:06:28.722] [DEBUG] debug-file - Starting plugin build process
[2026-09-10T17:06:28.722] [DEBUG] debug-file - Hap plugin creating...
[2026-09-10T17:06:28.727] [DEBUG] debug-file - failed to load cangjie to dynamically generate schemas: Error: Cannot find module '@ohos/cangjie-build-support/index'
Require stack:
- E:\DevEco Studio\tools\hvigor\hvigor-ohos-plugin\src\plugin\hooks\cangjie-register.js
- E:\DevEco Studio\tools\hvigor\hvigor-ohos-plugin\src\plugin\strategy\stage-init-strategy.js
- E:\DevEco Studio\tools\hvigor\hvigor-ohos-plugin\src\plugin\builder\abstract-plugin-builder.js
- E:\DevEco Studio\tools\hvigor\hvigor-ohos-plugin\src\plugin\builder\app-plugin-builder.js
- E:\DevEco Studio\tools\hvigor\hvigor-ohos-plugin\src\plugin\factory\plugin-factory.js
- E:\DevEco Studio\tools\hvigor\hvigor-ohos-plugin\index.js
- D:\HW\testproject\complete\4\hvigorfile.ts
- E:\DevEco Studio\tools\hvigor\hvigor\src\base\internal\lifecycle\configuration.js
- E:\DevEco Studio\tools\hvigor\hvigor\src\base\boot\index.js
- E:\DevEco Studio\tools\hvigor\hvigor\src\base\daemon\cluster\worker-process-lifecycle.js
- E:\DevEco Studio\tools\hvigor\hvigor\src\base\daemon\process\daemon-process-boot-script.js
[2026-09-10T17:06:28.735] [DEBUG] debug-file - Start initialize module-target build option map, moduleName=entry, buildMode=debug
[2026-09-10T17:06:28.735] [DEBUG] debug-file - Target 'default' config initialized
[2026-09-10T17:06:28.736] [DEBUG] debug-file - Target 'ohosTest' config initialized
[2026-09-10T17:06:28.738] [DEBUG] debug-file - Module 'entry' target 'default' build option initialized
[2026-09-10T17:06:28.738] [DEBUG] debug-file - Module 'entry' target 'ohosTest' build option initialized
[2026-09-10T17:06:28.738] [DEBUG] debug-file - End initialize module-target build option map, moduleName=entry
[2026-09-10T17:06:28.739] [DEBUG] debug-file - Start initialize module-target build option map, moduleName=entry, buildMode=release
[2026-09-10T17:06:28.739] [DEBUG] debug-file - Target 'default' config initialized
[2026-09-10T17:06:28.741] [DEBUG] debug-file - Target 'ohosTest' config initialized
[2026-09-10T17:06:28.742] [DEBUG] debug-file - Module 'entry' target 'default' build option initialized
[2026-09-10T17:06:28.742] [DEBUG] debug-file - Module 'entry' target 'ohosTest' build option initialized
[2026-09-10T17:06:28.742] [DEBUG] debug-file - End initialize module-target build option map, moduleName=entry
[2026-09-10T17:06:28.743] [DEBUG] debug-file - Start initialize module-target build option map, moduleName=entry, buildMode=debug
[2026-09-10T17:06:28.743] [DEBUG] debug-file - Target 'default' config initialized
[2026-09-10T17:06:28.748] [DEBUG] debug-file - Target 'ohosTest' config initialized
[2026-09-10T17:06:28.750] [DEBUG] debug-file - Module 'entry' target 'default' build option initialized
[2026-09-10T17:06:28.751] [DEBUG] debug-file - Module 'entry' target 'ohosTest' build option initialized
[2026-09-10T17:06:28.751] [DEBUG] debug-file - End initialize module-target build option map, moduleName=entry
[2026-09-10T17:06:28.752] [DEBUG] debug-file - Obtain build option for module 'entry' target 'default'in this build.
[2026-09-10T17:06:28.758] [DEBUG] debug-file - Module entry task initialization takes 3 ms 
[2026-09-10T17:06:28.759] [DEBUG] debug-file - Hap plugin register hook start...
[2026-09-10T17:06:28.759] [DEBUG] debug-file - Hap plugin register hook end...
[2026-09-10T17:06:28.759] [DEBUG] debug-file - Plugin build process completed
[2026-09-10T17:06:28.760] [DEBUG] debug-file - hvigorfile, begin to bind custom plugins...
[2026-09-10T17:06:28.762] [DEBUG] debug-file - hvigorfile, no custom plugins were found in D:\HW\testproject\complete\4\entry\hvigorfile.ts
[2026-09-10T17:06:28.762] [DEBUG] debug-file - hvigorfile, resolve finished D:\HW\testproject\complete\4\entry\hvigorfile.ts
[2026-09-10T17:06:29.003] [DEBUG] debug-file - hvigorfile, resolve hvigorfile dependencies in 239 ms 
[2026-09-10T17:06:29.003] [DEBUG] debug-file - project has submodules:entry
[2026-09-10T17:06:29.005] [DEBUG] debug-file - start to load updatedOhPackageInfo to the disk
[2026-09-10T17:06:29.008] [DEBUG] debug-file - load to the disk finished
[2026-09-10T17:06:29.010] [DEBUG] debug-file - Start to initialize dependency information.
[2026-09-10T17:06:29.020] [DEBUG] debug-file - Module 4 Collected Dependency: 
[2026-09-10T17:06:29.020] [DEBUG] debug-file - Module 4's total dependency: 0
[2026-09-10T17:06:29.021] [DEBUG] debug-file - Start to initialize dependency information.
[2026-09-10T17:06:29.024] [DEBUG] debug-file - Module entry Collected Dependency: 
[2026-09-10T17:06:29.025] [DEBUG] debug-file - Module entry's total dependency: 0
[2026-09-10T17:06:29.027] [DEBUG] debug-file - Configuration phase cost:547 ms 
[2026-09-10T17:06:29.029] [DEBUG] debug-file - Configuration task cost before running: 569 ms 
[2026-09-10T17:06:29.035] [DEBUG] debug-file - Executing task :entry:default@PreBuild
[2026-09-10T17:06:29.041] [DEBUG] debug-file - Task 'entry:default@PreBuild' cost while wrapping incremental declarations: 1 ms 
[2026-09-10T17:06:29.055] [DEBUG] debug-file - Incremental task entry:default@PreBuild pre-execution cost: 10 ms .
[2026-09-10T17:06:29.055] [DEBUG] debug-file - entry : default@PreBuild cost memory 0.53424072265625
[2026-09-10T17:06:29.058] [INFO] debug-file - UP-TO-DATE :entry:default@PreBuild...  
[2026-09-10T17:06:29.060] [DEBUG] debug-file - Executing task :entry:default@CreateModuleInfo
[2026-09-10T17:06:29.060] [DEBUG] debug-file - Task 'entry:default@CreateModuleInfo' cost while wrapping incremental declarations: 1 ms 
[2026-09-10T17:06:29.061] [DEBUG] debug-file - entry : default@CreateModuleInfo cost memory 0.0413360595703125
[2026-09-10T17:06:29.061] [DEBUG] debug-file - runTaskFromQueue task cost before running: 602 ms 
[2026-09-10T17:06:29.062] [INFO] debug-file - Finished :entry:default@CreateModuleInfo... after 2 ms 
[2026-09-10T17:06:29.063] [DEBUG] debug-file - Executing task :entry:default@GenerateMetadata
[2026-09-10T17:06:29.064] [DEBUG] debug-file - Task 'entry:default@GenerateMetadata' cost while wrapping incremental declarations: 1 ms 
[2026-09-10T17:06:29.065] [DEBUG] debug-file - Incremental task entry:default@GenerateMetadata pre-execution cost: 1 ms .
[2026-09-10T17:06:29.065] [DEBUG] debug-file - entry : default@GenerateMetadata cost memory 0.07286834716796875
[2026-09-10T17:06:29.065] [INFO] debug-file - UP-TO-DATE :entry:default@GenerateMetadata...  
[2026-09-10T17:06:29.067] [DEBUG] debug-file - Executing task :entry:default@ConfigureCmake
[2026-09-10T17:06:29.067] [DEBUG] debug-file - entry : default@ConfigureCmake cost memory 0.01416778564453125
[2026-09-10T17:06:29.067] [DEBUG] debug-file - runTaskFromQueue task cost before running: 608 ms 
[2026-09-10T17:06:29.068] [INFO] debug-file - Finished :entry:default@ConfigureCmake... after 1 ms 
[2026-09-10T17:06:29.069] [DEBUG] debug-file - Executing task :entry:default@MergeProfile
[2026-09-10T17:06:29.070] [DEBUG] debug-file - Task 'entry:default@MergeProfile' cost while wrapping incremental declarations: 1 ms 
[2026-09-10T17:06:29.073] [DEBUG] debug-file - Incremental task entry:default@MergeProfile pre-execution cost: 3 ms .
[2026-09-10T17:06:29.074] [DEBUG] debug-file - entry : default@MergeProfile cost memory 0.11544036865234375
[2026-09-10T17:06:29.074] [INFO] debug-file - UP-TO-DATE :entry:default@MergeProfile...  
[2026-09-10T17:06:29.076] [DEBUG] debug-file - Executing task :entry:default@CreateBuildProfile
[2026-09-10T17:06:29.076] [DEBUG] debug-file - Task 'entry:default@CreateBuildProfile' cost while wrapping incremental declarations: 1 ms 
[2026-09-10T17:06:29.078] [DEBUG] debug-file - Incremental task entry:default@CreateBuildProfile pre-execution cost: 2 ms .
[2026-09-10T17:06:29.078] [DEBUG] debug-file - entry : default@CreateBuildProfile cost memory 0.09165191650390625
[2026-09-10T17:06:29.079] [INFO] debug-file - UP-TO-DATE :entry:default@CreateBuildProfile...  
[2026-09-10T17:06:29.080] [DEBUG] debug-file - Executing task :entry:default@PreCheckSyscap
[2026-09-10T17:06:29.080] [DEBUG] debug-file - entry : default@PreCheckSyscap cost memory 0.0154571533203125
[2026-09-10T17:06:29.081] [DEBUG] debug-file - runTaskFromQueue task cost before running: 621 ms 
[2026-09-10T17:06:29.081] [INFO] debug-file - Finished :entry:default@PreCheckSyscap... after 1 ms 
[2026-09-10T17:06:29.082] [DEBUG] debug-file - Executing task :entry:default@GeneratePkgContextInfo
[2026-09-10T17:06:29.090] [DEBUG] debug-file - Task 'entry:default@GeneratePkgContextInfo' cost while wrapping incremental declarations: 1 ms 
[2026-09-10T17:06:29.092] [DEBUG] debug-file - Incremental task entry:default@GeneratePkgContextInfo pre-execution cost: 1 ms .
[2026-09-10T17:06:29.092] [DEBUG] debug-file - entry : default@GeneratePkgContextInfo cost memory 0.17212677001953125
[2026-09-10T17:06:29.092] [INFO] debug-file - UP-TO-DATE :entry:default@GeneratePkgContextInfo...  
[2026-09-10T17:06:29.094] [DEBUG] debug-file - Executing task :entry:default@GeneratePkgSdkInfo
[2026-09-10T17:06:29.099] [DEBUG] debug-file - Task 'entry:default@GeneratePkgSdkInfo' cost while wrapping incremental declarations: 1 ms 
[2026-09-10T17:06:29.099] [DEBUG] debug-file - entry : default@GeneratePkgSdkInfo cost memory 0.09577178955078125
[2026-09-10T17:06:29.100] [DEBUG] debug-file - runTaskFromQueue task cost before running: 640 ms 
[2026-09-10T17:06:29.101] [INFO] debug-file - Finished :entry:default@GeneratePkgSdkInfo... after 6 ms 
[2026-09-10T17:06:29.107] [DEBUG] debug-file - Executing task :entry:default@ProcessIntegratedHsp
[2026-09-10T17:06:29.107] [DEBUG] debug-file - entry:default@ProcessIntegratedHsp is not up-to-date, since the output file 'D:\HW\testproject\complete\4\build\cache\default\integrated_hsp\integratedHspCache.json' does not exist.
[2026-09-10T17:06:29.108] [DEBUG] debug-file - Incremental task entry:default@ProcessIntegratedHsp pre-execution cost: 1 ms .
[2026-09-10T17:06:29.108] [DEBUG] debug-file - entry : default@ProcessIntegratedHsp cost memory 0.04853057861328125
[2026-09-10T17:06:29.108] [DEBUG] debug-file - runTaskFromQueue task cost before running: 648 ms 
[2026-09-10T17:06:29.108] [INFO] debug-file - Finished :entry:default@ProcessIntegratedHsp... after 1 ms 
[2026-09-10T17:06:29.109] [DEBUG] debug-file - Executing task :entry:default@BuildNativeWithCmake
[2026-09-10T17:06:29.110] [DEBUG] debug-file - entry : default@BuildNativeWithCmake cost memory 0.0279998779296875
[2026-09-10T17:06:29.110] [DEBUG] debug-file - runTaskFromQueue task cost before running: 650 ms 
[2026-09-10T17:06:29.110] [INFO] debug-file - Finished :entry:default@BuildNativeWithCmake... after 1 ms 
[2026-09-10T17:06:29.113] [DEBUG] debug-file - Executing task :entry:default@MakePackInfo
[2026-09-10T17:06:29.118] [DEBUG] debug-file - Incremental task entry:default@MakePackInfo pre-execution cost: 4 ms .
[2026-09-10T17:06:29.118] [DEBUG] debug-file - entry : default@MakePackInfo cost memory 0.1028594970703125
[2026-09-10T17:06:29.120] [INFO] debug-file - UP-TO-DATE :entry:default@MakePackInfo...  
[2026-09-10T17:06:29.121] [DEBUG] debug-file - Executing task :entry:default@SyscapTransform
[2026-09-10T17:06:29.121] [DEBUG] debug-file - File: 'D:\HW\testproject\complete\4\entry\src\main\syscap.json' from 'sysCapJsonPath' is not exists, just ignore.
[2026-09-10T17:06:29.122] [DEBUG] debug-file - Task 'entry:default@SyscapTransform' cost while wrapping incremental declarations: 1 ms 
[2026-09-10T17:06:29.125] [DEBUG] debug-file - entry:default@SyscapTransform is not up-to-date, since the output file 'D:\HW\testproject\complete\4\entry\build\default\intermediates\syscap\default\rpcid.sc' does not exist.
[2026-09-10T17:06:29.125] [DEBUG] debug-file - Incremental task entry:default@SyscapTransform pre-execution cost: 3 ms .
[2026-09-10T17:06:29.125] [DEBUG] debug-file - entry : default@SyscapTransform cost memory 0.10877227783203125
[2026-09-10T17:06:29.125] [DEBUG] debug-file - runTaskFromQueue task cost before running: 665 ms 
[2026-09-10T17:06:29.125] [INFO] debug-file - Finished :entry:default@SyscapTransform... after 5 ms 
[2026-09-10T17:06:29.127] [DEBUG] debug-file - Executing task :entry:default@ProcessProfile
[2026-09-10T17:06:29.129] [DEBUG] debug-file - Task 'entry:default@ProcessProfile' cost while wrapping incremental declarations: 1 ms 
[2026-09-10T17:06:29.130] [DEBUG] debug-file - Incremental task entry:default@ProcessProfile pre-execution cost: 2 ms .
[2026-09-10T17:06:29.130] [DEBUG] debug-file - entry : default@ProcessProfile cost memory 0.1236724853515625
[2026-09-10T17:06:29.131] [INFO] debug-file - UP-TO-DATE :entry:default@ProcessProfile...  
[2026-09-10T17:06:29.132] [DEBUG] debug-file - Executing task :entry:default@ProcessRouterMap
[2026-09-10T17:06:29.137] [DEBUG] debug-file - Incremental task entry:default@ProcessRouterMap pre-execution cost: 4 ms .
[2026-09-10T17:06:29.137] [DEBUG] debug-file - entry : default@ProcessRouterMap cost memory 0.12424468994140625
[2026-09-10T17:06:29.138] [INFO] debug-file - UP-TO-DATE :entry:default@ProcessRouterMap...  
[2026-09-10T17:06:29.140] [DEBUG] debug-file - Executing task :entry:default@ProcessShareConfig
[2026-09-10T17:06:29.143] [DEBUG] debug-file - Incremental task entry:default@ProcessShareConfig pre-execution cost: 3 ms .
[2026-09-10T17:06:29.143] [DEBUG] debug-file - entry : default@ProcessShareConfig cost memory 0.1041717529296875
[2026-09-10T17:06:29.144] [INFO] debug-file - UP-TO-DATE :entry:default@ProcessShareConfig...  
[2026-09-10T17:06:29.145] [DEBUG] debug-file - Executing task :entry:default@ProcessStartupConfig
[2026-09-10T17:06:29.146] [DEBUG] debug-file - Task 'entry:default@ProcessStartupConfig' cost while wrapping incremental declarations: 1 ms 
[2026-09-10T17:06:29.149] [DEBUG] debug-file - entry:default@ProcessStartupConfig is not up-to-date, since the output file 'D:\HW\testproject\complete\4\entry\build\default\intermediates\startup\default\startup_config.json' does not exist.
[2026-09-10T17:06:29.149] [DEBUG] debug-file - Incremental task entry:default@ProcessStartupConfig pre-execution cost: 3 ms .
[2026-09-10T17:06:29.151] [DEBUG] debug-file - entry : default@ProcessStartupConfig cost memory 0.11016082763671875
[2026-09-10T17:06:29.152] [DEBUG] debug-file - runTaskFromQueue task cost before running: 692 ms 
[2026-09-10T17:06:29.153] [INFO] debug-file - Finished :entry:default@ProcessStartupConfig... after 7 ms 
[2026-09-10T17:06:29.155] [DEBUG] debug-file - Executing task :entry:default@BuildNativeWithNinja
[2026-09-10T17:06:29.156] [DEBUG] debug-file - entry : default@BuildNativeWithNinja cost memory 0.02371978759765625
[2026-09-10T17:06:29.156] [DEBUG] debug-file - runTaskFromQueue task cost before running: 696 ms 
[2026-09-10T17:06:29.157] [INFO] debug-file - Finished :entry:default@BuildNativeWithNinja... after 1 ms 
[2026-09-10T17:06:29.159] [DEBUG] debug-file - restool module names: entry; moduleName=entry, taskName=default@ProcessResource
[2026-09-10T17:06:29.161] [DEBUG] debug-file - Executing task :entry:default@ProcessResource
[2026-09-10T17:06:29.162] [DEBUG] debug-file - Task 'entry:default@ProcessResource' cost while wrapping incremental declarations: 1 ms 
[2026-09-10T17:06:29.165] [DEBUG] debug-file - Incremental task entry:default@ProcessResource pre-execution cost: 3 ms .
[2026-09-10T17:06:29.166] [DEBUG] debug-file - entry : default@ProcessResource cost memory 0.11147308349609375
[2026-09-10T17:06:29.170] [INFO] debug-file - UP-TO-DATE :entry:default@ProcessResource...  
[2026-09-10T17:06:29.172] [DEBUG] debug-file - Executing task :entry:default@GenerateLoaderJson
[2026-09-10T17:06:29.173] [DEBUG] debug-file - Task 'entry:default@GenerateLoaderJson' cost while wrapping incremental declarations: 1 ms 
[2026-09-10T17:06:29.193] [DEBUG] debug-file - Incremental task entry:default@GenerateLoaderJson pre-execution cost: 11 ms .
[2026-09-10T17:06:29.193] [DEBUG] debug-file - entry : default@GenerateLoaderJson cost memory 0.41180419921875
[2026-09-10T17:06:29.203] [INFO] debug-file - UP-TO-DATE :entry:default@GenerateLoaderJson...  
[2026-09-10T17:06:29.205] [DEBUG] debug-file - Executing task :entry:default@ProcessLibs
[2026-09-10T17:06:29.206] [DEBUG] debug-file - Task 'entry:default@ProcessLibs' cost while wrapping incremental declarations: 1 ms 
[2026-09-10T17:06:29.213] [DEBUG] debug-file - Incremental task entry:default@ProcessLibs pre-execution cost: 6 ms .
[2026-09-10T17:06:29.214] [DEBUG] debug-file - entry : default@ProcessLibs cost memory 0.08994293212890625
[2026-09-10T17:06:29.215] [INFO] debug-file - UP-TO-DATE :entry:default@ProcessLibs...  
[2026-09-10T17:06:29.219] [DEBUG] debug-file - restool module names: entry; moduleName=entry, taskName=default@CompileResource
[2026-09-10T17:06:29.220] [DEBUG] debug-file - Executing task :entry:default@CompileResource
[2026-09-10T17:06:29.364] [DEBUG] debug-file - Incremental task entry:default@CompileResource pre-execution cost: 142 ms .
[2026-09-10T17:06:29.364] [DEBUG] debug-file - entry : default@CompileResource cost memory 0.46858978271484375
[2026-09-10T17:06:29.367] [INFO] debug-file - UP-TO-DATE :entry:default@CompileResource...  
[2026-09-10T17:06:29.369] [DEBUG] debug-file - Executing task :entry:default@DoNativeStrip
[2026-09-10T17:06:29.369] [DEBUG] debug-file - File: 'D:\HW\testproject\complete\4\entry\build\default\intermediates\binxo\default' from 'doBinxoNativeLibs' is not exists, just ignore.
[2026-09-10T17:06:29.370] [DEBUG] debug-file - Task 'entry:default@DoNativeStrip' cost while wrapping incremental declarations: 1 ms 
[2026-09-10T17:06:29.371] [DEBUG] debug-file - Incremental task entry:default@DoNativeStrip pre-execution cost: 2 ms .
[2026-09-10T17:06:29.372] [DEBUG] debug-file - entry : default@DoNativeStrip cost memory 0.07198333740234375
[2026-09-10T17:06:29.372] [INFO] debug-file - UP-TO-DATE :entry:default@DoNativeStrip...  
[2026-09-10T17:06:29.374] [DEBUG] debug-file - Executing task :entry:default@CompileArkTS
[2026-09-10T17:06:29.376] [DEBUG] debug-file - obfuscationOptions: undefined
[2026-09-10T17:06:29.381] [DEBUG] debug-file - Task 'entry:default@CompileArkTS' cost while wrapping incremental declarations: 1 ms 
[2026-09-10T17:06:29.396] [DEBUG] debug-file - entry:default@CompileArkTS is not up-to-date, since the input file 'D:\HW\testproject\complete\4\entry\src\main\ets' has been changed.
[2026-09-10T17:06:29.397] [DEBUG] debug-file - Incremental task entry:default@CompileArkTS pre-execution cost: 12 ms .
[2026-09-10T17:06:29.434] [DEBUG] debug-file - build config:
[2026-09-10T17:06:29.434] [DEBUG] debug-file - {
  moduleType: 'entry',
  perf: 0,
  targetName: '.default',
  packageManagerType: 'ohpm',
  localPropertiesPath: 'D:\\HW\\testproject\\complete\\4\\local.properties',
  isPreview: false,
  isOhosTest: false,
  isLocalTest: false,
  buildMode: 'Debug',
  hotReloadBuild: undefined,
  watchMode: 'false',
  aceProfilePath: 'D:\\HW\\testproject\\complete\\4\\entry\\build\\default\\intermediates\\res\\default\\resources\\base\\profile',
  etsLoaderPath: 'E:\\DevEco Studio\\sdk\\default\\openharmony\\ets\\build-tools\\ets-loader',
  modulePath: 'D:\\HW\\testproject\\complete\\4\\entry',
  testFrameworkPar: {
    testMode: undefined,
    coveragePathFilter: undefined,
    coverageMode: undefined
  },
  needCoverageInsert: false,
  debugLine: false,
  projectTopDir: 'D:\\HW\\testproject\\complete\\4',
  compileSdkVersion: 26,
  compatibleSdkVersion: 26,
  originCompatibleSdkVersion: '26.0.0',
  compatibleSdkVersionStage: undefined,
  bundleName: 'c***p',
  etsLoaderVersion: '26.0.0.105',
  etsLoaderReleaseType: 'Release',
  aotCompileMode: 'type',
  apPath: 'D:\\HW\\testproject\\complete\\4\\entry\\modules.ap',
  entryModuleName: 'entry',
  entryModuleVersion: '1.0.0',
  entryPackageName: 'entry',
  allModuleNameHash: '30e07d57c30f75288c09608296ed8ed07fc604f1881982510ff25b77cb397b11',
  externalApiPaths: [ 'E:\\DevEco Studio\\sdk\\default\\hms\\ets' ],
  compilerTypes: [],
  isCrossplatform: false,
  hvigorPluginFile: undefined,
  compilePluginPath: undefined,
  buildGeneratedProfilePath: 'D:\\HW\\testproject\\complete\\4\\entry\\build\\default\\generated\\profile\\default',
  bundleType: 'app',
  arkTSVersion: undefined,
  apiVersion: 26,
  needCompleteSourcesMap: false,
  isFaMode: false,
  buildDir: 'D:\\HW\\testproject\\complete\\4\\entry\\build',
  buildCacheProjectDir: 'D:\\HW\\testproject\\complete\\4',
  deviceTypes: [ 'phone' ],
  pkgContextInfo: {
    '@ohos/hypium': {
      packageName: '@ohos/hypium',
      bundleName: '*****',
      moduleName: '',
      version: '1.0.24',
      entryPath: 'index.js',
      isSO: false,
      dependencyAlias: ''
    },
    '@ohos/hamock': {
      packageName: '@ohos/hamock',
      bundleName: '*****',
      moduleName: '',
      version: '1.0.0',
      entryPath: 'index.ets',
      isSO: false,
      dependencyAlias: ''
    },
    entry: {
      packageName: 'entry',
      bundleName: '*****',
      moduleName: '',
      version: '',
      entryPath: 'src/main/',
      isSO: false,
      dependencyAlias: ''
    }
  },
  ohPackagePathMap: {},
  dependencyAliasMap: {},
  permission: { requestPermissions: undefined, definePermissions: undefined },
  useGetCurrentBundleName: false,
  projectArkOption: undefined,
  sourceMapDir: undefined,
  branchElimination: false,
  transformLib: undefined,
  tsImportSendable: false,
  resolveConflictMode: true,
  depName2RootPath: {},
  depName2DepInfo: {},
  depName2OhExports: {},
  rootPathSet: [ 'D:\\HW\\testproject\\complete\\4' ],
  useNativeResolver: true,
  shouldEmitJs: true,
  useUnifiedAst: false,
  useTscResolve: false,
  singleFileEmit: false,
  userProjectConfig: {
    autoLazyImport: false,
    allowEmptyBundleName: false,
    reExportCheckMode: 'noCheck',
    executionMode: 'memory',
    usePathPlaceholder: false,
    writeRollupCache: true,
    isExpandImportEnabled: false,
    expandImportExclude: '',
    lazyImportExclude: '',
    lazyImportInclude: '',
    ignoreCrossplatformCheck: false,
    isHarDeduplicateEnabled: false,
    skipOhModulesLint: false,
    enableStrictCheckOHModule: false,
    disableSendableCheckRules: [],
    useDeclarationFileSignature: false,
    customizedOptions: undefined,
    integratedHsp: false,
    tsImportSoCheck: false,
    isPreloadSoEnabled: false
  },
  executionMode: 'memory',
  arkCompileCachePath: 'D:\\HW\\testproject\\complete\\4\\entry\\build\\default\\cache\\default\\default@CompileArkTS\\esmodule',
  autoLazyFilter: undefined,
  isHarDeduplicateEnabled: false,
  intermediateHarDuplicateDirPath: 'D:\\HW\\testproject\\complete\\4\\entry\\build\\default\\intermediates\\har_duplicate\\default',
  autoLazyImport: false,
  allowEmptyBundleName: false,
  reExportCheckMode: 'noCheck',
  usePathPlaceholder: false,
  writeRollupCache: true,
  isExpandImportEnabled: false,
  expandImportExclude: '',
  lazyImportExclude: '',
  lazyImportInclude: '',
  ignoreCrossplatformCheck: false,
  skipOhModulesLint: false,
  enableStrictCheckOHModule: false,
  disableSendableCheckRules: [],
  useDeclarationFileSignature: false,
  customizedOptions: undefined,
  integratedHsp: false,
  tsImportSoCheck: false,
  isPreloadSoEnabled: false,
  strictMode: {
    caseSensitiveCheck: true,
    useNormalizedOHMUrl: true,
    noExternalImportByPath: true
  },
  useNormalizedOHMUrl: true,
  caseSensitiveCheck: true,
  strictCheckerOnly: false,
  aceModuleJsonPath: 'D:\\HW\\testproject\\complete\\4\\entry\\build\\default\\intermediates\\res\\default\\ark_module.json',
  appResource: 'D:\\HW\\testproject\\complete\\4\\entry\\build\\default\\intermediates\\res\\default\\ResourceTable.txt',
  rawFileResource: 'D:\\HW\\testproject\\complete\\4\\entry\\build\\default\\intermediates\\res\\default\\resources\\rawfile',
  resourceTableHash: 'd81a83941c07883d4327563ba2cfe0ac7f68042912820a1577b99d29cbd144cc',
  runtimeOS: 'HarmonyOS',
  sdkInfo: 'false:26:26.0.0.105:Release',
  aceModuleRoot: 'D:\\HW\\testproject\\complete\\4\\entry\\src\\main\\ets',
  compileMode: 'esmodule',
  aceSuperVisualPath: 'D:\\HW\\testproject\\complete\\4\\entry\\src\\main\\supervisual',
  aceBuildJson: 'D:\\HW\\testproject\\complete\\4\\entry\\build\\default\\intermediates\\loader\\default\\loader.json',
  cachePath: 'D:\\HW\\testproject\\complete\\4\\entry\\build\\default\\cache\\default\\default@CompileArkTS\\esmodule\\debug',
  aceModuleBuild: 'D:\\HW\\testproject\\complete\\4\\entry\\build\\default\\intermediates\\loader_out\\default\\ets',
  supportChunks: true,
  declaredFilesPath: undefined,
  shouldCollectDirectImportees: false,
  isByteCodeHarOptimize: false,
  expandImportPath: undefined,
  resourceTableTs: 'D:\\HW\\testproject\\complete\\4\\entry\\build\\default\\generated\\r\\default\\ResourceTable.ts',
  moduleMetaInfoFiles: [
    {
      filePath: 'D:\\HW\\testproject\\complete\\4\\entry\\build\\default\\generated\\r\\default\\ResourceTable.ts',
      ohmurl: '&entry/build/generated/r/ResourceTable&'
    }
  ],
  pkgNameToPkgBriefInfo: {
    entry: {
      pkgRoot: 'D:\\HW\\testproject\\complete\\4\\entry',
      originalSourceRoots: undefined,
      sourceRoots: [Array],
      pkgName: 'entry'
    }
  },
  projectModel: {
    'D:\\HW\\testproject\\complete\\4\\entry\\src\\main': {
      moduleName: 'entry',
      modulePkgPath: 'D:\\HW\\testproject\\complete\\4\\entry',
      belongProjectPath: 'D:\\HW\\testproject\\complete\\4'
    },
    'D:\\HW\\testproject\\complete\\4\\entry\\.test\\default\\intermediates\\src\\ohosTest\\ets': {
      moduleName: 'entry_test',
      modulePkgPath: 'D:\\HW\\testproject\\complete\\4\\entry',
      belongProjectPath: 'D:\\HW\\testproject\\complete\\4'
    },
    'D:\\HW\\testproject\\complete\\4\\entry\\src\\ohosTest': {
      moduleName: 'entry_test',
      modulePkgPath: 'D:\\HW\\testproject\\complete\\4\\entry',
      belongProjectPath: 'D:\\HW\\testproject\\complete\\4'
    },
    'D:\\HW\\testproject\\complete\\4\\entry': {
      moduleName: 'entry',
      modulePkgPath: 'D:\\HW\\testproject\\complete\\4\\entry',
      belongProjectPath: 'D:\\HW\\testproject\\complete\\4'
    },
    'D:\\HW\\testproject\\complete\\4': {
      moduleName: '4',
      modulePkgPath: 'D:\\HW\\testproject\\complete\\4',
      belongProjectPath: 'D:\\HW\\testproject\\complete\\4'
    }
  },
  pkgJsonFileHash: '7ab10e622b876a852aaa87f883a5ca46773dc428b9273d7582651c0540669143',
  allModulePaths: [ 'D:\\HW\\testproject\\complete\\4\\entry' ],
  routerMap: {},
  obfuscationOptions: undefined,
  byteCodeHarToDependencyKeys: undefined,
  compileBlockPkg: [],
  mockParams: {
    decorator: '@MockSetup',
    packageName: '@ohos/hamock',
    etsSourceRootPath: 'src/main/ets',
    mockConfigPath: 'D:\\HW\\testproject\\complete\\4\\entry\\src\\mock\\mock-config.json5',
    mockConfigKey2ModuleInfo: {},
    source2ModuleIdMap: {}
  },
  copyCodeResourceEnable: false,
  copyCodeResourceExcludes: [],
  copyCodeResourceIncludes: undefined,
  uiTransformOptimization: false,
  sdkPath: 'E:/DevEco Studio/sdk',
  needPreloadSoFileSet: {},
  preloadSoFilePath: 'D:\\HW\\testproject\\complete\\4\\entry\\build\\default\\intermediates\\preload\\default\\preload.json',
  useSourceHash: false,
  localModuleParamMap: {},
  otherPaths: {
    'entry/*': [
      '..\\*',
      '..\\..\\..\\build\\default\\generated\\profile\\default\\*'
    ]
  },
  collectImportersConfig: undefined
}
[2026-09-10T17:06:29.435] [DEBUG] debug-file - Compile arkts with external api path: E:\DevEco Studio\sdk\default\hms\ets
[2026-09-10T17:06:29.439] [DEBUG] debug-file - before submitting ArkTS compile task to worker pool, config.buildDir: D:\HW\testproject\complete\4\entry\build
[2026-09-10T17:06:29.440] [DEBUG] debug-file - default@CompileArkTS work[19] is submitted.
[2026-09-10T17:06:29.440] [DEBUG] debug-file - default@CompileArkTS work[19] is pushed to ready queue.
[2026-09-10T17:06:29.440] [DEBUG] debug-file - A work dispatched to worker[15] failed because unable to get work from ready queue.
[2026-09-10T17:06:29.440] [DEBUG] debug-file - A work dispatched to worker[14] failed because unable to get work from ready queue.
[2026-09-10T17:06:29.441] [DEBUG] debug-file - A work dispatched to worker[13] failed because unable to get work from ready queue.
[2026-09-10T17:06:29.441] [DEBUG] debug-file - A work dispatched to worker[12] failed because unable to get work from ready queue.
[2026-09-10T17:06:29.441] [DEBUG] debug-file - A work dispatched to worker[11] failed because unable to get work from ready queue.
[2026-09-10T17:06:29.441] [DEBUG] debug-file - A work dispatched to worker[10] failed because unable to get work from ready queue.
[2026-09-10T17:06:29.441] [DEBUG] debug-file - A work dispatched to worker[9] failed because unable to get work from ready queue.
[2026-09-10T17:06:29.442] [DEBUG] debug-file - A work dispatched to worker[8] failed because unable to get work from ready queue.
[2026-09-10T17:06:29.442] [DEBUG] debug-file - A work dispatched to worker[7] failed because unable to get work from ready queue.
[2026-09-10T17:06:29.442] [DEBUG] debug-file - A work dispatched to worker[6] failed because unable to get work from ready queue.
[2026-09-10T17:06:29.442] [DEBUG] debug-file - A work dispatched to worker[5] failed because unable to get work from ready queue.
[2026-09-10T17:06:29.443] [DEBUG] debug-file - default@CompileArkTS work[19] has been dispatched to worker[4].
[2026-09-10T17:06:29.443] [DEBUG] debug-file - default@CompileArkTS work[19] is dispatched.
[2026-09-10T17:06:29.443] [DEBUG] debug-file - entry : default@CompileArkTS cost memory 1.0235366821289062
[2026-09-10T17:06:29.447] [DEBUG] debug-file - Executing task :entry:default@BuildJS
[2026-09-10T17:06:29.448] [DEBUG] debug-file - Task 'entry:default@BuildJS' cost while wrapping incremental declarations: 1 ms 
[2026-09-10T17:06:29.454] [DEBUG] debug-file - entry : default@BuildJS cost memory 0.11472320556640625
[2026-09-10T17:06:29.454] [DEBUG] debug-file - runTaskFromQueue task cost before running: 995 ms 
[2026-09-10T17:06:29.455] [INFO] debug-file - Finished :entry:default@BuildJS... after 7 ms 
[2026-09-10T17:06:29.458] [DEBUG] debug-file - Executing task :entry:default@CacheNativeLibs
[2026-09-10T17:06:29.459] [DEBUG] debug-file - File: 'D:\HW\testproject\complete\4\entry\build\default\intermediates\binxo\default' from 'cacheBinxoNativeLibs' is not exists, just ignore.
[2026-09-10T17:06:29.459] [DEBUG] debug-file - Task 'entry:default@CacheNativeLibs' cost while wrapping incremental declarations: 2 ms 
[2026-09-10T17:06:29.467] [DEBUG] debug-file - Incremental task entry:default@CacheNativeLibs pre-execution cost: 6 ms .
[2026-09-10T17:06:29.468] [DEBUG] debug-file - entry : default@CacheNativeLibs cost memory -3.2782821655273438
[2026-09-10T17:06:29.469] [INFO] debug-file - UP-TO-DATE :entry:default@CacheNativeLibs...  
[2026-09-10T17:06:31.771] [DEBUG] debug-file - Ark compile task finished.finished time is 192013510555900
[2026-09-10T17:06:31.771] [DEBUG] debug-file - worker[4] has one work done.
[2026-09-10T17:06:31.774] [DEBUG] debug-file - default@CompileArkTS work[19] done.
[2026-09-10T17:06:31.777] [INFO] debug-file - Finished :entry:default@CompileArkTS... after 2 s 396 ms 
[2026-09-10T17:06:31.780] [DEBUG] debug-file - Executing task :entry:default@GeneratePkgModuleJson
[2026-09-10T17:06:31.781] [DEBUG] debug-file - File: 'D:\HW\testproject\complete\4\entry\build\default\intermediates\preload\default\preload.json' from 'preloadSoJsonPath' is not exists, just ignore.
[2026-09-10T17:06:31.781] [DEBUG] debug-file - Error occurs while handling @Input 'shouldDeduplicateHar': The "data" argument must be of type string or an instance of Buffer, TypedArray, or DataView. Received undefined
[2026-09-10T17:06:31.781] [DEBUG] debug-file - Task 'entry:default@GeneratePkgModuleJson' cost while wrapping incremental declarations: 2 ms 
[2026-09-10T17:06:31.784] [DEBUG] debug-file - Incremental task entry:default@GeneratePkgModuleJson pre-execution cost: 2 ms .
[2026-09-10T17:06:31.784] [DEBUG] debug-file - entry : default@GeneratePkgModuleJson cost memory 0.2297210693359375
[2026-09-10T17:06:31.785] [INFO] debug-file - UP-TO-DATE :entry:default@GeneratePkgModuleJson...  
[2026-09-10T17:06:31.787] [DEBUG] debug-file - Executing task :entry:default@ProcessCompiledResources
[2026-09-10T17:06:31.788] [DEBUG] debug-file - File: 'D:\HW\testproject\complete\4\entry\build\default\intermediates\preload\default\preload.json' from 'preloadSoJsonPath' is not exists, just ignore.
[2026-09-10T17:06:31.788] [DEBUG] debug-file - Task 'entry:default@ProcessCompiledResources' cost while wrapping incremental declarations: 1 ms 
[2026-09-10T17:06:31.791] [DEBUG] debug-file - entry : default@ProcessCompiledResources cost memory 0.05028533935546875
[2026-09-10T17:06:31.791] [DEBUG] debug-file - runTaskFromQueue task cost before running: 3 s 332 ms 
[2026-09-10T17:06:31.792] [INFO] debug-file - Finished :entry:default@ProcessCompiledResources... after 4 ms 
[2026-09-10T17:06:31.796] [DEBUG] debug-file - Executing task :entry:default@PackageHap
[2026-09-10T17:06:31.841] [DEBUG] debug-file - entry:default@PackageHap is not up-to-date, since the input file 'D:\HW\testproject\complete\4\entry\build\default\intermediates\loader_out\default\ets' has been changed.
[2026-09-10T17:06:31.842] [DEBUG] debug-file - Incremental task entry:default@PackageHap pre-execution cost: 43 ms .
[2026-09-10T17:06:31.846] [DEBUG] debug-file - Use tool [E:\DevEco Studio\sdk\default\openharmony\toolchains\lib\app_packing_tool.jar]
 [
  'java',
  '-Dfile.encoding=GBK',
  '-jar',
  'E:\\DevEco Studio\\sdk\\default\\openharmony\\toolchains\\lib\\app_packing_tool.jar',
  '--mode',
  'hap',
  '--force',
  'true',
  '--lib-path',
  'D:\\HW\\testproject\\complete\\4\\entry\\build\\default\\intermediates\\stripped_native_libs\\default',
  '--json-path',
  'D:\\HW\\testproject\\complete\\4\\entry\\build\\default\\intermediates\\package\\default\\module.json',
  '--resources-path',
  'D:\\HW\\testproject\\complete\\4\\entry\\build\\default\\intermediates\\res\\default\\resources',
  '--index-path',
  'D:\\HW\\testproject\\complete\\4\\entry\\build\\default\\intermediates\\res\\default\\resources.index',
  '--pack-info-path',
  'D:\\HW\\testproject\\complete\\4\\entry\\build\\default\\outputs\\default\\pack.info',
  '--out-path',
  'D:\\HW\\testproject\\complete\\4\\entry\\build\\default\\outputs\\default\\entry-default-unsigned.hap',
  '--ets-path',
  'D:\\HW\\testproject\\complete\\4\\entry\\build\\default\\intermediates\\loader_out\\default\\ets',
  '--pkg-context-path',
  'D:\\HW\\testproject\\complete\\4\\entry\\build\\default\\intermediates\\loader\\default\\pkgContextInfo.json'
]
[2026-09-10T17:06:31.847] [DEBUG] debug-file - default@PackageHap work[20] is submitted.
[2026-09-10T17:06:31.848] [DEBUG] debug-file - default@PackageHap work[20] is pushed to ready queue.
[2026-09-10T17:06:31.848] [DEBUG] debug-file - A work dispatched to worker[15] failed because unable to get work from ready queue.
[2026-09-10T17:06:31.849] [DEBUG] debug-file - Create  resident worker with id: 14.
[2026-09-10T17:06:31.854] [DEBUG] debug-file - default@PackageHap work[20] has been dispatched to worker[14].
[2026-09-10T17:06:31.855] [DEBUG] debug-file - default@PackageHap work[20] is dispatched.
[2026-09-10T17:06:31.870] [DEBUG] debug-file - entry : default@PackageHap cost memory 0.42577362060546875
[2026-09-10T17:06:35.783] [DEBUG] debug-file - current process  memoryUsage: {
  rss: 455217152,
  heapTotal: 79118336,
  heapUsed: 50417712,
  external: 3958577,
  arrayBuffers: 18671
} os memoryUsage :15.017585754394531
[2026-09-10T17:06:36.811] [DEBUG] debug-file - worker[14] has one work done.
[2026-09-10T17:06:36.812] [DEBUG] debug-file - default@PackageHap work[20] done.
[2026-09-10T17:06:36.812] [DEBUG] debug-file - A work dispatched to worker[14] failed because unable to get work from ready queue.
[2026-09-10T17:06:36.815] [INFO] debug-file - Finished :entry:default@PackageHap... after 1 s 111 ms 
[2026-09-10T17:06:36.816] [DEBUG] debug-file - Executing task :entry:default@PackingCheck
[2026-09-10T17:06:36.825] [DEBUG] debug-file - entry : default@PackingCheck cost memory 0.3485107421875
[2026-09-10T17:06:36.825] [DEBUG] debug-file - runTaskFromQueue task cost before running: 8 s 366 ms 
[2026-09-10T17:06:36.826] [INFO] debug-file - Finished :entry:default@PackingCheck... after 9 ms 
[2026-09-10T17:06:36.830] [DEBUG] debug-file - Executing task :entry:default@SignHap
[2026-09-10T17:06:36.830] [WARN] debug-file - Will skip sign 'hos_hap'. No signingConfigs profile is configured in current project.
             If needed, configure the signingConfigs in D:\HW\testproject\complete\4\build-profile.json5.
[2026-09-10T17:06:36.831] [DEBUG] debug-file - entry:default@SignHap is not up-to-date, since the input file 'D:\HW\testproject\complete\4\entry\build\default\outputs\default\entry-default-unsigned.hap' has been changed.
[2026-09-10T17:06:36.832] [DEBUG] debug-file - Incremental task entry:default@SignHap pre-execution cost: 1 ms .
[2026-09-10T17:06:36.832] [DEBUG] debug-file - entry : default@SignHap cost memory 0.06909942626953125
[2026-09-10T17:06:36.832] [DEBUG] debug-file - runTaskFromQueue task cost before running: 8 s 373 ms 
[2026-09-10T17:06:36.833] [INFO] debug-file - Finished :entry:default@SignHap... after 3 ms 
[2026-09-10T17:06:36.835] [DEBUG] debug-file - Executing task :entry:default@CollectDebugSymbol
[2026-09-10T17:06:36.836] [DEBUG] debug-file - entry : default@CollectDebugSymbol cost memory 0.07660675048828125
[2026-09-10T17:06:36.837] [DEBUG] debug-file - runTaskFromQueue task cost before running: 8 s 377 ms 
[2026-09-10T17:06:36.837] [INFO] debug-file - Finished :entry:default@CollectDebugSymbol... after 3 ms 
[2026-09-10T17:06:36.838] [DEBUG] debug-file - Executing task :entry:assembleHap
[2026-09-10T17:06:36.838] [DEBUG] debug-file - entry : assembleHap cost memory 0.01397705078125
[2026-09-10T17:06:36.838] [DEBUG] debug-file - runTaskFromQueue task cost before running: 8 s 378 ms 
[2026-09-10T17:06:36.838] [INFO] debug-file - Finished :entry:assembleHap... after 1 ms 
[2026-09-10T17:06:36.839] [INFO] debug-file - BUILD SUCCESSFUL in 8 s 380 ms 
[2026-09-10T17:06:36.841] [DEBUG] debug-file - There is no need to refresh cache, since the incremental task entry:default@PreBuild is up-to-date.
[2026-09-10T17:06:36.841] [DEBUG] debug-file - Update task entry:default@CreateModuleInfo output file:D:\HW\testproject\complete\4\entry\build\default\generated\profile\default\ModuleInfo.ts cache.
[2026-09-10T17:06:36.842] [DEBUG] debug-file - Incremental task entry:default@CreateModuleInfo post-execution cost:1 ms .
[2026-09-10T17:06:36.842] [DEBUG] debug-file - There is no need to refresh cache, since the incremental task entry:default@GenerateMetadata is up-to-date.
[2026-09-10T17:06:36.842] [DEBUG] debug-file - There is no need to refresh cache, since the incremental task entry:default@MergeProfile is up-to-date.
[2026-09-10T17:06:36.842] [DEBUG] debug-file - There is no need to refresh cache, since the incremental task entry:default@CreateBuildProfile is up-to-date.
[2026-09-10T17:06:36.843] [DEBUG] debug-file - There is no need to refresh cache, since the incremental task entry:default@GeneratePkgContextInfo is up-to-date.
[2026-09-10T17:06:36.843] [DEBUG] debug-file - Update task entry:default@GeneratePkgSdkInfo output file:D:\HW\testproject\complete\4\entry\build\default\intermediates\loader\default\pkgSdkInfo.json cache.
[2026-09-10T17:06:36.843] [DEBUG] debug-file - Incremental task entry:default@GeneratePkgSdkInfo post-execution cost:1 ms .
[2026-09-10T17:06:36.843] [DEBUG] debug-file - Update task entry:default@ProcessIntegratedHsp output file:D:\HW\testproject\complete\4\build\cache\default\integrated_hsp\integratedHspCache.json cache.
[2026-09-10T17:06:36.843] [DEBUG] debug-file - Incremental task entry:default@ProcessIntegratedHsp post-execution cost:1 ms .
[2026-09-10T17:06:36.844] [DEBUG] debug-file - There is no need to refresh cache, since the incremental task entry:default@MakePackInfo is up-to-date.
[2026-09-10T17:06:36.844] [DEBUG] debug-file - Update task entry:default@SyscapTransform input file:E:\DevEco Studio\sdk\default\openharmony\toolchains\syscap_tool.exe cache by regenerate.
[2026-09-10T17:06:36.844] [DEBUG] debug-file - Update task entry:default@SyscapTransform input file:E:\DevEco Studio\sdk\default\openharmony\ets\api\device-define cache by regenerate.
[2026-09-10T17:06:36.847] [DEBUG] debug-file - Update task entry:default@SyscapTransform output file:D:\HW\testproject\complete\4\entry\build\default\intermediates\syscap\default\rpcid.sc cache.
[2026-09-10T17:06:36.847] [DEBUG] debug-file - Incremental task entry:default@SyscapTransform post-execution cost:4 ms .
[2026-09-10T17:06:36.847] [DEBUG] debug-file - There is no need to refresh cache, since the incremental task entry:default@ProcessProfile is up-to-date.
[2026-09-10T17:06:36.847] [DEBUG] debug-file - There is no need to refresh cache, since the incremental task entry:default@ProcessRouterMap is up-to-date.
[2026-09-10T17:06:36.847] [DEBUG] debug-file - There is no need to refresh cache, since the incremental task entry:default@ProcessShareConfig is up-to-date.
[2026-09-10T17:06:36.848] [DEBUG] debug-file - Update task entry:default@ProcessStartupConfig input file:D:\HW\testproject\complete\4\entry\build\default\intermediates\loader\default\pkgContextInfo.json cache by regenerate.
[2026-09-10T17:06:36.849] [DEBUG] debug-file - Update task entry:default@ProcessStartupConfig output file:D:\HW\testproject\complete\4\entry\build\default\intermediates\startup\default\startup_config.json cache.
[2026-09-10T17:06:36.849] [DEBUG] debug-file - Incremental task entry:default@ProcessStartupConfig post-execution cost:2 ms .
[2026-09-10T17:06:36.849] [DEBUG] debug-file - There is no need to refresh cache, since the incremental task entry:default@ProcessResource is up-to-date.
[2026-09-10T17:06:36.849] [DEBUG] debug-file - There is no need to refresh cache, since the incremental task entry:default@GenerateLoaderJson is up-to-date.
[2026-09-10T17:06:36.850] [DEBUG] debug-file - There is no need to refresh cache, since the incremental task entry:default@ProcessLibs is up-to-date.
[2026-09-10T17:06:36.850] [DEBUG] debug-file - There is no need to refresh cache, since the incremental task entry:default@CompileResource is up-to-date.
[2026-09-10T17:06:36.850] [DEBUG] debug-file - There is no need to refresh cache, since the incremental task entry:default@DoNativeStrip is up-to-date.
[2026-09-10T17:06:36.853] [DEBUG] debug-file - Update task entry:default@CompileArkTS input file:D:\HW\testproject\complete\4\entry\build\default\intermediates\loader\default cache by regenerate.
[2026-09-10T17:06:36.854] [DEBUG] debug-file - Update task entry:default@CompileArkTS input file:D:\HW\testproject\complete\4\entry\build\default\intermediates\res\default\resources\rawfile cache by regenerate.
[2026-09-10T17:06:36.854] [DEBUG] debug-file - Update task entry:default@CompileArkTS input file:D:\HW\testproject\complete\4\entry\build\default\intermediates\res\default\ResourceTable.txt cache by regenerate.
[2026-09-10T17:06:36.855] [DEBUG] debug-file - Update task entry:default@CompileArkTS input file:D:\HW\testproject\complete\4\entry\build\default\intermediates\res\default\ark_module.json cache by regenerate.
[2026-09-10T17:06:36.855] [DEBUG] debug-file - Update task entry:default@CompileArkTS input file:D:\HW\testproject\complete\4\entry\build\default\intermediates\res\default\resources\base\profile cache by regenerate.
[2026-09-10T17:06:36.856] [DEBUG] debug-file - Update task entry:default@CompileArkTS input file:D:\HW\testproject\complete\4\entry\src\main\ets cache from map.
[2026-09-10T17:06:36.856] [DEBUG] debug-file - Update task entry:default@CompileArkTS input file:D:\HW\testproject\complete\4\entry\build\default\intermediates\loader\default\pkgContextInfo.json cache by regenerate.
[2026-09-10T17:06:36.856] [DEBUG] debug-file - Update task entry:default@CompileArkTS input file:D:\HW\testproject\complete\4\entry\build\default\generated\profile\default\BuildProfile.ets cache by regenerate.
[2026-09-10T17:06:36.857] [DEBUG] debug-file - Update task entry:default@CompileArkTS input file:D:\HW\testproject\complete\4\entry\src\mock\mock-config.json5 cache by regenerate.
[2026-09-10T17:06:36.857] [DEBUG] debug-file - Update task entry:default@CompileArkTS output file:D:\HW\testproject\complete\4\entry\build\default\intermediates\loader_out\default\ets cache.
[2026-09-10T17:06:36.858] [DEBUG] debug-file - Incremental task entry:default@CompileArkTS post-execution cost:9 ms .
[2026-09-10T17:06:36.860] [DEBUG] debug-file - Update task entry:default@BuildJS input file:D:\HW\testproject\complete\4\entry\build\default\intermediates\loader\default cache by regenerate.
[2026-09-10T17:06:36.861] [DEBUG] debug-file - Update task entry:default@BuildJS input file:D:\HW\testproject\complete\4\entry\build\default\intermediates\res\default\resources\rawfile cache by regenerate.
[2026-09-10T17:06:36.862] [DEBUG] debug-file - Update task entry:default@BuildJS input file:D:\HW\testproject\complete\4\entry\build\default\intermediates\res\default\ResourceTable.txt cache by regenerate.
[2026-09-10T17:06:36.862] [DEBUG] debug-file - Update task entry:default@BuildJS input file:D:\HW\testproject\complete\4\entry\build\default\intermediates\res\default\ark_module.json cache by regenerate.
[2026-09-10T17:06:36.862] [DEBUG] debug-file - Update task entry:default@BuildJS input file:D:\HW\testproject\complete\4\entry\build\default\intermediates\res\default\resources\base\profile cache by regenerate.
[2026-09-10T17:06:36.863] [DEBUG] debug-file - Update task entry:default@BuildJS input file:D:\HW\testproject\complete\4\entry\build\default\intermediates\loader\default\pkgContextInfo.json cache by regenerate.
[2026-09-10T17:06:36.864] [DEBUG] debug-file - Update task entry:default@BuildJS output file:D:\HW\testproject\complete\4\entry\build\default\intermediates\loader_out\default\js cache.
[2026-09-10T17:06:36.864] [DEBUG] debug-file - Incremental task entry:default@BuildJS post-execution cost:7 ms .
[2026-09-10T17:06:36.864] [DEBUG] debug-file - There is no need to refresh cache, since the incremental task entry:default@CacheNativeLibs is up-to-date.
[2026-09-10T17:06:36.865] [DEBUG] debug-file - There is no need to refresh cache, since the incremental task entry:default@GeneratePkgModuleJson is up-to-date.
[2026-09-10T17:06:36.865] [DEBUG] debug-file - Incremental task entry:default@ProcessCompiledResources post-execution cost:1 ms .
[2026-09-10T17:06:36.866] [DEBUG] debug-file - Update task entry:default@PackageHap input file:D:\HW\testproject\complete\4\entry\build\default\outputs\default\pack.info cache by regenerate.
[2026-09-10T17:06:36.867] [DEBUG] debug-file - Update task entry:default@PackageHap input file:D:\HW\testproject\complete\4\entry\build\default\intermediates\stripped_native_libs\default cache by regenerate.
[2026-09-10T17:06:36.867] [DEBUG] debug-file - Update task entry:default@PackageHap input file:D:\HW\testproject\complete\4\entry\build\default\intermediates\res\default\module.json cache by regenerate.
[2026-09-10T17:06:36.868] [DEBUG] debug-file - Update task entry:default@PackageHap input file:D:\HW\testproject\complete\4\entry\build\default\intermediates\res\default\resources cache by regenerate.
[2026-09-10T17:06:36.872] [DEBUG] debug-file - Update task entry:default@PackageHap input file:D:\HW\testproject\complete\4\entry\build\default\intermediates\res\default\resources.index cache by regenerate.
[2026-09-10T17:06:36.872] [DEBUG] debug-file - Update task entry:default@PackageHap input file:D:\HW\testproject\complete\4\entry\build\default\intermediates\loader_out\default\ets cache from map.
[2026-09-10T17:06:36.872] [DEBUG] debug-file - Update task entry:default@PackageHap input file:D:\HW\testproject\complete\4\entry\build\default\intermediates\loader\default\pkgContextInfo.json cache by regenerate.
[2026-09-10T17:06:36.873] [DEBUG] debug-file - Update task entry:default@PackageHap input file:D:\HW\testproject\complete\4\entry\build\default\intermediates\package\default\module.json cache by regenerate.
[2026-09-10T17:06:36.873] [DEBUG] debug-file - Update task entry:default@PackageHap input file:D:\HW\testproject\complete\4\entry\build\default\intermediates\loader_out\default\ets\sourceMaps.map cache by regenerate.
[2026-09-10T17:06:36.874] [DEBUG] debug-file - Update task entry:default@PackageHap input file:D:\HW\testproject\complete\4\entry\build\default\generated\profile\default\BuildProfile.ets cache by regenerate.
[2026-09-10T17:06:36.874] [DEBUG] debug-file - Update task entry:default@PackageHap output file:D:\HW\testproject\complete\4\entry\build\default\outputs\default\entry-default-unsigned.hap cache.
[2026-09-10T17:06:36.875] [DEBUG] debug-file - Update task entry:default@PackageHap output file:D:\HW\testproject\complete\4\entry\build\default\intermediates\source_map\default\sourceMaps.map cache.
[2026-09-10T17:06:36.875] [DEBUG] debug-file - Update task entry:default@PackageHap output file:D:\HW\testproject\complete\4\entry\build\default\outputs\default\mapping\sourceMaps.map cache.
[2026-09-10T17:06:36.875] [DEBUG] debug-file - Incremental task entry:default@PackageHap post-execution cost:11 ms .
[2026-09-10T17:06:36.876] [DEBUG] debug-file - Update task entry:default@SignHap input file:D:\HW\testproject\complete\4\entry\build\default\outputs\default\entry-default-unsigned.hap cache from map.
[2026-09-10T17:06:36.876] [DEBUG] debug-file - Update task entry:default@SignHap output file:D:\HW\testproject\complete\4\entry\build\default\outputs\default\entry-default-signed.hap cache.
[2026-09-10T17:06:36.876] [DEBUG] debug-file - Incremental task entry:default@SignHap post-execution cost:1 ms .
[2026-09-10T17:06:36.877] [DEBUG] debug-file - Update task entry:default@CollectDebugSymbol input file:D:\HW\testproject\complete\4\entry\build\default\intermediates\loader_out\default\ets\sourceMaps.map cache by regenerate.
[2026-09-10T17:06:36.878] [DEBUG] debug-file - Update task entry:default@CollectDebugSymbol input file:D:\HW\testproject\complete\4\entry\build\default\intermediates\libs\default cache by regenerate.
[2026-09-10T17:06:36.878] [DEBUG] debug-file - Update task entry:default@CollectDebugSymbol output file:D:\HW\testproject\complete\4\entry\build\default\outputs\default\symbol cache.
[2026-09-10T17:06:36.879] [DEBUG] debug-file - Incremental task entry:default@CollectDebugSymbol post-execution cost:3 ms .
[2026-09-10T17:06:36.897] [DEBUG] debug-file - Cleanup worker 14.
[2026-09-10T17:06:36.897] [DEBUG] debug-file - hvigor build process will be closed.
[2026-09-10T17:06:36.907] [DEBUG] debug-file - worker[14] exits with exit code 1.
[2026-09-10T17:06:36.907] [DEBUG] debug-file - Worker 14 has been cleaned up.
[2026-09-10T17:06:36.907] [DEBUG] debug-file - Current idle worker size: 1.
[2026-09-10T17:06:36.907] [DEBUG] debug-file - Current resident worker size: 1.
[2026-09-10T17:06:36.914] [DEBUG] debug-file - session manager: send message to worker process. WorkerThreadId: 0, data: {"type":"hvigor_failed","reason":"Server has disconnected."}
[2026-09-10T17:06:36.916] [DEBUG] debug-file - session manager: send message to worker process. WorkerThreadId: 0, data: {"type":"CloseWatch","reason":"Server has disconnected."}
[2026-09-10T17:06:36.916] [DEBUG] debug-file - watch worker: worker id should be larger than 0. Nothing will be sent to any worker thread.
[2026-09-10T17:06:36.916] [DEBUG] debug-file - ABORT_WORK sent to workers.
[2026-09-10T17:06:36.917] [DEBUG] debug-file - watch worker: worker id should be larger than 0. Nothing will be sent to any worker thread.
[2026-09-10T17:06:49.294] [DEBUG] debug-file - session manager: set active socket. socketId=4RRU0xxHtpz_o4cVAAAZ
[2026-09-10T17:06:49.327] [DEBUG] debug-file - watch worker: worker id should be larger than 0. Nothing will be sent to any worker thread.
[2026-09-10T17:06:49.336] [DEBUG] debug-file - Workers' log level updated to INFO
[2026-09-10T17:06:49.343] [DEBUG] debug-file - Hvigor init with startParameters:{
  hvigorfileTypeCheck: false,
  parallelExecution: true,
  incrementalExecution: true,
  printStackTrace: false,
  daemon: true,
  analyze: 0,
  logLevel: Level { level: 20000, levelStr: 'INFO', colour: 'green' },
  optimizationStrategy: 'memory',
  hotCompile: undefined,
  hotReloadBuild: undefined,
  customizedParam: undefined
}
[2026-09-10T17:06:49.362] [DEBUG] debug-file - Cache service initialization finished in 19 ms 
[2026-09-10T17:06:49.364] [DEBUG] debug-file - hvigorfile, resolving D:\HW\testproject\complete\4\hvigorfile.ts
[2026-09-10T17:06:49.374] [DEBUG] debug-file - hvigorfile, require result:  { default: { plugins: [] } }
[2026-09-10T17:06:49.374] [DEBUG] debug-file - hvigorfile, binding system plugins null
[2026-09-10T17:06:49.375] [DEBUG] debug-file - Starting plugin build process
[2026-09-10T17:06:49.375] [DEBUG] debug-file - App plugin prepare start...
[2026-09-10T17:06:49.375] [DEBUG] debug-file - App plugin prepare end...
[2026-09-10T17:06:49.375] [DEBUG] debug-file - App plugin creating...
[2026-09-10T17:06:49.389] [DEBUG] debug-file - App plugin register hook start...
[2026-09-10T17:06:49.389] [DEBUG] debug-file - App plugin register hook end...
[2026-09-10T17:06:49.389] [DEBUG] debug-file - Plugin build process completed
[2026-09-10T17:06:49.390] [DEBUG] debug-file - Start initialize project's product build option map with build mode debug.
[2026-09-10T17:06:49.390] [DEBUG] debug-file - Picking option from product 'default' with build mode 'debug'.
[2026-09-10T17:06:49.390] [DEBUG] debug-file - Product 'default' build option initialized
[2026-09-10T17:06:49.390] [DEBUG] debug-file - End initialize project's product build option map with build mode 'debug'.
[2026-09-10T17:06:49.390] [DEBUG] debug-file - Obtain build option for product 'default'in this build.
[2026-09-10T17:06:49.396] [DEBUG] debug-file - No signingConfig found, initRemoteHspCache failed.
[2026-09-10T17:06:49.403] [DEBUG] debug-file - Start recording SDK configuration permission data.
[2026-09-10T17:06:49.477] [DEBUG] debug-file - Sdk init in 80 ms 
[2026-09-10T17:06:49.483] [DEBUG] debug-file - Project task initialization takes 5 ms 
[2026-09-10T17:06:49.483] [DEBUG] debug-file - hvigorfile, begin to bind custom plugins...
[2026-09-10T17:06:49.483] [DEBUG] debug-file - hvigorfile, no custom plugins were found in D:\HW\testproject\complete\4\hvigorfile.ts
[2026-09-10T17:06:49.483] [DEBUG] debug-file - hvigorfile, resolve finished D:\HW\testproject\complete\4\hvigorfile.ts
[2026-09-10T17:06:49.484] [DEBUG] debug-file - hvigorfile, resolving D:\HW\testproject\complete\4\entry\hvigorfile.ts
[2026-09-10T17:06:49.495] [DEBUG] debug-file - hvigorfile, require result:  { default: { plugins: [] } }
[2026-09-10T17:06:49.495] [DEBUG] debug-file - hvigorfile, binding system plugins null
[2026-09-10T17:06:49.495] [DEBUG] debug-file - Starting plugin build process
[2026-09-10T17:06:49.496] [DEBUG] debug-file - Hap plugin creating...
[2026-09-10T17:06:49.499] [DEBUG] debug-file - failed to load cangjie to dynamically generate schemas: Error: Cannot find module '@ohos/cangjie-build-support/index'
Require stack:
- E:\DevEco Studio\tools\hvigor\hvigor-ohos-plugin\src\plugin\hooks\cangjie-register.js
- E:\DevEco Studio\tools\hvigor\hvigor-ohos-plugin\src\plugin\strategy\stage-init-strategy.js
- E:\DevEco Studio\tools\hvigor\hvigor-ohos-plugin\src\plugin\builder\abstract-plugin-builder.js
- E:\DevEco Studio\tools\hvigor\hvigor-ohos-plugin\src\plugin\builder\app-plugin-builder.js
- E:\DevEco Studio\tools\hvigor\hvigor-ohos-plugin\src\plugin\factory\plugin-factory.js
- E:\DevEco Studio\tools\hvigor\hvigor-ohos-plugin\index.js
- D:\HW\testproject\complete\4\hvigorfile.ts
- E:\DevEco Studio\tools\hvigor\hvigor\src\base\internal\lifecycle\configuration.js
- E:\DevEco Studio\tools\hvigor\hvigor\src\base\boot\index.js
- E:\DevEco Studio\tools\hvigor\hvigor\src\base\daemon\cluster\worker-process-lifecycle.js
- E:\DevEco Studio\tools\hvigor\hvigor\src\base\daemon\process\daemon-process-boot-script.js
[2026-09-10T17:06:49.503] [DEBUG] debug-file - Start initialize module-target build option map, moduleName=entry, buildMode=debug
[2026-09-10T17:06:49.503] [DEBUG] debug-file - Target 'default' config initialized
[2026-09-10T17:06:49.504] [DEBUG] debug-file - Target 'ohosTest' config initialized
[2026-09-10T17:06:49.504] [DEBUG] debug-file - Module 'entry' target 'default' build option initialized
[2026-09-10T17:06:49.504] [DEBUG] debug-file - Module 'entry' target 'ohosTest' build option initialized
[2026-09-10T17:06:49.504] [DEBUG] debug-file - End initialize module-target build option map, moduleName=entry
[2026-09-10T17:06:49.505] [DEBUG] debug-file - Start initialize module-target build option map, moduleName=entry, buildMode=release
[2026-09-10T17:06:49.505] [DEBUG] debug-file - Target 'default' config initialized
[2026-09-10T17:06:49.506] [DEBUG] debug-file - Target 'ohosTest' config initialized
[2026-09-10T17:06:49.507] [DEBUG] debug-file - Module 'entry' target 'default' build option initialized
[2026-09-10T17:06:49.507] [DEBUG] debug-file - Module 'entry' target 'ohosTest' build option initialized
[2026-09-10T17:06:49.508] [DEBUG] debug-file - End initialize module-target build option map, moduleName=entry
[2026-09-10T17:06:49.508] [DEBUG] debug-file - Start initialize module-target build option map, moduleName=entry, buildMode=debug
[2026-09-10T17:06:49.508] [DEBUG] debug-file - Target 'default' config initialized
[2026-09-10T17:06:49.509] [DEBUG] debug-file - Target 'ohosTest' config initialized
[2026-09-10T17:06:49.509] [DEBUG] debug-file - Module 'entry' target 'default' build option initialized
[2026-09-10T17:06:49.510] [DEBUG] debug-file - Module 'entry' target 'ohosTest' build option initialized
[2026-09-10T17:06:49.511] [DEBUG] debug-file - End initialize module-target build option map, moduleName=entry
[2026-09-10T17:06:49.511] [DEBUG] debug-file - Obtain build option for module 'entry' target 'default'in this build.
[2026-09-10T17:06:49.515] [DEBUG] debug-file - Module entry task initialization takes 3 ms 
[2026-09-10T17:06:49.516] [DEBUG] debug-file - Hap plugin register hook start...
[2026-09-10T17:06:49.516] [DEBUG] debug-file - Hap plugin register hook end...
[2026-09-10T17:06:49.516] [DEBUG] debug-file - Plugin build process completed
[2026-09-10T17:06:49.516] [DEBUG] debug-file - hvigorfile, begin to bind custom plugins...
[2026-09-10T17:06:49.516] [DEBUG] debug-file - hvigorfile, no custom plugins were found in D:\HW\testproject\complete\4\entry\hvigorfile.ts
[2026-09-10T17:06:49.516] [DEBUG] debug-file - hvigorfile, resolve finished D:\HW\testproject\complete\4\entry\hvigorfile.ts
[2026-09-10T17:06:49.744] [DEBUG] debug-file - hvigorfile, resolve hvigorfile dependencies in 228 ms 
[2026-09-10T17:06:49.745] [DEBUG] debug-file - project has submodules:entry
[2026-09-10T17:06:49.748] [DEBUG] debug-file - start to load updatedOhPackageInfo to the disk
[2026-09-10T17:06:49.767] [DEBUG] debug-file - load to the disk finished
[2026-09-10T17:06:49.772] [DEBUG] debug-file - Start to initialize dependency information.
[2026-09-10T17:06:49.811] [DEBUG] debug-file - Module 4 Collected Dependency: 
[2026-09-10T17:06:49.811] [DEBUG] debug-file - Module 4's total dependency: 0
[2026-09-10T17:06:49.812] [DEBUG] debug-file - Start to initialize dependency information.
[2026-09-10T17:06:49.821] [DEBUG] debug-file - Module entry Collected Dependency: 
[2026-09-10T17:06:49.821] [DEBUG] debug-file - Module entry's total dependency: 0
[2026-09-10T17:06:49.825] [DEBUG] debug-file - Configuration phase cost:463 ms 
[2026-09-10T17:06:49.829] [DEBUG] debug-file - Configuration task cost before running: 493 ms 
[2026-09-10T17:06:49.839] [DEBUG] debug-file - Executing task :entry:default@PreBuild
[2026-09-10T17:06:49.848] [DEBUG] debug-file - Task 'entry:default@PreBuild' cost while wrapping incremental declarations: 1 ms 
[2026-09-10T17:06:49.873] [DEBUG] debug-file - Incremental task entry:default@PreBuild pre-execution cost: 18 ms .
[2026-09-10T17:06:49.874] [DEBUG] debug-file - entry : default@PreBuild cost memory 0.5177841186523438
[2026-09-10T17:06:49.878] [INFO] debug-file - UP-TO-DATE :entry:default@PreBuild...  
[2026-09-10T17:06:49.882] [DEBUG] debug-file - Executing task :entry:default@CreateModuleInfo
[2026-09-10T17:06:49.883] [DEBUG] debug-file - Task 'entry:default@CreateModuleInfo' cost while wrapping incremental declarations: 1 ms 
[2026-09-10T17:06:49.883] [DEBUG] debug-file - entry : default@CreateModuleInfo cost memory 0.03871917724609375
[2026-09-10T17:06:49.884] [DEBUG] debug-file - runTaskFromQueue task cost before running: 547 ms 
[2026-09-10T17:06:49.884] [INFO] debug-file - Finished :entry:default@CreateModuleInfo... after 2 ms 
[2026-09-10T17:06:49.887] [DEBUG] debug-file - Executing task :entry:default@GenerateMetadata
[2026-09-10T17:06:49.887] [DEBUG] debug-file - Task 'entry:default@GenerateMetadata' cost while wrapping incremental declarations: 1 ms 
[2026-09-10T17:06:49.889] [DEBUG] debug-file - Incremental task entry:default@GenerateMetadata pre-execution cost: 2 ms .
[2026-09-10T17:06:49.889] [DEBUG] debug-file - entry : default@GenerateMetadata cost memory 0.06905364990234375
[2026-09-10T17:06:49.890] [INFO] debug-file - UP-TO-DATE :entry:default@GenerateMetadata...  
[2026-09-10T17:06:49.894] [DEBUG] debug-file - Executing task :entry:default@ConfigureCmake
[2026-09-10T17:06:49.895] [DEBUG] debug-file - entry : default@ConfigureCmake cost memory 0.01425933837890625
[2026-09-10T17:06:49.896] [DEBUG] debug-file - runTaskFromQueue task cost before running: 559 ms 
[2026-09-10T17:06:49.896] [INFO] debug-file - Finished :entry:default@ConfigureCmake... after 2 ms 
[2026-09-10T17:06:49.898] [DEBUG] debug-file - Executing task :entry:default@MergeProfile
[2026-09-10T17:06:49.898] [DEBUG] debug-file - Task 'entry:default@MergeProfile' cost while wrapping incremental declarations: 1 ms 
[2026-09-10T17:06:49.902] [DEBUG] debug-file - Incremental task entry:default@MergeProfile pre-execution cost: 3 ms .
[2026-09-10T17:06:49.902] [DEBUG] debug-file - entry : default@MergeProfile cost memory 0.1039581298828125
[2026-09-10T17:06:49.902] [INFO] debug-file - UP-TO-DATE :entry:default@MergeProfile...  
[2026-09-10T17:06:49.904] [DEBUG] debug-file - Executing task :entry:default@CreateBuildProfile
[2026-09-10T17:06:49.905] [DEBUG] debug-file - Task 'entry:default@CreateBuildProfile' cost while wrapping incremental declarations: 1 ms 
[2026-09-10T17:06:49.907] [DEBUG] debug-file - Incremental task entry:default@CreateBuildProfile pre-execution cost: 2 ms .
[2026-09-10T17:06:49.907] [DEBUG] debug-file - entry : default@CreateBuildProfile cost memory 0.0918426513671875
[2026-09-10T17:06:49.908] [INFO] debug-file - UP-TO-DATE :entry:default@CreateBuildProfile...  
[2026-09-10T17:06:49.909] [DEBUG] debug-file - Executing task :entry:default@PreCheckSyscap
[2026-09-10T17:06:49.910] [DEBUG] debug-file - entry : default@PreCheckSyscap cost memory 0.0145263671875
[2026-09-10T17:06:49.911] [DEBUG] debug-file - runTaskFromQueue task cost before running: 574 ms 
[2026-09-10T17:06:49.911] [INFO] debug-file - Finished :entry:default@PreCheckSyscap... after 2 ms 
[2026-09-10T17:06:49.914] [DEBUG] debug-file - Executing task :entry:default@GeneratePkgContextInfo
[2026-09-10T17:06:49.919] [DEBUG] debug-file - Task 'entry:default@GeneratePkgContextInfo' cost while wrapping incremental declarations: 1 ms 
[2026-09-10T17:06:49.921] [DEBUG] debug-file - Incremental task entry:default@GeneratePkgContextInfo pre-execution cost: 2 ms .
[2026-09-10T17:06:49.921] [DEBUG] debug-file - entry : default@GeneratePkgContextInfo cost memory 0.17871856689453125
[2026-09-10T17:06:49.921] [INFO] debug-file - UP-TO-DATE :entry:default@GeneratePkgContextInfo...  
[2026-09-10T17:06:49.924] [DEBUG] debug-file - Executing task :entry:default@GeneratePkgSdkInfo
[2026-09-10T17:06:49.928] [DEBUG] debug-file - Task 'entry:default@GeneratePkgSdkInfo' cost while wrapping incremental declarations: 1 ms 
[2026-09-10T17:06:49.929] [DEBUG] debug-file - entry : default@GeneratePkgSdkInfo cost memory 0.0943450927734375
[2026-09-10T17:06:49.929] [DEBUG] debug-file - runTaskFromQueue task cost before running: 593 ms 
[2026-09-10T17:06:49.929] [INFO] debug-file - Finished :entry:default@GeneratePkgSdkInfo... after 6 ms 
[2026-09-10T17:06:49.934] [DEBUG] debug-file - Executing task :entry:default@ProcessIntegratedHsp
[2026-09-10T17:06:49.935] [DEBUG] debug-file - entry:default@ProcessIntegratedHsp is not up-to-date, since the output file 'D:\HW\testproject\complete\4\build\cache\default\integrated_hsp\integratedHspCache.json' does not exist.
[2026-09-10T17:06:49.935] [DEBUG] debug-file - Incremental task entry:default@ProcessIntegratedHsp pre-execution cost: 1 ms .
[2026-09-10T17:06:49.935] [DEBUG] debug-file - entry : default@ProcessIntegratedHsp cost memory 0.0488128662109375
[2026-09-10T17:06:49.935] [DEBUG] debug-file - runTaskFromQueue task cost before running: 599 ms 
[2026-09-10T17:06:49.936] [INFO] debug-file - Finished :entry:default@ProcessIntegratedHsp... after 2 ms 
[2026-09-10T17:06:49.937] [DEBUG] debug-file - Executing task :entry:default@BuildNativeWithCmake
[2026-09-10T17:06:49.937] [DEBUG] debug-file - entry : default@BuildNativeWithCmake cost memory 0.0280303955078125
[2026-09-10T17:06:49.938] [DEBUG] debug-file - runTaskFromQueue task cost before running: 601 ms 
[2026-09-10T17:06:49.938] [INFO] debug-file - Finished :entry:default@BuildNativeWithCmake... after 1 ms 
[2026-09-10T17:06:49.939] [DEBUG] debug-file - Executing task :entry:default@MakePackInfo
[2026-09-10T17:06:49.945] [DEBUG] debug-file - Incremental task entry:default@MakePackInfo pre-execution cost: 5 ms .
[2026-09-10T17:06:49.945] [DEBUG] debug-file - entry : default@MakePackInfo cost memory 0.1023101806640625
[2026-09-10T17:06:49.947] [INFO] debug-file - UP-TO-DATE :entry:default@MakePackInfo...  
[2026-09-10T17:06:49.948] [DEBUG] debug-file - Executing task :entry:default@SyscapTransform
[2026-09-10T17:06:49.949] [DEBUG] debug-file - File: 'D:\HW\testproject\complete\4\entry\src\main\syscap.json' from 'sysCapJsonPath' is not exists, just ignore.
[2026-09-10T17:06:49.950] [DEBUG] debug-file - Task 'entry:default@SyscapTransform' cost while wrapping incremental declarations: 2 ms 
[2026-09-10T17:06:49.952] [DEBUG] debug-file - entry:default@SyscapTransform is not up-to-date, since the output file 'D:\HW\testproject\complete\4\entry\build\default\intermediates\syscap\default\rpcid.sc' does not exist.
[2026-09-10T17:06:49.953] [DEBUG] debug-file - Incremental task entry:default@SyscapTransform pre-execution cost: 3 ms .
[2026-09-10T17:06:49.953] [DEBUG] debug-file - entry : default@SyscapTransform cost memory 0.108734130859375
[2026-09-10T17:06:49.953] [DEBUG] debug-file - runTaskFromQueue task cost before running: 617 ms 
[2026-09-10T17:06:49.954] [INFO] debug-file - Finished :entry:default@SyscapTransform... after 5 ms 
[2026-09-10T17:06:49.956] [DEBUG] debug-file - Executing task :entry:default@ProcessProfile
[2026-09-10T17:06:49.959] [DEBUG] debug-file - Task 'entry:default@ProcessProfile' cost while wrapping incremental declarations: 1 ms 
[2026-09-10T17:06:49.960] [DEBUG] debug-file - Incremental task entry:default@ProcessProfile pre-execution cost: 2 ms .
[2026-09-10T17:06:49.961] [DEBUG] debug-file - entry : default@ProcessProfile cost memory 0.12705230712890625
[2026-09-10T17:06:49.961] [INFO] debug-file - UP-TO-DATE :entry:default@ProcessProfile...  
[2026-09-10T17:06:49.962] [DEBUG] debug-file - Executing task :entry:default@ProcessRouterMap
[2026-09-10T17:06:49.967] [DEBUG] debug-file - Incremental task entry:default@ProcessRouterMap pre-execution cost: 4 ms .
[2026-09-10T17:06:49.967] [DEBUG] debug-file - entry : default@ProcessRouterMap cost memory 0.1234283447265625
[2026-09-10T17:06:49.970] [INFO] debug-file - UP-TO-DATE :entry:default@ProcessRouterMap...  
[2026-09-10T17:06:49.972] [DEBUG] debug-file - Executing task :entry:default@ProcessShareConfig
[2026-09-10T17:06:49.981] [DEBUG] debug-file - Incremental task entry:default@ProcessShareConfig pre-execution cost: 7 ms .
[2026-09-10T17:06:49.981] [DEBUG] debug-file - entry : default@ProcessShareConfig cost memory 0.10361480712890625
[2026-09-10T17:06:49.984] [INFO] debug-file - UP-TO-DATE :entry:default@ProcessShareConfig...  
[2026-09-10T17:06:49.986] [DEBUG] debug-file - Executing task :entry:default@ProcessStartupConfig
[2026-09-10T17:06:49.986] [DEBUG] debug-file - Task 'entry:default@ProcessStartupConfig' cost while wrapping incremental declarations: 1 ms 
[2026-09-10T17:06:49.988] [DEBUG] debug-file - entry:default@ProcessStartupConfig is not up-to-date, since the output file 'D:\HW\testproject\complete\4\entry\build\default\intermediates\startup\default\startup_config.json' does not exist.
[2026-09-10T17:06:49.988] [DEBUG] debug-file - Incremental task entry:default@ProcessStartupConfig pre-execution cost: 2 ms .
[2026-09-10T17:06:49.991] [DEBUG] debug-file - entry : default@ProcessStartupConfig cost memory 0.11008453369140625
[2026-09-10T17:06:49.991] [DEBUG] debug-file - runTaskFromQueue task cost before running: 655 ms 
[2026-09-10T17:06:49.994] [INFO] debug-file - Finished :entry:default@ProcessStartupConfig... after 6 ms 
[2026-09-10T17:06:49.998] [DEBUG] debug-file - Executing task :entry:default@BuildNativeWithNinja
[2026-09-10T17:06:49.999] [DEBUG] debug-file - entry : default@BuildNativeWithNinja cost memory 0.01897430419921875
[2026-09-10T17:06:50.000] [DEBUG] debug-file - runTaskFromQueue task cost before running: 663 ms 
[2026-09-10T17:06:50.001] [INFO] debug-file - Finished :entry:default@BuildNativeWithNinja... after 3 ms 
[2026-09-10T17:06:50.005] [DEBUG] debug-file - restool module names: entry; moduleName=entry, taskName=default@ProcessResource
[2026-09-10T17:06:50.008] [DEBUG] debug-file - Executing task :entry:default@ProcessResource
[2026-09-10T17:06:50.009] [DEBUG] debug-file - Task 'entry:default@ProcessResource' cost while wrapping incremental declarations: 1 ms 
[2026-09-10T17:06:50.010] [DEBUG] debug-file - Incremental task entry:default@ProcessResource pre-execution cost: 2 ms .
[2026-09-10T17:06:50.011] [DEBUG] debug-file - entry : default@ProcessResource cost memory 0.109100341796875
[2026-09-10T17:06:50.014] [INFO] debug-file - UP-TO-DATE :entry:default@ProcessResource...  
[2026-09-10T17:06:50.017] [DEBUG] debug-file - Executing task :entry:default@GenerateLoaderJson
[2026-09-10T17:06:50.018] [DEBUG] debug-file - Task 'entry:default@GenerateLoaderJson' cost while wrapping incremental declarations: 1 ms 
[2026-09-10T17:06:50.041] [DEBUG] debug-file - Incremental task entry:default@GenerateLoaderJson pre-execution cost: 17 ms .
[2026-09-10T17:06:50.041] [DEBUG] debug-file - entry : default@GenerateLoaderJson cost memory 0.4137420654296875
[2026-09-10T17:06:50.047] [INFO] debug-file - UP-TO-DATE :entry:default@GenerateLoaderJson...  
[2026-09-10T17:06:50.049] [DEBUG] debug-file - Executing task :entry:default@ProcessLibs
[2026-09-10T17:06:50.050] [DEBUG] debug-file - Task 'entry:default@ProcessLibs' cost while wrapping incremental declarations: 1 ms 
[2026-09-10T17:06:50.052] [DEBUG] debug-file - Incremental task entry:default@ProcessLibs pre-execution cost: 2 ms .
[2026-09-10T17:06:50.053] [DEBUG] debug-file - entry : default@ProcessLibs cost memory 0.0892791748046875
[2026-09-10T17:06:50.054] [INFO] debug-file - UP-TO-DATE :entry:default@ProcessLibs...  
[2026-09-10T17:06:50.055] [DEBUG] debug-file - restool module names: entry; moduleName=entry, taskName=default@CompileResource
[2026-09-10T17:06:50.056] [DEBUG] debug-file - Executing task :entry:default@CompileResource
[2026-09-10T17:06:50.077] [DEBUG] debug-file - Incremental task entry:default@CompileResource pre-execution cost: 19 ms .
[2026-09-10T17:06:50.077] [DEBUG] debug-file - entry : default@CompileResource cost memory 0.46643829345703125
[2026-09-10T17:06:50.079] [INFO] debug-file - UP-TO-DATE :entry:default@CompileResource...  
[2026-09-10T17:06:50.081] [DEBUG] debug-file - Executing task :entry:default@DoNativeStrip
[2026-09-10T17:06:50.081] [DEBUG] debug-file - File: 'D:\HW\testproject\complete\4\entry\build\default\intermediates\binxo\default' from 'doBinxoNativeLibs' is not exists, just ignore.
[2026-09-10T17:06:50.082] [DEBUG] debug-file - Task 'entry:default@DoNativeStrip' cost while wrapping incremental declarations: 1 ms 
[2026-09-10T17:06:50.083] [DEBUG] debug-file - Incremental task entry:default@DoNativeStrip pre-execution cost: 2 ms .
[2026-09-10T17:06:50.083] [DEBUG] debug-file - entry : default@DoNativeStrip cost memory 0.07180023193359375
[2026-09-10T17:06:50.083] [INFO] debug-file - UP-TO-DATE :entry:default@DoNativeStrip...  
[2026-09-10T17:06:50.085] [DEBUG] debug-file - Executing task :entry:default@CompileArkTS
[2026-09-10T17:06:50.085] [DEBUG] debug-file - obfuscationOptions: undefined
[2026-09-10T17:06:50.087] [DEBUG] debug-file - Task 'entry:default@CompileArkTS' cost while wrapping incremental declarations: 1 ms 
[2026-09-10T17:06:50.099] [DEBUG] debug-file - entry:default@CompileArkTS is not up-to-date, since the input file 'D:\HW\testproject\complete\4\entry\src\main\ets' has been changed.
[2026-09-10T17:06:50.100] [DEBUG] debug-file - Incremental task entry:default@CompileArkTS pre-execution cost: 10 ms .
[2026-09-10T17:06:50.131] [DEBUG] debug-file - build config:
[2026-09-10T17:06:50.132] [DEBUG] debug-file - {
  moduleType: 'entry',
  perf: 0,
  targetName: '.default',
  packageManagerType: 'ohpm',
  localPropertiesPath: 'D:\\HW\\testproject\\complete\\4\\local.properties',
  isPreview: false,
  isOhosTest: false,
  isLocalTest: false,
  buildMode: 'Debug',
  hotReloadBuild: undefined,
  watchMode: 'false',
  aceProfilePath: 'D:\\HW\\testproject\\complete\\4\\entry\\build\\default\\intermediates\\res\\default\\resources\\base\\profile',
  etsLoaderPath: 'E:\\DevEco Studio\\sdk\\default\\openharmony\\ets\\build-tools\\ets-loader',
  modulePath: 'D:\\HW\\testproject\\complete\\4\\entry',
  testFrameworkPar: {
    testMode: undefined,
    coveragePathFilter: undefined,
    coverageMode: undefined
  },
  needCoverageInsert: false,
  debugLine: false,
  projectTopDir: 'D:\\HW\\testproject\\complete\\4',
  compileSdkVersion: 26,
  compatibleSdkVersion: 26,
  originCompatibleSdkVersion: '26.0.0',
  compatibleSdkVersionStage: undefined,
  bundleName: 'c***p',
  etsLoaderVersion: '26.0.0.105',
  etsLoaderReleaseType: 'Release',
  aotCompileMode: 'type',
  apPath: 'D:\\HW\\testproject\\complete\\4\\entry\\modules.ap',
  entryModuleName: 'entry',
  entryModuleVersion: '1.0.0',
  entryPackageName: 'entry',
  allModuleNameHash: '30e07d57c30f75288c09608296ed8ed07fc604f1881982510ff25b77cb397b11',
  externalApiPaths: [ 'E:\\DevEco Studio\\sdk\\default\\hms\\ets' ],
  compilerTypes: [],
  isCrossplatform: false,
  hvigorPluginFile: undefined,
  compilePluginPath: undefined,
  buildGeneratedProfilePath: 'D:\\HW\\testproject\\complete\\4\\entry\\build\\default\\generated\\profile\\default',
  bundleType: 'app',
  arkTSVersion: undefined,
  apiVersion: 26,
  needCompleteSourcesMap: false,
  isFaMode: false,
  buildDir: 'D:\\HW\\testproject\\complete\\4\\entry\\build',
  buildCacheProjectDir: 'D:\\HW\\testproject\\complete\\4',
  deviceTypes: [ 'phone' ],
  pkgContextInfo: {
    '@ohos/hypium': {
      packageName: '@ohos/hypium',
      bundleName: '*****',
      moduleName: '',
      version: '1.0.24',
      entryPath: 'index.js',
      isSO: false,
      dependencyAlias: ''
    },
    '@ohos/hamock': {
      packageName: '@ohos/hamock',
      bundleName: '*****',
      moduleName: '',
      version: '1.0.0',
      entryPath: 'index.ets',
      isSO: false,
      dependencyAlias: ''
    },
    entry: {
      packageName: 'entry',
      bundleName: '*****',
      moduleName: '',
      version: '',
      entryPath: 'src/main/',
      isSO: false,
      dependencyAlias: ''
    }
  },
  ohPackagePathMap: {},
  dependencyAliasMap: {},
  permission: { requestPermissions: undefined, definePermissions: undefined },
  useGetCurrentBundleName: false,
  projectArkOption: undefined,
  sourceMapDir: undefined,
  branchElimination: false,
  transformLib: undefined,
  tsImportSendable: false,
  resolveConflictMode: true,
  depName2RootPath: {},
  depName2DepInfo: {},
  depName2OhExports: {},
  rootPathSet: [ 'D:\\HW\\testproject\\complete\\4' ],
  useNativeResolver: true,
  shouldEmitJs: true,
  useUnifiedAst: false,
  useTscResolve: false,
  singleFileEmit: false,
  userProjectConfig: {
    autoLazyImport: false,
    allowEmptyBundleName: false,
    reExportCheckMode: 'noCheck',
    executionMode: 'memory',
    usePathPlaceholder: false,
    writeRollupCache: true,
    isExpandImportEnabled: false,
    expandImportExclude: '',
    lazyImportExclude: '',
    lazyImportInclude: '',
    ignoreCrossplatformCheck: false,
    isHarDeduplicateEnabled: false,
    skipOhModulesLint: false,
    enableStrictCheckOHModule: false,
    disableSendableCheckRules: [],
    useDeclarationFileSignature: false,
    customizedOptions: undefined,
    integratedHsp: false,
    tsImportSoCheck: false,
    isPreloadSoEnabled: false
  },
  executionMode: 'memory',
  arkCompileCachePath: 'D:\\HW\\testproject\\complete\\4\\entry\\build\\default\\cache\\default\\default@CompileArkTS\\esmodule',
  autoLazyFilter: undefined,
  isHarDeduplicateEnabled: false,
  intermediateHarDuplicateDirPath: 'D:\\HW\\testproject\\complete\\4\\entry\\build\\default\\intermediates\\har_duplicate\\default',
  autoLazyImport: false,
  allowEmptyBundleName: false,
  reExportCheckMode: 'noCheck',
  usePathPlaceholder: false,
  writeRollupCache: true,
  isExpandImportEnabled: false,
  expandImportExclude: '',
  lazyImportExclude: '',
  lazyImportInclude: '',
  ignoreCrossplatformCheck: false,
  skipOhModulesLint: false,
  enableStrictCheckOHModule: false,
  disableSendableCheckRules: [],
  useDeclarationFileSignature: false,
  customizedOptions: undefined,
  integratedHsp: false,
  tsImportSoCheck: false,
  isPreloadSoEnabled: false,
  strictMode: {
    caseSensitiveCheck: true,
    useNormalizedOHMUrl: true,
    noExternalImportByPath: true
  },
  useNormalizedOHMUrl: true,
  caseSensitiveCheck: true,
  strictCheckerOnly: false,
  aceModuleJsonPath: 'D:\\HW\\testproject\\complete\\4\\entry\\build\\default\\intermediates\\res\\default\\ark_module.json',
  appResource: 'D:\\HW\\testproject\\complete\\4\\entry\\build\\default\\intermediates\\res\\default\\ResourceTable.txt',
  rawFileResource: 'D:\\HW\\testproject\\complete\\4\\entry\\build\\default\\intermediates\\res\\default\\resources\\rawfile',
  resourceTableHash: 'd81a83941c07883d4327563ba2cfe0ac7f68042912820a1577b99d29cbd144cc',
  runtimeOS: 'HarmonyOS',
  sdkInfo: 'false:26:26.0.0.105:Release',
  aceModuleRoot: 'D:\\HW\\testproject\\complete\\4\\entry\\src\\main\\ets',
  compileMode: 'esmodule',
  aceSuperVisualPath: 'D:\\HW\\testproject\\complete\\4\\entry\\src\\main\\supervisual',
  aceBuildJson: 'D:\\HW\\testproject\\complete\\4\\entry\\build\\default\\intermediates\\loader\\default\\loader.json',
  cachePath: 'D:\\HW\\testproject\\complete\\4\\entry\\build\\default\\cache\\default\\default@CompileArkTS\\esmodule\\debug',
  aceModuleBuild: 'D:\\HW\\testproject\\complete\\4\\entry\\build\\default\\intermediates\\loader_out\\default\\ets',
  supportChunks: true,
  declaredFilesPath: undefined,
  shouldCollectDirectImportees: false,
  isByteCodeHarOptimize: false,
  expandImportPath: undefined,
  resourceTableTs: 'D:\\HW\\testproject\\complete\\4\\entry\\build\\default\\generated\\r\\default\\ResourceTable.ts',
  moduleMetaInfoFiles: [
    {
      filePath: 'D:\\HW\\testproject\\complete\\4\\entry\\build\\default\\generated\\r\\default\\ResourceTable.ts',
      ohmurl: '&entry/build/generated/r/ResourceTable&'
    }
  ],
  pkgNameToPkgBriefInfo: {
    entry: {
      pkgRoot: 'D:\\HW\\testproject\\complete\\4\\entry',
      originalSourceRoots: undefined,
      sourceRoots: [Array],
      pkgName: 'entry'
    }
  },
  projectModel: {
    'D:\\HW\\testproject\\complete\\4\\entry\\src\\main': {
      moduleName: 'entry',
      modulePkgPath: 'D:\\HW\\testproject\\complete\\4\\entry',
      belongProjectPath: 'D:\\HW\\testproject\\complete\\4'
    },
    'D:\\HW\\testproject\\complete\\4\\entry\\.test\\default\\intermediates\\src\\ohosTest\\ets': {
      moduleName: 'entry_test',
      modulePkgPath: 'D:\\HW\\testproject\\complete\\4\\entry',
      belongProjectPath: 'D:\\HW\\testproject\\complete\\4'
    },
    'D:\\HW\\testproject\\complete\\4\\entry\\src\\ohosTest': {
      moduleName: 'entry_test',
      modulePkgPath: 'D:\\HW\\testproject\\complete\\4\\entry',
      belongProjectPath: 'D:\\HW\\testproject\\complete\\4'
    },
    'D:\\HW\\testproject\\complete\\4\\entry': {
      moduleName: 'entry',
      modulePkgPath: 'D:\\HW\\testproject\\complete\\4\\entry',
      belongProjectPath: 'D:\\HW\\testproject\\complete\\4'
    },
    'D:\\HW\\testproject\\complete\\4': {
      moduleName: '4',
      modulePkgPath: 'D:\\HW\\testproject\\complete\\4',
      belongProjectPath: 'D:\\HW\\testproject\\complete\\4'
    }
  },
  pkgJsonFileHash: '7ab10e622b876a852aaa87f883a5ca46773dc428b9273d7582651c0540669143',
  allModulePaths: [ 'D:\\HW\\testproject\\complete\\4\\entry' ],
  routerMap: {},
  obfuscationOptions: undefined,
  byteCodeHarToDependencyKeys: undefined,
  compileBlockPkg: [],
  mockParams: {
    decorator: '@MockSetup',
    packageName: '@ohos/hamock',
    etsSourceRootPath: 'src/main/ets',
    mockConfigPath: 'D:\\HW\\testproject\\complete\\4\\entry\\src\\mock\\mock-config.json5',
    mockConfigKey2ModuleInfo: {},
    source2ModuleIdMap: {}
  },
  copyCodeResourceEnable: false,
  copyCodeResourceExcludes: [],
  copyCodeResourceIncludes: undefined,
  uiTransformOptimization: false,
  sdkPath: 'E:/DevEco Studio/sdk',
  needPreloadSoFileSet: {},
  preloadSoFilePath: 'D:\\HW\\testproject\\complete\\4\\entry\\build\\default\\intermediates\\preload\\default\\preload.json',
  useSourceHash: false,
  localModuleParamMap: {},
  otherPaths: {
    'entry/*': [
      '..\\*',
      '..\\..\\..\\build\\default\\generated\\profile\\default\\*'
    ]
  },
  collectImportersConfig: undefined
}
[2026-09-10T17:06:50.134] [DEBUG] debug-file - Compile arkts with external api path: E:\DevEco Studio\sdk\default\hms\ets
[2026-09-10T17:06:50.139] [DEBUG] debug-file - before submitting ArkTS compile task to worker pool, config.buildDir: D:\HW\testproject\complete\4\entry\build
[2026-09-10T17:06:50.140] [DEBUG] debug-file - default@CompileArkTS work[21] is submitted.
[2026-09-10T17:06:50.140] [DEBUG] debug-file - default@CompileArkTS work[21] is pushed to ready queue.
[2026-09-10T17:06:50.140] [DEBUG] debug-file - A work dispatched to worker[15] failed because unable to get work from ready queue.
[2026-09-10T17:06:50.141] [DEBUG] debug-file - A work dispatched to worker[14] failed because unable to get work from ready queue.
[2026-09-10T17:06:50.141] [DEBUG] debug-file - A work dispatched to worker[13] failed because unable to get work from ready queue.
[2026-09-10T17:06:50.141] [DEBUG] debug-file - A work dispatched to worker[12] failed because unable to get work from ready queue.
[2026-09-10T17:06:50.141] [DEBUG] debug-file - A work dispatched to worker[11] failed because unable to get work from ready queue.
[2026-09-10T17:06:50.141] [DEBUG] debug-file - A work dispatched to worker[10] failed because unable to get work from ready queue.
[2026-09-10T17:06:50.141] [DEBUG] debug-file - A work dispatched to worker[9] failed because unable to get work from ready queue.
[2026-09-10T17:06:50.141] [DEBUG] debug-file - A work dispatched to worker[8] failed because unable to get work from ready queue.
[2026-09-10T17:06:50.142] [DEBUG] debug-file - A work dispatched to worker[7] failed because unable to get work from ready queue.
[2026-09-10T17:06:50.142] [DEBUG] debug-file - A work dispatched to worker[6] failed because unable to get work from ready queue.
[2026-09-10T17:06:50.142] [DEBUG] debug-file - A work dispatched to worker[5] failed because unable to get work from ready queue.
[2026-09-10T17:06:50.142] [DEBUG] debug-file - default@CompileArkTS work[21] has been dispatched to worker[4].
[2026-09-10T17:06:50.143] [DEBUG] debug-file - default@CompileArkTS work[21] is dispatched.
[2026-09-10T17:06:50.145] [DEBUG] debug-file - entry : default@CompileArkTS cost memory 1.0247268676757812
[2026-09-10T17:06:50.154] [DEBUG] debug-file - Executing task :entry:default@BuildJS
[2026-09-10T17:06:50.155] [DEBUG] debug-file - Task 'entry:default@BuildJS' cost while wrapping incremental declarations: 1 ms 
[2026-09-10T17:06:50.162] [DEBUG] debug-file - entry : default@BuildJS cost memory 0.1186065673828125
[2026-09-10T17:06:50.162] [DEBUG] debug-file - runTaskFromQueue task cost before running: 826 ms 
[2026-09-10T17:06:50.163] [INFO] debug-file - Finished :entry:default@BuildJS... after 9 ms 
[2026-09-10T17:06:50.168] [DEBUG] debug-file - Executing task :entry:default@CacheNativeLibs
[2026-09-10T17:06:50.169] [DEBUG] debug-file - File: 'D:\HW\testproject\complete\4\entry\build\default\intermediates\binxo\default' from 'cacheBinxoNativeLibs' is not exists, just ignore.
[2026-09-10T17:06:50.171] [DEBUG] debug-file - Task 'entry:default@CacheNativeLibs' cost while wrapping incremental declarations: 3 ms 
[2026-09-10T17:06:50.181] [DEBUG] debug-file - Incremental task entry:default@CacheNativeLibs pre-execution cost: 10 ms .
[2026-09-10T17:06:50.182] [DEBUG] debug-file - entry : default@CacheNativeLibs cost memory 0.08443450927734375
[2026-09-10T17:06:50.187] [INFO] debug-file - UP-TO-DATE :entry:default@CacheNativeLibs...  
[2026-09-10T17:06:52.563] [DEBUG] debug-file - Ark compile task finished.finished time is 192034302150500
[2026-09-10T17:06:52.563] [DEBUG] debug-file - worker[4] has one work done.
[2026-09-10T17:06:52.567] [DEBUG] debug-file - default@CompileArkTS work[21] done.
[2026-09-10T17:06:52.573] [INFO] debug-file - Finished :entry:default@CompileArkTS... after 2 s 477 ms 
[2026-09-10T17:06:52.575] [DEBUG] debug-file - Executing task :entry:default@GeneratePkgModuleJson
[2026-09-10T17:06:52.575] [DEBUG] debug-file - File: 'D:\HW\testproject\complete\4\entry\build\default\intermediates\preload\default\preload.json' from 'preloadSoJsonPath' is not exists, just ignore.
[2026-09-10T17:06:52.576] [DEBUG] debug-file - Error occurs while handling @Input 'shouldDeduplicateHar': The "data" argument must be of type string or an instance of Buffer, TypedArray, or DataView. Received undefined
[2026-09-10T17:06:52.576] [DEBUG] debug-file - Task 'entry:default@GeneratePkgModuleJson' cost while wrapping incremental declarations: 1 ms 
[2026-09-10T17:06:52.577] [DEBUG] debug-file - Incremental task entry:default@GeneratePkgModuleJson pre-execution cost: 2 ms .
[2026-09-10T17:06:52.578] [DEBUG] debug-file - entry : default@GeneratePkgModuleJson cost memory 0.08150482177734375
[2026-09-10T17:06:52.578] [INFO] debug-file - UP-TO-DATE :entry:default@GeneratePkgModuleJson...  
[2026-09-10T17:06:52.580] [DEBUG] debug-file - Executing task :entry:default@ProcessCompiledResources
[2026-09-10T17:06:52.580] [DEBUG] debug-file - File: 'D:\HW\testproject\complete\4\entry\build\default\intermediates\preload\default\preload.json' from 'preloadSoJsonPath' is not exists, just ignore.
[2026-09-10T17:06:52.580] [DEBUG] debug-file - Task 'entry:default@ProcessCompiledResources' cost while wrapping incremental declarations: 1 ms 
[2026-09-10T17:06:52.581] [DEBUG] debug-file - entry : default@ProcessCompiledResources cost memory 0.04967498779296875
[2026-09-10T17:06:52.581] [DEBUG] debug-file - runTaskFromQueue task cost before running: 3 s 245 ms 
[2026-09-10T17:06:52.581] [INFO] debug-file - Finished :entry:default@ProcessCompiledResources... after 2 ms 
[2026-09-10T17:06:52.584] [DEBUG] debug-file - Executing task :entry:default@PackageHap
[2026-09-10T17:06:52.598] [DEBUG] debug-file - entry:default@PackageHap is not up-to-date, since the input file 'D:\HW\testproject\complete\4\entry\build\default\intermediates\loader_out\default\ets' has been changed.
[2026-09-10T17:06:52.598] [DEBUG] debug-file - Incremental task entry:default@PackageHap pre-execution cost: 12 ms .
[2026-09-10T17:06:52.600] [DEBUG] debug-file - Use tool [E:\DevEco Studio\sdk\default\openharmony\toolchains\lib\app_packing_tool.jar]
 [
  'java',
  '-Dfile.encoding=GBK',
  '-jar',
  'E:\\DevEco Studio\\sdk\\default\\openharmony\\toolchains\\lib\\app_packing_tool.jar',
  '--mode',
  'hap',
  '--force',
  'true',
  '--lib-path',
  'D:\\HW\\testproject\\complete\\4\\entry\\build\\default\\intermediates\\stripped_native_libs\\default',
  '--json-path',
  'D:\\HW\\testproject\\complete\\4\\entry\\build\\default\\intermediates\\package\\default\\module.json',
  '--resources-path',
  'D:\\HW\\testproject\\complete\\4\\entry\\build\\default\\intermediates\\res\\default\\resources',
  '--index-path',
  'D:\\HW\\testproject\\complete\\4\\entry\\build\\default\\intermediates\\res\\default\\resources.index',
  '--pack-info-path',
  'D:\\HW\\testproject\\complete\\4\\entry\\build\\default\\outputs\\default\\pack.info',
  '--out-path',
  'D:\\HW\\testproject\\complete\\4\\entry\\build\\default\\outputs\\default\\entry-default-unsigned.hap',
  '--ets-path',
  'D:\\HW\\testproject\\complete\\4\\entry\\build\\default\\intermediates\\loader_out\\default\\ets',
  '--pkg-context-path',
  'D:\\HW\\testproject\\complete\\4\\entry\\build\\default\\intermediates\\loader\\default\\pkgContextInfo.json'
]
[2026-09-10T17:06:52.601] [DEBUG] debug-file - default@PackageHap work[22] is submitted.
[2026-09-10T17:06:52.601] [DEBUG] debug-file - default@PackageHap work[22] is pushed to ready queue.
[2026-09-10T17:06:52.601] [DEBUG] debug-file - A work dispatched to worker[15] failed because unable to get work from ready queue.
[2026-09-10T17:06:52.601] [DEBUG] debug-file - Create  resident worker with id: 14.
[2026-09-10T17:06:52.603] [DEBUG] debug-file - default@PackageHap work[22] has been dispatched to worker[14].
[2026-09-10T17:06:52.603] [DEBUG] debug-file - default@PackageHap work[22] is dispatched.
[2026-09-10T17:06:52.611] [DEBUG] debug-file - entry : default@PackageHap cost memory 0.4034271240234375
[2026-09-10T17:06:57.144] [DEBUG] debug-file - current process  memoryUsage: {
  rss: 459829248,
  heapTotal: 78856192,
  heapUsed: 50466784,
  external: 3958577,
  arrayBuffers: 18671
} os memoryUsage :15.153541564941406
[2026-09-10T17:06:57.983] [DEBUG] debug-file - worker[14] has one work done.
[2026-09-10T17:06:57.984] [DEBUG] debug-file - default@PackageHap work[22] done.
[2026-09-10T17:06:57.984] [DEBUG] debug-file - A work dispatched to worker[14] failed because unable to get work from ready queue.
[2026-09-10T17:06:57.987] [INFO] debug-file - Finished :entry:default@PackageHap... after 887 ms 
[2026-09-10T17:06:57.989] [DEBUG] debug-file - Executing task :entry:default@PackingCheck
[2026-09-10T17:06:58.000] [DEBUG] debug-file - entry : default@PackingCheck cost memory 0.29424285888671875
[2026-09-10T17:06:58.000] [DEBUG] debug-file - runTaskFromQueue task cost before running: 8 s 664 ms 
[2026-09-10T17:06:58.001] [INFO] debug-file - Finished :entry:default@PackingCheck... after 12 ms 
[2026-09-10T17:06:58.003] [DEBUG] debug-file - Executing task :entry:default@SignHap
[2026-09-10T17:06:58.003] [WARN] debug-file - Will skip sign 'hos_hap'. No signingConfigs profile is configured in current project.
             If needed, configure the signingConfigs in D:\HW\testproject\complete\4\build-profile.json5.
[2026-09-10T17:06:58.005] [DEBUG] debug-file - entry:default@SignHap is not up-to-date, since the input file 'D:\HW\testproject\complete\4\entry\build\default\outputs\default\entry-default-unsigned.hap' has been changed.
[2026-09-10T17:06:58.005] [DEBUG] debug-file - Incremental task entry:default@SignHap pre-execution cost: 1 ms .
[2026-09-10T17:06:58.005] [DEBUG] debug-file - entry : default@SignHap cost memory 0.0680694580078125
[2026-09-10T17:06:58.006] [DEBUG] debug-file - runTaskFromQueue task cost before running: 8 s 669 ms 
[2026-09-10T17:06:58.006] [INFO] debug-file - Finished :entry:default@SignHap... after 3 ms 
[2026-09-10T17:06:58.008] [DEBUG] debug-file - Executing task :entry:default@CollectDebugSymbol
[2026-09-10T17:06:58.011] [DEBUG] debug-file - entry : default@CollectDebugSymbol cost memory 0.07648468017578125
[2026-09-10T17:06:58.012] [DEBUG] debug-file - runTaskFromQueue task cost before running: 8 s 675 ms 
[2026-09-10T17:06:58.013] [INFO] debug-file - Finished :entry:default@CollectDebugSymbol... after 4 ms 
[2026-09-10T17:06:58.013] [DEBUG] debug-file - Executing task :entry:assembleHap
[2026-09-10T17:06:58.014] [DEBUG] debug-file - entry : assembleHap cost memory 0.01392364501953125
[2026-09-10T17:06:58.014] [DEBUG] debug-file - runTaskFromQueue task cost before running: 8 s 678 ms 
[2026-09-10T17:06:58.015] [INFO] debug-file - Finished :entry:assembleHap... after 1 ms 
[2026-09-10T17:06:58.016] [INFO] debug-file - BUILD SUCCESSFUL in 8 s 680 ms 
[2026-09-10T17:06:58.017] [DEBUG] debug-file - There is no need to refresh cache, since the incremental task entry:default@PreBuild is up-to-date.
[2026-09-10T17:06:58.018] [DEBUG] debug-file - Update task entry:default@CreateModuleInfo output file:D:\HW\testproject\complete\4\entry\build\default\generated\profile\default\ModuleInfo.ts cache.
[2026-09-10T17:06:58.019] [DEBUG] debug-file - Incremental task entry:default@CreateModuleInfo post-execution cost:2 ms .
[2026-09-10T17:06:58.019] [DEBUG] debug-file - There is no need to refresh cache, since the incremental task entry:default@GenerateMetadata is up-to-date.
[2026-09-10T17:06:58.019] [DEBUG] debug-file - There is no need to refresh cache, since the incremental task entry:default@MergeProfile is up-to-date.
[2026-09-10T17:06:58.020] [DEBUG] debug-file - There is no need to refresh cache, since the incremental task entry:default@CreateBuildProfile is up-to-date.
[2026-09-10T17:06:58.020] [DEBUG] debug-file - There is no need to refresh cache, since the incremental task entry:default@GeneratePkgContextInfo is up-to-date.
[2026-09-10T17:06:58.020] [DEBUG] debug-file - Update task entry:default@GeneratePkgSdkInfo output file:D:\HW\testproject\complete\4\entry\build\default\intermediates\loader\default\pkgSdkInfo.json cache.
[2026-09-10T17:06:58.021] [DEBUG] debug-file - Incremental task entry:default@GeneratePkgSdkInfo post-execution cost:1 ms .
[2026-09-10T17:06:58.021] [DEBUG] debug-file - Update task entry:default@ProcessIntegratedHsp output file:D:\HW\testproject\complete\4\build\cache\default\integrated_hsp\integratedHspCache.json cache.
[2026-09-10T17:06:58.022] [DEBUG] debug-file - Incremental task entry:default@ProcessIntegratedHsp post-execution cost:2 ms .
[2026-09-10T17:06:58.023] [DEBUG] debug-file - There is no need to refresh cache, since the incremental task entry:default@MakePackInfo is up-to-date.
[2026-09-10T17:06:58.023] [DEBUG] debug-file - Update task entry:default@SyscapTransform input file:E:\DevEco Studio\sdk\default\openharmony\toolchains\syscap_tool.exe cache by regenerate.
[2026-09-10T17:06:58.024] [DEBUG] debug-file - Update task entry:default@SyscapTransform input file:E:\DevEco Studio\sdk\default\openharmony\ets\api\device-define cache by regenerate.
[2026-09-10T17:06:58.032] [DEBUG] debug-file - Update task entry:default@SyscapTransform output file:D:\HW\testproject\complete\4\entry\build\default\intermediates\syscap\default\rpcid.sc cache.
[2026-09-10T17:06:58.033] [DEBUG] debug-file - Incremental task entry:default@SyscapTransform post-execution cost:10 ms .
[2026-09-10T17:06:58.034] [DEBUG] debug-file - There is no need to refresh cache, since the incremental task entry:default@ProcessProfile is up-to-date.
[2026-09-10T17:06:58.034] [DEBUG] debug-file - There is no need to refresh cache, since the incremental task entry:default@ProcessRouterMap is up-to-date.
[2026-09-10T17:06:58.034] [DEBUG] debug-file - There is no need to refresh cache, since the incremental task entry:default@ProcessShareConfig is up-to-date.
[2026-09-10T17:06:58.035] [DEBUG] debug-file - Update task entry:default@ProcessStartupConfig input file:D:\HW\testproject\complete\4\entry\build\default\intermediates\loader\default\pkgContextInfo.json cache by regenerate.
[2026-09-10T17:06:58.036] [DEBUG] debug-file - Update task entry:default@ProcessStartupConfig output file:D:\HW\testproject\complete\4\entry\build\default\intermediates\startup\default\startup_config.json cache.
[2026-09-10T17:06:58.036] [DEBUG] debug-file - Incremental task entry:default@ProcessStartupConfig post-execution cost:2 ms .
[2026-09-10T17:06:58.036] [DEBUG] debug-file - There is no need to refresh cache, since the incremental task entry:default@ProcessResource is up-to-date.
[2026-09-10T17:06:58.037] [DEBUG] debug-file - There is no need to refresh cache, since the incremental task entry:default@GenerateLoaderJson is up-to-date.
[2026-09-10T17:06:58.037] [DEBUG] debug-file - There is no need to refresh cache, since the incremental task entry:default@ProcessLibs is up-to-date.
[2026-09-10T17:06:58.037] [DEBUG] debug-file - There is no need to refresh cache, since the incremental task entry:default@CompileResource is up-to-date.
[2026-09-10T17:06:58.037] [DEBUG] debug-file - There is no need to refresh cache, since the incremental task entry:default@DoNativeStrip is up-to-date.
[2026-09-10T17:06:58.042] [DEBUG] debug-file - Update task entry:default@CompileArkTS input file:D:\HW\testproject\complete\4\entry\build\default\intermediates\loader\default cache by regenerate.
[2026-09-10T17:06:58.046] [DEBUG] debug-file - Update task entry:default@CompileArkTS input file:D:\HW\testproject\complete\4\entry\build\default\intermediates\res\default\resources\rawfile cache by regenerate.
[2026-09-10T17:06:58.048] [DEBUG] debug-file - Update task entry:default@CompileArkTS input file:D:\HW\testproject\complete\4\entry\build\default\intermediates\res\default\ResourceTable.txt cache by regenerate.
[2026-09-10T17:06:58.049] [DEBUG] debug-file - Update task entry:default@CompileArkTS input file:D:\HW\testproject\complete\4\entry\build\default\intermediates\res\default\ark_module.json cache by regenerate.
[2026-09-10T17:06:58.051] [DEBUG] debug-file - Update task entry:default@CompileArkTS input file:D:\HW\testproject\complete\4\entry\build\default\intermediates\res\default\resources\base\profile cache by regenerate.
[2026-09-10T17:06:58.054] [DEBUG] debug-file - Update task entry:default@CompileArkTS input file:D:\HW\testproject\complete\4\entry\src\main\ets cache from map.
[2026-09-10T17:06:58.054] [DEBUG] debug-file - Update task entry:default@CompileArkTS input file:D:\HW\testproject\complete\4\entry\build\default\intermediates\loader\default\pkgContextInfo.json cache by regenerate.
[2026-09-10T17:06:58.055] [DEBUG] debug-file - Update task entry:default@CompileArkTS input file:D:\HW\testproject\complete\4\entry\build\default\generated\profile\default\BuildProfile.ets cache by regenerate.
[2026-09-10T17:06:58.056] [DEBUG] debug-file - Update task entry:default@CompileArkTS input file:D:\HW\testproject\complete\4\entry\src\mock\mock-config.json5 cache by regenerate.
[2026-09-10T17:06:58.058] [DEBUG] debug-file - Update task entry:default@CompileArkTS output file:D:\HW\testproject\complete\4\entry\build\default\intermediates\loader_out\default\ets cache.
[2026-09-10T17:06:58.061] [DEBUG] debug-file - Incremental task entry:default@CompileArkTS post-execution cost:24 ms .
[2026-09-10T17:06:58.066] [DEBUG] debug-file - Update task entry:default@BuildJS input file:D:\HW\testproject\complete\4\entry\build\default\intermediates\loader\default cache by regenerate.
[2026-09-10T17:06:58.067] [DEBUG] debug-file - Update task entry:default@BuildJS input file:D:\HW\testproject\complete\4\entry\build\default\intermediates\res\default\resources\rawfile cache by regenerate.
[2026-09-10T17:06:58.068] [DEBUG] debug-file - Update task entry:default@BuildJS input file:D:\HW\testproject\complete\4\entry\build\default\intermediates\res\default\ResourceTable.txt cache by regenerate.
[2026-09-10T17:06:58.068] [DEBUG] debug-file - Update task entry:default@BuildJS input file:D:\HW\testproject\complete\4\entry\build\default\intermediates\res\default\ark_module.json cache by regenerate.
[2026-09-10T17:06:58.069] [DEBUG] debug-file - Update task entry:default@BuildJS input file:D:\HW\testproject\complete\4\entry\build\default\intermediates\res\default\resources\base\profile cache by regenerate.
[2026-09-10T17:06:58.071] [DEBUG] debug-file - Update task entry:default@BuildJS input file:D:\HW\testproject\complete\4\entry\build\default\intermediates\loader\default\pkgContextInfo.json cache by regenerate.
[2026-09-10T17:06:58.072] [DEBUG] debug-file - Update task entry:default@BuildJS output file:D:\HW\testproject\complete\4\entry\build\default\intermediates\loader_out\default\js cache.
[2026-09-10T17:06:58.073] [DEBUG] debug-file - Incremental task entry:default@BuildJS post-execution cost:12 ms .
[2026-09-10T17:06:58.073] [DEBUG] debug-file - There is no need to refresh cache, since the incremental task entry:default@CacheNativeLibs is up-to-date.
[2026-09-10T17:06:58.074] [DEBUG] debug-file - There is no need to refresh cache, since the incremental task entry:default@GeneratePkgModuleJson is up-to-date.
[2026-09-10T17:06:58.074] [DEBUG] debug-file - Incremental task entry:default@ProcessCompiledResources post-execution cost:1 ms .
[2026-09-10T17:06:58.078] [DEBUG] debug-file - Update task entry:default@PackageHap input file:D:\HW\testproject\complete\4\entry\build\default\outputs\default\pack.info cache by regenerate.
[2026-09-10T17:06:58.079] [DEBUG] debug-file - Update task entry:default@PackageHap input file:D:\HW\testproject\complete\4\entry\build\default\intermediates\stripped_native_libs\default cache by regenerate.
[2026-09-10T17:06:58.080] [DEBUG] debug-file - Update task entry:default@PackageHap input file:D:\HW\testproject\complete\4\entry\build\default\intermediates\res\default\module.json cache by regenerate.
[2026-09-10T17:06:58.081] [DEBUG] debug-file - Update task entry:default@PackageHap input file:D:\HW\testproject\complete\4\entry\build\default\intermediates\res\default\resources cache by regenerate.
[2026-09-10T17:06:58.088] [DEBUG] debug-file - Update task entry:default@PackageHap input file:D:\HW\testproject\complete\4\entry\build\default\intermediates\res\default\resources.index cache by regenerate.
[2026-09-10T17:06:58.089] [DEBUG] debug-file - Update task entry:default@PackageHap input file:D:\HW\testproject\complete\4\entry\build\default\intermediates\loader_out\default\ets cache from map.
[2026-09-10T17:06:58.090] [DEBUG] debug-file - Update task entry:default@PackageHap input file:D:\HW\testproject\complete\4\entry\build\default\intermediates\loader\default\pkgContextInfo.json cache by regenerate.
[2026-09-10T17:06:58.091] [DEBUG] debug-file - Update task entry:default@PackageHap input file:D:\HW\testproject\complete\4\entry\build\default\intermediates\package\default\module.json cache by regenerate.
[2026-09-10T17:06:58.092] [DEBUG] debug-file - Update task entry:default@PackageHap input file:D:\HW\testproject\complete\4\entry\build\default\intermediates\loader_out\default\ets\sourceMaps.map cache by regenerate.
[2026-09-10T17:06:58.092] [DEBUG] debug-file - Update task entry:default@PackageHap input file:D:\HW\testproject\complete\4\entry\build\default\generated\profile\default\BuildProfile.ets cache by regenerate.
[2026-09-10T17:06:58.093] [DEBUG] debug-file - Update task entry:default@PackageHap output file:D:\HW\testproject\complete\4\entry\build\default\outputs\default\entry-default-unsigned.hap cache.
[2026-09-10T17:06:58.094] [DEBUG] debug-file - Update task entry:default@PackageHap output file:D:\HW\testproject\complete\4\entry\build\default\intermediates\source_map\default\sourceMaps.map cache.
[2026-09-10T17:06:58.095] [DEBUG] debug-file - Update task entry:default@PackageHap output file:D:\HW\testproject\complete\4\entry\build\default\outputs\default\mapping\sourceMaps.map cache.
[2026-09-10T17:06:58.096] [DEBUG] debug-file - Incremental task entry:default@PackageHap post-execution cost:23 ms .
[2026-09-10T17:06:58.097] [DEBUG] debug-file - Update task entry:default@SignHap input file:D:\HW\testproject\complete\4\entry\build\default\outputs\default\entry-default-unsigned.hap cache from map.
[2026-09-10T17:06:58.097] [DEBUG] debug-file - Update task entry:default@SignHap output file:D:\HW\testproject\complete\4\entry\build\default\outputs\default\entry-default-signed.hap cache.
[2026-09-10T17:06:58.098] [DEBUG] debug-file - Incremental task entry:default@SignHap post-execution cost:2 ms .
[2026-09-10T17:06:58.099] [DEBUG] debug-file - Update task entry:default@CollectDebugSymbol input file:D:\HW\testproject\complete\4\entry\build\default\intermediates\loader_out\default\ets\sourceMaps.map cache by regenerate.
[2026-09-10T17:06:58.100] [DEBUG] debug-file - Update task entry:default@CollectDebugSymbol input file:D:\HW\testproject\complete\4\entry\build\default\intermediates\libs\default cache by regenerate.
[2026-09-10T17:06:58.100] [DEBUG] debug-file - Update task entry:default@CollectDebugSymbol output file:D:\HW\testproject\complete\4\entry\build\default\outputs\default\symbol cache.
[2026-09-10T17:06:58.101] [DEBUG] debug-file - Incremental task entry:default@CollectDebugSymbol post-execution cost:4 ms .
[2026-09-10T17:06:58.144] [DEBUG] debug-file - Cleanup worker 14.
[2026-09-10T17:06:58.144] [DEBUG] debug-file - hvigor build process will be closed.
[2026-09-10T17:06:58.153] [DEBUG] debug-file - worker[14] exits with exit code 1.
[2026-09-10T17:06:58.154] [DEBUG] debug-file - Worker 14 has been cleaned up.
[2026-09-10T17:06:58.154] [DEBUG] debug-file - Current idle worker size: 1.
[2026-09-10T17:06:58.163] [DEBUG] debug-file - session manager: send message to worker process. WorkerThreadId: 0, data: {"type":"hvigor_failed","reason":"Server has disconnected."}
[2026-09-10T17:06:58.164] [DEBUG] debug-file - session manager: send message to worker process. WorkerThreadId: 0, data: {"type":"CloseWatch","reason":"Server has disconnected."}
[2026-09-10T17:06:58.154] [DEBUG] debug-file - Current resident worker size: 1.
[2026-09-10T17:06:58.163] [DEBUG] debug-file - watch worker: worker id should be larger than 0. Nothing will be sent to any worker thread.
[2026-09-10T17:06:58.163] [DEBUG] debug-file - ABORT_WORK sent to workers.
[2026-09-10T17:06:58.164] [DEBUG] debug-file - watch worker: worker id should be larger than 0. Nothing will be sent to any worker thread.
[2026-09-10T17:08:16.391] [DEBUG] debug-file - session manager: set active socket. socketId=z46OVsyiHIy9XTOCAAAb
[2026-09-10T17:08:16.407] [DEBUG] debug-file - watch worker: worker id should be larger than 0. Nothing will be sent to any worker thread.
[2026-09-10T17:08:16.416] [DEBUG] debug-file - Workers' log level updated to INFO
[2026-09-10T17:08:16.421] [DEBUG] debug-file - Hvigor init with startParameters:{
  hvigorfileTypeCheck: false,
  parallelExecution: true,
  incrementalExecution: true,
  printStackTrace: false,
  daemon: true,
  analyze: 0,
  logLevel: Level { level: 20000, levelStr: 'INFO', colour: 'green' },
  optimizationStrategy: 'memory',
  hotCompile: undefined,
  hotReloadBuild: undefined,
  customizedParam: undefined
}
[2026-09-10T17:08:16.434] [DEBUG] debug-file - Cache service initialization finished in 13 ms 
[2026-09-10T17:08:16.435] [DEBUG] debug-file - hvigorfile, resolving D:\HW\testproject\complete\4\hvigorfile.ts
[2026-09-10T17:08:16.444] [DEBUG] debug-file - hvigorfile, require result:  { default: { plugins: [] } }
[2026-09-10T17:08:16.444] [DEBUG] debug-file - hvigorfile, binding system plugins null
[2026-09-10T17:08:16.444] [DEBUG] debug-file - Starting plugin build process
[2026-09-10T17:08:16.444] [DEBUG] debug-file - App plugin prepare start...
[2026-09-10T17:08:16.444] [DEBUG] debug-file - App plugin prepare end...
[2026-09-10T17:08:16.445] [DEBUG] debug-file - App plugin creating...
[2026-09-10T17:08:16.454] [DEBUG] debug-file - App plugin register hook start...
[2026-09-10T17:08:16.454] [DEBUG] debug-file - App plugin register hook end...
[2026-09-10T17:08:16.454] [DEBUG] debug-file - Plugin build process completed
[2026-09-10T17:08:16.455] [DEBUG] debug-file - Start initialize project's product build option map with build mode debug.
[2026-09-10T17:08:16.455] [DEBUG] debug-file - Picking option from product 'default' with build mode 'debug'.
[2026-09-10T17:08:16.455] [DEBUG] debug-file - Product 'default' build option initialized
[2026-09-10T17:08:16.456] [DEBUG] debug-file - End initialize project's product build option map with build mode 'debug'.
[2026-09-10T17:08:16.456] [DEBUG] debug-file - Obtain build option for product 'default'in this build.
[2026-09-10T17:08:16.464] [DEBUG] debug-file - No signingConfig found, initRemoteHspCache failed.
[2026-09-10T17:08:16.466] [DEBUG] debug-file - Start recording SDK configuration permission data.
[2026-09-10T17:08:16.546] [DEBUG] debug-file - Sdk init in 82 ms 
[2026-09-10T17:08:16.551] [DEBUG] debug-file - Project task initialization takes 5 ms 
[2026-09-10T17:08:16.551] [DEBUG] debug-file - hvigorfile, begin to bind custom plugins...
[2026-09-10T17:08:16.552] [DEBUG] debug-file - hvigorfile, no custom plugins were found in D:\HW\testproject\complete\4\hvigorfile.ts
[2026-09-10T17:08:16.552] [DEBUG] debug-file - hvigorfile, resolve finished D:\HW\testproject\complete\4\hvigorfile.ts
[2026-09-10T17:08:16.553] [DEBUG] debug-file - hvigorfile, resolving D:\HW\testproject\complete\4\entry\hvigorfile.ts
[2026-09-10T17:08:16.560] [DEBUG] debug-file - hvigorfile, require result:  { default: { plugins: [] } }
[2026-09-10T17:08:16.561] [DEBUG] debug-file - hvigorfile, binding system plugins null
[2026-09-10T17:08:16.561] [DEBUG] debug-file - Starting plugin build process
[2026-09-10T17:08:16.561] [DEBUG] debug-file - Hap plugin creating...
[2026-09-10T17:08:16.564] [DEBUG] debug-file - failed to load cangjie to dynamically generate schemas: Error: Cannot find module '@ohos/cangjie-build-support/index'
Require stack:
- E:\DevEco Studio\tools\hvigor\hvigor-ohos-plugin\src\plugin\hooks\cangjie-register.js
- E:\DevEco Studio\tools\hvigor\hvigor-ohos-plugin\src\plugin\strategy\stage-init-strategy.js
- E:\DevEco Studio\tools\hvigor\hvigor-ohos-plugin\src\plugin\builder\abstract-plugin-builder.js
- E:\DevEco Studio\tools\hvigor\hvigor-ohos-plugin\src\plugin\builder\app-plugin-builder.js
- E:\DevEco Studio\tools\hvigor\hvigor-ohos-plugin\src\plugin\factory\plugin-factory.js
- E:\DevEco Studio\tools\hvigor\hvigor-ohos-plugin\index.js
- D:\HW\testproject\complete\4\hvigorfile.ts
- E:\DevEco Studio\tools\hvigor\hvigor\src\base\internal\lifecycle\configuration.js
- E:\DevEco Studio\tools\hvigor\hvigor\src\base\boot\index.js
- E:\DevEco Studio\tools\hvigor\hvigor\src\base\daemon\cluster\worker-process-lifecycle.js
- E:\DevEco Studio\tools\hvigor\hvigor\src\base\daemon\process\daemon-process-boot-script.js
[2026-09-10T17:08:16.568] [DEBUG] debug-file - Start initialize module-target build option map, moduleName=entry, buildMode=debug
[2026-09-10T17:08:16.568] [DEBUG] debug-file - Target 'default' config initialized
[2026-09-10T17:08:16.569] [DEBUG] debug-file - Target 'ohosTest' config initialized
[2026-09-10T17:08:16.569] [DEBUG] debug-file - Module 'entry' target 'default' build option initialized
[2026-09-10T17:08:16.570] [DEBUG] debug-file - Module 'entry' target 'ohosTest' build option initialized
[2026-09-10T17:08:16.570] [DEBUG] debug-file - End initialize module-target build option map, moduleName=entry
[2026-09-10T17:08:16.570] [DEBUG] debug-file - Start initialize module-target build option map, moduleName=entry, buildMode=release
[2026-09-10T17:08:16.570] [DEBUG] debug-file - Target 'default' config initialized
[2026-09-10T17:08:16.571] [DEBUG] debug-file - Target 'ohosTest' config initialized
[2026-09-10T17:08:16.571] [DEBUG] debug-file - Module 'entry' target 'default' build option initialized
[2026-09-10T17:08:16.571] [DEBUG] debug-file - Module 'entry' target 'ohosTest' build option initialized
[2026-09-10T17:08:16.571] [DEBUG] debug-file - End initialize module-target build option map, moduleName=entry
[2026-09-10T17:08:16.572] [DEBUG] debug-file - Start initialize module-target build option map, moduleName=entry, buildMode=debug
[2026-09-10T17:08:16.572] [DEBUG] debug-file - Target 'default' config initialized
[2026-09-10T17:08:16.573] [DEBUG] debug-file - Target 'ohosTest' config initialized
[2026-09-10T17:08:16.573] [DEBUG] debug-file - Module 'entry' target 'default' build option initialized
[2026-09-10T17:08:16.573] [DEBUG] debug-file - Module 'entry' target 'ohosTest' build option initialized
[2026-09-10T17:08:16.574] [DEBUG] debug-file - End initialize module-target build option map, moduleName=entry
[2026-09-10T17:08:16.574] [DEBUG] debug-file - Obtain build option for module 'entry' target 'default'in this build.
[2026-09-10T17:08:16.577] [DEBUG] debug-file - Module entry task initialization takes 2 ms 
[2026-09-10T17:08:16.578] [DEBUG] debug-file - Hap plugin register hook start...
[2026-09-10T17:08:16.578] [DEBUG] debug-file - Hap plugin register hook end...
[2026-09-10T17:08:16.578] [DEBUG] debug-file - Plugin build process completed
[2026-09-10T17:08:16.578] [DEBUG] debug-file - hvigorfile, begin to bind custom plugins...
[2026-09-10T17:08:16.578] [DEBUG] debug-file - hvigorfile, no custom plugins were found in D:\HW\testproject\complete\4\entry\hvigorfile.ts
[2026-09-10T17:08:16.578] [DEBUG] debug-file - hvigorfile, resolve finished D:\HW\testproject\complete\4\entry\hvigorfile.ts
[2026-09-10T17:08:16.712] [DEBUG] debug-file - hvigorfile, resolve hvigorfile dependencies in 133 ms 
[2026-09-10T17:08:16.712] [DEBUG] debug-file - project has submodules:entry
[2026-09-10T17:08:16.715] [DEBUG] debug-file - start to load updatedOhPackageInfo to the disk
[2026-09-10T17:08:16.721] [DEBUG] debug-file - load to the disk finished
[2026-09-10T17:08:16.723] [DEBUG] debug-file - Start to initialize dependency information.
[2026-09-10T17:08:16.738] [DEBUG] debug-file - Module 4 Collected Dependency: 
[2026-09-10T17:08:16.738] [DEBUG] debug-file - Module 4's total dependency: 0
[2026-09-10T17:08:16.738] [DEBUG] debug-file - Start to initialize dependency information.
[2026-09-10T17:08:16.745] [DEBUG] debug-file - Module entry Collected Dependency: 
[2026-09-10T17:08:16.745] [DEBUG] debug-file - Module entry's total dependency: 0
[2026-09-10T17:08:16.750] [DEBUG] debug-file - Configuration phase cost:316 ms 
[2026-09-10T17:08:16.753] [DEBUG] debug-file - Configuration task cost before running: 337 ms 
[2026-09-10T17:08:16.765] [DEBUG] debug-file - Executing task :entry:default@PreBuild
[2026-09-10T17:08:16.777] [DEBUG] debug-file - Task 'entry:default@PreBuild' cost while wrapping incremental declarations: 1 ms 
[2026-09-10T17:08:16.812] [DEBUG] debug-file - Incremental task entry:default@PreBuild pre-execution cost: 21 ms .
[2026-09-10T17:08:16.813] [DEBUG] debug-file - entry : default@PreBuild cost memory 0.512237548828125
[2026-09-10T17:08:16.822] [INFO] debug-file - UP-TO-DATE :entry:default@PreBuild...  
[2026-09-10T17:08:16.826] [DEBUG] debug-file - Executing task :entry:default@CreateModuleInfo
[2026-09-10T17:08:16.827] [DEBUG] debug-file - Task 'entry:default@CreateModuleInfo' cost while wrapping incremental declarations: 1 ms 
[2026-09-10T17:08:16.829] [DEBUG] debug-file - entry : default@CreateModuleInfo cost memory 0.03888702392578125
[2026-09-10T17:08:16.829] [DEBUG] debug-file - runTaskFromQueue task cost before running: 413 ms 
[2026-09-10T17:08:16.830] [INFO] debug-file - Finished :entry:default@CreateModuleInfo... after 4 ms 
[2026-09-10T17:08:16.833] [DEBUG] debug-file - Executing task :entry:default@GenerateMetadata
[2026-09-10T17:08:16.835] [DEBUG] debug-file - Task 'entry:default@GenerateMetadata' cost while wrapping incremental declarations: 1 ms 
[2026-09-10T17:08:16.838] [DEBUG] debug-file - Incremental task entry:default@GenerateMetadata pre-execution cost: 3 ms .
[2026-09-10T17:08:16.838] [DEBUG] debug-file - entry : default@GenerateMetadata cost memory 0.07300567626953125
[2026-09-10T17:08:16.839] [INFO] debug-file - UP-TO-DATE :entry:default@GenerateMetadata...  
[2026-09-10T17:08:16.843] [DEBUG] debug-file - Executing task :entry:default@ConfigureCmake
[2026-09-10T17:08:16.844] [DEBUG] debug-file - entry : default@ConfigureCmake cost memory 0.01413726806640625
[2026-09-10T17:08:16.844] [DEBUG] debug-file - runTaskFromQueue task cost before running: 428 ms 
[2026-09-10T17:08:16.844] [INFO] debug-file - Finished :entry:default@ConfigureCmake... after 2 ms 
[2026-09-10T17:08:16.848] [DEBUG] debug-file - Executing task :entry:default@MergeProfile
[2026-09-10T17:08:16.848] [DEBUG] debug-file - Task 'entry:default@MergeProfile' cost while wrapping incremental declarations: 1 ms 
[2026-09-10T17:08:16.854] [DEBUG] debug-file - Incremental task entry:default@MergeProfile pre-execution cost: 5 ms .
[2026-09-10T17:08:16.854] [DEBUG] debug-file - entry : default@MergeProfile cost memory 0.11483001708984375
[2026-09-10T17:08:16.855] [INFO] debug-file - UP-TO-DATE :entry:default@MergeProfile...  
[2026-09-10T17:08:16.858] [DEBUG] debug-file - Executing task :entry:default@CreateBuildProfile
[2026-09-10T17:08:16.860] [DEBUG] debug-file - Task 'entry:default@CreateBuildProfile' cost while wrapping incremental declarations: 2 ms 
[2026-09-10T17:08:16.864] [DEBUG] debug-file - Incremental task entry:default@CreateBuildProfile pre-execution cost: 4 ms .
[2026-09-10T17:08:16.864] [DEBUG] debug-file - entry : default@CreateBuildProfile cost memory 0.09172821044921875
[2026-09-10T17:08:16.865] [INFO] debug-file - UP-TO-DATE :entry:default@CreateBuildProfile...  
[2026-09-10T17:08:16.868] [DEBUG] debug-file - Executing task :entry:default@PreCheckSyscap
[2026-09-10T17:08:16.869] [DEBUG] debug-file - entry : default@PreCheckSyscap cost memory 0.014434814453125
[2026-09-10T17:08:16.870] [DEBUG] debug-file - runTaskFromQueue task cost before running: 454 ms 
[2026-09-10T17:08:16.871] [INFO] debug-file - Finished :entry:default@PreCheckSyscap... after 2 ms 
[2026-09-10T17:08:16.874] [DEBUG] debug-file - Executing task :entry:default@GeneratePkgContextInfo
[2026-09-10T17:08:16.886] [DEBUG] debug-file - Task 'entry:default@GeneratePkgContextInfo' cost while wrapping incremental declarations: 1 ms 
[2026-09-10T17:08:16.889] [DEBUG] debug-file - Incremental task entry:default@GeneratePkgContextInfo pre-execution cost: 2 ms .
[2026-09-10T17:08:16.890] [DEBUG] debug-file - entry : default@GeneratePkgContextInfo cost memory 0.17705535888671875
[2026-09-10T17:08:16.891] [INFO] debug-file - UP-TO-DATE :entry:default@GeneratePkgContextInfo...  
[2026-09-10T17:08:16.894] [DEBUG] debug-file - Executing task :entry:default@GeneratePkgSdkInfo
[2026-09-10T17:08:16.905] [DEBUG] debug-file - Task 'entry:default@GeneratePkgSdkInfo' cost while wrapping incremental declarations: 1 ms 
[2026-09-10T17:08:16.906] [DEBUG] debug-file - entry : default@GeneratePkgSdkInfo cost memory 0.09397125244140625
[2026-09-10T17:08:16.907] [DEBUG] debug-file - runTaskFromQueue task cost before running: 491 ms 
[2026-09-10T17:08:16.909] [INFO] debug-file - Finished :entry:default@GeneratePkgSdkInfo... after 13 ms 
[2026-09-10T17:08:16.920] [DEBUG] debug-file - Executing task :entry:default@ProcessIntegratedHsp
[2026-09-10T17:08:16.921] [DEBUG] debug-file - entry:default@ProcessIntegratedHsp is not up-to-date, since the output file 'D:\HW\testproject\complete\4\build\cache\default\integrated_hsp\integratedHspCache.json' does not exist.
[2026-09-10T17:08:16.922] [DEBUG] debug-file - Incremental task entry:default@ProcessIntegratedHsp pre-execution cost: 1 ms .
[2026-09-10T17:08:16.922] [DEBUG] debug-file - entry : default@ProcessIntegratedHsp cost memory 0.0484771728515625
[2026-09-10T17:08:16.922] [DEBUG] debug-file - runTaskFromQueue task cost before running: 506 ms 
[2026-09-10T17:08:16.923] [INFO] debug-file - Finished :entry:default@ProcessIntegratedHsp... after 2 ms 
[2026-09-10T17:08:16.927] [DEBUG] debug-file - Executing task :entry:default@BuildNativeWithCmake
[2026-09-10T17:08:16.927] [DEBUG] debug-file - entry : default@BuildNativeWithCmake cost memory 0.0279998779296875
[2026-09-10T17:08:16.928] [DEBUG] debug-file - runTaskFromQueue task cost before running: 512 ms 
[2026-09-10T17:08:16.928] [INFO] debug-file - Finished :entry:default@BuildNativeWithCmake... after 2 ms 
[2026-09-10T17:08:16.932] [DEBUG] debug-file - Executing task :entry:default@MakePackInfo
[2026-09-10T17:08:16.943] [DEBUG] debug-file - Incremental task entry:default@MakePackInfo pre-execution cost: 9 ms .
[2026-09-10T17:08:16.944] [DEBUG] debug-file - entry : default@MakePackInfo cost memory 0.10192108154296875
[2026-09-10T17:08:16.947] [INFO] debug-file - UP-TO-DATE :entry:default@MakePackInfo...  
[2026-09-10T17:08:16.951] [DEBUG] debug-file - Executing task :entry:default@SyscapTransform
[2026-09-10T17:08:16.952] [DEBUG] debug-file - File: 'D:\HW\testproject\complete\4\entry\src\main\syscap.json' from 'sysCapJsonPath' is not exists, just ignore.
[2026-09-10T17:08:16.954] [DEBUG] debug-file - Task 'entry:default@SyscapTransform' cost while wrapping incremental declarations: 2 ms 
[2026-09-10T17:08:16.959] [DEBUG] debug-file - entry:default@SyscapTransform is not up-to-date, since the output file 'D:\HW\testproject\complete\4\entry\build\default\intermediates\syscap\default\rpcid.sc' does not exist.
[2026-09-10T17:08:16.960] [DEBUG] debug-file - Incremental task entry:default@SyscapTransform pre-execution cost: 6 ms .
[2026-09-10T17:08:16.960] [DEBUG] debug-file - entry : default@SyscapTransform cost memory 0.10800933837890625
[2026-09-10T17:08:16.960] [DEBUG] debug-file - runTaskFromQueue task cost before running: 544 ms 
[2026-09-10T17:08:16.961] [INFO] debug-file - Finished :entry:default@SyscapTransform... after 10 ms 
[2026-09-10T17:08:16.965] [DEBUG] debug-file - Executing task :entry:default@ProcessProfile
[2026-09-10T17:08:16.970] [DEBUG] debug-file - Task 'entry:default@ProcessProfile' cost while wrapping incremental declarations: 1 ms 
[2026-09-10T17:08:16.971] [DEBUG] debug-file - Incremental task entry:default@ProcessProfile pre-execution cost: 1 ms .
[2026-09-10T17:08:16.972] [DEBUG] debug-file - entry : default@ProcessProfile cost memory 0.12252044677734375
[2026-09-10T17:08:16.972] [INFO] debug-file - UP-TO-DATE :entry:default@ProcessProfile...  
[2026-09-10T17:08:16.975] [DEBUG] debug-file - Executing task :entry:default@ProcessRouterMap
[2026-09-10T17:08:16.984] [DEBUG] debug-file - Incremental task entry:default@ProcessRouterMap pre-execution cost: 6 ms .
[2026-09-10T17:08:16.985] [DEBUG] debug-file - entry : default@ProcessRouterMap cost memory 0.12299346923828125
[2026-09-10T17:08:16.987] [INFO] debug-file - UP-TO-DATE :entry:default@ProcessRouterMap...  
[2026-09-10T17:08:16.990] [DEBUG] debug-file - Executing task :entry:default@ProcessShareConfig
[2026-09-10T17:08:17.003] [DEBUG] debug-file - Incremental task entry:default@ProcessShareConfig pre-execution cost: 10 ms .
[2026-09-10T17:08:17.004] [DEBUG] debug-file - entry : default@ProcessShareConfig cost memory -3.4543609619140625
[2026-09-10T17:08:17.005] [INFO] debug-file - UP-TO-DATE :entry:default@ProcessShareConfig...  
[2026-09-10T17:08:17.013] [DEBUG] debug-file - Executing task :entry:default@ProcessStartupConfig
[2026-09-10T17:08:17.016] [DEBUG] debug-file - Task 'entry:default@ProcessStartupConfig' cost while wrapping incremental declarations: 1 ms 
[2026-09-10T17:08:17.026] [DEBUG] debug-file - entry:default@ProcessStartupConfig is not up-to-date, since the output file 'D:\HW\testproject\complete\4\entry\build\default\intermediates\startup\default\startup_config.json' does not exist.
[2026-09-10T17:08:17.026] [DEBUG] debug-file - Incremental task entry:default@ProcessStartupConfig pre-execution cost: 8 ms .
[2026-09-10T17:08:17.029] [DEBUG] debug-file - entry : default@ProcessStartupConfig cost memory 0.11090087890625
[2026-09-10T17:08:17.030] [DEBUG] debug-file - runTaskFromQueue task cost before running: 614 ms 
[2026-09-10T17:08:17.032] [INFO] debug-file - Finished :entry:default@ProcessStartupConfig... after 18 ms 
[2026-09-10T17:08:17.035] [DEBUG] debug-file - Executing task :entry:default@BuildNativeWithNinja
[2026-09-10T17:08:17.037] [DEBUG] debug-file - entry : default@BuildNativeWithNinja cost memory 0.0184478759765625
[2026-09-10T17:08:17.037] [DEBUG] debug-file - runTaskFromQueue task cost before running: 621 ms 
[2026-09-10T17:08:17.038] [INFO] debug-file - Finished :entry:default@BuildNativeWithNinja... after 2 ms 
[2026-09-10T17:08:17.039] [DEBUG] debug-file - restool module names: entry; moduleName=entry, taskName=default@ProcessResource
[2026-09-10T17:08:17.042] [DEBUG] debug-file - Executing task :entry:default@ProcessResource
[2026-09-10T17:08:17.043] [DEBUG] debug-file - Task 'entry:default@ProcessResource' cost while wrapping incremental declarations: 1 ms 
[2026-09-10T17:08:17.046] [DEBUG] debug-file - Incremental task entry:default@ProcessResource pre-execution cost: 2 ms .
[2026-09-10T17:08:17.046] [DEBUG] debug-file - entry : default@ProcessResource cost memory 0.10691070556640625
[2026-09-10T17:08:17.050] [INFO] debug-file - UP-TO-DATE :entry:default@ProcessResource...  
[2026-09-10T17:08:17.053] [DEBUG] debug-file - Executing task :entry:default@GenerateLoaderJson
[2026-09-10T17:08:17.054] [DEBUG] debug-file - Task 'entry:default@GenerateLoaderJson' cost while wrapping incremental declarations: 1 ms 
[2026-09-10T17:08:17.068] [DEBUG] debug-file - Incremental task entry:default@GenerateLoaderJson pre-execution cost: 10 ms .
[2026-09-10T17:08:17.069] [DEBUG] debug-file - entry : default@GenerateLoaderJson cost memory 0.4066162109375
[2026-09-10T17:08:17.073] [INFO] debug-file - UP-TO-DATE :entry:default@GenerateLoaderJson...  
[2026-09-10T17:08:17.074] [DEBUG] debug-file - Executing task :entry:default@ProcessLibs
[2026-09-10T17:08:17.074] [DEBUG] debug-file - Task 'entry:default@ProcessLibs' cost while wrapping incremental declarations: 1 ms 
[2026-09-10T17:08:17.078] [DEBUG] debug-file - Incremental task entry:default@ProcessLibs pre-execution cost: 2 ms .
[2026-09-10T17:08:17.078] [DEBUG] debug-file - entry : default@ProcessLibs cost memory 0.087921142578125
[2026-09-10T17:08:17.079] [INFO] debug-file - UP-TO-DATE :entry:default@ProcessLibs...  
[2026-09-10T17:08:17.080] [DEBUG] debug-file - restool module names: entry; moduleName=entry, taskName=default@CompileResource
[2026-09-10T17:08:17.081] [DEBUG] debug-file - Executing task :entry:default@CompileResource
[2026-09-10T17:08:17.103] [DEBUG] debug-file - Incremental task entry:default@CompileResource pre-execution cost: 21 ms .
[2026-09-10T17:08:17.103] [DEBUG] debug-file - entry : default@CompileResource cost memory 0.4636993408203125
[2026-09-10T17:08:17.106] [INFO] debug-file - UP-TO-DATE :entry:default@CompileResource...  
[2026-09-10T17:08:17.107] [DEBUG] debug-file - Executing task :entry:default@DoNativeStrip
[2026-09-10T17:08:17.108] [DEBUG] debug-file - File: 'D:\HW\testproject\complete\4\entry\build\default\intermediates\binxo\default' from 'doBinxoNativeLibs' is not exists, just ignore.
[2026-09-10T17:08:17.108] [DEBUG] debug-file - Task 'entry:default@DoNativeStrip' cost while wrapping incremental declarations: 1 ms 
[2026-09-10T17:08:17.110] [DEBUG] debug-file - Incremental task entry:default@DoNativeStrip pre-execution cost: 2 ms .
[2026-09-10T17:08:17.111] [DEBUG] debug-file - entry : default@DoNativeStrip cost memory 0.07071685791015625
[2026-09-10T17:08:17.111] [INFO] debug-file - UP-TO-DATE :entry:default@DoNativeStrip...  
[2026-09-10T17:08:17.113] [DEBUG] debug-file - Executing task :entry:default@CompileArkTS
[2026-09-10T17:08:17.114] [DEBUG] debug-file - obfuscationOptions: undefined
[2026-09-10T17:08:17.115] [DEBUG] debug-file - Task 'entry:default@CompileArkTS' cost while wrapping incremental declarations: 1 ms 
[2026-09-10T17:08:17.130] [DEBUG] debug-file - entry:default@CompileArkTS is not up-to-date, since the input file 'D:\HW\testproject\complete\4\entry\src\main\ets' has been changed.
[2026-09-10T17:08:17.130] [DEBUG] debug-file - Incremental task entry:default@CompileArkTS pre-execution cost: 13 ms .
[2026-09-10T17:08:17.170] [DEBUG] debug-file - build config:
[2026-09-10T17:08:17.171] [DEBUG] debug-file - {
  moduleType: 'entry',
  perf: 0,
  targetName: '.default',
  packageManagerType: 'ohpm',
  localPropertiesPath: 'D:\\HW\\testproject\\complete\\4\\local.properties',
  isPreview: false,
  isOhosTest: false,
  isLocalTest: false,
  buildMode: 'Debug',
  hotReloadBuild: undefined,
  watchMode: 'false',
  aceProfilePath: 'D:\\HW\\testproject\\complete\\4\\entry\\build\\default\\intermediates\\res\\default\\resources\\base\\profile',
  etsLoaderPath: 'E:\\DevEco Studio\\sdk\\default\\openharmony\\ets\\build-tools\\ets-loader',
  modulePath: 'D:\\HW\\testproject\\complete\\4\\entry',
  testFrameworkPar: {
    testMode: undefined,
    coveragePathFilter: undefined,
    coverageMode: undefined
  },
  needCoverageInsert: false,
  debugLine: false,
  projectTopDir: 'D:\\HW\\testproject\\complete\\4',
  compileSdkVersion: 26,
  compatibleSdkVersion: 26,
  originCompatibleSdkVersion: '26.0.0',
  compatibleSdkVersionStage: undefined,
  bundleName: 'c***p',
  etsLoaderVersion: '26.0.0.105',
  etsLoaderReleaseType: 'Release',
  aotCompileMode: 'type',
  apPath: 'D:\\HW\\testproject\\complete\\4\\entry\\modules.ap',
  entryModuleName: 'entry',
  entryModuleVersion: '1.0.0',
  entryPackageName: 'entry',
  allModuleNameHash: '30e07d57c30f75288c09608296ed8ed07fc604f1881982510ff25b77cb397b11',
  externalApiPaths: [ 'E:\\DevEco Studio\\sdk\\default\\hms\\ets' ],
  compilerTypes: [],
  isCrossplatform: false,
  hvigorPluginFile: undefined,
  compilePluginPath: undefined,
  buildGeneratedProfilePath: 'D:\\HW\\testproject\\complete\\4\\entry\\build\\default\\generated\\profile\\default',
  bundleType: 'app',
  arkTSVersion: undefined,
  apiVersion: 26,
  needCompleteSourcesMap: false,
  isFaMode: false,
  buildDir: 'D:\\HW\\testproject\\complete\\4\\entry\\build',
  buildCacheProjectDir: 'D:\\HW\\testproject\\complete\\4',
  deviceTypes: [ 'phone' ],
  pkgContextInfo: {
    '@ohos/hypium': {
      packageName: '@ohos/hypium',
      bundleName: '*****',
      moduleName: '',
      version: '1.0.24',
      entryPath: 'index.js',
      isSO: false,
      dependencyAlias: ''
    },
    '@ohos/hamock': {
      packageName: '@ohos/hamock',
      bundleName: '*****',
      moduleName: '',
      version: '1.0.0',
      entryPath: 'index.ets',
      isSO: false,
      dependencyAlias: ''
    },
    entry: {
      packageName: 'entry',
      bundleName: '*****',
      moduleName: '',
      version: '',
      entryPath: 'src/main/',
      isSO: false,
      dependencyAlias: ''
    }
  },
  ohPackagePathMap: {},
  dependencyAliasMap: {},
  permission: { requestPermissions: undefined, definePermissions: undefined },
  useGetCurrentBundleName: false,
  projectArkOption: undefined,
  sourceMapDir: undefined,
  branchElimination: false,
  transformLib: undefined,
  tsImportSendable: false,
  resolveConflictMode: true,
  depName2RootPath: {},
  depName2DepInfo: {},
  depName2OhExports: {},
  rootPathSet: [ 'D:\\HW\\testproject\\complete\\4' ],
  useNativeResolver: true,
  shouldEmitJs: true,
  useUnifiedAst: false,
  useTscResolve: false,
  singleFileEmit: false,
  userProjectConfig: {
    autoLazyImport: false,
    allowEmptyBundleName: false,
    reExportCheckMode: 'noCheck',
    executionMode: 'memory',
    usePathPlaceholder: false,
    writeRollupCache: true,
    isExpandImportEnabled: false,
    expandImportExclude: '',
    lazyImportExclude: '',
    lazyImportInclude: '',
    ignoreCrossplatformCheck: false,
    isHarDeduplicateEnabled: false,
    skipOhModulesLint: false,
    enableStrictCheckOHModule: false,
    disableSendableCheckRules: [],
    useDeclarationFileSignature: false,
    customizedOptions: undefined,
    integratedHsp: false,
    tsImportSoCheck: false,
    isPreloadSoEnabled: false
  },
  executionMode: 'memory',
  arkCompileCachePath: 'D:\\HW\\testproject\\complete\\4\\entry\\build\\default\\cache\\default\\default@CompileArkTS\\esmodule',
  autoLazyFilter: undefined,
  isHarDeduplicateEnabled: false,
  intermediateHarDuplicateDirPath: 'D:\\HW\\testproject\\complete\\4\\entry\\build\\default\\intermediates\\har_duplicate\\default',
  autoLazyImport: false,
  allowEmptyBundleName: false,
  reExportCheckMode: 'noCheck',
  usePathPlaceholder: false,
  writeRollupCache: true,
  isExpandImportEnabled: false,
  expandImportExclude: '',
  lazyImportExclude: '',
  lazyImportInclude: '',
  ignoreCrossplatformCheck: false,
  skipOhModulesLint: false,
  enableStrictCheckOHModule: false,
  disableSendableCheckRules: [],
  useDeclarationFileSignature: false,
  customizedOptions: undefined,
  integratedHsp: false,
  tsImportSoCheck: false,
  isPreloadSoEnabled: false,
  strictMode: {
    caseSensitiveCheck: true,
    useNormalizedOHMUrl: true,
    noExternalImportByPath: true
  },
  useNormalizedOHMUrl: true,
  caseSensitiveCheck: true,
  strictCheckerOnly: false,
  aceModuleJsonPath: 'D:\\HW\\testproject\\complete\\4\\entry\\build\\default\\intermediates\\res\\default\\ark_module.json',
  appResource: 'D:\\HW\\testproject\\complete\\4\\entry\\build\\default\\intermediates\\res\\default\\ResourceTable.txt',
  rawFileResource: 'D:\\HW\\testproject\\complete\\4\\entry\\build\\default\\intermediates\\res\\default\\resources\\rawfile',
  resourceTableHash: 'd81a83941c07883d4327563ba2cfe0ac7f68042912820a1577b99d29cbd144cc',
  runtimeOS: 'HarmonyOS',
  sdkInfo: 'false:26:26.0.0.105:Release',
  aceModuleRoot: 'D:\\HW\\testproject\\complete\\4\\entry\\src\\main\\ets',
  compileMode: 'esmodule',
  aceSuperVisualPath: 'D:\\HW\\testproject\\complete\\4\\entry\\src\\main\\supervisual',
  aceBuildJson: 'D:\\HW\\testproject\\complete\\4\\entry\\build\\default\\intermediates\\loader\\default\\loader.json',
  cachePath: 'D:\\HW\\testproject\\complete\\4\\entry\\build\\default\\cache\\default\\default@CompileArkTS\\esmodule\\debug',
  aceModuleBuild: 'D:\\HW\\testproject\\complete\\4\\entry\\build\\default\\intermediates\\loader_out\\default\\ets',
  supportChunks: true,
  declaredFilesPath: undefined,
  shouldCollectDirectImportees: false,
  isByteCodeHarOptimize: false,
  expandImportPath: undefined,
  resourceTableTs: 'D:\\HW\\testproject\\complete\\4\\entry\\build\\default\\generated\\r\\default\\ResourceTable.ts',
  moduleMetaInfoFiles: [
    {
      filePath: 'D:\\HW\\testproject\\complete\\4\\entry\\build\\default\\generated\\r\\default\\ResourceTable.ts',
      ohmurl: '&entry/build/generated/r/ResourceTable&'
    }
  ],
  pkgNameToPkgBriefInfo: {
    entry: {
      pkgRoot: 'D:\\HW\\testproject\\complete\\4\\entry',
      originalSourceRoots: undefined,
      sourceRoots: [Array],
      pkgName: 'entry'
    }
  },
  projectModel: {
    'D:\\HW\\testproject\\complete\\4\\entry\\src\\main': {
      moduleName: 'entry',
      modulePkgPath: 'D:\\HW\\testproject\\complete\\4\\entry',
      belongProjectPath: 'D:\\HW\\testproject\\complete\\4'
    },
    'D:\\HW\\testproject\\complete\\4\\entry\\.test\\default\\intermediates\\src\\ohosTest\\ets': {
      moduleName: 'entry_test',
      modulePkgPath: 'D:\\HW\\testproject\\complete\\4\\entry',
      belongProjectPath: 'D:\\HW\\testproject\\complete\\4'
    },
    'D:\\HW\\testproject\\complete\\4\\entry\\src\\ohosTest': {
      moduleName: 'entry_test',
      modulePkgPath: 'D:\\HW\\testproject\\complete\\4\\entry',
      belongProjectPath: 'D:\\HW\\testproject\\complete\\4'
    },
    'D:\\HW\\testproject\\complete\\4\\entry': {
      moduleName: 'entry',
      modulePkgPath: 'D:\\HW\\testproject\\complete\\4\\entry',
      belongProjectPath: 'D:\\HW\\testproject\\complete\\4'
    },
    'D:\\HW\\testproject\\complete\\4': {
      moduleName: '4',
      modulePkgPath: 'D:\\HW\\testproject\\complete\\4',
      belongProjectPath: 'D:\\HW\\testproject\\complete\\4'
    }
  },
  pkgJsonFileHash: '7ab10e622b876a852aaa87f883a5ca46773dc428b9273d7582651c0540669143',
  allModulePaths: [ 'D:\\HW\\testproject\\complete\\4\\entry' ],
  routerMap: {},
  obfuscationOptions: undefined,
  byteCodeHarToDependencyKeys: undefined,
  compileBlockPkg: [],
  mockParams: {
    decorator: '@MockSetup',
    packageName: '@ohos/hamock',
    etsSourceRootPath: 'src/main/ets',
    mockConfigPath: 'D:\\HW\\testproject\\complete\\4\\entry\\src\\mock\\mock-config.json5',
    mockConfigKey2ModuleInfo: {},
    source2ModuleIdMap: {}
  },
  copyCodeResourceEnable: false,
  copyCodeResourceExcludes: [],
  copyCodeResourceIncludes: undefined,
  uiTransformOptimization: false,
  sdkPath: 'E:/DevEco Studio/sdk',
  needPreloadSoFileSet: {},
  preloadSoFilePath: 'D:\\HW\\testproject\\complete\\4\\entry\\build\\default\\intermediates\\preload\\default\\preload.json',
  useSourceHash: false,
  localModuleParamMap: {},
  otherPaths: {
    'entry/*': [
      '..\\*',
      '..\\..\\..\\build\\default\\generated\\profile\\default\\*'
    ]
  },
  collectImportersConfig: undefined
}
[2026-09-10T17:08:17.172] [DEBUG] debug-file - Compile arkts with external api path: E:\DevEco Studio\sdk\default\hms\ets
[2026-09-10T17:08:17.176] [DEBUG] debug-file - before submitting ArkTS compile task to worker pool, config.buildDir: D:\HW\testproject\complete\4\entry\build
[2026-09-10T17:08:17.177] [DEBUG] debug-file - default@CompileArkTS work[23] is submitted.
[2026-09-10T17:08:17.177] [DEBUG] debug-file - default@CompileArkTS work[23] is pushed to ready queue.
[2026-09-10T17:08:17.177] [DEBUG] debug-file - A work dispatched to worker[15] failed because unable to get work from ready queue.
[2026-09-10T17:08:17.178] [DEBUG] debug-file - A work dispatched to worker[14] failed because unable to get work from ready queue.
[2026-09-10T17:08:17.178] [DEBUG] debug-file - A work dispatched to worker[13] failed because unable to get work from ready queue.
[2026-09-10T17:08:17.178] [DEBUG] debug-file - A work dispatched to worker[12] failed because unable to get work from ready queue.
[2026-09-10T17:08:17.178] [DEBUG] debug-file - A work dispatched to worker[11] failed because unable to get work from ready queue.
[2026-09-10T17:08:17.178] [DEBUG] debug-file - A work dispatched to worker[10] failed because unable to get work from ready queue.
[2026-09-10T17:08:17.178] [DEBUG] debug-file - A work dispatched to worker[9] failed because unable to get work from ready queue.
[2026-09-10T17:08:17.179] [DEBUG] debug-file - A work dispatched to worker[8] failed because unable to get work from ready queue.
[2026-09-10T17:08:17.179] [DEBUG] debug-file - A work dispatched to worker[7] failed because unable to get work from ready queue.
[2026-09-10T17:08:17.179] [DEBUG] debug-file - A work dispatched to worker[6] failed because unable to get work from ready queue.
[2026-09-10T17:08:17.179] [DEBUG] debug-file - A work dispatched to worker[5] failed because unable to get work from ready queue.
[2026-09-10T17:08:17.180] [DEBUG] debug-file - default@CompileArkTS work[23] has been dispatched to worker[4].
[2026-09-10T17:08:17.180] [DEBUG] debug-file - default@CompileArkTS work[23] is dispatched.
[2026-09-10T17:08:17.180] [DEBUG] debug-file - entry : default@CompileArkTS cost memory 0.9934768676757812
[2026-09-10T17:08:17.185] [DEBUG] debug-file - Executing task :entry:default@BuildJS
[2026-09-10T17:08:17.186] [DEBUG] debug-file - Task 'entry:default@BuildJS' cost while wrapping incremental declarations: 1 ms 
[2026-09-10T17:08:17.196] [DEBUG] debug-file - entry : default@BuildJS cost memory 0.1094818115234375
[2026-09-10T17:08:17.197] [DEBUG] debug-file - runTaskFromQueue task cost before running: 781 ms 
[2026-09-10T17:08:17.198] [INFO] debug-file - Finished :entry:default@BuildJS... after 12 ms 
[2026-09-10T17:08:17.203] [DEBUG] debug-file - Executing task :entry:default@CacheNativeLibs
[2026-09-10T17:08:17.204] [DEBUG] debug-file - File: 'D:\HW\testproject\complete\4\entry\build\default\intermediates\binxo\default' from 'cacheBinxoNativeLibs' is not exists, just ignore.
[2026-09-10T17:08:17.205] [DEBUG] debug-file - Task 'entry:default@CacheNativeLibs' cost while wrapping incremental declarations: 2 ms 
[2026-09-10T17:08:17.212] [DEBUG] debug-file - Incremental task entry:default@CacheNativeLibs pre-execution cost: 7 ms .
[2026-09-10T17:08:17.213] [DEBUG] debug-file - entry : default@CacheNativeLibs cost memory 0.08287811279296875
[2026-09-10T17:08:17.214] [INFO] debug-file - UP-TO-DATE :entry:default@CacheNativeLibs...  
[2026-09-10T17:08:19.485] [DEBUG] debug-file - Ark compile task finished.finished time is 192121224991300
[2026-09-10T17:08:19.485] [DEBUG] debug-file - worker[4] has one work done.
[2026-09-10T17:08:19.489] [DEBUG] debug-file - default@CompileArkTS work[23] done.
[2026-09-10T17:08:19.495] [INFO] debug-file - Finished :entry:default@CompileArkTS... after 2 s 372 ms 
[2026-09-10T17:08:19.497] [DEBUG] debug-file - Executing task :entry:default@GeneratePkgModuleJson
[2026-09-10T17:08:19.498] [DEBUG] debug-file - File: 'D:\HW\testproject\complete\4\entry\build\default\intermediates\preload\default\preload.json' from 'preloadSoJsonPath' is not exists, just ignore.
[2026-09-10T17:08:19.499] [DEBUG] debug-file - Error occurs while handling @Input 'shouldDeduplicateHar': The "data" argument must be of type string or an instance of Buffer, TypedArray, or DataView. Received undefined
[2026-09-10T17:08:19.499] [DEBUG] debug-file - Task 'entry:default@GeneratePkgModuleJson' cost while wrapping incremental declarations: 2 ms 
[2026-09-10T17:08:19.502] [DEBUG] debug-file - Incremental task entry:default@GeneratePkgModuleJson pre-execution cost: 3 ms .
[2026-09-10T17:08:19.502] [DEBUG] debug-file - entry : default@GeneratePkgModuleJson cost memory 0.08154296875
[2026-09-10T17:08:19.504] [INFO] debug-file - UP-TO-DATE :entry:default@GeneratePkgModuleJson...  
[2026-09-10T17:08:19.508] [DEBUG] debug-file - Executing task :entry:default@ProcessCompiledResources
[2026-09-10T17:08:19.509] [DEBUG] debug-file - File: 'D:\HW\testproject\complete\4\entry\build\default\intermediates\preload\default\preload.json' from 'preloadSoJsonPath' is not exists, just ignore.
[2026-09-10T17:08:19.510] [DEBUG] debug-file - Task 'entry:default@ProcessCompiledResources' cost while wrapping incremental declarations: 2 ms 
[2026-09-10T17:08:19.511] [DEBUG] debug-file - entry : default@ProcessCompiledResources cost memory 0.0492706298828125
[2026-09-10T17:08:19.511] [DEBUG] debug-file - runTaskFromQueue task cost before running: 3 s 95 ms 
[2026-09-10T17:08:19.512] [INFO] debug-file - Finished :entry:default@ProcessCompiledResources... after 4 ms 
[2026-09-10T17:08:19.516] [DEBUG] debug-file - Executing task :entry:default@PackageHap
[2026-09-10T17:08:19.555] [DEBUG] debug-file - entry:default@PackageHap is not up-to-date, since the input file 'D:\HW\testproject\complete\4\entry\build\default\intermediates\loader_out\default\ets' has been changed.
[2026-09-10T17:08:19.555] [DEBUG] debug-file - Incremental task entry:default@PackageHap pre-execution cost: 35 ms .
[2026-09-10T17:08:19.557] [DEBUG] debug-file - Use tool [E:\DevEco Studio\sdk\default\openharmony\toolchains\lib\app_packing_tool.jar]
 [
  'java',
  '-Dfile.encoding=GBK',
  '-jar',
  'E:\\DevEco Studio\\sdk\\default\\openharmony\\toolchains\\lib\\app_packing_tool.jar',
  '--mode',
  'hap',
  '--force',
  'true',
  '--lib-path',
  'D:\\HW\\testproject\\complete\\4\\entry\\build\\default\\intermediates\\stripped_native_libs\\default',
  '--json-path',
  'D:\\HW\\testproject\\complete\\4\\entry\\build\\default\\intermediates\\package\\default\\module.json',
  '--resources-path',
  'D:\\HW\\testproject\\complete\\4\\entry\\build\\default\\intermediates\\res\\default\\resources',
  '--index-path',
  'D:\\HW\\testproject\\complete\\4\\entry\\build\\default\\intermediates\\res\\default\\resources.index',
  '--pack-info-path',
  'D:\\HW\\testproject\\complete\\4\\entry\\build\\default\\outputs\\default\\pack.info',
  '--out-path',
  'D:\\HW\\testproject\\complete\\4\\entry\\build\\default\\outputs\\default\\entry-default-unsigned.hap',
  '--ets-path',
  'D:\\HW\\testproject\\complete\\4\\entry\\build\\default\\intermediates\\loader_out\\default\\ets',
  '--pkg-context-path',
  'D:\\HW\\testproject\\complete\\4\\entry\\build\\default\\intermediates\\loader\\default\\pkgContextInfo.json'
]
[2026-09-10T17:08:19.557] [DEBUG] debug-file - default@PackageHap work[24] is submitted.
[2026-09-10T17:08:19.558] [DEBUG] debug-file - default@PackageHap work[24] is pushed to ready queue.
[2026-09-10T17:08:19.558] [DEBUG] debug-file - default@PackageHap work[24] is not dispatched.
[2026-09-10T17:08:19.567] [DEBUG] debug-file - entry : default@PackageHap cost memory 0.31783294677734375
[2026-09-10T17:08:19.671] [DEBUG] debug-file - A work dispatched to worker[15] failed because unable to get work from ready queue.
[2026-09-10T17:08:19.671] [DEBUG] debug-file - Create  resident worker with id: 14.
[2026-09-10T17:08:19.672] [DEBUG] debug-file - default@PackageHap work[24] has been dispatched to worker[14].
[2026-09-10T17:08:23.254] [DEBUG] debug-file - current process  memoryUsage: {
  rss: 457617408,
  heapTotal: 78856192,
  heapUsed: 57958384,
  external: 3958577,
  arrayBuffers: 18671
} os memoryUsage :15.275398254394531
[2026-09-10T17:08:24.304] [DEBUG] debug-file - worker[14] has one work done.
[2026-09-10T17:08:24.304] [DEBUG] debug-file - default@PackageHap work[24] done.
[2026-09-10T17:08:24.304] [DEBUG] debug-file - A work dispatched to worker[14] failed because unable to get work from ready queue.
[2026-09-10T17:08:24.309] [INFO] debug-file - Finished :entry:default@PackageHap... after 1 s 109 ms 
[2026-09-10T17:08:24.312] [DEBUG] debug-file - Executing task :entry:default@PackingCheck
[2026-09-10T17:08:24.323] [DEBUG] debug-file - entry : default@PackingCheck cost memory 0.29111480712890625
[2026-09-10T17:08:24.323] [DEBUG] debug-file - runTaskFromQueue task cost before running: 7 s 907 ms 
[2026-09-10T17:08:24.325] [INFO] debug-file - Finished :entry:default@PackingCheck... after 12 ms 
[2026-09-10T17:08:24.328] [DEBUG] debug-file - Executing task :entry:default@SignHap
[2026-09-10T17:08:24.328] [WARN] debug-file - Will skip sign 'hos_hap'. No signingConfigs profile is configured in current project.
             If needed, configure the signingConfigs in D:\HW\testproject\complete\4\build-profile.json5.
[2026-09-10T17:08:24.332] [DEBUG] debug-file - entry:default@SignHap is not up-to-date, since the input file 'D:\HW\testproject\complete\4\entry\build\default\outputs\default\entry-default-unsigned.hap' has been changed.
[2026-09-10T17:08:24.333] [DEBUG] debug-file - Incremental task entry:default@SignHap pre-execution cost: 4 ms .
[2026-09-10T17:08:24.334] [DEBUG] debug-file - entry : default@SignHap cost memory 0.0660247802734375
[2026-09-10T17:08:24.335] [DEBUG] debug-file - runTaskFromQueue task cost before running: 7 s 919 ms 
[2026-09-10T17:08:24.337] [INFO] debug-file - Finished :entry:default@SignHap... after 8 ms 
[2026-09-10T17:08:24.340] [DEBUG] debug-file - Executing task :entry:default@CollectDebugSymbol
[2026-09-10T17:08:24.343] [DEBUG] debug-file - entry : default@CollectDebugSymbol cost memory 0.0751190185546875
[2026-09-10T17:08:24.344] [DEBUG] debug-file - runTaskFromQueue task cost before running: 7 s 928 ms 
[2026-09-10T17:08:24.344] [INFO] debug-file - Finished :entry:default@CollectDebugSymbol... after 5 ms 
[2026-09-10T17:08:24.345] [DEBUG] debug-file - Executing task :entry:assembleHap
[2026-09-10T17:08:24.346] [DEBUG] debug-file - entry : assembleHap cost memory 0.0146484375
[2026-09-10T17:08:24.346] [DEBUG] debug-file - runTaskFromQueue task cost before running: 7 s 930 ms 
[2026-09-10T17:08:24.346] [INFO] debug-file - Finished :entry:assembleHap... after 1 ms 
[2026-09-10T17:08:24.348] [INFO] debug-file - BUILD SUCCESSFUL in 7 s 931 ms 
[2026-09-10T17:08:24.348] [DEBUG] debug-file - There is no need to refresh cache, since the incremental task entry:default@PreBuild is up-to-date.
[2026-09-10T17:08:24.348] [DEBUG] debug-file - Update task entry:default@CreateModuleInfo output file:D:\HW\testproject\complete\4\entry\build\default\generated\profile\default\ModuleInfo.ts cache.
[2026-09-10T17:08:24.349] [DEBUG] debug-file - Incremental task entry:default@CreateModuleInfo post-execution cost:1 ms .
[2026-09-10T17:08:24.349] [DEBUG] debug-file - There is no need to refresh cache, since the incremental task entry:default@GenerateMetadata is up-to-date.
[2026-09-10T17:08:24.349] [DEBUG] debug-file - There is no need to refresh cache, since the incremental task entry:default@MergeProfile is up-to-date.
[2026-09-10T17:08:24.350] [DEBUG] debug-file - There is no need to refresh cache, since the incremental task entry:default@CreateBuildProfile is up-to-date.
[2026-09-10T17:08:24.352] [DEBUG] debug-file - There is no need to refresh cache, since the incremental task entry:default@GeneratePkgContextInfo is up-to-date.
[2026-09-10T17:08:24.352] [DEBUG] debug-file - Update task entry:default@GeneratePkgSdkInfo output file:D:\HW\testproject\complete\4\entry\build\default\intermediates\loader\default\pkgSdkInfo.json cache.
[2026-09-10T17:08:24.353] [DEBUG] debug-file - Incremental task entry:default@GeneratePkgSdkInfo post-execution cost:1 ms .
[2026-09-10T17:08:24.354] [DEBUG] debug-file - Update task entry:default@ProcessIntegratedHsp output file:D:\HW\testproject\complete\4\build\cache\default\integrated_hsp\integratedHspCache.json cache.
[2026-09-10T17:08:24.355] [DEBUG] debug-file - Incremental task entry:default@ProcessIntegratedHsp post-execution cost:2 ms .
[2026-09-10T17:08:24.355] [DEBUG] debug-file - There is no need to refresh cache, since the incremental task entry:default@MakePackInfo is up-to-date.
[2026-09-10T17:08:24.356] [DEBUG] debug-file - Update task entry:default@SyscapTransform input file:E:\DevEco Studio\sdk\default\openharmony\toolchains\syscap_tool.exe cache by regenerate.
[2026-09-10T17:08:24.358] [DEBUG] debug-file - Update task entry:default@SyscapTransform input file:E:\DevEco Studio\sdk\default\openharmony\ets\api\device-define cache by regenerate.
[2026-09-10T17:08:24.364] [DEBUG] debug-file - Update task entry:default@SyscapTransform output file:D:\HW\testproject\complete\4\entry\build\default\intermediates\syscap\default\rpcid.sc cache.
[2026-09-10T17:08:24.365] [DEBUG] debug-file - Incremental task entry:default@SyscapTransform post-execution cost:9 ms .
[2026-09-10T17:08:24.365] [DEBUG] debug-file - There is no need to refresh cache, since the incremental task entry:default@ProcessProfile is up-to-date.
[2026-09-10T17:08:24.366] [DEBUG] debug-file - There is no need to refresh cache, since the incremental task entry:default@ProcessRouterMap is up-to-date.
[2026-09-10T17:08:24.367] [DEBUG] debug-file - There is no need to refresh cache, since the incremental task entry:default@ProcessShareConfig is up-to-date.
[2026-09-10T17:08:24.368] [DEBUG] debug-file - Update task entry:default@ProcessStartupConfig input file:D:\HW\testproject\complete\4\entry\build\default\intermediates\loader\default\pkgContextInfo.json cache by regenerate.
[2026-09-10T17:08:24.369] [DEBUG] debug-file - Update task entry:default@ProcessStartupConfig output file:D:\HW\testproject\complete\4\entry\build\default\intermediates\startup\default\startup_config.json cache.
[2026-09-10T17:08:24.370] [DEBUG] debug-file - Incremental task entry:default@ProcessStartupConfig post-execution cost:4 ms .
[2026-09-10T17:08:24.370] [DEBUG] debug-file - There is no need to refresh cache, since the incremental task entry:default@ProcessResource is up-to-date.
[2026-09-10T17:08:24.370] [DEBUG] debug-file - There is no need to refresh cache, since the incremental task entry:default@GenerateLoaderJson is up-to-date.
[2026-09-10T17:08:24.371] [DEBUG] debug-file - There is no need to refresh cache, since the incremental task entry:default@ProcessLibs is up-to-date.
[2026-09-10T17:08:24.371] [DEBUG] debug-file - There is no need to refresh cache, since the incremental task entry:default@CompileResource is up-to-date.
[2026-09-10T17:08:24.371] [DEBUG] debug-file - There is no need to refresh cache, since the incremental task entry:default@DoNativeStrip is up-to-date.
[2026-09-10T17:08:24.378] [DEBUG] debug-file - Update task entry:default@CompileArkTS input file:D:\HW\testproject\complete\4\entry\build\default\intermediates\loader\default cache by regenerate.
[2026-09-10T17:08:24.380] [DEBUG] debug-file - Update task entry:default@CompileArkTS input file:D:\HW\testproject\complete\4\entry\build\default\intermediates\res\default\resources\rawfile cache by regenerate.
[2026-09-10T17:08:24.382] [DEBUG] debug-file - Update task entry:default@CompileArkTS input file:D:\HW\testproject\complete\4\entry\build\default\intermediates\res\default\ResourceTable.txt cache by regenerate.
[2026-09-10T17:08:24.383] [DEBUG] debug-file - Update task entry:default@CompileArkTS input file:D:\HW\testproject\complete\4\entry\build\default\intermediates\res\default\ark_module.json cache by regenerate.
[2026-09-10T17:08:24.384] [DEBUG] debug-file - Update task entry:default@CompileArkTS input file:D:\HW\testproject\complete\4\entry\build\default\intermediates\res\default\resources\base\profile cache by regenerate.
[2026-09-10T17:08:24.386] [DEBUG] debug-file - Update task entry:default@CompileArkTS input file:D:\HW\testproject\complete\4\entry\src\main\ets cache from map.
[2026-09-10T17:08:24.386] [DEBUG] debug-file - Update task entry:default@CompileArkTS input file:D:\HW\testproject\complete\4\entry\build\default\intermediates\loader\default\pkgContextInfo.json cache by regenerate.
[2026-09-10T17:08:24.387] [DEBUG] debug-file - Update task entry:default@CompileArkTS input file:D:\HW\testproject\complete\4\entry\build\default\generated\profile\default\BuildProfile.ets cache by regenerate.
[2026-09-10T17:08:24.388] [DEBUG] debug-file - Update task entry:default@CompileArkTS input file:D:\HW\testproject\complete\4\entry\src\mock\mock-config.json5 cache by regenerate.
[2026-09-10T17:08:24.389] [DEBUG] debug-file - Update task entry:default@CompileArkTS output file:D:\HW\testproject\complete\4\entry\build\default\intermediates\loader_out\default\ets cache.
[2026-09-10T17:08:24.391] [DEBUG] debug-file - Incremental task entry:default@CompileArkTS post-execution cost:21 ms .
[2026-09-10T17:08:24.396] [DEBUG] debug-file - Update task entry:default@BuildJS input file:D:\HW\testproject\complete\4\entry\build\default\intermediates\loader\default cache by regenerate.
[2026-09-10T17:08:24.400] [DEBUG] debug-file - Update task entry:default@BuildJS input file:D:\HW\testproject\complete\4\entry\build\default\intermediates\res\default\resources\rawfile cache by regenerate.
[2026-09-10T17:08:24.401] [DEBUG] debug-file - Update task entry:default@BuildJS input file:D:\HW\testproject\complete\4\entry\build\default\intermediates\res\default\ResourceTable.txt cache by regenerate.
[2026-09-10T17:08:24.403] [DEBUG] debug-file - Update task entry:default@BuildJS input file:D:\HW\testproject\complete\4\entry\build\default\intermediates\res\default\ark_module.json cache by regenerate.
[2026-09-10T17:08:24.404] [DEBUG] debug-file - Update task entry:default@BuildJS input file:D:\HW\testproject\complete\4\entry\build\default\intermediates\res\default\resources\base\profile cache by regenerate.
[2026-09-10T17:08:24.406] [DEBUG] debug-file - Update task entry:default@BuildJS input file:D:\HW\testproject\complete\4\entry\build\default\intermediates\loader\default\pkgContextInfo.json cache by regenerate.
[2026-09-10T17:08:24.407] [DEBUG] debug-file - Update task entry:default@BuildJS output file:D:\HW\testproject\complete\4\entry\build\default\intermediates\loader_out\default\js cache.
[2026-09-10T17:08:24.408] [DEBUG] debug-file - Incremental task entry:default@BuildJS post-execution cost:17 ms .
[2026-09-10T17:08:24.408] [DEBUG] debug-file - There is no need to refresh cache, since the incremental task entry:default@CacheNativeLibs is up-to-date.
[2026-09-10T17:08:24.408] [DEBUG] debug-file - There is no need to refresh cache, since the incremental task entry:default@GeneratePkgModuleJson is up-to-date.
[2026-09-10T17:08:24.408] [DEBUG] debug-file - Incremental task entry:default@ProcessCompiledResources post-execution cost:1 ms .
[2026-09-10T17:08:24.412] [DEBUG] debug-file - Update task entry:default@PackageHap input file:D:\HW\testproject\complete\4\entry\build\default\outputs\default\pack.info cache by regenerate.
[2026-09-10T17:08:24.413] [DEBUG] debug-file - Update task entry:default@PackageHap input file:D:\HW\testproject\complete\4\entry\build\default\intermediates\stripped_native_libs\default cache by regenerate.
[2026-09-10T17:08:24.415] [DEBUG] debug-file - Update task entry:default@PackageHap input file:D:\HW\testproject\complete\4\entry\build\default\intermediates\res\default\module.json cache by regenerate.
[2026-09-10T17:08:24.416] [DEBUG] debug-file - Update task entry:default@PackageHap input file:D:\HW\testproject\complete\4\entry\build\default\intermediates\res\default\resources cache by regenerate.
[2026-09-10T17:08:24.423] [DEBUG] debug-file - Update task entry:default@PackageHap input file:D:\HW\testproject\complete\4\entry\build\default\intermediates\res\default\resources.index cache by regenerate.
[2026-09-10T17:08:24.423] [DEBUG] debug-file - Update task entry:default@PackageHap input file:D:\HW\testproject\complete\4\entry\build\default\intermediates\loader_out\default\ets cache from map.
[2026-09-10T17:08:24.423] [DEBUG] debug-file - Update task entry:default@PackageHap input file:D:\HW\testproject\complete\4\entry\build\default\intermediates\loader\default\pkgContextInfo.json cache by regenerate.
[2026-09-10T17:08:24.424] [DEBUG] debug-file - Update task entry:default@PackageHap input file:D:\HW\testproject\complete\4\entry\build\default\intermediates\package\default\module.json cache by regenerate.
[2026-09-10T17:08:24.424] [DEBUG] debug-file - Update task entry:default@PackageHap input file:D:\HW\testproject\complete\4\entry\build\default\intermediates\loader_out\default\ets\sourceMaps.map cache by regenerate.
[2026-09-10T17:08:24.424] [DEBUG] debug-file - Update task entry:default@PackageHap input file:D:\HW\testproject\complete\4\entry\build\default\generated\profile\default\BuildProfile.ets cache by regenerate.
[2026-09-10T17:08:24.425] [DEBUG] debug-file - Update task entry:default@PackageHap output file:D:\HW\testproject\complete\4\entry\build\default\outputs\default\entry-default-unsigned.hap cache.
[2026-09-10T17:08:24.426] [DEBUG] debug-file - Update task entry:default@PackageHap output file:D:\HW\testproject\complete\4\entry\build\default\intermediates\source_map\default\sourceMaps.map cache.
[2026-09-10T17:08:24.427] [DEBUG] debug-file - Update task entry:default@PackageHap output file:D:\HW\testproject\complete\4\entry\build\default\outputs\default\mapping\sourceMaps.map cache.
[2026-09-10T17:08:24.428] [DEBUG] debug-file - Incremental task entry:default@PackageHap post-execution cost:19 ms .
[2026-09-10T17:08:24.428] [DEBUG] debug-file - Update task entry:default@SignHap input file:D:\HW\testproject\complete\4\entry\build\default\outputs\default\entry-default-unsigned.hap cache from map.
[2026-09-10T17:08:24.429] [DEBUG] debug-file - Update task entry:default@SignHap output file:D:\HW\testproject\complete\4\entry\build\default\outputs\default\entry-default-signed.hap cache.
[2026-09-10T17:08:24.430] [DEBUG] debug-file - Incremental task entry:default@SignHap post-execution cost:2 ms .
[2026-09-10T17:08:24.432] [DEBUG] debug-file - Update task entry:default@CollectDebugSymbol input file:D:\HW\testproject\complete\4\entry\build\default\intermediates\loader_out\default\ets\sourceMaps.map cache by regenerate.
[2026-09-10T17:08:24.434] [DEBUG] debug-file - Update task entry:default@CollectDebugSymbol input file:D:\HW\testproject\complete\4\entry\build\default\intermediates\libs\default cache by regenerate.
[2026-09-10T17:08:24.435] [DEBUG] debug-file - Update task entry:default@CollectDebugSymbol output file:D:\HW\testproject\complete\4\entry\build\default\outputs\default\symbol cache.
[2026-09-10T17:08:24.436] [DEBUG] debug-file - Incremental task entry:default@CollectDebugSymbol post-execution cost:7 ms .
[2026-09-10T17:08:24.471] [DEBUG] debug-file - Cleanup worker 14.
[2026-09-10T17:08:24.473] [DEBUG] debug-file - hvigor build process will be closed.
[2026-09-10T17:08:24.497] [DEBUG] debug-file - worker[14] exits with exit code 1.
[2026-09-10T17:08:24.518] [DEBUG] debug-file - session manager: send message to worker process. WorkerThreadId: 0, data: {"type":"hvigor_failed","reason":"Server has disconnected."}
[2026-09-10T17:08:24.520] [DEBUG] debug-file - session manager: send message to worker process. WorkerThreadId: 0, data: {"type":"CloseWatch","reason":"Server has disconnected."}
[2026-09-10T17:08:24.498] [DEBUG] debug-file - Worker 14 has been cleaned up.
[2026-09-10T17:08:24.498] [DEBUG] debug-file - Current idle worker size: 1.
[2026-09-10T17:08:24.498] [DEBUG] debug-file - Current resident worker size: 1.
[2026-09-10T17:08:24.518] [DEBUG] debug-file - watch worker: worker id should be larger than 0. Nothing will be sent to any worker thread.
[2026-09-10T17:08:24.518] [DEBUG] debug-file - ABORT_WORK sent to workers.
[2026-09-10T17:08:24.520] [DEBUG] debug-file - watch worker: worker id should be larger than 0. Nothing will be sent to any worker thread.
[2026-09-10T17:16:13.655] [DEBUG] debug-file - session manager: set active socket. socketId=BzVe-lzjlpbYc_HaAAAd
[2026-09-10T17:16:13.673] [DEBUG] debug-file - watch worker: worker id should be larger than 0. Nothing will be sent to any worker thread.
[2026-09-10T17:16:13.682] [DEBUG] debug-file - Workers' log level updated to INFO
[2026-09-10T17:16:13.689] [DEBUG] debug-file - Hvigor init with startParameters:{
  hvigorfileTypeCheck: false,
  parallelExecution: true,
  incrementalExecution: true,
  printStackTrace: false,
  daemon: true,
  analyze: 0,
  logLevel: Level { level: 20000, levelStr: 'INFO', colour: 'green' },
  optimizationStrategy: 'memory',
  hotCompile: undefined,
  hotReloadBuild: undefined,
  customizedParam: undefined
}
[2026-09-10T17:16:13.701] [DEBUG] debug-file - Cache service initialization finished in 12 ms 
[2026-09-10T17:16:13.703] [DEBUG] debug-file - hvigorfile, resolving D:\HW\testproject\complete\4\hvigorfile.ts
[2026-09-10T17:16:13.714] [DEBUG] debug-file - hvigorfile, require result:  { default: { plugins: [] } }
[2026-09-10T17:16:13.714] [DEBUG] debug-file - hvigorfile, binding system plugins null
[2026-09-10T17:16:13.715] [DEBUG] debug-file - Starting plugin build process
[2026-09-10T17:16:13.715] [DEBUG] debug-file - App plugin prepare start...
[2026-09-10T17:16:13.715] [DEBUG] debug-file - App plugin prepare end...
[2026-09-10T17:16:13.715] [DEBUG] debug-file - App plugin creating...
[2026-09-10T17:16:13.731] [DEBUG] debug-file - App plugin register hook start...
[2026-09-10T17:16:13.732] [DEBUG] debug-file - App plugin register hook end...
[2026-09-10T17:16:13.733] [DEBUG] debug-file - Plugin build process completed
[2026-09-10T17:16:13.733] [DEBUG] debug-file - Start initialize project's product build option map with build mode debug.
[2026-09-10T17:16:13.738] [DEBUG] debug-file - Picking option from product 'default' with build mode 'debug'.
[2026-09-10T17:16:13.739] [DEBUG] debug-file - Product 'default' build option initialized
[2026-09-10T17:16:13.740] [DEBUG] debug-file - End initialize project's product build option map with build mode 'debug'.
[2026-09-10T17:16:13.745] [DEBUG] debug-file - Obtain build option for product 'default'in this build.
[2026-09-10T17:16:13.770] [DEBUG] debug-file - No signingConfig found, initRemoteHspCache failed.
[2026-09-10T17:16:13.777] [DEBUG] debug-file - Start recording SDK configuration permission data.
[2026-09-10T17:16:13.867] [DEBUG] debug-file - Sdk init in 94 ms 
[2026-09-10T17:16:13.871] [DEBUG] debug-file - Project task initialization takes 4 ms 
[2026-09-10T17:16:13.871] [DEBUG] debug-file - hvigorfile, begin to bind custom plugins...
[2026-09-10T17:16:13.871] [DEBUG] debug-file - hvigorfile, no custom plugins were found in D:\HW\testproject\complete\4\hvigorfile.ts
[2026-09-10T17:16:13.872] [DEBUG] debug-file - hvigorfile, resolve finished D:\HW\testproject\complete\4\hvigorfile.ts
[2026-09-10T17:16:13.873] [DEBUG] debug-file - hvigorfile, resolving D:\HW\testproject\complete\4\entry\hvigorfile.ts
[2026-09-10T17:16:13.878] [DEBUG] debug-file - hvigorfile, require result:  { default: { plugins: [] } }
[2026-09-10T17:16:13.878] [DEBUG] debug-file - hvigorfile, binding system plugins null
[2026-09-10T17:16:13.878] [DEBUG] debug-file - Starting plugin build process
[2026-09-10T17:16:13.878] [DEBUG] debug-file - Hap plugin creating...
[2026-09-10T17:16:13.881] [DEBUG] debug-file - failed to load cangjie to dynamically generate schemas: Error: Cannot find module '@ohos/cangjie-build-support/index'
Require stack:
- E:\DevEco Studio\tools\hvigor\hvigor-ohos-plugin\src\plugin\hooks\cangjie-register.js
- E:\DevEco Studio\tools\hvigor\hvigor-ohos-plugin\src\plugin\strategy\stage-init-strategy.js
- E:\DevEco Studio\tools\hvigor\hvigor-ohos-plugin\src\plugin\builder\abstract-plugin-builder.js
- E:\DevEco Studio\tools\hvigor\hvigor-ohos-plugin\src\plugin\builder\app-plugin-builder.js
- E:\DevEco Studio\tools\hvigor\hvigor-ohos-plugin\src\plugin\factory\plugin-factory.js
- E:\DevEco Studio\tools\hvigor\hvigor-ohos-plugin\index.js
- D:\HW\testproject\complete\4\hvigorfile.ts
- E:\DevEco Studio\tools\hvigor\hvigor\src\base\internal\lifecycle\configuration.js
- E:\DevEco Studio\tools\hvigor\hvigor\src\base\boot\index.js
- E:\DevEco Studio\tools\hvigor\hvigor\src\base\daemon\cluster\worker-process-lifecycle.js
- E:\DevEco Studio\tools\hvigor\hvigor\src\base\daemon\process\daemon-process-boot-script.js
[2026-09-10T17:16:13.884] [DEBUG] debug-file - Start initialize module-target build option map, moduleName=entry, buildMode=debug
[2026-09-10T17:16:13.884] [DEBUG] debug-file - Target 'default' config initialized
[2026-09-10T17:16:13.885] [DEBUG] debug-file - Target 'ohosTest' config initialized
[2026-09-10T17:16:13.885] [DEBUG] debug-file - Module 'entry' target 'default' build option initialized
[2026-09-10T17:16:13.885] [DEBUG] debug-file - Module 'entry' target 'ohosTest' build option initialized
[2026-09-10T17:16:13.885] [DEBUG] debug-file - End initialize module-target build option map, moduleName=entry
[2026-09-10T17:16:13.885] [DEBUG] debug-file - Start initialize module-target build option map, moduleName=entry, buildMode=release
[2026-09-10T17:16:13.885] [DEBUG] debug-file - Target 'default' config initialized
[2026-09-10T17:16:13.885] [DEBUG] debug-file - Target 'ohosTest' config initialized
[2026-09-10T17:16:13.886] [DEBUG] debug-file - Module 'entry' target 'default' build option initialized
[2026-09-10T17:16:13.886] [DEBUG] debug-file - Module 'entry' target 'ohosTest' build option initialized
[2026-09-10T17:16:13.886] [DEBUG] debug-file - End initialize module-target build option map, moduleName=entry
[2026-09-10T17:16:13.886] [DEBUG] debug-file - Start initialize module-target build option map, moduleName=entry, buildMode=debug
[2026-09-10T17:16:13.886] [DEBUG] debug-file - Target 'default' config initialized
[2026-09-10T17:16:13.886] [DEBUG] debug-file - Target 'ohosTest' config initialized
[2026-09-10T17:16:13.887] [DEBUG] debug-file - Module 'entry' target 'default' build option initialized
[2026-09-10T17:16:13.887] [DEBUG] debug-file - Module 'entry' target 'ohosTest' build option initialized
[2026-09-10T17:16:13.887] [DEBUG] debug-file - End initialize module-target build option map, moduleName=entry
[2026-09-10T17:16:13.887] [DEBUG] debug-file - Obtain build option for module 'entry' target 'default'in this build.
[2026-09-10T17:16:13.890] [DEBUG] debug-file - Module entry task initialization takes 2 ms 
[2026-09-10T17:16:13.890] [DEBUG] debug-file - Hap plugin register hook start...
[2026-09-10T17:16:13.891] [DEBUG] debug-file - Hap plugin register hook end...
[2026-09-10T17:16:13.891] [DEBUG] debug-file - Plugin build process completed
[2026-09-10T17:16:13.891] [DEBUG] debug-file - hvigorfile, begin to bind custom plugins...
[2026-09-10T17:16:13.891] [DEBUG] debug-file - hvigorfile, no custom plugins were found in D:\HW\testproject\complete\4\entry\hvigorfile.ts
[2026-09-10T17:16:13.891] [DEBUG] debug-file - hvigorfile, resolve finished D:\HW\testproject\complete\4\entry\hvigorfile.ts
[2026-09-10T17:16:14.039] [DEBUG] debug-file - hvigorfile, resolve hvigorfile dependencies in 147 ms 
[2026-09-10T17:16:14.040] [DEBUG] debug-file - project has submodules:entry
[2026-09-10T17:16:14.043] [DEBUG] debug-file - start to load updatedOhPackageInfo to the disk
[2026-09-10T17:16:14.047] [DEBUG] debug-file - load to the disk finished
[2026-09-10T17:16:14.048] [DEBUG] debug-file - Start to initialize dependency information.
[2026-09-10T17:16:14.081] [DEBUG] debug-file - Module 4 Collected Dependency: 
[2026-09-10T17:16:14.081] [DEBUG] debug-file - Module 4's total dependency: 0
[2026-09-10T17:16:14.081] [DEBUG] debug-file - Start to initialize dependency information.
[2026-09-10T17:16:14.086] [DEBUG] debug-file - Module entry Collected Dependency: 
[2026-09-10T17:16:14.087] [DEBUG] debug-file - Module entry's total dependency: 0
[2026-09-10T17:16:14.091] [DEBUG] debug-file - Configuration phase cost:389 ms 
[2026-09-10T17:16:14.093] [DEBUG] debug-file - Configuration task cost before running: 411 ms 
[2026-09-10T17:16:14.101] [DEBUG] debug-file - Executing task :entry:default@PreBuild
[2026-09-10T17:16:14.107] [DEBUG] debug-file - Task 'entry:default@PreBuild' cost while wrapping incremental declarations: 1 ms 
[2026-09-10T17:16:14.122] [DEBUG] debug-file - Incremental task entry:default@PreBuild pre-execution cost: 8 ms .
[2026-09-10T17:16:14.122] [DEBUG] debug-file - entry : default@PreBuild cost memory 0.5092849731445312
[2026-09-10T17:16:14.126] [INFO] debug-file - UP-TO-DATE :entry:default@PreBuild...  
[2026-09-10T17:16:14.127] [DEBUG] debug-file - Executing task :entry:default@CreateModuleInfo
[2026-09-10T17:16:14.127] [DEBUG] debug-file - Task 'entry:default@CreateModuleInfo' cost while wrapping incremental declarations: 1 ms 
[2026-09-10T17:16:14.127] [DEBUG] debug-file - entry : default@CreateModuleInfo cost memory 0.03699493408203125
[2026-09-10T17:16:14.128] [DEBUG] debug-file - runTaskFromQueue task cost before running: 445 ms 
[2026-09-10T17:16:14.128] [INFO] debug-file - Finished :entry:default@CreateModuleInfo... after 1 ms 
[2026-09-10T17:16:14.129] [DEBUG] debug-file - Executing task :entry:default@GenerateMetadata
[2026-09-10T17:16:14.130] [DEBUG] debug-file - Task 'entry:default@GenerateMetadata' cost while wrapping incremental declarations: 1 ms 
[2026-09-10T17:16:14.131] [DEBUG] debug-file - Incremental task entry:default@GenerateMetadata pre-execution cost: 1 ms .
[2026-09-10T17:16:14.131] [DEBUG] debug-file - entry : default@GenerateMetadata cost memory 0.071441650390625
[2026-09-10T17:16:14.131] [INFO] debug-file - UP-TO-DATE :entry:default@GenerateMetadata...  
[2026-09-10T17:16:14.132] [DEBUG] debug-file - Executing task :entry:default@ConfigureCmake
[2026-09-10T17:16:14.132] [DEBUG] debug-file - entry : default@ConfigureCmake cost memory 0.01378631591796875
[2026-09-10T17:16:14.132] [DEBUG] debug-file - runTaskFromQueue task cost before running: 450 ms 
[2026-09-10T17:16:14.133] [INFO] debug-file - Finished :entry:default@ConfigureCmake... after 1 ms 
[2026-09-10T17:16:14.134] [DEBUG] debug-file - Executing task :entry:default@MergeProfile
[2026-09-10T17:16:14.134] [DEBUG] debug-file - Task 'entry:default@MergeProfile' cost while wrapping incremental declarations: 1 ms 
[2026-09-10T17:16:14.136] [DEBUG] debug-file - Incremental task entry:default@MergeProfile pre-execution cost: 2 ms .
[2026-09-10T17:16:14.136] [DEBUG] debug-file - entry : default@MergeProfile cost memory 0.1137847900390625
[2026-09-10T17:16:14.137] [INFO] debug-file - UP-TO-DATE :entry:default@MergeProfile...  
[2026-09-10T17:16:14.138] [DEBUG] debug-file - Executing task :entry:default@CreateBuildProfile
[2026-09-10T17:16:14.139] [DEBUG] debug-file - Task 'entry:default@CreateBuildProfile' cost while wrapping incremental declarations: 1 ms 
[2026-09-10T17:16:14.142] [DEBUG] debug-file - Incremental task entry:default@CreateBuildProfile pre-execution cost: 3 ms .
[2026-09-10T17:16:14.142] [DEBUG] debug-file - entry : default@CreateBuildProfile cost memory 0.09067535400390625
[2026-09-10T17:16:14.143] [INFO] debug-file - UP-TO-DATE :entry:default@CreateBuildProfile...  
[2026-09-10T17:16:14.145] [DEBUG] debug-file - Executing task :entry:default@PreCheckSyscap
[2026-09-10T17:16:14.146] [DEBUG] debug-file - entry : default@PreCheckSyscap cost memory 0.01399993896484375
[2026-09-10T17:16:14.146] [DEBUG] debug-file - runTaskFromQueue task cost before running: 464 ms 
[2026-09-10T17:16:14.147] [INFO] debug-file - Finished :entry:default@PreCheckSyscap... after 1 ms 
[2026-09-10T17:16:14.149] [DEBUG] debug-file - Executing task :entry:default@GeneratePkgContextInfo
[2026-09-10T17:16:14.153] [DEBUG] debug-file - Task 'entry:default@GeneratePkgContextInfo' cost while wrapping incremental declarations: 1 ms 
[2026-09-10T17:16:14.154] [DEBUG] debug-file - Incremental task entry:default@GeneratePkgContextInfo pre-execution cost: 1 ms .
[2026-09-10T17:16:14.154] [DEBUG] debug-file - entry : default@GeneratePkgContextInfo cost memory 0.1680450439453125
[2026-09-10T17:16:14.155] [INFO] debug-file - UP-TO-DATE :entry:default@GeneratePkgContextInfo...  
[2026-09-10T17:16:14.157] [DEBUG] debug-file - Executing task :entry:default@GeneratePkgSdkInfo
[2026-09-10T17:16:14.162] [DEBUG] debug-file - Task 'entry:default@GeneratePkgSdkInfo' cost while wrapping incremental declarations: 1 ms 
[2026-09-10T17:16:14.163] [DEBUG] debug-file - entry : default@GeneratePkgSdkInfo cost memory 0.097381591796875
[2026-09-10T17:16:14.163] [DEBUG] debug-file - runTaskFromQueue task cost before running: 481 ms 
[2026-09-10T17:16:14.164] [INFO] debug-file - Finished :entry:default@GeneratePkgSdkInfo... after 7 ms 
[2026-09-10T17:16:14.178] [DEBUG] debug-file - Executing task :entry:default@ProcessIntegratedHsp
[2026-09-10T17:16:14.180] [DEBUG] debug-file - entry:default@ProcessIntegratedHsp is not up-to-date, since the output file 'D:\HW\testproject\complete\4\build\cache\default\integrated_hsp\integratedHspCache.json' does not exist.
[2026-09-10T17:16:14.180] [DEBUG] debug-file - Incremental task entry:default@ProcessIntegratedHsp pre-execution cost: 1 ms .
[2026-09-10T17:16:14.181] [DEBUG] debug-file - entry : default@ProcessIntegratedHsp cost memory 0.04779052734375
[2026-09-10T17:16:14.181] [DEBUG] debug-file - runTaskFromQueue task cost before running: 499 ms 
[2026-09-10T17:16:14.182] [INFO] debug-file - Finished :entry:default@ProcessIntegratedHsp... after 3 ms 
[2026-09-10T17:16:14.184] [DEBUG] debug-file - Executing task :entry:default@BuildNativeWithCmake
[2026-09-10T17:16:14.185] [DEBUG] debug-file - entry : default@BuildNativeWithCmake cost memory 0.02753448486328125
[2026-09-10T17:16:14.185] [DEBUG] debug-file - runTaskFromQueue task cost before running: 503 ms 
[2026-09-10T17:16:14.186] [INFO] debug-file - Finished :entry:default@BuildNativeWithCmake... after 2 ms 
[2026-09-10T17:16:14.188] [DEBUG] debug-file - Executing task :entry:default@MakePackInfo
[2026-09-10T17:16:14.197] [DEBUG] debug-file - Incremental task entry:default@MakePackInfo pre-execution cost: 6 ms .
[2026-09-10T17:16:14.197] [DEBUG] debug-file - entry : default@MakePackInfo cost memory 0.1009063720703125
[2026-09-10T17:16:14.200] [INFO] debug-file - UP-TO-DATE :entry:default@MakePackInfo...  
[2026-09-10T17:16:14.202] [DEBUG] debug-file - Executing task :entry:default@SyscapTransform
[2026-09-10T17:16:14.203] [DEBUG] debug-file - File: 'D:\HW\testproject\complete\4\entry\src\main\syscap.json' from 'sysCapJsonPath' is not exists, just ignore.
[2026-09-10T17:16:14.205] [DEBUG] debug-file - Task 'entry:default@SyscapTransform' cost while wrapping incremental declarations: 3 ms 
[2026-09-10T17:16:14.214] [DEBUG] debug-file - entry:default@SyscapTransform is not up-to-date, since the output file 'D:\HW\testproject\complete\4\entry\build\default\intermediates\syscap\default\rpcid.sc' does not exist.
[2026-09-10T17:16:14.214] [DEBUG] debug-file - Incremental task entry:default@SyscapTransform pre-execution cost: 9 ms .
[2026-09-10T17:16:14.215] [DEBUG] debug-file - entry : default@SyscapTransform cost memory 0.10723876953125
[2026-09-10T17:16:14.215] [DEBUG] debug-file - runTaskFromQueue task cost before running: 533 ms 
[2026-09-10T17:16:14.217] [INFO] debug-file - Finished :entry:default@SyscapTransform... after 14 ms 
[2026-09-10T17:16:14.222] [DEBUG] debug-file - Executing task :entry:default@ProcessProfile
[2026-09-10T17:16:14.231] [DEBUG] debug-file - Task 'entry:default@ProcessProfile' cost while wrapping incremental declarations: 1 ms 
[2026-09-10T17:16:14.234] [DEBUG] debug-file - Incremental task entry:default@ProcessProfile pre-execution cost: 3 ms .
[2026-09-10T17:16:14.235] [DEBUG] debug-file - entry : default@ProcessProfile cost memory -0.03847503662109375
[2026-09-10T17:16:14.236] [INFO] debug-file - UP-TO-DATE :entry:default@ProcessProfile...  
[2026-09-10T17:16:14.242] [DEBUG] debug-file - Executing task :entry:default@ProcessRouterMap
[2026-09-10T17:16:14.250] [DEBUG] debug-file - Incremental task entry:default@ProcessRouterMap pre-execution cost: 6 ms .
[2026-09-10T17:16:14.251] [DEBUG] debug-file - entry : default@ProcessRouterMap cost memory 0.12197113037109375
[2026-09-10T17:16:14.252] [INFO] debug-file - UP-TO-DATE :entry:default@ProcessRouterMap...  
[2026-09-10T17:16:14.257] [DEBUG] debug-file - Executing task :entry:default@ProcessShareConfig
[2026-09-10T17:16:14.263] [DEBUG] debug-file - Incremental task entry:default@ProcessShareConfig pre-execution cost: 5 ms .
[2026-09-10T17:16:14.264] [DEBUG] debug-file - entry : default@ProcessShareConfig cost memory 0.1022186279296875
[2026-09-10T17:16:14.265] [INFO] debug-file - UP-TO-DATE :entry:default@ProcessShareConfig...  
[2026-09-10T17:16:14.267] [DEBUG] debug-file - Executing task :entry:default@ProcessStartupConfig
[2026-09-10T17:16:14.267] [DEBUG] debug-file - Task 'entry:default@ProcessStartupConfig' cost while wrapping incremental declarations: 1 ms 
[2026-09-10T17:16:14.271] [DEBUG] debug-file - entry:default@ProcessStartupConfig is not up-to-date, since the output file 'D:\HW\testproject\complete\4\entry\build\default\intermediates\startup\default\startup_config.json' does not exist.
[2026-09-10T17:16:14.272] [DEBUG] debug-file - Incremental task entry:default@ProcessStartupConfig pre-execution cost: 4 ms .
[2026-09-10T17:16:14.276] [DEBUG] debug-file - entry : default@ProcessStartupConfig cost memory 0.1090850830078125
[2026-09-10T17:16:14.277] [DEBUG] debug-file - runTaskFromQueue task cost before running: 594 ms 
[2026-09-10T17:16:14.279] [INFO] debug-file - Finished :entry:default@ProcessStartupConfig... after 10 ms 
[2026-09-10T17:16:14.283] [DEBUG] debug-file - Executing task :entry:default@BuildNativeWithNinja
[2026-09-10T17:16:14.285] [DEBUG] debug-file - entry : default@BuildNativeWithNinja cost memory 0.0184173583984375
[2026-09-10T17:16:14.286] [DEBUG] debug-file - runTaskFromQueue task cost before running: 604 ms 
[2026-09-10T17:16:14.288] [INFO] debug-file - Finished :entry:default@BuildNativeWithNinja... after 3 ms 
[2026-09-10T17:16:14.294] [DEBUG] debug-file - restool module names: entry; moduleName=entry, taskName=default@ProcessResource
[2026-09-10T17:16:14.299] [DEBUG] debug-file - Executing task :entry:default@ProcessResource
[2026-09-10T17:16:14.300] [DEBUG] debug-file - Task 'entry:default@ProcessResource' cost while wrapping incremental declarations: 1 ms 
[2026-09-10T17:16:14.307] [DEBUG] debug-file - Incremental task entry:default@ProcessResource pre-execution cost: 6 ms .
[2026-09-10T17:16:14.307] [DEBUG] debug-file - entry : default@ProcessResource cost memory 0.10706329345703125
[2026-09-10T17:16:14.316] [INFO] debug-file - UP-TO-DATE :entry:default@ProcessResource...  
[2026-09-10T17:16:14.324] [DEBUG] debug-file - Executing task :entry:default@GenerateLoaderJson
[2026-09-10T17:16:14.328] [DEBUG] debug-file - Task 'entry:default@GenerateLoaderJson' cost while wrapping incremental declarations: 1 ms 
[2026-09-10T17:16:14.367] [DEBUG] debug-file - Incremental task entry:default@GenerateLoaderJson pre-execution cost: 23 ms .
[2026-09-10T17:16:14.368] [DEBUG] debug-file - entry : default@GenerateLoaderJson cost memory 0.40573883056640625
[2026-09-10T17:16:14.384] [INFO] debug-file - UP-TO-DATE :entry:default@GenerateLoaderJson...  
[2026-09-10T17:16:14.388] [DEBUG] debug-file - Executing task :entry:default@ProcessLibs
[2026-09-10T17:16:14.390] [DEBUG] debug-file - Task 'entry:default@ProcessLibs' cost while wrapping incremental declarations: 1 ms 
[2026-09-10T17:16:14.399] [DEBUG] debug-file - Incremental task entry:default@ProcessLibs pre-execution cost: 7 ms .
[2026-09-10T17:16:14.400] [DEBUG] debug-file - entry : default@ProcessLibs cost memory 0.09052276611328125
[2026-09-10T17:16:14.402] [INFO] debug-file - UP-TO-DATE :entry:default@ProcessLibs...  
[2026-09-10T17:16:14.408] [DEBUG] debug-file - restool module names: entry; moduleName=entry, taskName=default@CompileResource
[2026-09-10T17:16:14.411] [DEBUG] debug-file - Executing task :entry:default@CompileResource
[2026-09-10T17:16:14.470] [DEBUG] debug-file - Incremental task entry:default@CompileResource pre-execution cost: 52 ms .
[2026-09-10T17:16:14.471] [DEBUG] debug-file - entry : default@CompileResource cost memory 0.463531494140625
[2026-09-10T17:16:14.475] [INFO] debug-file - UP-TO-DATE :entry:default@CompileResource...  
[2026-09-10T17:16:14.478] [DEBUG] debug-file - Executing task :entry:default@DoNativeStrip
[2026-09-10T17:16:14.478] [DEBUG] debug-file - File: 'D:\HW\testproject\complete\4\entry\build\default\intermediates\binxo\default' from 'doBinxoNativeLibs' is not exists, just ignore.
[2026-09-10T17:16:14.479] [DEBUG] debug-file - Task 'entry:default@DoNativeStrip' cost while wrapping incremental declarations: 2 ms 
[2026-09-10T17:16:14.481] [DEBUG] debug-file - Incremental task entry:default@DoNativeStrip pre-execution cost: 2 ms .
[2026-09-10T17:16:14.481] [DEBUG] debug-file - entry : default@DoNativeStrip cost memory 0.07122802734375
[2026-09-10T17:16:14.482] [INFO] debug-file - UP-TO-DATE :entry:default@DoNativeStrip...  
[2026-09-10T17:16:14.484] [DEBUG] debug-file - Executing task :entry:default@CompileArkTS
[2026-09-10T17:16:14.484] [DEBUG] debug-file - obfuscationOptions: undefined
[2026-09-10T17:16:14.486] [DEBUG] debug-file - Task 'entry:default@CompileArkTS' cost while wrapping incremental declarations: 1 ms 
[2026-09-10T17:16:14.500] [DEBUG] debug-file - entry:default@CompileArkTS is not up-to-date, since the input file 'D:\HW\testproject\complete\4\entry\src\main\ets' has been changed.
[2026-09-10T17:16:14.500] [DEBUG] debug-file - Incremental task entry:default@CompileArkTS pre-execution cost: 10 ms .
[2026-09-10T17:16:14.525] [DEBUG] debug-file - build config:
[2026-09-10T17:16:14.525] [DEBUG] debug-file - {
  moduleType: 'entry',
  perf: 0,
  targetName: '.default',
  packageManagerType: 'ohpm',
  localPropertiesPath: 'D:\\HW\\testproject\\complete\\4\\local.properties',
  isPreview: false,
  isOhosTest: false,
  isLocalTest: false,
  buildMode: 'Debug',
  hotReloadBuild: undefined,
  watchMode: 'false',
  aceProfilePath: 'D:\\HW\\testproject\\complete\\4\\entry\\build\\default\\intermediates\\res\\default\\resources\\base\\profile',
  etsLoaderPath: 'E:\\DevEco Studio\\sdk\\default\\openharmony\\ets\\build-tools\\ets-loader',
  modulePath: 'D:\\HW\\testproject\\complete\\4\\entry',
  testFrameworkPar: {
    testMode: undefined,
    coveragePathFilter: undefined,
    coverageMode: undefined
  },
  needCoverageInsert: false,
  debugLine: false,
  projectTopDir: 'D:\\HW\\testproject\\complete\\4',
  compileSdkVersion: 26,
  compatibleSdkVersion: 26,
  originCompatibleSdkVersion: '26.0.0',
  compatibleSdkVersionStage: undefined,
  bundleName: 'c***p',
  etsLoaderVersion: '26.0.0.105',
  etsLoaderReleaseType: 'Release',
  aotCompileMode: 'type',
  apPath: 'D:\\HW\\testproject\\complete\\4\\entry\\modules.ap',
  entryModuleName: 'entry',
  entryModuleVersion: '1.0.0',
  entryPackageName: 'entry',
  allModuleNameHash: '30e07d57c30f75288c09608296ed8ed07fc604f1881982510ff25b77cb397b11',
  externalApiPaths: [ 'E:\\DevEco Studio\\sdk\\default\\hms\\ets' ],
  compilerTypes: [],
  isCrossplatform: false,
  hvigorPluginFile: undefined,
  compilePluginPath: undefined,
  buildGeneratedProfilePath: 'D:\\HW\\testproject\\complete\\4\\entry\\build\\default\\generated\\profile\\default',
  bundleType: 'app',
  arkTSVersion: undefined,
  apiVersion: 26,
  needCompleteSourcesMap: false,
  isFaMode: false,
  buildDir: 'D:\\HW\\testproject\\complete\\4\\entry\\build',
  buildCacheProjectDir: 'D:\\HW\\testproject\\complete\\4',
  deviceTypes: [ 'phone' ],
  pkgContextInfo: {
    '@ohos/hypium': {
      packageName: '@ohos/hypium',
      bundleName: '*****',
      moduleName: '',
      version: '1.0.24',
      entryPath: 'index.js',
      isSO: false,
      dependencyAlias: ''
    },
    '@ohos/hamock': {
      packageName: '@ohos/hamock',
      bundleName: '*****',
      moduleName: '',
      version: '1.0.0',
      entryPath: 'index.ets',
      isSO: false,
      dependencyAlias: ''
    },
    entry: {
      packageName: 'entry',
      bundleName: '*****',
      moduleName: '',
      version: '',
      entryPath: 'src/main/',
      isSO: false,
      dependencyAlias: ''
    }
  },
  ohPackagePathMap: {},
  dependencyAliasMap: {},
  permission: { requestPermissions: undefined, definePermissions: undefined },
  useGetCurrentBundleName: false,
  projectArkOption: undefined,
  sourceMapDir: undefined,
  branchElimination: false,
  transformLib: undefined,
  tsImportSendable: false,
  resolveConflictMode: true,
  depName2RootPath: {},
  depName2DepInfo: {},
  depName2OhExports: {},
  rootPathSet: [ 'D:\\HW\\testproject\\complete\\4' ],
  useNativeResolver: true,
  shouldEmitJs: true,
  useUnifiedAst: false,
  useTscResolve: false,
  singleFileEmit: false,
  userProjectConfig: {
    autoLazyImport: false,
    allowEmptyBundleName: false,
    reExportCheckMode: 'noCheck',
    executionMode: 'memory',
    usePathPlaceholder: false,
    writeRollupCache: true,
    isExpandImportEnabled: false,
    expandImportExclude: '',
    lazyImportExclude: '',
    lazyImportInclude: '',
    ignoreCrossplatformCheck: false,
    isHarDeduplicateEnabled: false,
    skipOhModulesLint: false,
    enableStrictCheckOHModule: false,
    disableSendableCheckRules: [],
    useDeclarationFileSignature: false,
    customizedOptions: undefined,
    integratedHsp: false,
    tsImportSoCheck: false,
    isPreloadSoEnabled: false
  },
  executionMode: 'memory',
  arkCompileCachePath: 'D:\\HW\\testproject\\complete\\4\\entry\\build\\default\\cache\\default\\default@CompileArkTS\\esmodule',
  autoLazyFilter: undefined,
  isHarDeduplicateEnabled: false,
  intermediateHarDuplicateDirPath: 'D:\\HW\\testproject\\complete\\4\\entry\\build\\default\\intermediates\\har_duplicate\\default',
  autoLazyImport: false,
  allowEmptyBundleName: false,
  reExportCheckMode: 'noCheck',
  usePathPlaceholder: false,
  writeRollupCache: true,
  isExpandImportEnabled: false,
  expandImportExclude: '',
  lazyImportExclude: '',
  lazyImportInclude: '',
  ignoreCrossplatformCheck: false,
  skipOhModulesLint: false,
  enableStrictCheckOHModule: false,
  disableSendableCheckRules: [],
  useDeclarationFileSignature: false,
  customizedOptions: undefined,
  integratedHsp: false,
  tsImportSoCheck: false,
  isPreloadSoEnabled: false,
  strictMode: {
    caseSensitiveCheck: true,
    useNormalizedOHMUrl: true,
    noExternalImportByPath: true
  },
  useNormalizedOHMUrl: true,
  caseSensitiveCheck: true,
  strictCheckerOnly: false,
  aceModuleJsonPath: 'D:\\HW\\testproject\\complete\\4\\entry\\build\\default\\intermediates\\res\\default\\ark_module.json',
  appResource: 'D:\\HW\\testproject\\complete\\4\\entry\\build\\default\\intermediates\\res\\default\\ResourceTable.txt',
  rawFileResource: 'D:\\HW\\testproject\\complete\\4\\entry\\build\\default\\intermediates\\res\\default\\resources\\rawfile',
  resourceTableHash: 'd81a83941c07883d4327563ba2cfe0ac7f68042912820a1577b99d29cbd144cc',
  runtimeOS: 'HarmonyOS',
  sdkInfo: 'false:26:26.0.0.105:Release',
  aceModuleRoot: 'D:\\HW\\testproject\\complete\\4\\entry\\src\\main\\ets',
  compileMode: 'esmodule',
  aceSuperVisualPath: 'D:\\HW\\testproject\\complete\\4\\entry\\src\\main\\supervisual',
  aceBuildJson: 'D:\\HW\\testproject\\complete\\4\\entry\\build\\default\\intermediates\\loader\\default\\loader.json',
  cachePath: 'D:\\HW\\testproject\\complete\\4\\entry\\build\\default\\cache\\default\\default@CompileArkTS\\esmodule\\debug',
  aceModuleBuild: 'D:\\HW\\testproject\\complete\\4\\entry\\build\\default\\intermediates\\loader_out\\default\\ets',
  supportChunks: true,
  declaredFilesPath: undefined,
  shouldCollectDirectImportees: false,
  isByteCodeHarOptimize: false,
  expandImportPath: undefined,
  resourceTableTs: 'D:\\HW\\testproject\\complete\\4\\entry\\build\\default\\generated\\r\\default\\ResourceTable.ts',
  moduleMetaInfoFiles: [
    {
      filePath: 'D:\\HW\\testproject\\complete\\4\\entry\\build\\default\\generated\\r\\default\\ResourceTable.ts',
      ohmurl: '&entry/build/generated/r/ResourceTable&'
    }
  ],
  pkgNameToPkgBriefInfo: {
    entry: {
      pkgRoot: 'D:\\HW\\testproject\\complete\\4\\entry',
      originalSourceRoots: undefined,
      sourceRoots: [Array],
      pkgName: 'entry'
    }
  },
  projectModel: {
    'D:\\HW\\testproject\\complete\\4\\entry\\src\\main': {
      moduleName: 'entry',
      modulePkgPath: 'D:\\HW\\testproject\\complete\\4\\entry',
      belongProjectPath: 'D:\\HW\\testproject\\complete\\4'
    },
    'D:\\HW\\testproject\\complete\\4\\entry\\.test\\default\\intermediates\\src\\ohosTest\\ets': {
      moduleName: 'entry_test',
      modulePkgPath: 'D:\\HW\\testproject\\complete\\4\\entry',
      belongProjectPath: 'D:\\HW\\testproject\\complete\\4'
    },
    'D:\\HW\\testproject\\complete\\4\\entry\\src\\ohosTest': {
      moduleName: 'entry_test',
      modulePkgPath: 'D:\\HW\\testproject\\complete\\4\\entry',
      belongProjectPath: 'D:\\HW\\testproject\\complete\\4'
    },
    'D:\\HW\\testproject\\complete\\4\\entry': {
      moduleName: 'entry',
      modulePkgPath: 'D:\\HW\\testproject\\complete\\4\\entry',
      belongProjectPath: 'D:\\HW\\testproject\\complete\\4'
    },
    'D:\\HW\\testproject\\complete\\4': {
      moduleName: '4',
      modulePkgPath: 'D:\\HW\\testproject\\complete\\4',
      belongProjectPath: 'D:\\HW\\testproject\\complete\\4'
    }
  },
  pkgJsonFileHash: '7ab10e622b876a852aaa87f883a5ca46773dc428b9273d7582651c0540669143',
  allModulePaths: [ 'D:\\HW\\testproject\\complete\\4\\entry' ],
  routerMap: {},
  obfuscationOptions: undefined,
  byteCodeHarToDependencyKeys: undefined,
  compileBlockPkg: [],
  mockParams: {
    decorator: '@MockSetup',
    packageName: '@ohos/hamock',
    etsSourceRootPath: 'src/main/ets',
    mockConfigPath: 'D:\\HW\\testproject\\complete\\4\\entry\\src\\mock\\mock-config.json5',
    mockConfigKey2ModuleInfo: {},
    source2ModuleIdMap: {}
  },
  copyCodeResourceEnable: false,
  copyCodeResourceExcludes: [],
  copyCodeResourceIncludes: undefined,
  uiTransformOptimization: false,
  sdkPath: 'E:/DevEco Studio/sdk',
  needPreloadSoFileSet: {},
  preloadSoFilePath: 'D:\\HW\\testproject\\complete\\4\\entry\\build\\default\\intermediates\\preload\\default\\preload.json',
  useSourceHash: false,
  localModuleParamMap: {},
  otherPaths: {
    'entry/*': [
      '..\\*',
      '..\\..\\..\\build\\default\\generated\\profile\\default\\*'
    ]
  },
  collectImportersConfig: undefined
}
[2026-09-10T17:16:14.526] [DEBUG] debug-file - Compile arkts with external api path: E:\DevEco Studio\sdk\default\hms\ets
[2026-09-10T17:16:14.534] [DEBUG] debug-file - before submitting ArkTS compile task to worker pool, config.buildDir: D:\HW\testproject\complete\4\entry\build
[2026-09-10T17:16:14.536] [DEBUG] debug-file - default@CompileArkTS work[25] is submitted.
[2026-09-10T17:16:14.539] [DEBUG] debug-file - default@CompileArkTS work[25] is pushed to ready queue.
[2026-09-10T17:16:14.539] [DEBUG] debug-file - A work dispatched to worker[15] failed because unable to get work from ready queue.
[2026-09-10T17:16:14.539] [DEBUG] debug-file - A work dispatched to worker[14] failed because unable to get work from ready queue.
[2026-09-10T17:16:14.539] [DEBUG] debug-file - A work dispatched to worker[13] failed because unable to get work from ready queue.
[2026-09-10T17:16:14.539] [DEBUG] debug-file - A work dispatched to worker[12] failed because unable to get work from ready queue.
[2026-09-10T17:16:14.539] [DEBUG] debug-file - A work dispatched to worker[11] failed because unable to get work from ready queue.
[2026-09-10T17:16:14.539] [DEBUG] debug-file - A work dispatched to worker[10] failed because unable to get work from ready queue.
[2026-09-10T17:16:14.539] [DEBUG] debug-file - A work dispatched to worker[9] failed because unable to get work from ready queue.
[2026-09-10T17:16:14.539] [DEBUG] debug-file - A work dispatched to worker[8] failed because unable to get work from ready queue.
[2026-09-10T17:16:14.540] [DEBUG] debug-file - A work dispatched to worker[7] failed because unable to get work from ready queue.
[2026-09-10T17:16:14.540] [DEBUG] debug-file - A work dispatched to worker[6] failed because unable to get work from ready queue.
[2026-09-10T17:16:14.540] [DEBUG] debug-file - A work dispatched to worker[5] failed because unable to get work from ready queue.
[2026-09-10T17:16:14.540] [DEBUG] debug-file - default@CompileArkTS work[25] has been dispatched to worker[4].
[2026-09-10T17:16:14.541] [DEBUG] debug-file - default@CompileArkTS work[25] is dispatched.
[2026-09-10T17:16:14.541] [DEBUG] debug-file - entry : default@CompileArkTS cost memory 0.9925384521484375
[2026-09-10T17:16:14.544] [DEBUG] debug-file - Executing task :entry:default@BuildJS
[2026-09-10T17:16:14.544] [DEBUG] debug-file - Task 'entry:default@BuildJS' cost while wrapping incremental declarations: 1 ms 
[2026-09-10T17:16:14.548] [DEBUG] debug-file - entry : default@BuildJS cost memory 0.10961151123046875
[2026-09-10T17:16:14.549] [DEBUG] debug-file - runTaskFromQueue task cost before running: 867 ms 
[2026-09-10T17:16:14.549] [INFO] debug-file - Finished :entry:default@BuildJS... after 5 ms 
[2026-09-10T17:16:14.551] [DEBUG] debug-file - Executing task :entry:default@CacheNativeLibs
[2026-09-10T17:16:14.552] [DEBUG] debug-file - File: 'D:\HW\testproject\complete\4\entry\build\default\intermediates\binxo\default' from 'cacheBinxoNativeLibs' is not exists, just ignore.
[2026-09-10T17:16:14.552] [DEBUG] debug-file - Task 'entry:default@CacheNativeLibs' cost while wrapping incremental declarations: 1 ms 
[2026-09-10T17:16:14.554] [DEBUG] debug-file - Incremental task entry:default@CacheNativeLibs pre-execution cost: 2 ms .
[2026-09-10T17:16:14.554] [DEBUG] debug-file - entry : default@CacheNativeLibs cost memory 0.08287811279296875
[2026-09-10T17:16:14.555] [INFO] debug-file - UP-TO-DATE :entry:default@CacheNativeLibs...  
[2026-09-10T17:16:16.906] [DEBUG] debug-file - Ark compile task finished.finished time is 192598646533800
[2026-09-10T17:16:16.908] [DEBUG] debug-file - worker[4] has one work done.
[2026-09-10T17:16:16.912] [DEBUG] debug-file - default@CompileArkTS work[25] done.
[2026-09-10T17:16:16.923] [INFO] debug-file - Finished :entry:default@CompileArkTS... after 2 s 423 ms 
[2026-09-10T17:16:16.931] [DEBUG] debug-file - Executing task :entry:default@GeneratePkgModuleJson
[2026-09-10T17:16:16.934] [DEBUG] debug-file - File: 'D:\HW\testproject\complete\4\entry\build\default\intermediates\preload\default\preload.json' from 'preloadSoJsonPath' is not exists, just ignore.
[2026-09-10T17:16:16.934] [DEBUG] debug-file - Error occurs while handling @Input 'shouldDeduplicateHar': The "data" argument must be of type string or an instance of Buffer, TypedArray, or DataView. Received undefined
[2026-09-10T17:16:16.935] [DEBUG] debug-file - Task 'entry:default@GeneratePkgModuleJson' cost while wrapping incremental declarations: 2 ms 
[2026-09-10T17:16:16.943] [DEBUG] debug-file - Incremental task entry:default@GeneratePkgModuleJson pre-execution cost: 8 ms .
[2026-09-10T17:16:16.943] [DEBUG] debug-file - entry : default@GeneratePkgModuleJson cost memory 0.0871429443359375
[2026-09-10T17:16:16.944] [INFO] debug-file - UP-TO-DATE :entry:default@GeneratePkgModuleJson...  
[2026-09-10T17:16:16.946] [DEBUG] debug-file - Executing task :entry:default@ProcessCompiledResources
[2026-09-10T17:16:16.947] [DEBUG] debug-file - File: 'D:\HW\testproject\complete\4\entry\build\default\intermediates\preload\default\preload.json' from 'preloadSoJsonPath' is not exists, just ignore.
[2026-09-10T17:16:16.947] [DEBUG] debug-file - Task 'entry:default@ProcessCompiledResources' cost while wrapping incremental declarations: 2 ms 
[2026-09-10T17:16:16.951] [DEBUG] debug-file - entry : default@ProcessCompiledResources cost memory 0.04967498779296875
[2026-09-10T17:16:16.952] [DEBUG] debug-file - runTaskFromQueue task cost before running: 3 s 270 ms 
[2026-09-10T17:16:16.957] [INFO] debug-file - Finished :entry:default@ProcessCompiledResources... after 6 ms 
[2026-09-10T17:16:16.961] [DEBUG] debug-file - Executing task :entry:default@PackageHap
[2026-09-10T17:16:16.973] [DEBUG] debug-file - entry:default@PackageHap is not up-to-date, since the input file 'D:\HW\testproject\complete\4\entry\build\default\intermediates\loader_out\default\ets' has been changed.
[2026-09-10T17:16:16.974] [DEBUG] debug-file - Incremental task entry:default@PackageHap pre-execution cost: 11 ms .
[2026-09-10T17:16:16.975] [DEBUG] debug-file - Use tool [E:\DevEco Studio\sdk\default\openharmony\toolchains\lib\app_packing_tool.jar]
 [
  'java',
  '-Dfile.encoding=GBK',
  '-jar',
  'E:\\DevEco Studio\\sdk\\default\\openharmony\\toolchains\\lib\\app_packing_tool.jar',
  '--mode',
  'hap',
  '--force',
  'true',
  '--lib-path',
  'D:\\HW\\testproject\\complete\\4\\entry\\build\\default\\intermediates\\stripped_native_libs\\default',
  '--json-path',
  'D:\\HW\\testproject\\complete\\4\\entry\\build\\default\\intermediates\\package\\default\\module.json',
  '--resources-path',
  'D:\\HW\\testproject\\complete\\4\\entry\\build\\default\\intermediates\\res\\default\\resources',
  '--index-path',
  'D:\\HW\\testproject\\complete\\4\\entry\\build\\default\\intermediates\\res\\default\\resources.index',
  '--pack-info-path',
  'D:\\HW\\testproject\\complete\\4\\entry\\build\\default\\outputs\\default\\pack.info',
  '--out-path',
  'D:\\HW\\testproject\\complete\\4\\entry\\build\\default\\outputs\\default\\entry-default-unsigned.hap',
  '--ets-path',
  'D:\\HW\\testproject\\complete\\4\\entry\\build\\default\\intermediates\\loader_out\\default\\ets',
  '--pkg-context-path',
  'D:\\HW\\testproject\\complete\\4\\entry\\build\\default\\intermediates\\loader\\default\\pkgContextInfo.json'
]
[2026-09-10T17:16:16.976] [DEBUG] debug-file - default@PackageHap work[26] is submitted.
[2026-09-10T17:16:16.976] [DEBUG] debug-file - default@PackageHap work[26] is pushed to ready queue.
[2026-09-10T17:16:16.976] [DEBUG] debug-file - A work dispatched to worker[15] failed because unable to get work from ready queue.
[2026-09-10T17:16:16.976] [DEBUG] debug-file - Create  resident worker with id: 14.
[2026-09-10T17:16:16.978] [DEBUG] debug-file - default@PackageHap work[26] has been dispatched to worker[14].
[2026-09-10T17:16:16.978] [DEBUG] debug-file - default@PackageHap work[26] is dispatched.
[2026-09-10T17:16:16.983] [DEBUG] debug-file - entry : default@PackageHap cost memory 0.41754913330078125
[2026-09-10T17:16:20.696] [DEBUG] debug-file - current process  memoryUsage: {
  rss: 454582272,
  heapTotal: 79118336,
  heapUsed: 50375800,
  external: 3958577,
  arrayBuffers: 18671
} os memoryUsage :14.3392333984375
[2026-09-10T17:16:21.475] [DEBUG] debug-file - worker[14] has one work done.
[2026-09-10T17:16:21.476] [DEBUG] debug-file - default@PackageHap work[26] done.
[2026-09-10T17:16:21.476] [DEBUG] debug-file - A work dispatched to worker[14] failed because unable to get work from ready queue.
[2026-09-10T17:16:21.479] [INFO] debug-file - Finished :entry:default@PackageHap... after 816 ms 
[2026-09-10T17:16:21.481] [DEBUG] debug-file - Executing task :entry:default@PackingCheck
[2026-09-10T17:16:21.489] [DEBUG] debug-file - entry : default@PackingCheck cost memory 0.35121917724609375
[2026-09-10T17:16:21.489] [DEBUG] debug-file - runTaskFromQueue task cost before running: 7 s 807 ms 
[2026-09-10T17:16:21.489] [INFO] debug-file - Finished :entry:default@PackingCheck... after 8 ms 
[2026-09-10T17:16:21.492] [DEBUG] debug-file - Executing task :entry:default@SignHap
[2026-09-10T17:16:21.492] [WARN] debug-file - Will skip sign 'hos_hap'. No signingConfigs profile is configured in current project.
             If needed, configure the signingConfigs in D:\HW\testproject\complete\4\build-profile.json5.
[2026-09-10T17:16:21.495] [DEBUG] debug-file - entry:default@SignHap is not up-to-date, since the input file 'D:\HW\testproject\complete\4\entry\build\default\outputs\default\entry-default-unsigned.hap' has been changed.
[2026-09-10T17:16:21.495] [DEBUG] debug-file - Incremental task entry:default@SignHap pre-execution cost: 3 ms .
[2026-09-10T17:16:21.496] [DEBUG] debug-file - entry : default@SignHap cost memory 0.06697845458984375
[2026-09-10T17:16:21.496] [DEBUG] debug-file - runTaskFromQueue task cost before running: 7 s 814 ms 
[2026-09-10T17:16:21.497] [INFO] debug-file - Finished :entry:default@SignHap... after 5 ms 
[2026-09-10T17:16:21.499] [DEBUG] debug-file - Executing task :entry:default@CollectDebugSymbol
[2026-09-10T17:16:21.501] [DEBUG] debug-file - entry : default@CollectDebugSymbol cost memory 0.0752410888671875
[2026-09-10T17:16:21.502] [DEBUG] debug-file - runTaskFromQueue task cost before running: 7 s 819 ms 
[2026-09-10T17:16:21.502] [INFO] debug-file - Finished :entry:default@CollectDebugSymbol... after 3 ms 
[2026-09-10T17:16:21.502] [DEBUG] debug-file - Executing task :entry:assembleHap
[2026-09-10T17:16:21.503] [DEBUG] debug-file - entry : assembleHap cost memory 0.01351165771484375
[2026-09-10T17:16:21.503] [DEBUG] debug-file - runTaskFromQueue task cost before running: 7 s 821 ms 
[2026-09-10T17:16:21.503] [INFO] debug-file - Finished :entry:assembleHap... after 1 ms 
[2026-09-10T17:16:21.505] [INFO] debug-file - BUILD SUCCESSFUL in 7 s 822 ms 
[2026-09-10T17:16:21.505] [DEBUG] debug-file - There is no need to refresh cache, since the incremental task entry:default@PreBuild is up-to-date.
[2026-09-10T17:16:21.505] [DEBUG] debug-file - Update task entry:default@CreateModuleInfo output file:D:\HW\testproject\complete\4\entry\build\default\generated\profile\default\ModuleInfo.ts cache.
[2026-09-10T17:16:21.506] [DEBUG] debug-file - Incremental task entry:default@CreateModuleInfo post-execution cost:1 ms .
[2026-09-10T17:16:21.506] [DEBUG] debug-file - There is no need to refresh cache, since the incremental task entry:default@GenerateMetadata is up-to-date.
[2026-09-10T17:16:21.507] [DEBUG] debug-file - There is no need to refresh cache, since the incremental task entry:default@MergeProfile is up-to-date.
[2026-09-10T17:16:21.507] [DEBUG] debug-file - There is no need to refresh cache, since the incremental task entry:default@CreateBuildProfile is up-to-date.
[2026-09-10T17:16:21.507] [DEBUG] debug-file - There is no need to refresh cache, since the incremental task entry:default@GeneratePkgContextInfo is up-to-date.
[2026-09-10T17:16:21.507] [DEBUG] debug-file - Update task entry:default@GeneratePkgSdkInfo output file:D:\HW\testproject\complete\4\entry\build\default\intermediates\loader\default\pkgSdkInfo.json cache.
[2026-09-10T17:16:21.508] [DEBUG] debug-file - Incremental task entry:default@GeneratePkgSdkInfo post-execution cost:1 ms .
[2026-09-10T17:16:21.508] [DEBUG] debug-file - Update task entry:default@ProcessIntegratedHsp output file:D:\HW\testproject\complete\4\build\cache\default\integrated_hsp\integratedHspCache.json cache.
[2026-09-10T17:16:21.509] [DEBUG] debug-file - Incremental task entry:default@ProcessIntegratedHsp post-execution cost:1 ms .
[2026-09-10T17:16:21.509] [DEBUG] debug-file - There is no need to refresh cache, since the incremental task entry:default@MakePackInfo is up-to-date.
[2026-09-10T17:16:21.509] [DEBUG] debug-file - Update task entry:default@SyscapTransform input file:E:\DevEco Studio\sdk\default\openharmony\toolchains\syscap_tool.exe cache by regenerate.
[2026-09-10T17:16:21.510] [DEBUG] debug-file - Update task entry:default@SyscapTransform input file:E:\DevEco Studio\sdk\default\openharmony\ets\api\device-define cache by regenerate.
[2026-09-10T17:16:21.513] [DEBUG] debug-file - Update task entry:default@SyscapTransform output file:D:\HW\testproject\complete\4\entry\build\default\intermediates\syscap\default\rpcid.sc cache.
[2026-09-10T17:16:21.513] [DEBUG] debug-file - Incremental task entry:default@SyscapTransform post-execution cost:5 ms .
[2026-09-10T17:16:21.513] [DEBUG] debug-file - There is no need to refresh cache, since the incremental task entry:default@ProcessProfile is up-to-date.
[2026-09-10T17:16:21.514] [DEBUG] debug-file - There is no need to refresh cache, since the incremental task entry:default@ProcessRouterMap is up-to-date.
[2026-09-10T17:16:21.514] [DEBUG] debug-file - There is no need to refresh cache, since the incremental task entry:default@ProcessShareConfig is up-to-date.
[2026-09-10T17:16:21.514] [DEBUG] debug-file - Update task entry:default@ProcessStartupConfig input file:D:\HW\testproject\complete\4\entry\build\default\intermediates\loader\default\pkgContextInfo.json cache by regenerate.
[2026-09-10T17:16:21.515] [DEBUG] debug-file - Update task entry:default@ProcessStartupConfig output file:D:\HW\testproject\complete\4\entry\build\default\intermediates\startup\default\startup_config.json cache.
[2026-09-10T17:16:21.516] [DEBUG] debug-file - Incremental task entry:default@ProcessStartupConfig post-execution cost:2 ms .
[2026-09-10T17:16:21.516] [DEBUG] debug-file - There is no need to refresh cache, since the incremental task entry:default@ProcessResource is up-to-date.
[2026-09-10T17:16:21.516] [DEBUG] debug-file - There is no need to refresh cache, since the incremental task entry:default@GenerateLoaderJson is up-to-date.
[2026-09-10T17:16:21.516] [DEBUG] debug-file - There is no need to refresh cache, since the incremental task entry:default@ProcessLibs is up-to-date.
[2026-09-10T17:16:21.517] [DEBUG] debug-file - There is no need to refresh cache, since the incremental task entry:default@CompileResource is up-to-date.
[2026-09-10T17:16:21.517] [DEBUG] debug-file - There is no need to refresh cache, since the incremental task entry:default@DoNativeStrip is up-to-date.
[2026-09-10T17:16:21.522] [DEBUG] debug-file - Update task entry:default@CompileArkTS input file:D:\HW\testproject\complete\4\entry\build\default\intermediates\loader\default cache by regenerate.
[2026-09-10T17:16:21.524] [DEBUG] debug-file - Update task entry:default@CompileArkTS input file:D:\HW\testproject\complete\4\entry\build\default\intermediates\res\default\resources\rawfile cache by regenerate.
[2026-09-10T17:16:21.525] [DEBUG] debug-file - Update task entry:default@CompileArkTS input file:D:\HW\testproject\complete\4\entry\build\default\intermediates\res\default\ResourceTable.txt cache by regenerate.
[2026-09-10T17:16:21.525] [DEBUG] debug-file - Update task entry:default@CompileArkTS input file:D:\HW\testproject\complete\4\entry\build\default\intermediates\res\default\ark_module.json cache by regenerate.
[2026-09-10T17:16:21.526] [DEBUG] debug-file - Update task entry:default@CompileArkTS input file:D:\HW\testproject\complete\4\entry\build\default\intermediates\res\default\resources\base\profile cache by regenerate.
[2026-09-10T17:16:21.529] [DEBUG] debug-file - Update task entry:default@CompileArkTS input file:D:\HW\testproject\complete\4\entry\src\main\ets cache from map.
[2026-09-10T17:16:21.530] [DEBUG] debug-file - Update task entry:default@CompileArkTS input file:D:\HW\testproject\complete\4\entry\build\default\intermediates\loader\default\pkgContextInfo.json cache by regenerate.
[2026-09-10T17:16:21.530] [DEBUG] debug-file - Update task entry:default@CompileArkTS input file:D:\HW\testproject\complete\4\entry\build\default\generated\profile\default\BuildProfile.ets cache by regenerate.
[2026-09-10T17:16:21.531] [DEBUG] debug-file - Update task entry:default@CompileArkTS input file:D:\HW\testproject\complete\4\entry\src\mock\mock-config.json5 cache by regenerate.
[2026-09-10T17:16:21.532] [DEBUG] debug-file - Update task entry:default@CompileArkTS output file:D:\HW\testproject\complete\4\entry\build\default\intermediates\loader_out\default\ets cache.
[2026-09-10T17:16:21.533] [DEBUG] debug-file - Incremental task entry:default@CompileArkTS post-execution cost:17 ms .
[2026-09-10T17:16:21.536] [DEBUG] debug-file - Update task entry:default@BuildJS input file:D:\HW\testproject\complete\4\entry\build\default\intermediates\loader\default cache by regenerate.
[2026-09-10T17:16:21.539] [DEBUG] debug-file - Update task entry:default@BuildJS input file:D:\HW\testproject\complete\4\entry\build\default\intermediates\res\default\resources\rawfile cache by regenerate.
[2026-09-10T17:16:21.540] [DEBUG] debug-file - Update task entry:default@BuildJS input file:D:\HW\testproject\complete\4\entry\build\default\intermediates\res\default\ResourceTable.txt cache by regenerate.
[2026-09-10T17:16:21.541] [DEBUG] debug-file - Update task entry:default@BuildJS input file:D:\HW\testproject\complete\4\entry\build\default\intermediates\res\default\ark_module.json cache by regenerate.
[2026-09-10T17:16:21.542] [DEBUG] debug-file - Update task entry:default@BuildJS input file:D:\HW\testproject\complete\4\entry\build\default\intermediates\res\default\resources\base\profile cache by regenerate.
[2026-09-10T17:16:21.544] [DEBUG] debug-file - Update task entry:default@BuildJS input file:D:\HW\testproject\complete\4\entry\build\default\intermediates\loader\default\pkgContextInfo.json cache by regenerate.
[2026-09-10T17:16:21.545] [DEBUG] debug-file - Update task entry:default@BuildJS output file:D:\HW\testproject\complete\4\entry\build\default\intermediates\loader_out\default\js cache.
[2026-09-10T17:16:21.545] [DEBUG] debug-file - Incremental task entry:default@BuildJS post-execution cost:13 ms .
[2026-09-10T17:16:21.545] [DEBUG] debug-file - There is no need to refresh cache, since the incremental task entry:default@CacheNativeLibs is up-to-date.
[2026-09-10T17:16:21.546] [DEBUG] debug-file - There is no need to refresh cache, since the incremental task entry:default@GeneratePkgModuleJson is up-to-date.
[2026-09-10T17:16:21.546] [DEBUG] debug-file - Incremental task entry:default@ProcessCompiledResources post-execution cost:1 ms .
[2026-09-10T17:16:21.549] [DEBUG] debug-file - Update task entry:default@PackageHap input file:D:\HW\testproject\complete\4\entry\build\default\outputs\default\pack.info cache by regenerate.
[2026-09-10T17:16:21.550] [DEBUG] debug-file - Update task entry:default@PackageHap input file:D:\HW\testproject\complete\4\entry\build\default\intermediates\stripped_native_libs\default cache by regenerate.
[2026-09-10T17:16:21.551] [DEBUG] debug-file - Update task entry:default@PackageHap input file:D:\HW\testproject\complete\4\entry\build\default\intermediates\res\default\module.json cache by regenerate.
[2026-09-10T17:16:21.552] [DEBUG] debug-file - Update task entry:default@PackageHap input file:D:\HW\testproject\complete\4\entry\build\default\intermediates\res\default\resources cache by regenerate.
[2026-09-10T17:16:21.559] [DEBUG] debug-file - Update task entry:default@PackageHap input file:D:\HW\testproject\complete\4\entry\build\default\intermediates\res\default\resources.index cache by regenerate.
[2026-09-10T17:16:21.561] [DEBUG] debug-file - Update task entry:default@PackageHap input file:D:\HW\testproject\complete\4\entry\build\default\intermediates\loader_out\default\ets cache from map.
[2026-09-10T17:16:21.561] [DEBUG] debug-file - Update task entry:default@PackageHap input file:D:\HW\testproject\complete\4\entry\build\default\intermediates\loader\default\pkgContextInfo.json cache by regenerate.
[2026-09-10T17:16:21.562] [DEBUG] debug-file - Update task entry:default@PackageHap input file:D:\HW\testproject\complete\4\entry\build\default\intermediates\package\default\module.json cache by regenerate.
[2026-09-10T17:16:21.563] [DEBUG] debug-file - Update task entry:default@PackageHap input file:D:\HW\testproject\complete\4\entry\build\default\intermediates\loader_out\default\ets\sourceMaps.map cache by regenerate.
[2026-09-10T17:16:21.563] [DEBUG] debug-file - Update task entry:default@PackageHap input file:D:\HW\testproject\complete\4\entry\build\default\generated\profile\default\BuildProfile.ets cache by regenerate.
[2026-09-10T17:16:21.564] [DEBUG] debug-file - Update task entry:default@PackageHap output file:D:\HW\testproject\complete\4\entry\build\default\outputs\default\entry-default-unsigned.hap cache.
[2026-09-10T17:16:21.564] [DEBUG] debug-file - Update task entry:default@PackageHap output file:D:\HW\testproject\complete\4\entry\build\default\intermediates\source_map\default\sourceMaps.map cache.
[2026-09-10T17:16:21.565] [DEBUG] debug-file - Update task entry:default@PackageHap output file:D:\HW\testproject\complete\4\entry\build\default\outputs\default\mapping\sourceMaps.map cache.
[2026-09-10T17:16:21.565] [DEBUG] debug-file - Incremental task entry:default@PackageHap post-execution cost:20 ms .
[2026-09-10T17:16:21.566] [DEBUG] debug-file - Update task entry:default@SignHap input file:D:\HW\testproject\complete\4\entry\build\default\outputs\default\entry-default-unsigned.hap cache from map.
[2026-09-10T17:16:21.566] [DEBUG] debug-file - Update task entry:default@SignHap output file:D:\HW\testproject\complete\4\entry\build\default\outputs\default\entry-default-signed.hap cache.
[2026-09-10T17:16:21.566] [DEBUG] debug-file - Incremental task entry:default@SignHap post-execution cost:1 ms .
[2026-09-10T17:16:21.567] [DEBUG] debug-file - Update task entry:default@CollectDebugSymbol input file:D:\HW\testproject\complete\4\entry\build\default\intermediates\loader_out\default\ets\sourceMaps.map cache by regenerate.
[2026-09-10T17:16:21.567] [DEBUG] debug-file - Update task entry:default@CollectDebugSymbol input file:D:\HW\testproject\complete\4\entry\build\default\intermediates\libs\default cache by regenerate.
[2026-09-10T17:16:21.568] [DEBUG] debug-file - Update task entry:default@CollectDebugSymbol output file:D:\HW\testproject\complete\4\entry\build\default\outputs\default\symbol cache.
[2026-09-10T17:16:21.568] [DEBUG] debug-file - Incremental task entry:default@CollectDebugSymbol post-execution cost:2 ms .
[2026-09-10T17:16:21.591] [DEBUG] debug-file - Cleanup worker 14.
[2026-09-10T17:16:21.593] [DEBUG] debug-file - hvigor build process will be closed.
[2026-09-10T17:16:21.615] [DEBUG] debug-file - worker[14] exits with exit code 1.
[2026-09-10T17:16:21.658] [DEBUG] debug-file - session manager: send message to worker process. WorkerThreadId: 0, data: {"type":"hvigor_failed","reason":"Server has disconnected."}
[2026-09-10T17:16:21.661] [DEBUG] debug-file - session manager: send message to worker process. WorkerThreadId: 0, data: {"type":"CloseWatch","reason":"Server has disconnected."}
[2026-09-10T17:16:21.616] [DEBUG] debug-file - Worker 14 has been cleaned up.
[2026-09-10T17:16:21.616] [DEBUG] debug-file - Current idle worker size: 1.
[2026-09-10T17:16:21.617] [DEBUG] debug-file - Current resident worker size: 1.
[2026-09-10T17:16:21.659] [DEBUG] debug-file - watch worker: worker id should be larger than 0. Nothing will be sent to any worker thread.
[2026-09-10T17:16:21.660] [DEBUG] debug-file - ABORT_WORK sent to workers.
[2026-09-10T17:16:21.661] [DEBUG] debug-file - watch worker: worker id should be larger than 0. Nothing will be sent to any worker thread.
[2026-09-10T17:19:25.226] [DEBUG] debug-file - session manager: set active socket. socketId=FF5z98myIOgmTcdjAAAf
[2026-09-10T17:19:25.298] [DEBUG] debug-file - watch worker: worker id should be larger than 0. Nothing will be sent to any worker thread.
[2026-09-10T17:19:25.320] [DEBUG] debug-file - Workers' log level updated to INFO
[2026-09-10T17:19:25.332] [DEBUG] debug-file - Hvigor init with startParameters:{
  hvigorfileTypeCheck: false,
  parallelExecution: true,
  incrementalExecution: true,
  printStackTrace: false,
  daemon: true,
  analyze: 0,
  logLevel: Level { level: 20000, levelStr: 'INFO', colour: 'green' },
  optimizationStrategy: 'memory',
  hotCompile: undefined,
  hotReloadBuild: undefined,
  customizedParam: undefined
}
[2026-09-10T17:19:25.348] [DEBUG] debug-file - Cache service initialization finished in 16 ms 
[2026-09-10T17:19:25.352] [DEBUG] debug-file - hvigorfile, resolving D:\HW\testproject\complete\4\hvigorfile.ts
[2026-09-10T17:19:25.365] [DEBUG] debug-file - hvigorfile, require result:  { default: { plugins: [] } }
[2026-09-10T17:19:25.366] [DEBUG] debug-file - hvigorfile, binding system plugins null
[2026-09-10T17:19:25.366] [DEBUG] debug-file - Starting plugin build process
[2026-09-10T17:19:25.366] [DEBUG] debug-file - App plugin prepare start...
[2026-09-10T17:19:25.366] [DEBUG] debug-file - App plugin prepare end...
[2026-09-10T17:19:25.367] [DEBUG] debug-file - App plugin creating...
[2026-09-10T17:19:25.377] [DEBUG] debug-file - App plugin register hook start...
[2026-09-10T17:19:25.378] [DEBUG] debug-file - App plugin register hook end...
[2026-09-10T17:19:25.378] [DEBUG] debug-file - Plugin build process completed
[2026-09-10T17:19:25.379] [DEBUG] debug-file - Start initialize project's product build option map with build mode debug.
[2026-09-10T17:19:25.379] [DEBUG] debug-file - Picking option from product 'default' with build mode 'debug'.
[2026-09-10T17:19:25.379] [DEBUG] debug-file - Product 'default' build option initialized
[2026-09-10T17:19:25.380] [DEBUG] debug-file - End initialize project's product build option map with build mode 'debug'.
[2026-09-10T17:19:25.380] [DEBUG] debug-file - Obtain build option for product 'default'in this build.
[2026-09-10T17:19:25.386] [DEBUG] debug-file - No signingConfig found, initRemoteHspCache failed.
[2026-09-10T17:19:25.389] [DEBUG] debug-file - Start recording SDK configuration permission data.
[2026-09-10T17:19:25.448] [DEBUG] debug-file - Sdk init in 61 ms 
[2026-09-10T17:19:25.452] [DEBUG] debug-file - Project task initialization takes 3 ms 
[2026-09-10T17:19:25.452] [DEBUG] debug-file - hvigorfile, begin to bind custom plugins...
[2026-09-10T17:19:25.452] [DEBUG] debug-file - hvigorfile, no custom plugins were found in D:\HW\testproject\complete\4\hvigorfile.ts
[2026-09-10T17:19:25.452] [DEBUG] debug-file - hvigorfile, resolve finished D:\HW\testproject\complete\4\hvigorfile.ts
[2026-09-10T17:19:25.453] [DEBUG] debug-file - hvigorfile, resolving D:\HW\testproject\complete\4\entry\hvigorfile.ts
[2026-09-10T17:19:25.458] [DEBUG] debug-file - hvigorfile, require result:  { default: { plugins: [] } }
[2026-09-10T17:19:25.458] [DEBUG] debug-file - hvigorfile, binding system plugins null
[2026-09-10T17:19:25.458] [DEBUG] debug-file - Starting plugin build process
[2026-09-10T17:19:25.459] [DEBUG] debug-file - Hap plugin creating...
[2026-09-10T17:19:25.462] [DEBUG] debug-file - failed to load cangjie to dynamically generate schemas: Error: Cannot find module '@ohos/cangjie-build-support/index'
Require stack:
- E:\DevEco Studio\tools\hvigor\hvigor-ohos-plugin\src\plugin\hooks\cangjie-register.js
- E:\DevEco Studio\tools\hvigor\hvigor-ohos-plugin\src\plugin\strategy\stage-init-strategy.js
- E:\DevEco Studio\tools\hvigor\hvigor-ohos-plugin\src\plugin\builder\abstract-plugin-builder.js
- E:\DevEco Studio\tools\hvigor\hvigor-ohos-plugin\src\plugin\builder\app-plugin-builder.js
- E:\DevEco Studio\tools\hvigor\hvigor-ohos-plugin\src\plugin\factory\plugin-factory.js
- E:\DevEco Studio\tools\hvigor\hvigor-ohos-plugin\index.js
- D:\HW\testproject\complete\4\hvigorfile.ts
- E:\DevEco Studio\tools\hvigor\hvigor\src\base\internal\lifecycle\configuration.js
- E:\DevEco Studio\tools\hvigor\hvigor\src\base\boot\index.js
- E:\DevEco Studio\tools\hvigor\hvigor\src\base\daemon\cluster\worker-process-lifecycle.js
- E:\DevEco Studio\tools\hvigor\hvigor\src\base\daemon\process\daemon-process-boot-script.js
[2026-09-10T17:19:25.466] [DEBUG] debug-file - Start initialize module-target build option map, moduleName=entry, buildMode=debug
[2026-09-10T17:19:25.467] [DEBUG] debug-file - Target 'default' config initialized
[2026-09-10T17:19:25.468] [DEBUG] debug-file - Target 'ohosTest' config initialized
[2026-09-10T17:19:25.468] [DEBUG] debug-file - Module 'entry' target 'default' build option initialized
[2026-09-10T17:19:25.469] [DEBUG] debug-file - Module 'entry' target 'ohosTest' build option initialized
[2026-09-10T17:19:25.469] [DEBUG] debug-file - End initialize module-target build option map, moduleName=entry
[2026-09-10T17:19:25.469] [DEBUG] debug-file - Start initialize module-target build option map, moduleName=entry, buildMode=release
[2026-09-10T17:19:25.469] [DEBUG] debug-file - Target 'default' config initialized
[2026-09-10T17:19:25.470] [DEBUG] debug-file - Target 'ohosTest' config initialized
[2026-09-10T17:19:25.470] [DEBUG] debug-file - Module 'entry' target 'default' build option initialized
[2026-09-10T17:19:25.470] [DEBUG] debug-file - Module 'entry' target 'ohosTest' build option initialized
[2026-09-10T17:19:25.471] [DEBUG] debug-file - End initialize module-target build option map, moduleName=entry
[2026-09-10T17:19:25.471] [DEBUG] debug-file - Start initialize module-target build option map, moduleName=entry, buildMode=debug
[2026-09-10T17:19:25.471] [DEBUG] debug-file - Target 'default' config initialized
[2026-09-10T17:19:25.472] [DEBUG] debug-file - Target 'ohosTest' config initialized
[2026-09-10T17:19:25.472] [DEBUG] debug-file - Module 'entry' target 'default' build option initialized
[2026-09-10T17:19:25.473] [DEBUG] debug-file - Module 'entry' target 'ohosTest' build option initialized
[2026-09-10T17:19:25.473] [DEBUG] debug-file - End initialize module-target build option map, moduleName=entry
[2026-09-10T17:19:25.473] [DEBUG] debug-file - Obtain build option for module 'entry' target 'default'in this build.
[2026-09-10T17:19:25.479] [DEBUG] debug-file - Module entry task initialization takes 4 ms 
[2026-09-10T17:19:25.479] [DEBUG] debug-file - Hap plugin register hook start...
[2026-09-10T17:19:25.479] [DEBUG] debug-file - Hap plugin register hook end...
[2026-09-10T17:19:25.480] [DEBUG] debug-file - Plugin build process completed
[2026-09-10T17:19:25.480] [DEBUG] debug-file - hvigorfile, begin to bind custom plugins...
[2026-09-10T17:19:25.480] [DEBUG] debug-file - hvigorfile, no custom plugins were found in D:\HW\testproject\complete\4\entry\hvigorfile.ts
[2026-09-10T17:19:25.480] [DEBUG] debug-file - hvigorfile, resolve finished D:\HW\testproject\complete\4\entry\hvigorfile.ts
[2026-09-10T17:19:25.607] [DEBUG] debug-file - hvigorfile, resolve hvigorfile dependencies in 126 ms 
[2026-09-10T17:19:25.607] [DEBUG] debug-file - project has submodules:entry
[2026-09-10T17:19:25.608] [DEBUG] debug-file - start to load updatedOhPackageInfo to the disk
[2026-09-10T17:19:25.611] [DEBUG] debug-file - load to the disk finished
[2026-09-10T17:19:25.612] [DEBUG] debug-file - Start to initialize dependency information.
[2026-09-10T17:19:25.621] [DEBUG] debug-file - Module 4 Collected Dependency: 
[2026-09-10T17:19:25.621] [DEBUG] debug-file - Module 4's total dependency: 0
[2026-09-10T17:19:25.621] [DEBUG] debug-file - Start to initialize dependency information.
[2026-09-10T17:19:25.628] [DEBUG] debug-file - Module entry Collected Dependency: 
[2026-09-10T17:19:25.628] [DEBUG] debug-file - Module entry's total dependency: 0
[2026-09-10T17:19:25.630] [DEBUG] debug-file - Configuration phase cost:281 ms 
[2026-09-10T17:19:25.632] [DEBUG] debug-file - Configuration task cost before running: 310 ms 
[2026-09-10T17:19:25.637] [DEBUG] debug-file - Executing task :entry:default@PreBuild
[2026-09-10T17:19:25.642] [DEBUG] debug-file - Task 'entry:default@PreBuild' cost while wrapping incremental declarations: 1 ms 
[2026-09-10T17:19:25.656] [DEBUG] debug-file - Incremental task entry:default@PreBuild pre-execution cost: 11 ms .
[2026-09-10T17:19:25.657] [DEBUG] debug-file - entry : default@PreBuild cost memory -2.8906021118164062
[2026-09-10T17:19:25.661] [INFO] debug-file - UP-TO-DATE :entry:default@PreBuild...  
[2026-09-10T17:19:25.663] [DEBUG] debug-file - Executing task :entry:default@CreateModuleInfo
[2026-09-10T17:19:25.663] [DEBUG] debug-file - Task 'entry:default@CreateModuleInfo' cost while wrapping incremental declarations: 1 ms 
[2026-09-10T17:19:25.664] [DEBUG] debug-file - entry : default@CreateModuleInfo cost memory 0.03710174560546875
[2026-09-10T17:19:25.665] [DEBUG] debug-file - runTaskFromQueue task cost before running: 343 ms 
[2026-09-10T17:19:25.666] [INFO] debug-file - Finished :entry:default@CreateModuleInfo... after 2 ms 
[2026-09-10T17:19:25.668] [DEBUG] debug-file - Executing task :entry:default@GenerateMetadata
[2026-09-10T17:19:25.669] [DEBUG] debug-file - Task 'entry:default@GenerateMetadata' cost while wrapping incremental declarations: 1 ms 
[2026-09-10T17:19:25.671] [DEBUG] debug-file - Incremental task entry:default@GenerateMetadata pre-execution cost: 2 ms .
[2026-09-10T17:19:25.672] [DEBUG] debug-file - entry : default@GenerateMetadata cost memory 0.06800079345703125
[2026-09-10T17:19:25.672] [INFO] debug-file - UP-TO-DATE :entry:default@GenerateMetadata...  
[2026-09-10T17:19:25.674] [DEBUG] debug-file - Executing task :entry:default@ConfigureCmake
[2026-09-10T17:19:25.675] [DEBUG] debug-file - entry : default@ConfigureCmake cost memory 0.0137939453125
[2026-09-10T17:19:25.675] [DEBUG] debug-file - runTaskFromQueue task cost before running: 353 ms 
[2026-09-10T17:19:25.675] [INFO] debug-file - Finished :entry:default@ConfigureCmake... after 1 ms 
[2026-09-10T17:19:25.677] [DEBUG] debug-file - Executing task :entry:default@MergeProfile
[2026-09-10T17:19:25.678] [DEBUG] debug-file - Task 'entry:default@MergeProfile' cost while wrapping incremental declarations: 1 ms 
[2026-09-10T17:19:25.682] [DEBUG] debug-file - Incremental task entry:default@MergeProfile pre-execution cost: 4 ms .
[2026-09-10T17:19:25.682] [DEBUG] debug-file - entry : default@MergeProfile cost memory 0.10807037353515625
[2026-09-10T17:19:25.683] [INFO] debug-file - UP-TO-DATE :entry:default@MergeProfile...  
[2026-09-10T17:19:25.685] [DEBUG] debug-file - Executing task :entry:default@CreateBuildProfile
[2026-09-10T17:19:25.687] [DEBUG] debug-file - Task 'entry:default@CreateBuildProfile' cost while wrapping incremental declarations: 1 ms 
[2026-09-10T17:19:25.689] [DEBUG] debug-file - Incremental task entry:default@CreateBuildProfile pre-execution cost: 2 ms .
[2026-09-10T17:19:25.689] [DEBUG] debug-file - entry : default@CreateBuildProfile cost memory 0.0906829833984375
[2026-09-10T17:19:25.690] [INFO] debug-file - UP-TO-DATE :entry:default@CreateBuildProfile...  
[2026-09-10T17:19:25.692] [DEBUG] debug-file - Executing task :entry:default@PreCheckSyscap
[2026-09-10T17:19:25.692] [DEBUG] debug-file - entry : default@PreCheckSyscap cost memory 0.01406097412109375
[2026-09-10T17:19:25.693] [DEBUG] debug-file - runTaskFromQueue task cost before running: 371 ms 
[2026-09-10T17:19:25.694] [INFO] debug-file - Finished :entry:default@PreCheckSyscap... after 2 ms 
[2026-09-10T17:19:25.697] [DEBUG] debug-file - Executing task :entry:default@GeneratePkgContextInfo
[2026-09-10T17:19:25.719] [DEBUG] debug-file - Task 'entry:default@GeneratePkgContextInfo' cost while wrapping incremental declarations: 1 ms 
[2026-09-10T17:19:25.724] [DEBUG] debug-file - Incremental task entry:default@GeneratePkgContextInfo pre-execution cost: 2 ms .
[2026-09-10T17:19:25.726] [DEBUG] debug-file - entry : default@GeneratePkgContextInfo cost memory 0.17755126953125
[2026-09-10T17:19:25.727] [INFO] debug-file - UP-TO-DATE :entry:default@GeneratePkgContextInfo...  
[2026-09-10T17:19:25.736] [DEBUG] debug-file - Executing task :entry:default@GeneratePkgSdkInfo
[2026-09-10T17:19:25.758] [DEBUG] debug-file - Task 'entry:default@GeneratePkgSdkInfo' cost while wrapping incremental declarations: 1 ms 
[2026-09-10T17:19:25.759] [DEBUG] debug-file - entry : default@GeneratePkgSdkInfo cost memory 0.09244537353515625
[2026-09-10T17:19:25.759] [DEBUG] debug-file - runTaskFromQueue task cost before running: 438 ms 
[2026-09-10T17:19:25.760] [INFO] debug-file - Finished :entry:default@GeneratePkgSdkInfo... after 24 ms 
[2026-09-10T17:19:25.773] [DEBUG] debug-file - Executing task :entry:default@ProcessIntegratedHsp
[2026-09-10T17:19:25.775] [DEBUG] debug-file - entry:default@ProcessIntegratedHsp is not up-to-date, since the output file 'D:\HW\testproject\complete\4\build\cache\default\integrated_hsp\integratedHspCache.json' does not exist.
[2026-09-10T17:19:25.776] [DEBUG] debug-file - Incremental task entry:default@ProcessIntegratedHsp pre-execution cost: 2 ms .
[2026-09-10T17:19:25.776] [DEBUG] debug-file - entry : default@ProcessIntegratedHsp cost memory 0.04834747314453125
[2026-09-10T17:19:25.777] [DEBUG] debug-file - runTaskFromQueue task cost before running: 455 ms 
[2026-09-10T17:19:25.777] [INFO] debug-file - Finished :entry:default@ProcessIntegratedHsp... after 4 ms 
[2026-09-10T17:19:25.780] [DEBUG] debug-file - Executing task :entry:default@BuildNativeWithCmake
[2026-09-10T17:19:25.780] [DEBUG] debug-file - entry : default@BuildNativeWithCmake cost memory 0.02850341796875
[2026-09-10T17:19:25.780] [DEBUG] debug-file - runTaskFromQueue task cost before running: 459 ms 
[2026-09-10T17:19:25.781] [INFO] debug-file - Finished :entry:default@BuildNativeWithCmake... after 1 ms 
[2026-09-10T17:19:25.784] [DEBUG] debug-file - Executing task :entry:default@MakePackInfo
[2026-09-10T17:19:25.790] [DEBUG] debug-file - Incremental task entry:default@MakePackInfo pre-execution cost: 4 ms .
[2026-09-10T17:19:25.790] [DEBUG] debug-file - entry : default@MakePackInfo cost memory 0.101043701171875
[2026-09-10T17:19:25.791] [INFO] debug-file - UP-TO-DATE :entry:default@MakePackInfo...  
[2026-09-10T17:19:25.792] [DEBUG] debug-file - Executing task :entry:default@SyscapTransform
[2026-09-10T17:19:25.793] [DEBUG] debug-file - File: 'D:\HW\testproject\complete\4\entry\src\main\syscap.json' from 'sysCapJsonPath' is not exists, just ignore.
[2026-09-10T17:19:25.793] [DEBUG] debug-file - Task 'entry:default@SyscapTransform' cost while wrapping incremental declarations: 1 ms 
[2026-09-10T17:19:25.796] [DEBUG] debug-file - entry:default@SyscapTransform is not up-to-date, since the output file 'D:\HW\testproject\complete\4\entry\build\default\intermediates\syscap\default\rpcid.sc' does not exist.
[2026-09-10T17:19:25.796] [DEBUG] debug-file - Incremental task entry:default@SyscapTransform pre-execution cost: 3 ms .
[2026-09-10T17:19:25.797] [DEBUG] debug-file - entry : default@SyscapTransform cost memory 0.10694122314453125
[2026-09-10T17:19:25.797] [DEBUG] debug-file - runTaskFromQueue task cost before running: 475 ms 
[2026-09-10T17:19:25.797] [INFO] debug-file - Finished :entry:default@SyscapTransform... after 5 ms 
[2026-09-10T17:19:25.799] [DEBUG] debug-file - Executing task :entry:default@ProcessProfile
[2026-09-10T17:19:25.803] [DEBUG] debug-file - Task 'entry:default@ProcessProfile' cost while wrapping incremental declarations: 1 ms 
[2026-09-10T17:19:25.805] [DEBUG] debug-file - Incremental task entry:default@ProcessProfile pre-execution cost: 2 ms .
[2026-09-10T17:19:25.806] [DEBUG] debug-file - entry : default@ProcessProfile cost memory 0.125030517578125
[2026-09-10T17:19:25.807] [INFO] debug-file - UP-TO-DATE :entry:default@ProcessProfile...  
[2026-09-10T17:19:25.809] [DEBUG] debug-file - Executing task :entry:default@ProcessRouterMap
[2026-09-10T17:19:25.813] [DEBUG] debug-file - Incremental task entry:default@ProcessRouterMap pre-execution cost: 4 ms .
[2026-09-10T17:19:25.813] [DEBUG] debug-file - entry : default@ProcessRouterMap cost memory 0.12221527099609375
[2026-09-10T17:19:25.814] [INFO] debug-file - UP-TO-DATE :entry:default@ProcessRouterMap...  
[2026-09-10T17:19:25.817] [DEBUG] debug-file - Executing task :entry:default@ProcessShareConfig
[2026-09-10T17:19:25.823] [DEBUG] debug-file - Incremental task entry:default@ProcessShareConfig pre-execution cost: 5 ms .
[2026-09-10T17:19:25.823] [DEBUG] debug-file - entry : default@ProcessShareConfig cost memory 0.1022186279296875
[2026-09-10T17:19:25.824] [INFO] debug-file - UP-TO-DATE :entry:default@ProcessShareConfig...  
[2026-09-10T17:19:25.825] [DEBUG] debug-file - Executing task :entry:default@ProcessStartupConfig
[2026-09-10T17:19:25.825] [DEBUG] debug-file - Task 'entry:default@ProcessStartupConfig' cost while wrapping incremental declarations: 1 ms 
[2026-09-10T17:19:25.827] [DEBUG] debug-file - entry:default@ProcessStartupConfig is not up-to-date, since the output file 'D:\HW\testproject\complete\4\entry\build\default\intermediates\startup\default\startup_config.json' does not exist.
[2026-09-10T17:19:25.827] [DEBUG] debug-file - Incremental task entry:default@ProcessStartupConfig pre-execution cost: 1 ms .
[2026-09-10T17:19:25.828] [DEBUG] debug-file - entry : default@ProcessStartupConfig cost memory 0.108428955078125
[2026-09-10T17:19:25.828] [DEBUG] debug-file - runTaskFromQueue task cost before running: 506 ms 
[2026-09-10T17:19:25.828] [INFO] debug-file - Finished :entry:default@ProcessStartupConfig... after 3 ms 
[2026-09-10T17:19:25.829] [DEBUG] debug-file - Executing task :entry:default@BuildNativeWithNinja
[2026-09-10T17:19:25.830] [DEBUG] debug-file - entry : default@BuildNativeWithNinja cost memory 0.01871490478515625
[2026-09-10T17:19:25.830] [DEBUG] debug-file - runTaskFromQueue task cost before running: 508 ms 
[2026-09-10T17:19:25.830] [INFO] debug-file - Finished :entry:default@BuildNativeWithNinja... after 1 ms 
[2026-09-10T17:19:25.833] [DEBUG] debug-file - restool module names: entry; moduleName=entry, taskName=default@ProcessResource
[2026-09-10T17:19:25.835] [DEBUG] debug-file - Executing task :entry:default@ProcessResource
[2026-09-10T17:19:25.836] [DEBUG] debug-file - Task 'entry:default@ProcessResource' cost while wrapping incremental declarations: 1 ms 
[2026-09-10T17:19:25.838] [DEBUG] debug-file - Incremental task entry:default@ProcessResource pre-execution cost: 2 ms .
[2026-09-10T17:19:25.838] [DEBUG] debug-file - entry : default@ProcessResource cost memory 0.10729217529296875
[2026-09-10T17:19:25.841] [INFO] debug-file - UP-TO-DATE :entry:default@ProcessResource...  
[2026-09-10T17:19:25.843] [DEBUG] debug-file - Executing task :entry:default@GenerateLoaderJson
[2026-09-10T17:19:25.844] [DEBUG] debug-file - Task 'entry:default@GenerateLoaderJson' cost while wrapping incremental declarations: 1 ms 
[2026-09-10T17:19:25.856] [DEBUG] debug-file - Incremental task entry:default@GenerateLoaderJson pre-execution cost: 8 ms .
[2026-09-10T17:19:25.856] [DEBUG] debug-file - entry : default@GenerateLoaderJson cost memory 0.41074371337890625
[2026-09-10T17:19:25.860] [INFO] debug-file - UP-TO-DATE :entry:default@GenerateLoaderJson...  
[2026-09-10T17:19:25.861] [DEBUG] debug-file - Executing task :entry:default@ProcessLibs
[2026-09-10T17:19:25.862] [DEBUG] debug-file - Task 'entry:default@ProcessLibs' cost while wrapping incremental declarations: 1 ms 
[2026-09-10T17:19:25.866] [DEBUG] debug-file - Incremental task entry:default@ProcessLibs pre-execution cost: 4 ms .
[2026-09-10T17:19:25.866] [DEBUG] debug-file - entry : default@ProcessLibs cost memory -3.4135971069335938
[2026-09-10T17:19:25.867] [INFO] debug-file - UP-TO-DATE :entry:default@ProcessLibs...  
[2026-09-10T17:19:25.869] [DEBUG] debug-file - restool module names: entry; moduleName=entry, taskName=default@CompileResource
[2026-09-10T17:19:25.870] [DEBUG] debug-file - Executing task :entry:default@CompileResource
[2026-09-10T17:19:25.888] [DEBUG] debug-file - Incremental task entry:default@CompileResource pre-execution cost: 16 ms .
[2026-09-10T17:19:25.888] [DEBUG] debug-file - entry : default@CompileResource cost memory 0.462982177734375
[2026-09-10T17:19:25.890] [INFO] debug-file - UP-TO-DATE :entry:default@CompileResource...  
[2026-09-10T17:19:25.891] [DEBUG] debug-file - Executing task :entry:default@DoNativeStrip
[2026-09-10T17:19:25.891] [DEBUG] debug-file - File: 'D:\HW\testproject\complete\4\entry\build\default\intermediates\binxo\default' from 'doBinxoNativeLibs' is not exists, just ignore.
[2026-09-10T17:19:25.892] [DEBUG] debug-file - Task 'entry:default@DoNativeStrip' cost while wrapping incremental declarations: 1 ms 
[2026-09-10T17:19:25.893] [DEBUG] debug-file - Incremental task entry:default@DoNativeStrip pre-execution cost: 1 ms .
[2026-09-10T17:19:25.893] [DEBUG] debug-file - entry : default@DoNativeStrip cost memory 0.070281982421875
[2026-09-10T17:19:25.893] [INFO] debug-file - UP-TO-DATE :entry:default@DoNativeStrip...  
[2026-09-10T17:19:25.895] [DEBUG] debug-file - Executing task :entry:default@CompileArkTS
[2026-09-10T17:19:25.895] [DEBUG] debug-file - obfuscationOptions: undefined
[2026-09-10T17:19:25.896] [DEBUG] debug-file - Task 'entry:default@CompileArkTS' cost while wrapping incremental declarations: 1 ms 
[2026-09-10T17:19:25.908] [DEBUG] debug-file - entry:default@CompileArkTS is not up-to-date, since the input file 'D:\HW\testproject\complete\4\entry\src\main\ets' has been changed.
[2026-09-10T17:19:25.908] [DEBUG] debug-file - Incremental task entry:default@CompileArkTS pre-execution cost: 10 ms .
[2026-09-10T17:19:25.938] [DEBUG] debug-file - build config:
[2026-09-10T17:19:25.939] [DEBUG] debug-file - {
  moduleType: 'entry',
  perf: 0,
  targetName: '.default',
  packageManagerType: 'ohpm',
  localPropertiesPath: 'D:\\HW\\testproject\\complete\\4\\local.properties',
  isPreview: false,
  isOhosTest: false,
  isLocalTest: false,
  buildMode: 'Debug',
  hotReloadBuild: undefined,
  watchMode: 'false',
  aceProfilePath: 'D:\\HW\\testproject\\complete\\4\\entry\\build\\default\\intermediates\\res\\default\\resources\\base\\profile',
  etsLoaderPath: 'E:\\DevEco Studio\\sdk\\default\\openharmony\\ets\\build-tools\\ets-loader',
  modulePath: 'D:\\HW\\testproject\\complete\\4\\entry',
  testFrameworkPar: {
    testMode: undefined,
    coveragePathFilter: undefined,
    coverageMode: undefined
  },
  needCoverageInsert: false,
  debugLine: false,
  projectTopDir: 'D:\\HW\\testproject\\complete\\4',
  compileSdkVersion: 26,
  compatibleSdkVersion: 26,
  originCompatibleSdkVersion: '26.0.0',
  compatibleSdkVersionStage: undefined,
  bundleName: 'c***p',
  etsLoaderVersion: '26.0.0.105',
  etsLoaderReleaseType: 'Release',
  aotCompileMode: 'type',
  apPath: 'D:\\HW\\testproject\\complete\\4\\entry\\modules.ap',
  entryModuleName: 'entry',
  entryModuleVersion: '1.0.0',
  entryPackageName: 'entry',
  allModuleNameHash: '30e07d57c30f75288c09608296ed8ed07fc604f1881982510ff25b77cb397b11',
  externalApiPaths: [ 'E:\\DevEco Studio\\sdk\\default\\hms\\ets' ],
  compilerTypes: [],
  isCrossplatform: false,
  hvigorPluginFile: undefined,
  compilePluginPath: undefined,
  buildGeneratedProfilePath: 'D:\\HW\\testproject\\complete\\4\\entry\\build\\default\\generated\\profile\\default',
  bundleType: 'app',
  arkTSVersion: undefined,
  apiVersion: 26,
  needCompleteSourcesMap: false,
  isFaMode: false,
  buildDir: 'D:\\HW\\testproject\\complete\\4\\entry\\build',
  buildCacheProjectDir: 'D:\\HW\\testproject\\complete\\4',
  deviceTypes: [ 'phone' ],
  pkgContextInfo: {
    '@ohos/hypium': {
      packageName: '@ohos/hypium',
      bundleName: '*****',
      moduleName: '',
      version: '1.0.24',
      entryPath: 'index.js',
      isSO: false,
      dependencyAlias: ''
    },
    '@ohos/hamock': {
      packageName: '@ohos/hamock',
      bundleName: '*****',
      moduleName: '',
      version: '1.0.0',
      entryPath: 'index.ets',
      isSO: false,
      dependencyAlias: ''
    },
    entry: {
      packageName: 'entry',
      bundleName: '*****',
      moduleName: '',
      version: '',
      entryPath: 'src/main/',
      isSO: false,
      dependencyAlias: ''
    }
  },
  ohPackagePathMap: {},
  dependencyAliasMap: {},
  permission: { requestPermissions: undefined, definePermissions: undefined },
  useGetCurrentBundleName: false,
  projectArkOption: undefined,
  sourceMapDir: undefined,
  branchElimination: false,
  transformLib: undefined,
  tsImportSendable: false,
  resolveConflictMode: true,
  depName2RootPath: {},
  depName2DepInfo: {},
  depName2OhExports: {},
  rootPathSet: [ 'D:\\HW\\testproject\\complete\\4' ],
  useNativeResolver: true,
  shouldEmitJs: true,
  useUnifiedAst: false,
  useTscResolve: false,
  singleFileEmit: false,
  userProjectConfig: {
    autoLazyImport: false,
    allowEmptyBundleName: false,
    reExportCheckMode: 'noCheck',
    executionMode: 'memory',
    usePathPlaceholder: false,
    writeRollupCache: true,
    isExpandImportEnabled: false,
    expandImportExclude: '',
    lazyImportExclude: '',
    lazyImportInclude: '',
    ignoreCrossplatformCheck: false,
    isHarDeduplicateEnabled: false,
    skipOhModulesLint: false,
    enableStrictCheckOHModule: false,
    disableSendableCheckRules: [],
    useDeclarationFileSignature: false,
    customizedOptions: undefined,
    integratedHsp: false,
    tsImportSoCheck: false,
    isPreloadSoEnabled: false
  },
  executionMode: 'memory',
  arkCompileCachePath: 'D:\\HW\\testproject\\complete\\4\\entry\\build\\default\\cache\\default\\default@CompileArkTS\\esmodule',
  autoLazyFilter: undefined,
  isHarDeduplicateEnabled: false,
  intermediateHarDuplicateDirPath: 'D:\\HW\\testproject\\complete\\4\\entry\\build\\default\\intermediates\\har_duplicate\\default',
  autoLazyImport: false,
  allowEmptyBundleName: false,
  reExportCheckMode: 'noCheck',
  usePathPlaceholder: false,
  writeRollupCache: true,
  isExpandImportEnabled: false,
  expandImportExclude: '',
  lazyImportExclude: '',
  lazyImportInclude: '',
  ignoreCrossplatformCheck: false,
  skipOhModulesLint: false,
  enableStrictCheckOHModule: false,
  disableSendableCheckRules: [],
  useDeclarationFileSignature: false,
  customizedOptions: undefined,
  integratedHsp: false,
  tsImportSoCheck: false,
  isPreloadSoEnabled: false,
  strictMode: {
    caseSensitiveCheck: true,
    useNormalizedOHMUrl: true,
    noExternalImportByPath: true
  },
  useNormalizedOHMUrl: true,
  caseSensitiveCheck: true,
  strictCheckerOnly: false,
  aceModuleJsonPath: 'D:\\HW\\testproject\\complete\\4\\entry\\build\\default\\intermediates\\res\\default\\ark_module.json',
  appResource: 'D:\\HW\\testproject\\complete\\4\\entry\\build\\default\\intermediates\\res\\default\\ResourceTable.txt',
  rawFileResource: 'D:\\HW\\testproject\\complete\\4\\entry\\build\\default\\intermediates\\res\\default\\resources\\rawfile',
  resourceTableHash: 'd81a83941c07883d4327563ba2cfe0ac7f68042912820a1577b99d29cbd144cc',
  runtimeOS: 'HarmonyOS',
  sdkInfo: 'false:26:26.0.0.105:Release',
  aceModuleRoot: 'D:\\HW\\testproject\\complete\\4\\entry\\src\\main\\ets',
  compileMode: 'esmodule',
  aceSuperVisualPath: 'D:\\HW\\testproject\\complete\\4\\entry\\src\\main\\supervisual',
  aceBuildJson: 'D:\\HW\\testproject\\complete\\4\\entry\\build\\default\\intermediates\\loader\\default\\loader.json',
  cachePath: 'D:\\HW\\testproject\\complete\\4\\entry\\build\\default\\cache\\default\\default@CompileArkTS\\esmodule\\debug',
  aceModuleBuild: 'D:\\HW\\testproject\\complete\\4\\entry\\build\\default\\intermediates\\loader_out\\default\\ets',
  supportChunks: true,
  declaredFilesPath: undefined,
  shouldCollectDirectImportees: false,
  isByteCodeHarOptimize: false,
  expandImportPath: undefined,
  resourceTableTs: 'D:\\HW\\testproject\\complete\\4\\entry\\build\\default\\generated\\r\\default\\ResourceTable.ts',
  moduleMetaInfoFiles: [
    {
      filePath: 'D:\\HW\\testproject\\complete\\4\\entry\\build\\default\\generated\\r\\default\\ResourceTable.ts',
      ohmurl: '&entry/build/generated/r/ResourceTable&'
    }
  ],
  pkgNameToPkgBriefInfo: {
    entry: {
      pkgRoot: 'D:\\HW\\testproject\\complete\\4\\entry',
      originalSourceRoots: undefined,
      sourceRoots: [Array],
      pkgName: 'entry'
    }
  },
  projectModel: {
    'D:\\HW\\testproject\\complete\\4\\entry\\src\\main': {
      moduleName: 'entry',
      modulePkgPath: 'D:\\HW\\testproject\\complete\\4\\entry',
      belongProjectPath: 'D:\\HW\\testproject\\complete\\4'
    },
    'D:\\HW\\testproject\\complete\\4\\entry\\.test\\default\\intermediates\\src\\ohosTest\\ets': {
      moduleName: 'entry_test',
      modulePkgPath: 'D:\\HW\\testproject\\complete\\4\\entry',
      belongProjectPath: 'D:\\HW\\testproject\\complete\\4'
    },
    'D:\\HW\\testproject\\complete\\4\\entry\\src\\ohosTest': {
      moduleName: 'entry_test',
      modulePkgPath: 'D:\\HW\\testproject\\complete\\4\\entry',
      belongProjectPath: 'D:\\HW\\testproject\\complete\\4'
    },
    'D:\\HW\\testproject\\complete\\4\\entry': {
      moduleName: 'entry',
      modulePkgPath: 'D:\\HW\\testproject\\complete\\4\\entry',
      belongProjectPath: 'D:\\HW\\testproject\\complete\\4'
    },
    'D:\\HW\\testproject\\complete\\4': {
      moduleName: '4',
      modulePkgPath: 'D:\\HW\\testproject\\complete\\4',
      belongProjectPath: 'D:\\HW\\testproject\\complete\\4'
    }
  },
  pkgJsonFileHash: '7ab10e622b876a852aaa87f883a5ca46773dc428b9273d7582651c0540669143',
  allModulePaths: [ 'D:\\HW\\testproject\\complete\\4\\entry' ],
  routerMap: {},
  obfuscationOptions: undefined,
  byteCodeHarToDependencyKeys: undefined,
  compileBlockPkg: [],
  mockParams: {
    decorator: '@MockSetup',
    packageName: '@ohos/hamock',
    etsSourceRootPath: 'src/main/ets',
    mockConfigPath: 'D:\\HW\\testproject\\complete\\4\\entry\\src\\mock\\mock-config.json5',
    mockConfigKey2ModuleInfo: {},
    source2ModuleIdMap: {}
  },
  copyCodeResourceEnable: false,
  copyCodeResourceExcludes: [],
  copyCodeResourceIncludes: undefined,
  uiTransformOptimization: false,
  sdkPath: 'E:/DevEco Studio/sdk',
  needPreloadSoFileSet: {},
  preloadSoFilePath: 'D:\\HW\\testproject\\complete\\4\\entry\\build\\default\\intermediates\\preload\\default\\preload.json',
  useSourceHash: false,
  localModuleParamMap: {},
  otherPaths: {
    'entry/*': [
      '..\\*',
      '..\\..\\..\\build\\default\\generated\\profile\\default\\*'
    ]
  },
  collectImportersConfig: undefined
}
[2026-09-10T17:19:25.940] [DEBUG] debug-file - Compile arkts with external api path: E:\DevEco Studio\sdk\default\hms\ets
[2026-09-10T17:19:25.943] [DEBUG] debug-file - before submitting ArkTS compile task to worker pool, config.buildDir: D:\HW\testproject\complete\4\entry\build
[2026-09-10T17:19:25.943] [DEBUG] debug-file - default@CompileArkTS work[27] is submitted.
[2026-09-10T17:19:25.943] [DEBUG] debug-file - default@CompileArkTS work[27] is pushed to ready queue.
[2026-09-10T17:19:25.944] [DEBUG] debug-file - A work dispatched to worker[15] failed because unable to get work from ready queue.
[2026-09-10T17:19:25.944] [DEBUG] debug-file - A work dispatched to worker[14] failed because unable to get work from ready queue.
[2026-09-10T17:19:25.944] [DEBUG] debug-file - A work dispatched to worker[13] failed because unable to get work from ready queue.
[2026-09-10T17:19:25.945] [DEBUG] debug-file - A work dispatched to worker[12] failed because unable to get work from ready queue.
[2026-09-10T17:19:25.945] [DEBUG] debug-file - A work dispatched to worker[11] failed because unable to get work from ready queue.
[2026-09-10T17:19:25.945] [DEBUG] debug-file - A work dispatched to worker[10] failed because unable to get work from ready queue.
[2026-09-10T17:19:25.946] [DEBUG] debug-file - A work dispatched to worker[9] failed because unable to get work from ready queue.
[2026-09-10T17:19:25.946] [DEBUG] debug-file - A work dispatched to worker[8] failed because unable to get work from ready queue.
[2026-09-10T17:19:25.946] [DEBUG] debug-file - A work dispatched to worker[7] failed because unable to get work from ready queue.
[2026-09-10T17:19:25.946] [DEBUG] debug-file - A work dispatched to worker[6] failed because unable to get work from ready queue.
[2026-09-10T17:19:25.946] [DEBUG] debug-file - A work dispatched to worker[5] failed because unable to get work from ready queue.
[2026-09-10T17:19:25.947] [DEBUG] debug-file - default@CompileArkTS work[27] has been dispatched to worker[4].
[2026-09-10T17:19:25.947] [DEBUG] debug-file - default@CompileArkTS work[27] is dispatched.
[2026-09-10T17:19:25.947] [DEBUG] debug-file - entry : default@CompileArkTS cost memory 1.0048904418945312
[2026-09-10T17:19:25.951] [DEBUG] debug-file - Executing task :entry:default@BuildJS
[2026-09-10T17:19:25.952] [DEBUG] debug-file - Task 'entry:default@BuildJS' cost while wrapping incremental declarations: 1 ms 
[2026-09-10T17:19:25.957] [DEBUG] debug-file - entry : default@BuildJS cost memory 0.10956573486328125
[2026-09-10T17:19:25.958] [DEBUG] debug-file - runTaskFromQueue task cost before running: 636 ms 
[2026-09-10T17:19:25.958] [INFO] debug-file - Finished :entry:default@BuildJS... after 7 ms 
[2026-09-10T17:19:25.962] [DEBUG] debug-file - Executing task :entry:default@CacheNativeLibs
[2026-09-10T17:19:25.963] [DEBUG] debug-file - File: 'D:\HW\testproject\complete\4\entry\build\default\intermediates\binxo\default' from 'cacheBinxoNativeLibs' is not exists, just ignore.
[2026-09-10T17:19:25.964] [DEBUG] debug-file - Task 'entry:default@CacheNativeLibs' cost while wrapping incremental declarations: 2 ms 
[2026-09-10T17:19:25.971] [DEBUG] debug-file - Incremental task entry:default@CacheNativeLibs pre-execution cost: 7 ms .
[2026-09-10T17:19:25.972] [DEBUG] debug-file - entry : default@CacheNativeLibs cost memory 0.08422088623046875
[2026-09-10T17:19:25.973] [INFO] debug-file - UP-TO-DATE :entry:default@CacheNativeLibs...  
[2026-09-10T17:19:28.445] [DEBUG] debug-file - Ark compile task finished.finished time is 192790185615000
[2026-09-10T17:19:28.446] [DEBUG] debug-file - worker[4] has one work done.
[2026-09-10T17:19:28.448] [DEBUG] debug-file - default@CompileArkTS work[27] done.
[2026-09-10T17:19:28.452] [INFO] debug-file - Finished :entry:default@CompileArkTS... after 2 s 551 ms 
[2026-09-10T17:19:28.454] [DEBUG] debug-file - Executing task :entry:default@GeneratePkgModuleJson
[2026-09-10T17:19:28.454] [DEBUG] debug-file - File: 'D:\HW\testproject\complete\4\entry\build\default\intermediates\preload\default\preload.json' from 'preloadSoJsonPath' is not exists, just ignore.
[2026-09-10T17:19:28.455] [DEBUG] debug-file - Error occurs while handling @Input 'shouldDeduplicateHar': The "data" argument must be of type string or an instance of Buffer, TypedArray, or DataView. Received undefined
[2026-09-10T17:19:28.455] [DEBUG] debug-file - Task 'entry:default@GeneratePkgModuleJson' cost while wrapping incremental declarations: 1 ms 
[2026-09-10T17:19:28.457] [DEBUG] debug-file - Incremental task entry:default@GeneratePkgModuleJson pre-execution cost: 2 ms .
[2026-09-10T17:19:28.457] [DEBUG] debug-file - entry : default@GeneratePkgModuleJson cost memory 0.08029937744140625
[2026-09-10T17:19:28.458] [INFO] debug-file - UP-TO-DATE :entry:default@GeneratePkgModuleJson...  
[2026-09-10T17:19:28.460] [DEBUG] debug-file - Executing task :entry:default@ProcessCompiledResources
[2026-09-10T17:19:28.460] [DEBUG] debug-file - File: 'D:\HW\testproject\complete\4\entry\build\default\intermediates\preload\default\preload.json' from 'preloadSoJsonPath' is not exists, just ignore.
[2026-09-10T17:19:28.461] [DEBUG] debug-file - Task 'entry:default@ProcessCompiledResources' cost while wrapping incremental declarations: 1 ms 
[2026-09-10T17:19:28.462] [DEBUG] debug-file - entry : default@ProcessCompiledResources cost memory 0.0485382080078125
[2026-09-10T17:19:28.462] [DEBUG] debug-file - runTaskFromQueue task cost before running: 3 s 140 ms 
[2026-09-10T17:19:28.462] [INFO] debug-file - Finished :entry:default@ProcessCompiledResources... after 2 ms 
[2026-09-10T17:19:28.467] [DEBUG] debug-file - Executing task :entry:default@PackageHap
[2026-09-10T17:19:28.482] [DEBUG] debug-file - entry:default@PackageHap is not up-to-date, since the input file 'D:\HW\testproject\complete\4\entry\build\default\intermediates\loader_out\default\ets' has been changed.
[2026-09-10T17:19:28.482] [DEBUG] debug-file - Incremental task entry:default@PackageHap pre-execution cost: 11 ms .
[2026-09-10T17:19:28.485] [DEBUG] debug-file - Use tool [E:\DevEco Studio\sdk\default\openharmony\toolchains\lib\app_packing_tool.jar]
 [
  'java',
  '-Dfile.encoding=GBK',
  '-jar',
  'E:\\DevEco Studio\\sdk\\default\\openharmony\\toolchains\\lib\\app_packing_tool.jar',
  '--mode',
  'hap',
  '--force',
  'true',
  '--lib-path',
  'D:\\HW\\testproject\\complete\\4\\entry\\build\\default\\intermediates\\stripped_native_libs\\default',
  '--json-path',
  'D:\\HW\\testproject\\complete\\4\\entry\\build\\default\\intermediates\\package\\default\\module.json',
  '--resources-path',
  'D:\\HW\\testproject\\complete\\4\\entry\\build\\default\\intermediates\\res\\default\\resources',
  '--index-path',
  'D:\\HW\\testproject\\complete\\4\\entry\\build\\default\\intermediates\\res\\default\\resources.index',
  '--pack-info-path',
  'D:\\HW\\testproject\\complete\\4\\entry\\build\\default\\outputs\\default\\pack.info',
  '--out-path',
  'D:\\HW\\testproject\\complete\\4\\entry\\build\\default\\outputs\\default\\entry-default-unsigned.hap',
  '--ets-path',
  'D:\\HW\\testproject\\complete\\4\\entry\\build\\default\\intermediates\\loader_out\\default\\ets',
  '--pkg-context-path',
  'D:\\HW\\testproject\\complete\\4\\entry\\build\\default\\intermediates\\loader\\default\\pkgContextInfo.json'
]
[2026-09-10T17:19:28.486] [DEBUG] debug-file - default@PackageHap work[28] is submitted.
[2026-09-10T17:19:28.486] [DEBUG] debug-file - default@PackageHap work[28] is pushed to ready queue.
[2026-09-10T17:19:28.488] [DEBUG] debug-file - A work dispatched to worker[15] failed because unable to get work from ready queue.
[2026-09-10T17:19:28.488] [DEBUG] debug-file - Create  resident worker with id: 14.
[2026-09-10T17:19:28.492] [DEBUG] debug-file - default@PackageHap work[28] has been dispatched to worker[14].
[2026-09-10T17:19:28.493] [DEBUG] debug-file - default@PackageHap work[28] is dispatched.
[2026-09-10T17:19:28.513] [DEBUG] debug-file - entry : default@PackageHap cost memory 0.4012451171875
[2026-09-10T17:19:31.819] [DEBUG] debug-file - current process  memoryUsage: {
  rss: 458498048,
  heapTotal: 78856192,
  heapUsed: 50485400,
  external: 3958577,
  arrayBuffers: 18671
} os memoryUsage :14.47146987915039
[2026-09-10T17:19:32.819] [DEBUG] debug-file - worker[14] has one work done.
[2026-09-10T17:19:32.820] [DEBUG] debug-file - default@PackageHap work[28] done.
[2026-09-10T17:19:32.820] [DEBUG] debug-file - A work dispatched to worker[14] failed because unable to get work from ready queue.
[2026-09-10T17:19:32.824] [INFO] debug-file - Finished :entry:default@PackageHap... after 1 s 65 ms 
[2026-09-10T17:19:32.827] [DEBUG] debug-file - Executing task :entry:default@PackingCheck
[2026-09-10T17:19:32.837] [DEBUG] debug-file - entry : default@PackingCheck cost memory 0.29346466064453125
[2026-09-10T17:19:32.837] [DEBUG] debug-file - runTaskFromQueue task cost before running: 7 s 516 ms 
[2026-09-10T17:19:32.838] [INFO] debug-file - Finished :entry:default@PackingCheck... after 11 ms 
[2026-09-10T17:19:32.841] [DEBUG] debug-file - Executing task :entry:default@SignHap
[2026-09-10T17:19:32.841] [WARN] debug-file - Will skip sign 'hos_hap'. No signingConfigs profile is configured in current project.
             If needed, configure the signingConfigs in D:\HW\testproject\complete\4\build-profile.json5.
[2026-09-10T17:19:32.843] [DEBUG] debug-file - entry:default@SignHap is not up-to-date, since the input file 'D:\HW\testproject\complete\4\entry\build\default\outputs\default\entry-default-unsigned.hap' has been changed.
[2026-09-10T17:19:32.844] [DEBUG] debug-file - Incremental task entry:default@SignHap pre-execution cost: 2 ms .
[2026-09-10T17:19:32.844] [DEBUG] debug-file - entry : default@SignHap cost memory 0.0655670166015625
[2026-09-10T17:19:32.845] [DEBUG] debug-file - runTaskFromQueue task cost before running: 7 s 523 ms 
[2026-09-10T17:19:32.846] [INFO] debug-file - Finished :entry:default@SignHap... after 4 ms 
[2026-09-10T17:19:32.849] [DEBUG] debug-file - Executing task :entry:default@CollectDebugSymbol
[2026-09-10T17:19:32.851] [DEBUG] debug-file - entry : default@CollectDebugSymbol cost memory 0.074951171875
[2026-09-10T17:19:32.852] [DEBUG] debug-file - runTaskFromQueue task cost before running: 7 s 530 ms 
[2026-09-10T17:19:32.852] [INFO] debug-file - Finished :entry:default@CollectDebugSymbol... after 4 ms 
[2026-09-10T17:19:32.853] [DEBUG] debug-file - Executing task :entry:assembleHap
[2026-09-10T17:19:32.853] [DEBUG] debug-file - entry : assembleHap cost memory 0.0133514404296875
[2026-09-10T17:19:32.854] [DEBUG] debug-file - runTaskFromQueue task cost before running: 7 s 532 ms 
[2026-09-10T17:19:32.854] [INFO] debug-file - Finished :entry:assembleHap... after 1 ms 
[2026-09-10T17:19:32.855] [INFO] debug-file - BUILD SUCCESSFUL in 7 s 534 ms 
[2026-09-10T17:19:32.856] [DEBUG] debug-file - There is no need to refresh cache, since the incremental task entry:default@PreBuild is up-to-date.
[2026-09-10T17:19:32.856] [DEBUG] debug-file - Update task entry:default@CreateModuleInfo output file:D:\HW\testproject\complete\4\entry\build\default\generated\profile\default\ModuleInfo.ts cache.
[2026-09-10T17:19:32.857] [DEBUG] debug-file - Incremental task entry:default@CreateModuleInfo post-execution cost:1 ms .
[2026-09-10T17:19:32.857] [DEBUG] debug-file - There is no need to refresh cache, since the incremental task entry:default@GenerateMetadata is up-to-date.
[2026-09-10T17:19:32.857] [DEBUG] debug-file - There is no need to refresh cache, since the incremental task entry:default@MergeProfile is up-to-date.
[2026-09-10T17:19:32.857] [DEBUG] debug-file - There is no need to refresh cache, since the incremental task entry:default@CreateBuildProfile is up-to-date.
[2026-09-10T17:19:32.857] [DEBUG] debug-file - There is no need to refresh cache, since the incremental task entry:default@GeneratePkgContextInfo is up-to-date.
[2026-09-10T17:19:32.857] [DEBUG] debug-file - Update task entry:default@GeneratePkgSdkInfo output file:D:\HW\testproject\complete\4\entry\build\default\intermediates\loader\default\pkgSdkInfo.json cache.
[2026-09-10T17:19:32.858] [DEBUG] debug-file - Incremental task entry:default@GeneratePkgSdkInfo post-execution cost:1 ms .
[2026-09-10T17:19:32.858] [DEBUG] debug-file - Update task entry:default@ProcessIntegratedHsp output file:D:\HW\testproject\complete\4\build\cache\default\integrated_hsp\integratedHspCache.json cache.
[2026-09-10T17:19:32.859] [DEBUG] debug-file - Incremental task entry:default@ProcessIntegratedHsp post-execution cost:1 ms .
[2026-09-10T17:19:32.859] [DEBUG] debug-file - There is no need to refresh cache, since the incremental task entry:default@MakePackInfo is up-to-date.
[2026-09-10T17:19:32.859] [DEBUG] debug-file - Update task entry:default@SyscapTransform input file:E:\DevEco Studio\sdk\default\openharmony\toolchains\syscap_tool.exe cache by regenerate.
[2026-09-10T17:19:32.860] [DEBUG] debug-file - Update task entry:default@SyscapTransform input file:E:\DevEco Studio\sdk\default\openharmony\ets\api\device-define cache by regenerate.
[2026-09-10T17:19:32.862] [DEBUG] debug-file - Update task entry:default@SyscapTransform output file:D:\HW\testproject\complete\4\entry\build\default\intermediates\syscap\default\rpcid.sc cache.
[2026-09-10T17:19:32.863] [DEBUG] debug-file - Incremental task entry:default@SyscapTransform post-execution cost:4 ms .
[2026-09-10T17:19:32.863] [DEBUG] debug-file - There is no need to refresh cache, since the incremental task entry:default@ProcessProfile is up-to-date.
[2026-09-10T17:19:32.863] [DEBUG] debug-file - There is no need to refresh cache, since the incremental task entry:default@ProcessRouterMap is up-to-date.
[2026-09-10T17:19:32.863] [DEBUG] debug-file - There is no need to refresh cache, since the incremental task entry:default@ProcessShareConfig is up-to-date.
[2026-09-10T17:19:32.864] [DEBUG] debug-file - Update task entry:default@ProcessStartupConfig input file:D:\HW\testproject\complete\4\entry\build\default\intermediates\loader\default\pkgContextInfo.json cache by regenerate.
[2026-09-10T17:19:32.864] [DEBUG] debug-file - Update task entry:default@ProcessStartupConfig output file:D:\HW\testproject\complete\4\entry\build\default\intermediates\startup\default\startup_config.json cache.
[2026-09-10T17:19:32.865] [DEBUG] debug-file - Incremental task entry:default@ProcessStartupConfig post-execution cost:2 ms .
[2026-09-10T17:19:32.865] [DEBUG] debug-file - There is no need to refresh cache, since the incremental task entry:default@ProcessResource is up-to-date.
[2026-09-10T17:19:32.865] [DEBUG] debug-file - There is no need to refresh cache, since the incremental task entry:default@GenerateLoaderJson is up-to-date.
[2026-09-10T17:19:32.865] [DEBUG] debug-file - There is no need to refresh cache, since the incremental task entry:default@ProcessLibs is up-to-date.
[2026-09-10T17:19:32.866] [DEBUG] debug-file - There is no need to refresh cache, since the incremental task entry:default@CompileResource is up-to-date.
[2026-09-10T17:19:32.866] [DEBUG] debug-file - There is no need to refresh cache, since the incremental task entry:default@DoNativeStrip is up-to-date.
[2026-09-10T17:19:32.871] [DEBUG] debug-file - Update task entry:default@CompileArkTS input file:D:\HW\testproject\complete\4\entry\build\default\intermediates\loader\default cache by regenerate.
[2026-09-10T17:19:32.873] [DEBUG] debug-file - Update task entry:default@CompileArkTS input file:D:\HW\testproject\complete\4\entry\build\default\intermediates\res\default\resources\rawfile cache by regenerate.
[2026-09-10T17:19:32.874] [DEBUG] debug-file - Update task entry:default@CompileArkTS input file:D:\HW\testproject\complete\4\entry\build\default\intermediates\res\default\ResourceTable.txt cache by regenerate.
[2026-09-10T17:19:32.874] [DEBUG] debug-file - Update task entry:default@CompileArkTS input file:D:\HW\testproject\complete\4\entry\build\default\intermediates\res\default\ark_module.json cache by regenerate.
[2026-09-10T17:19:32.875] [DEBUG] debug-file - Update task entry:default@CompileArkTS input file:D:\HW\testproject\complete\4\entry\build\default\intermediates\res\default\resources\base\profile cache by regenerate.
[2026-09-10T17:19:32.877] [DEBUG] debug-file - Update task entry:default@CompileArkTS input file:D:\HW\testproject\complete\4\entry\src\main\ets cache from map.
[2026-09-10T17:19:32.877] [DEBUG] debug-file - Update task entry:default@CompileArkTS input file:D:\HW\testproject\complete\4\entry\build\default\intermediates\loader\default\pkgContextInfo.json cache by regenerate.
[2026-09-10T17:19:32.878] [DEBUG] debug-file - Update task entry:default@CompileArkTS input file:D:\HW\testproject\complete\4\entry\build\default\generated\profile\default\BuildProfile.ets cache by regenerate.
[2026-09-10T17:19:32.879] [DEBUG] debug-file - Update task entry:default@CompileArkTS input file:D:\HW\testproject\complete\4\entry\src\mock\mock-config.json5 cache by regenerate.
[2026-09-10T17:19:32.879] [DEBUG] debug-file - Update task entry:default@CompileArkTS output file:D:\HW\testproject\complete\4\entry\build\default\intermediates\loader_out\default\ets cache.
[2026-09-10T17:19:32.880] [DEBUG] debug-file - Incremental task entry:default@CompileArkTS post-execution cost:15 ms .
[2026-09-10T17:19:32.883] [DEBUG] debug-file - Update task entry:default@BuildJS input file:D:\HW\testproject\complete\4\entry\build\default\intermediates\loader\default cache by regenerate.
[2026-09-10T17:19:32.885] [DEBUG] debug-file - Update task entry:default@BuildJS input file:D:\HW\testproject\complete\4\entry\build\default\intermediates\res\default\resources\rawfile cache by regenerate.
[2026-09-10T17:19:32.886] [DEBUG] debug-file - Update task entry:default@BuildJS input file:D:\HW\testproject\complete\4\entry\build\default\intermediates\res\default\ResourceTable.txt cache by regenerate.
[2026-09-10T17:19:32.886] [DEBUG] debug-file - Update task entry:default@BuildJS input file:D:\HW\testproject\complete\4\entry\build\default\intermediates\res\default\ark_module.json cache by regenerate.
[2026-09-10T17:19:32.887] [DEBUG] debug-file - Update task entry:default@BuildJS input file:D:\HW\testproject\complete\4\entry\build\default\intermediates\res\default\resources\base\profile cache by regenerate.
[2026-09-10T17:19:32.888] [DEBUG] debug-file - Update task entry:default@BuildJS input file:D:\HW\testproject\complete\4\entry\build\default\intermediates\loader\default\pkgContextInfo.json cache by regenerate.
[2026-09-10T17:19:32.888] [DEBUG] debug-file - Update task entry:default@BuildJS output file:D:\HW\testproject\complete\4\entry\build\default\intermediates\loader_out\default\js cache.
[2026-09-10T17:19:32.889] [DEBUG] debug-file - Incremental task entry:default@BuildJS post-execution cost:9 ms .
[2026-09-10T17:19:32.889] [DEBUG] debug-file - There is no need to refresh cache, since the incremental task entry:default@CacheNativeLibs is up-to-date.
[2026-09-10T17:19:32.890] [DEBUG] debug-file - There is no need to refresh cache, since the incremental task entry:default@GeneratePkgModuleJson is up-to-date.
[2026-09-10T17:19:32.890] [DEBUG] debug-file - Incremental task entry:default@ProcessCompiledResources post-execution cost:1 ms .
[2026-09-10T17:19:32.893] [DEBUG] debug-file - Update task entry:default@PackageHap input file:D:\HW\testproject\complete\4\entry\build\default\outputs\default\pack.info cache by regenerate.
[2026-09-10T17:19:32.893] [DEBUG] debug-file - Update task entry:default@PackageHap input file:D:\HW\testproject\complete\4\entry\build\default\intermediates\stripped_native_libs\default cache by regenerate.
[2026-09-10T17:19:32.894] [DEBUG] debug-file - Update task entry:default@PackageHap input file:D:\HW\testproject\complete\4\entry\build\default\intermediates\res\default\module.json cache by regenerate.
[2026-09-10T17:19:32.894] [DEBUG] debug-file - Update task entry:default@PackageHap input file:D:\HW\testproject\complete\4\entry\build\default\intermediates\res\default\resources cache by regenerate.
[2026-09-10T17:19:32.898] [DEBUG] debug-file - Update task entry:default@PackageHap input file:D:\HW\testproject\complete\4\entry\build\default\intermediates\res\default\resources.index cache by regenerate.
[2026-09-10T17:19:32.899] [DEBUG] debug-file - Update task entry:default@PackageHap input file:D:\HW\testproject\complete\4\entry\build\default\intermediates\loader_out\default\ets cache from map.
[2026-09-10T17:19:32.899] [DEBUG] debug-file - Update task entry:default@PackageHap input file:D:\HW\testproject\complete\4\entry\build\default\intermediates\loader\default\pkgContextInfo.json cache by regenerate.
[2026-09-10T17:19:32.900] [DEBUG] debug-file - Update task entry:default@PackageHap input file:D:\HW\testproject\complete\4\entry\build\default\intermediates\package\default\module.json cache by regenerate.
[2026-09-10T17:19:32.901] [DEBUG] debug-file - Update task entry:default@PackageHap input file:D:\HW\testproject\complete\4\entry\build\default\intermediates\loader_out\default\ets\sourceMaps.map cache by regenerate.
[2026-09-10T17:19:32.901] [DEBUG] debug-file - Update task entry:default@PackageHap input file:D:\HW\testproject\complete\4\entry\build\default\generated\profile\default\BuildProfile.ets cache by regenerate.
[2026-09-10T17:19:32.902] [DEBUG] debug-file - Update task entry:default@PackageHap output file:D:\HW\testproject\complete\4\entry\build\default\outputs\default\entry-default-unsigned.hap cache.
[2026-09-10T17:19:32.903] [DEBUG] debug-file - Update task entry:default@PackageHap output file:D:\HW\testproject\complete\4\entry\build\default\intermediates\source_map\default\sourceMaps.map cache.
[2026-09-10T17:19:32.903] [DEBUG] debug-file - Update task entry:default@PackageHap output file:D:\HW\testproject\complete\4\entry\build\default\outputs\default\mapping\sourceMaps.map cache.
[2026-09-10T17:19:32.904] [DEBUG] debug-file - Incremental task entry:default@PackageHap post-execution cost:14 ms .
[2026-09-10T17:19:32.905] [DEBUG] debug-file - Update task entry:default@SignHap input file:D:\HW\testproject\complete\4\entry\build\default\outputs\default\entry-default-unsigned.hap cache from map.
[2026-09-10T17:19:32.905] [DEBUG] debug-file - Update task entry:default@SignHap output file:D:\HW\testproject\complete\4\entry\build\default\outputs\default\entry-default-signed.hap cache.
[2026-09-10T17:19:32.906] [DEBUG] debug-file - Incremental task entry:default@SignHap post-execution cost:2 ms .
[2026-09-10T17:19:32.907] [DEBUG] debug-file - Update task entry:default@CollectDebugSymbol input file:D:\HW\testproject\complete\4\entry\build\default\intermediates\loader_out\default\ets\sourceMaps.map cache by regenerate.
[2026-09-10T17:19:32.908] [DEBUG] debug-file - Update task entry:default@CollectDebugSymbol input file:D:\HW\testproject\complete\4\entry\build\default\intermediates\libs\default cache by regenerate.
[2026-09-10T17:19:32.908] [DEBUG] debug-file - Update task entry:default@CollectDebugSymbol output file:D:\HW\testproject\complete\4\entry\build\default\outputs\default\symbol cache.
[2026-09-10T17:19:32.909] [DEBUG] debug-file - Incremental task entry:default@CollectDebugSymbol post-execution cost:3 ms .
[2026-09-10T17:19:32.932] [DEBUG] debug-file - Cleanup worker 14.
[2026-09-10T17:19:32.961] [DEBUG] debug-file - session manager: send message to worker process. WorkerThreadId: 0, data: {"type":"hvigor_failed","reason":"Server has disconnected."}
[2026-09-10T17:19:32.963] [DEBUG] debug-file - session manager: send message to worker process. WorkerThreadId: 0, data: {"type":"CloseWatch","reason":"Server has disconnected."}
[2026-09-10T17:19:32.934] [DEBUG] debug-file - hvigor build process will be closed.
[2026-09-10T17:19:32.949] [DEBUG] debug-file - worker[14] exits with exit code 1.
[2026-09-10T17:19:32.949] [DEBUG] debug-file - Worker 14 has been cleaned up.
[2026-09-10T17:19:32.950] [DEBUG] debug-file - Current idle worker size: 1.
[2026-09-10T17:19:32.950] [DEBUG] debug-file - Current resident worker size: 1.
[2026-09-10T17:19:32.962] [DEBUG] debug-file - watch worker: worker id should be larger than 0. Nothing will be sent to any worker thread.
[2026-09-10T17:19:32.963] [DEBUG] debug-file - ABORT_WORK sent to workers.
[2026-09-10T17:19:32.964] [DEBUG] debug-file - watch worker: worker id should be larger than 0. Nothing will be sent to any worker thread.
