[2026-09-14T14:46:08.519] [DEBUG] debug-file - Compile arkts with external api path: E:\DevEco Studio\sdk\default\hms\ets
[2026-09-14T14:46:08.520] [DEBUG] debug-file - before submitting ArkTS compile task to worker pool, config.buildDir: D:\HW\testproject\complete\1\entry\build
[2026-09-14T14:46:08.521] [DEBUG] debug-file - default@CompileArkTS work[44] is submitted.
[2026-09-14T14:46:08.521] [DEBUG] debug-file - default@CompileArkTS work[44] is pushed to ready queue.
[2026-09-14T14:46:08.521] [DEBUG] debug-file - A work dispatched to worker[15] failed because unable to get work from ready queue.
[2026-09-14T14:46:08.521] [DEBUG] debug-file - A work dispatched to worker[14] failed because unable to get work from ready queue.
[2026-09-14T14:46:08.521] [DEBUG] debug-file - A work dispatched to worker[13] failed because unable to get work from ready queue.
[2026-09-14T14:46:08.521] [DEBUG] debug-file - A work dispatched to worker[12] failed because unable to get work from ready queue.
[2026-09-14T14:46:08.521] [DEBUG] debug-file - A work dispatched to worker[11] failed because unable to get work from ready queue.
[2026-09-14T14:46:08.521] [DEBUG] debug-file - A work dispatched to worker[10] failed because unable to get work from ready queue.
[2026-09-14T14:46:08.521] [DEBUG] debug-file - A work dispatched to worker[9] failed because unable to get work from ready queue.
[2026-09-14T14:46:08.521] [DEBUG] debug-file - A work dispatched to worker[8] failed because unable to get work from ready queue.
[2026-09-14T14:46:08.521] [DEBUG] debug-file - A work dispatched to worker[7] failed because unable to get work from ready queue.
[2026-09-14T14:46:08.521] [DEBUG] debug-file - A work dispatched to worker[6] failed because unable to get work from ready queue.
[2026-09-14T14:46:08.521] [DEBUG] debug-file - A work dispatched to worker[5] failed because unable to get work from ready queue.
[2026-09-14T14:46:08.521] [DEBUG] debug-file - default@CompileArkTS work[44] has been dispatched to worker[4].
[2026-09-14T14:46:08.521] [DEBUG] debug-file - default@CompileArkTS work[44] is dispatched.
[2026-09-14T14:46:08.521] [DEBUG] debug-file - entry : default@CompileArkTS cost memory 1.0097885131835938
[2026-09-14T14:46:08.522] [DEBUG] debug-file - Executing task :entry:default@BuildJS
[2026-09-14T14:46:08.522] [DEBUG] debug-file - Task 'entry:default@BuildJS' cost while wrapping incremental declarations: 1 ms 
[2026-09-14T14:46:08.524] [DEBUG] debug-file - entry : default@BuildJS cost memory 0.10906982421875
[2026-09-14T14:46:08.524] [DEBUG] debug-file - runTaskFromQueue task cost before running: 149 ms 
[2026-09-14T14:46:08.524] [INFO] debug-file - Finished :entry:default@BuildJS... after 2 ms 
[2026-09-14T14:46:08.524] [DEBUG] debug-file - Executing task :entry:default@CacheNativeLibs
[2026-09-14T14:46:08.525] [DEBUG] debug-file - File: 'D:\HW\testproject\complete\1\entry\build\default\intermediates\binxo\default' from 'cacheBinxoNativeLibs' is not exists, just ignore.
[2026-09-14T14:46:08.525] [DEBUG] debug-file - Task 'entry:default@CacheNativeLibs' cost while wrapping incremental declarations: 1 ms 
[2026-09-14T14:46:08.526] [DEBUG] debug-file - Incremental task entry:default@CacheNativeLibs pre-execution cost: 1 ms .
[2026-09-14T14:46:08.526] [DEBUG] debug-file - entry : default@CacheNativeLibs cost memory 0.07816314697265625
[2026-09-14T14:46:08.526] [INFO] debug-file - UP-TO-DATE :entry:default@CacheNativeLibs...  
[2026-09-14T14:46:09.194] [DEBUG] debug-file - worker[4] has one work done.
[2026-09-14T14:46:09.195] [DEBUG] debug-file - default@CompileArkTS work[44] done.
[2026-09-14T14:46:09.197] [INFO] debug-file - Finished :entry:default@CompileArkTS... after 690 ms 
[2026-09-14T14:46:09.197] [DEBUG] debug-file - Executing task :entry:default@GeneratePkgModuleJson
[2026-09-14T14:46:09.197] [DEBUG] debug-file - File: 'D:\HW\testproject\complete\1\entry\build\default\intermediates\preload\default\preload.json' from 'preloadSoJsonPath' is not exists, just ignore.
[2026-09-14T14:46:09.197] [DEBUG] debug-file - Error occurs while handling @Input 'shouldDeduplicateHar': The "data" argument must be of type string or an instance of Buffer, TypedArray, or DataView. Received undefined
[2026-09-14T14:46:09.197] [DEBUG] debug-file - Task 'entry:default@GeneratePkgModuleJson' cost while wrapping incremental declarations: 1 ms 
[2026-09-14T14:46:09.198] [DEBUG] debug-file - Incremental task entry:default@GeneratePkgModuleJson pre-execution cost: 1 ms .
[2026-09-14T14:46:09.198] [DEBUG] debug-file - entry : default@GeneratePkgModuleJson cost memory 0.07720947265625
[2026-09-14T14:46:09.198] [INFO] debug-file - UP-TO-DATE :entry:default@GeneratePkgModuleJson...  
[2026-09-14T14:46:09.198] [DEBUG] debug-file - Executing task :entry:default@ProcessCompiledResources
[2026-09-14T14:46:09.199] [DEBUG] debug-file - File: 'D:\HW\testproject\complete\1\entry\build\default\intermediates\preload\default\preload.json' from 'preloadSoJsonPath' is not exists, just ignore.
[2026-09-14T14:46:09.199] [DEBUG] debug-file - Task 'entry:default@ProcessCompiledResources' cost while wrapping incremental declarations: 1 ms 
[2026-09-14T14:46:09.199] [DEBUG] debug-file - entry : default@ProcessCompiledResources cost memory 0.0485992431640625
[2026-09-14T14:46:09.199] [DEBUG] debug-file - runTaskFromQueue task cost before running: 824 ms 
[2026-09-14T14:46:09.199] [INFO] debug-file - Finished :entry:default@ProcessCompiledResources... after 1 ms 
[2026-09-14T14:46:09.200] [DEBUG] debug-file - Executing task :entry:default@PackageHap
[2026-09-14T14:46:09.203] [DEBUG] debug-file - entry:default@PackageHap is not up-to-date, since the input file 'D:\HW\testproject\complete\1\entry\build\default\intermediates\loader_out\default\ets' has been changed.
[2026-09-14T14:46:09.203] [DEBUG] debug-file - Incremental task entry:default@PackageHap pre-execution cost: 3 ms .
[2026-09-14T14:46:09.204] [DEBUG] debug-file - Use tool [E:\DevEco Studio\sdk\default\openharmony\toolchains\lib\app_packing_tool.jar]
 [
  'java',
  '-Dfile.encoding=GBK',
  '-jar',
  'E:\\DevEco Studio\\sdk\\default\\openharmony\\toolchains\\lib\\app_packing_tool.jar',
  '--mode',
  'hap',
  '--force',
  'true',
  '--lib-path',
  'D:\\HW\\testproject\\complete\\1\\entry\\build\\default\\intermediates\\stripped_native_libs\\default',
  '--json-path',
  'D:\\HW\\testproject\\complete\\1\\entry\\build\\default\\intermediates\\package\\default\\module.json',
  '--resources-path',
  'D:\\HW\\testproject\\complete\\1\\entry\\build\\default\\intermediates\\res\\default\\resources',
  '--index-path',
  'D:\\HW\\testproject\\complete\\1\\entry\\build\\default\\intermediates\\res\\default\\resources.index',
  '--pack-info-path',
  'D:\\HW\\testproject\\complete\\1\\entry\\build\\default\\outputs\\default\\pack.info',
  '--out-path',
  'D:\\HW\\testproject\\complete\\1\\entry\\build\\default\\outputs\\default\\entry-default-unsigned.hap',
  '--ets-path',
  'D:\\HW\\testproject\\complete\\1\\entry\\build\\default\\intermediates\\loader_out\\default\\ets',
  '--pkg-context-path',
  'D:\\HW\\testproject\\complete\\1\\entry\\build\\default\\intermediates\\loader\\default\\pkgContextInfo.json'
]
[2026-09-14T14:46:09.204] [DEBUG] debug-file - default@PackageHap work[45] is submitted.
[2026-09-14T14:46:09.204] [DEBUG] debug-file - default@PackageHap work[45] is pushed to ready queue.
[2026-09-14T14:46:09.204] [DEBUG] debug-file - A work dispatched to worker[15] failed because unable to get work from ready queue.
[2026-09-14T14:46:09.204] [DEBUG] debug-file - Create  resident worker with id: 14.
[2026-09-14T14:46:09.205] [DEBUG] debug-file - default@PackageHap work[45] has been dispatched to worker[14].
[2026-09-14T14:46:09.205] [DEBUG] debug-file - default@PackageHap work[45] is dispatched.
[2026-09-14T14:46:09.208] [DEBUG] debug-file - entry : default@PackageHap cost memory 0.41063690185546875
[2026-09-14T14:46:10.008] [DEBUG] debug-file - current process  memoryUsage: {
  rss: 505114624,
  heapTotal: 79118336,
  heapUsed: 50475160,
  external: 3958577,
  arrayBuffers: 18671
} os memoryUsage :13.594989776611328
[2026-09-14T14:46:10.591] [DEBUG] debug-file - worker[14] has one work done.
[2026-09-14T14:46:10.592] [DEBUG] debug-file - default@PackageHap work[45] done.
[2026-09-14T14:46:10.592] [DEBUG] debug-file - A work dispatched to worker[14] failed because unable to get work from ready queue.
[2026-09-14T14:46:10.593] [INFO] debug-file - Finished :entry:default@PackageHap... after 594 ms 
[2026-09-14T14:46:10.594] [DEBUG] debug-file - Executing task :entry:default@PackingCheck
[2026-09-14T14:46:10.596] [DEBUG] debug-file - entry : default@PackingCheck cost memory 0.33750152587890625
[2026-09-14T14:46:10.596] [DEBUG] debug-file - runTaskFromQueue task cost before running: 2 s 222 ms 
[2026-09-14T14:46:10.597] [INFO] debug-file - Finished :entry:default@PackingCheck... after 3 ms 
[2026-09-14T14:46:10.597] [DEBUG] debug-file - Executing task :entry:default@SignHap
[2026-09-14T14:46:10.598] [DEBUG] debug-file - entry:default@SignHap is not up-to-date, since the input file 'D:\HW\testproject\complete\1\entry\build\default\outputs\default\entry-default-unsigned.hap' has been changed.
[2026-09-14T14:46:10.598] [DEBUG] debug-file - Incremental task entry:default@SignHap pre-execution cost: 1 ms .
[2026-09-14T14:46:10.643] [DEBUG] debug-file - java daemon socket received message:{"code":0,"message":"verify profile success"}
[2026-09-14T14:46:10.648] [DEBUG] debug-file - java daemon socket close code:1000 reason:close by user
[2026-09-14T14:46:10.763] [DEBUG] debug-file - java daemon socket received message:{"code":0,"message":"sign app success"}
[2026-09-14T14:46:10.764] [DEBUG] debug-file - entry : default@SignHap cost memory 0.46445465087890625
[2026-09-14T14:46:10.764] [DEBUG] debug-file - runTaskFromQueue task cost before running: 2 s 389 ms 
[2026-09-14T14:46:10.765] [INFO] debug-file - Finished :entry:default@SignHap... after 167 ms 
[2026-09-14T14:46:10.766] [DEBUG] debug-file - Executing task :entry:default@CollectDebugSymbol
[2026-09-14T14:46:10.767] [DEBUG] debug-file - entry : default@CollectDebugSymbol cost memory 0.07454681396484375
[2026-09-14T14:46:10.767] [DEBUG] debug-file - runTaskFromQueue task cost before running: 2 s 392 ms 
[2026-09-14T14:46:10.767] [INFO] debug-file - Finished :entry:default@CollectDebugSymbol... after 1 ms 
[2026-09-14T14:46:10.767] [DEBUG] debug-file - Executing task :entry:assembleHap
[2026-09-14T14:46:10.767] [DEBUG] debug-file - entry : assembleHap cost memory 0.0134124755859375
[2026-09-14T14:46:10.767] [DEBUG] debug-file - runTaskFromQueue task cost before running: 2 s 392 ms 
[2026-09-14T14:46:10.767] [INFO] debug-file - Finished :entry:assembleHap... after 1 ms 
[2026-09-14T14:46:10.768] [INFO] debug-file - BUILD SUCCESSFUL in 2 s 393 ms 
[2026-09-14T14:46:10.768] [DEBUG] debug-file - There is no need to refresh cache, since the incremental task entry:default@PreBuild is up-to-date.
[2026-09-14T14:46:10.768] [DEBUG] debug-file - Update task entry:default@CreateModuleInfo output file:D:\HW\testproject\complete\1\entry\build\default\generated\profile\default\ModuleInfo.ts cache.
[2026-09-14T14:46:10.768] [DEBUG] debug-file - Incremental task entry:default@CreateModuleInfo post-execution cost:1 ms .
[2026-09-14T14:46:10.768] [DEBUG] debug-file - There is no need to refresh cache, since the incremental task entry:default@GenerateMetadata is up-to-date.
[2026-09-14T14:46:10.768] [DEBUG] debug-file - There is no need to refresh cache, since the incremental task entry:default@MergeProfile is up-to-date.
[2026-09-14T14:46:10.768] [DEBUG] debug-file - There is no need to refresh cache, since the incremental task entry:default@CreateBuildProfile is up-to-date.
[2026-09-14T14:46:10.768] [DEBUG] debug-file - There is no need to refresh cache, since the incremental task entry:default@GeneratePkgContextInfo is up-to-date.
[2026-09-14T14:46:10.768] [DEBUG] debug-file - Update task entry:default@GeneratePkgSdkInfo output file:D:\HW\testproject\complete\1\entry\build\default\intermediates\loader\default\pkgSdkInfo.json cache.
[2026-09-14T14:46:10.768] [DEBUG] debug-file - Incremental task entry:default@GeneratePkgSdkInfo post-execution cost:1 ms .
[2026-09-14T14:46:10.768] [DEBUG] debug-file - Update task entry:default@ProcessIntegratedHsp output file:D:\HW\testproject\complete\1\build\cache\default\integrated_hsp\integratedHspCache.json cache.
[2026-09-14T14:46:10.768] [DEBUG] debug-file - Incremental task entry:default@ProcessIntegratedHsp post-execution cost:1 ms .
[2026-09-14T14:46:10.768] [DEBUG] debug-file - There is no need to refresh cache, since the incremental task entry:default@MakePackInfo is up-to-date.
[2026-09-14T14:46:10.768] [DEBUG] debug-file - Update task entry:default@SyscapTransform input file:E:\DevEco Studio\sdk\default\openharmony\toolchains\syscap_tool.exe cache by regenerate.
[2026-09-14T14:46:10.769] [DEBUG] debug-file - Update task entry:default@SyscapTransform input file:E:\DevEco Studio\sdk\default\openharmony\ets\api\device-define cache by regenerate.
[2026-09-14T14:46:10.769] [DEBUG] debug-file - Update task entry:default@SyscapTransform output file:D:\HW\testproject\complete\1\entry\build\default\intermediates\syscap\default\rpcid.sc cache.
[2026-09-14T14:46:10.769] [DEBUG] debug-file - Incremental task entry:default@SyscapTransform post-execution cost:1 ms .
[2026-09-14T14:46:10.769] [DEBUG] debug-file - There is no need to refresh cache, since the incremental task entry:default@ProcessProfile is up-to-date.
[2026-09-14T14:46:10.769] [DEBUG] debug-file - There is no need to refresh cache, since the incremental task entry:default@ProcessRouterMap is up-to-date.
[2026-09-14T14:46:10.769] [DEBUG] debug-file - There is no need to refresh cache, since the incremental task entry:default@ProcessShareConfig is up-to-date.
[2026-09-14T14:46:10.769] [DEBUG] debug-file - Update task entry:default@ProcessStartupConfig input file:D:\HW\testproject\complete\1\entry\build\default\intermediates\loader\default\pkgContextInfo.json cache by regenerate.
[2026-09-14T14:46:10.769] [DEBUG] debug-file - Update task entry:default@ProcessStartupConfig output file:D:\HW\testproject\complete\1\entry\build\default\intermediates\startup\default\startup_config.json cache.
[2026-09-14T14:46:10.769] [DEBUG] debug-file - Incremental task entry:default@ProcessStartupConfig post-execution cost:1 ms .
[2026-09-14T14:46:10.770] [DEBUG] debug-file - There is no need to refresh cache, since the incremental task entry:default@ProcessResource is up-to-date.
[2026-09-14T14:46:10.770] [DEBUG] debug-file - There is no need to refresh cache, since the incremental task entry:default@GenerateLoaderJson is up-to-date.
[2026-09-14T14:46:10.770] [DEBUG] debug-file - There is no need to refresh cache, since the incremental task entry:default@ProcessLibs is up-to-date.
[2026-09-14T14:46:10.770] [DEBUG] debug-file - There is no need to refresh cache, since the incremental task entry:default@CompileResource is up-to-date.
[2026-09-14T14:46:10.770] [DEBUG] debug-file - There is no need to refresh cache, since the incremental task entry:default@DoNativeStrip is up-to-date.
[2026-09-14T14:46:10.770] [DEBUG] debug-file - Update task entry:default@CompileArkTS input file:D:\HW\testproject\complete\1\entry\build\default\intermediates\loader\default cache by regenerate.
[2026-09-14T14:46:10.771] [DEBUG] debug-file - Update task entry:default@CompileArkTS input file:D:\HW\testproject\complete\1\entry\build\default\intermediates\res\default\resources\rawfile cache by regenerate.
[2026-09-14T14:46:10.771] [DEBUG] debug-file - Update task entry:default@CompileArkTS input file:D:\HW\testproject\complete\1\entry\build\default\intermediates\res\default\ResourceTable.txt cache by regenerate.
[2026-09-14T14:46:10.771] [DEBUG] debug-file - Update task entry:default@CompileArkTS input file:D:\HW\testproject\complete\1\entry\build\default\intermediates\res\default\ark_module.json cache by regenerate.
[2026-09-14T14:46:10.771] [DEBUG] debug-file - Update task entry:default@CompileArkTS input file:D:\HW\testproject\complete\1\entry\build\default\intermediates\res\default\resources\base\profile cache by regenerate.
[2026-09-14T14:46:10.771] [DEBUG] debug-file - Update task entry:default@CompileArkTS input file:D:\HW\testproject\complete\1\entry\src\main\ets cache from map.
[2026-09-14T14:46:10.771] [DEBUG] debug-file - Update task entry:default@CompileArkTS input file:D:\HW\testproject\complete\1\entry\build\default\intermediates\loader\default\pkgContextInfo.json cache by regenerate.
[2026-09-14T14:46:10.771] [DEBUG] debug-file - Update task entry:default@CompileArkTS input file:D:\HW\testproject\complete\1\entry\build\default\generated\profile\default\BuildProfile.ets cache by regenerate.
[2026-09-14T14:46:10.771] [DEBUG] debug-file - Update task entry:default@CompileArkTS input file:D:\HW\testproject\complete\1\entry\src\mock\mock-config.json5 cache by regenerate.
[2026-09-14T14:46:10.771] [DEBUG] debug-file - Update task entry:default@CompileArkTS output file:D:\HW\testproject\complete\1\entry\build\default\intermediates\loader_out\default\ets cache.
[2026-09-14T14:46:10.771] [DEBUG] debug-file - Incremental task entry:default@CompileArkTS post-execution cost:2 ms .
[2026-09-14T14:46:10.772] [DEBUG] debug-file - Update task entry:default@BuildJS input file:D:\HW\testproject\complete\1\entry\build\default\intermediates\loader\default cache by regenerate.
[2026-09-14T14:46:10.772] [DEBUG] debug-file - Update task entry:default@BuildJS input file:D:\HW\testproject\complete\1\entry\build\default\intermediates\res\default\resources\rawfile cache by regenerate.
[2026-09-14T14:46:10.772] [DEBUG] debug-file - Update task entry:default@BuildJS input file:D:\HW\testproject\complete\1\entry\build\default\intermediates\res\default\ResourceTable.txt cache by regenerate.
[2026-09-14T14:46:10.772] [DEBUG] debug-file - Update task entry:default@BuildJS input file:D:\HW\testproject\complete\1\entry\build\default\intermediates\res\default\ark_module.json cache by regenerate.
[2026-09-14T14:46:10.772] [DEBUG] debug-file - Update task entry:default@BuildJS input file:D:\HW\testproject\complete\1\entry\build\default\intermediates\res\default\resources\base\profile cache by regenerate.
[2026-09-14T14:46:10.772] [DEBUG] debug-file - Update task entry:default@BuildJS input file:D:\HW\testproject\complete\1\entry\build\default\intermediates\loader\default\pkgContextInfo.json cache by regenerate.
[2026-09-14T14:46:10.773] [DEBUG] debug-file - Update task entry:default@BuildJS output file:D:\HW\testproject\complete\1\entry\build\default\intermediates\loader_out\default\js cache.
[2026-09-14T14:46:10.773] [DEBUG] debug-file - Incremental task entry:default@BuildJS post-execution cost:2 ms .
[2026-09-14T14:46:10.773] [DEBUG] debug-file - There is no need to refresh cache, since the incremental task entry:default@CacheNativeLibs is up-to-date.
[2026-09-14T14:46:10.773] [DEBUG] debug-file - There is no need to refresh cache, since the incremental task entry:default@GeneratePkgModuleJson is up-to-date.
[2026-09-14T14:46:10.773] [DEBUG] debug-file - Incremental task entry:default@ProcessCompiledResources post-execution cost:1 ms .
[2026-09-14T14:46:10.773] [DEBUG] debug-file - Update task entry:default@PackageHap input file:D:\HW\testproject\complete\1\entry\build\default\outputs\default\pack.info cache by regenerate.
[2026-09-14T14:46:10.773] [DEBUG] debug-file - Update task entry:default@PackageHap input file:D:\HW\testproject\complete\1\entry\build\default\intermediates\stripped_native_libs\default cache by regenerate.
[2026-09-14T14:46:10.773] [DEBUG] debug-file - Update task entry:default@PackageHap input file:D:\HW\testproject\complete\1\entry\build\default\intermediates\res\default\module.json cache by regenerate.
[2026-09-14T14:46:10.773] [DEBUG] debug-file - Update task entry:default@PackageHap input file:D:\HW\testproject\complete\1\entry\build\default\intermediates\res\default\resources cache by regenerate.
[2026-09-14T14:46:10.774] [DEBUG] debug-file - Update task entry:default@PackageHap input file:D:\HW\testproject\complete\1\entry\build\default\intermediates\res\default\resources.index cache by regenerate.
[2026-09-14T14:46:10.774] [DEBUG] debug-file - Update task entry:default@PackageHap input file:D:\HW\testproject\complete\1\entry\build\default\intermediates\loader_out\default\ets cache from map.
[2026-09-14T14:46:10.774] [DEBUG] debug-file - Update task entry:default@PackageHap input file:D:\HW\testproject\complete\1\entry\build\default\intermediates\loader\default\pkgContextInfo.json cache by regenerate.
[2026-09-14T14:46:10.774] [DEBUG] debug-file - Update task entry:default@PackageHap input file:D:\HW\testproject\complete\1\entry\build\default\intermediates\package\default\module.json cache by regenerate.
[2026-09-14T14:46:10.774] [DEBUG] debug-file - Update task entry:default@PackageHap input file:D:\HW\testproject\complete\1\entry\build\default\intermediates\loader_out\default\ets\sourceMaps.map cache by regenerate.
[2026-09-14T14:46:10.774] [DEBUG] debug-file - Update task entry:default@PackageHap input file:D:\HW\testproject\complete\1\entry\build\default\generated\profile\default\BuildProfile.ets cache by regenerate.
[2026-09-14T14:46:10.774] [DEBUG] debug-file - Update task entry:default@PackageHap output file:D:\HW\testproject\complete\1\entry\build\default\outputs\default\entry-default-unsigned.hap cache.
[2026-09-14T14:46:10.774] [DEBUG] debug-file - Update task entry:default@PackageHap output file:D:\HW\testproject\complete\1\entry\build\default\intermediates\source_map\default\sourceMaps.map cache.
[2026-09-14T14:46:10.774] [DEBUG] debug-file - Update task entry:default@PackageHap output file:D:\HW\testproject\complete\1\entry\build\default\outputs\default\mapping\sourceMaps.map cache.
[2026-09-14T14:46:10.774] [DEBUG] debug-file - Incremental task entry:default@PackageHap post-execution cost:2 ms .
[2026-09-14T14:46:10.775] [DEBUG] debug-file - Update task entry:default@SignHap input file:C:\Users\CuteDuan\.ohos\config\default_1_BhzYZEydDVfZJ61mGi925yNWoqQ3wx2qwnAWE_X8vXg=.cer cache by regenerate.
[2026-09-14T14:46:10.775] [DEBUG] debug-file - Update task entry:default@SignHap input file:C:\Users\CuteDuan\.ohos\config\default_1_BhzYZEydDVfZJ61mGi925yNWoqQ3wx2qwnAWE_X8vXg=.p7b cache by regenerate.
[2026-09-14T14:46:10.775] [DEBUG] debug-file - Update task entry:default@SignHap input file:C:\Users\CuteDuan\.ohos\config\default_1_BhzYZEydDVfZJ61mGi925yNWoqQ3wx2qwnAWE_X8vXg=.p12 cache by regenerate.
[2026-09-14T14:46:10.775] [DEBUG] debug-file - Update task entry:default@SignHap input file:D:\HW\testproject\complete\1\entry\build\default\outputs\default\entry-default-unsigned.hap cache from map.
[2026-09-14T14:46:10.775] [DEBUG] debug-file - Update task entry:default@SignHap output file:D:\HW\testproject\complete\1\entry\build\default\outputs\default\entry-default-signed.hap cache.
[2026-09-14T14:46:10.775] [DEBUG] debug-file - Incremental task entry:default@SignHap post-execution cost:1 ms .
[2026-09-14T14:46:10.775] [DEBUG] debug-file - Update task entry:default@CollectDebugSymbol input file:D:\HW\testproject\complete\1\entry\build\default\intermediates\loader_out\default\ets\sourceMaps.map cache by regenerate.
[2026-09-14T14:46:10.775] [DEBUG] debug-file - Update task entry:default@CollectDebugSymbol input file:D:\HW\testproject\complete\1\entry\build\default\intermediates\libs\default cache by regenerate.
[2026-09-14T14:46:10.775] [DEBUG] debug-file - Update task entry:default@CollectDebugSymbol output file:D:\HW\testproject\complete\1\entry\build\default\outputs\default\symbol cache.
[2026-09-14T14:46:10.775] [DEBUG] debug-file - Incremental task entry:default@CollectDebugSymbol post-execution cost:1 ms .
[2026-09-14T14:46:10.784] [DEBUG] debug-file - Cleanup worker 14.
[2026-09-14T14:46:10.784] [DEBUG] debug-file - hvigor build process will be closed.
[2026-09-14T14:46:10.785] [DEBUG] debug-file - java daemon socket close code:1000 reason:close by user
[2026-09-14T14:46:10.789] [DEBUG] debug-file - worker[14] exits with exit code 1.
[2026-09-14T14:46:10.789] [DEBUG] debug-file - Worker 14 has been cleaned up.
[2026-09-14T14:46:10.789] [DEBUG] debug-file - Current idle worker size: 1.
[2026-09-14T14:46:10.789] [DEBUG] debug-file - Current resident worker size: 1.
[2026-09-14T14:46:10.793] [DEBUG] debug-file - session manager: send message to worker process. WorkerThreadId: 0, data: {"type":"hvigor_failed","reason":"Server has disconnected."}
[2026-09-14T14:46:10.794] [DEBUG] debug-file - session manager: send message to worker process. WorkerThreadId: 0, data: {"type":"CloseWatch","reason":"Server has disconnected."}
[2026-09-14T14:46:10.793] [DEBUG] debug-file - watch worker: worker id should be larger than 0. Nothing will be sent to any worker thread.
[2026-09-14T14:46:10.793] [DEBUG] debug-file - ABORT_WORK sent to workers.
[2026-09-14T14:46:10.794] [DEBUG] debug-file - watch worker: worker id should be larger than 0. Nothing will be sent to any worker thread.
[2026-09-14T14:46:36.455] [DEBUG] debug-file - session manager: set active socket. socketId=PEoGR3nV56xKKgwBAAAz
[2026-09-14T14:46:36.460] [DEBUG] debug-file - watch worker: worker id should be larger than 0. Nothing will be sent to any worker thread.
[2026-09-14T14:46:36.462] [DEBUG] debug-file - Workers' log level updated to INFO
[2026-09-14T14:46:36.464] [DEBUG] debug-file - Hvigor init with startParameters:{
  hvigorfileTypeCheck: false,
  parallelExecution: true,
  incrementalExecution: true,
  printStackTrace: false,
  daemon: true,
  analyze: 0,
  logLevel: Level { level: 20000, levelStr: 'INFO', colour: 'green' },
  optimizationStrategy: 'memory',
  hotCompile: undefined,
  hotReloadBuild: undefined,
  customizedParam: undefined
}
[2026-09-14T14:46:36.467] [DEBUG] debug-file - Cache service initialization finished in 3 ms 
[2026-09-14T14:46:36.467] [DEBUG] debug-file - hvigorfile, resolving D:\HW\testproject\complete\1\hvigorfile.ts
[2026-09-14T14:46:36.470] [DEBUG] debug-file - hvigorfile, require result:  { default: { plugins: [] } }
[2026-09-14T14:46:36.470] [DEBUG] debug-file - hvigorfile, binding system plugins null
[2026-09-14T14:46:36.470] [DEBUG] debug-file - Starting plugin build process
[2026-09-14T14:46:36.470] [DEBUG] debug-file - App plugin prepare start...
[2026-09-14T14:46:36.470] [DEBUG] debug-file - App plugin prepare end...
[2026-09-14T14:46:36.470] [DEBUG] debug-file - App plugin creating...
[2026-09-14T14:46:36.474] [DEBUG] debug-file - App plugin register hook start...
[2026-09-14T14:46:36.474] [DEBUG] debug-file - App plugin register hook end...
[2026-09-14T14:46:36.474] [DEBUG] debug-file - Plugin build process completed
[2026-09-14T14:46:36.474] [DEBUG] debug-file - Start initialize project's product build option map with build mode debug.
[2026-09-14T14:46:36.474] [DEBUG] debug-file - Picking option from product 'default' with build mode 'debug'.
[2026-09-14T14:46:36.474] [DEBUG] debug-file - Product 'default' build option initialized
[2026-09-14T14:46:36.474] [DEBUG] debug-file - End initialize project's product build option map with build mode 'debug'.
[2026-09-14T14:46:36.474] [DEBUG] debug-file - Obtain build option for product 'default'in this build.
[2026-09-14T14:46:36.476] [DEBUG] debug-file - D:\HW\testproject\complete\1\build\cache\default\remote_hsp\remoteHspCache.json not exists.
[2026-09-14T14:46:36.476] [DEBUG] debug-file - Start recording SDK configuration permission data.
[2026-09-14T14:46:36.498] [DEBUG] debug-file - Sdk init in 23 ms 
[2026-09-14T14:46:36.500] [DEBUG] debug-file - Project task initialization takes 2 ms 
[2026-09-14T14:46:36.500] [DEBUG] debug-file - hvigorfile, begin to bind custom plugins...
[2026-09-14T14:46:36.500] [DEBUG] debug-file - hvigorfile, no custom plugins were found in D:\HW\testproject\complete\1\hvigorfile.ts
[2026-09-14T14:46:36.500] [DEBUG] debug-file - hvigorfile, resolve finished D:\HW\testproject\complete\1\hvigorfile.ts
[2026-09-14T14:46:36.500] [DEBUG] debug-file - hvigorfile, resolving D:\HW\testproject\complete\1\entry\hvigorfile.ts
[2026-09-14T14:46:36.503] [DEBUG] debug-file - hvigorfile, require result:  { default: { plugins: [] } }
[2026-09-14T14:46:36.503] [DEBUG] debug-file - hvigorfile, binding system plugins null
[2026-09-14T14:46:36.503] [DEBUG] debug-file - Starting plugin build process
[2026-09-14T14:46:36.503] [DEBUG] debug-file - Hap plugin creating...
[2026-09-14T14:46:36.504] [DEBUG] debug-file - failed to load cangjie to dynamically generate schemas: Error: Cannot find module '@ohos/cangjie-build-support/index'
Require stack:
- E:\DevEco Studio\tools\hvigor\hvigor-ohos-plugin\src\plugin\hooks\cangjie-register.js
- E:\DevEco Studio\tools\hvigor\hvigor-ohos-plugin\src\plugin\strategy\stage-init-strategy.js
- E:\DevEco Studio\tools\hvigor\hvigor-ohos-plugin\src\plugin\builder\abstract-plugin-builder.js
- E:\DevEco Studio\tools\hvigor\hvigor-ohos-plugin\src\plugin\builder\app-plugin-builder.js
- E:\DevEco Studio\tools\hvigor\hvigor-ohos-plugin\src\plugin\factory\plugin-factory.js
- E:\DevEco Studio\tools\hvigor\hvigor-ohos-plugin\index.js
- D:\HW\testproject\complete\1\hvigorfile.ts
- E:\DevEco Studio\tools\hvigor\hvigor\src\base\internal\lifecycle\configuration.js
- E:\DevEco Studio\tools\hvigor\hvigor\src\base\boot\index.js
- E:\DevEco Studio\tools\hvigor\hvigor\src\base\daemon\cluster\worker-process-lifecycle.js
- E:\DevEco Studio\tools\hvigor\hvigor\src\base\daemon\process\daemon-process-boot-script.js
[2026-09-14T14:46:36.505] [DEBUG] debug-file - Start initialize module-target build option map, moduleName=entry, buildMode=debug
[2026-09-14T14:46:36.505] [DEBUG] debug-file - Target 'default' config initialized
[2026-09-14T14:46:36.505] [DEBUG] debug-file - Target 'ohosTest' config initialized
[2026-09-14T14:46:36.505] [DEBUG] debug-file - Module 'entry' target 'default' build option initialized
[2026-09-14T14:46:36.505] [DEBUG] debug-file - Module 'entry' target 'ohosTest' build option initialized
[2026-09-14T14:46:36.505] [DEBUG] debug-file - End initialize module-target build option map, moduleName=entry
[2026-09-14T14:46:36.505] [DEBUG] debug-file - Start initialize module-target build option map, moduleName=entry, buildMode=release
[2026-09-14T14:46:36.505] [DEBUG] debug-file - Target 'default' config initialized
[2026-09-14T14:46:36.505] [DEBUG] debug-file - Target 'ohosTest' config initialized
[2026-09-14T14:46:36.505] [DEBUG] debug-file - Module 'entry' target 'default' build option initialized
[2026-09-14T14:46:36.506] [DEBUG] debug-file - Module 'entry' target 'ohosTest' build option initialized
[2026-09-14T14:46:36.506] [DEBUG] debug-file - End initialize module-target build option map, moduleName=entry
[2026-09-14T14:46:36.506] [DEBUG] debug-file - Start initialize module-target build option map, moduleName=entry, buildMode=debug
[2026-09-14T14:46:36.506] [DEBUG] debug-file - Target 'default' config initialized
[2026-09-14T14:46:36.506] [DEBUG] debug-file - Target 'ohosTest' config initialized
[2026-09-14T14:46:36.506] [DEBUG] debug-file - Module 'entry' target 'default' build option initialized
[2026-09-14T14:46:36.506] [DEBUG] debug-file - Module 'entry' target 'ohosTest' build option initialized
[2026-09-14T14:46:36.506] [DEBUG] debug-file - End initialize module-target build option map, moduleName=entry
[2026-09-14T14:46:36.506] [DEBUG] debug-file - Obtain build option for module 'entry' target 'default'in this build.
[2026-09-14T14:46:36.507] [DEBUG] debug-file - Module entry task initialization takes 2 ms 
[2026-09-14T14:46:36.508] [DEBUG] debug-file - Hap plugin register hook start...
[2026-09-14T14:46:36.508] [DEBUG] debug-file - Hap plugin register hook end...
[2026-09-14T14:46:36.508] [DEBUG] debug-file - Plugin build process completed
[2026-09-14T14:46:36.508] [DEBUG] debug-file - hvigorfile, begin to bind custom plugins...
[2026-09-14T14:46:36.508] [DEBUG] debug-file - hvigorfile, no custom plugins were found in D:\HW\testproject\complete\1\entry\hvigorfile.ts
[2026-09-14T14:46:36.508] [DEBUG] debug-file - hvigorfile, resolve finished D:\HW\testproject\complete\1\entry\hvigorfile.ts
[2026-09-14T14:46:36.529] [DEBUG] debug-file - hvigorfile, resolve hvigorfile dependencies in 22 ms 
[2026-09-14T14:46:36.529] [DEBUG] debug-file - project has submodules:entry
[2026-09-14T14:46:36.530] [DEBUG] debug-file - start to load updatedOhPackageInfo to the disk
[2026-09-14T14:46:36.531] [DEBUG] debug-file - load to the disk finished
[2026-09-14T14:46:36.531] [DEBUG] debug-file - Start to initialize dependency information.
[2026-09-14T14:46:36.535] [DEBUG] debug-file - Module 1 Collected Dependency: 
[2026-09-14T14:46:36.535] [DEBUG] debug-file - Module 1's total dependency: 0
[2026-09-14T14:46:36.535] [DEBUG] debug-file - Start to initialize dependency information.
[2026-09-14T14:46:36.536] [DEBUG] debug-file - Module entry Collected Dependency: 
[2026-09-14T14:46:36.536] [DEBUG] debug-file - Module entry's total dependency: 0
[2026-09-14T14:46:36.537] [DEBUG] debug-file - Configuration phase cost:71 ms 
[2026-09-14T14:46:36.538] [DEBUG] debug-file - Configuration task cost before running: 75 ms 
[2026-09-14T14:46:36.539] [DEBUG] debug-file - Executing task :entry:default@PreBuild
[2026-09-14T14:46:36.540] [DEBUG] debug-file - Task 'entry:default@PreBuild' cost while wrapping incremental declarations: 1 ms 
[2026-09-14T14:46:36.543] [DEBUG] debug-file - Incremental task entry:default@PreBuild pre-execution cost: 2 ms .
[2026-09-14T14:46:36.543] [DEBUG] debug-file - entry : default@PreBuild cost memory 0.48929595947265625
[2026-09-14T14:46:36.544] [INFO] debug-file - UP-TO-DATE :entry:default@PreBuild...  
[2026-09-14T14:46:36.544] [DEBUG] debug-file - Executing task :entry:default@CreateModuleInfo
[2026-09-14T14:46:36.544] [DEBUG] debug-file - Task 'entry:default@CreateModuleInfo' cost while wrapping incremental declarations: 1 ms 
[2026-09-14T14:46:36.544] [DEBUG] debug-file - entry : default@CreateModuleInfo cost memory 0.0366973876953125
[2026-09-14T14:46:36.544] [DEBUG] debug-file - runTaskFromQueue task cost before running: 82 ms 
[2026-09-14T14:46:36.545] [INFO] debug-file - Finished :entry:default@CreateModuleInfo... after 1 ms 
[2026-09-14T14:46:36.546] [DEBUG] debug-file - Executing task :entry:default@GenerateMetadata
[2026-09-14T14:46:36.546] [DEBUG] debug-file - Task 'entry:default@GenerateMetadata' cost while wrapping incremental declarations: 1 ms 
[2026-09-14T14:46:36.546] [DEBUG] debug-file - Incremental task entry:default@GenerateMetadata pre-execution cost: 1 ms .
[2026-09-14T14:46:36.546] [DEBUG] debug-file - entry : default@GenerateMetadata cost memory 0.06801605224609375
[2026-09-14T14:46:36.546] [INFO] debug-file - UP-TO-DATE :entry:default@GenerateMetadata...  
[2026-09-14T14:46:36.547] [DEBUG] debug-file - Executing task :entry:default@ConfigureCmake
[2026-09-14T14:46:36.547] [DEBUG] debug-file - entry : default@ConfigureCmake cost memory 0.0136566162109375
[2026-09-14T14:46:36.547] [DEBUG] debug-file - runTaskFromQueue task cost before running: 85 ms 
[2026-09-14T14:46:36.547] [INFO] debug-file - Finished :entry:default@ConfigureCmake... after 1 ms 
[2026-09-14T14:46:36.548] [DEBUG] debug-file - Executing task :entry:default@MergeProfile
[2026-09-14T14:46:36.548] [DEBUG] debug-file - Task 'entry:default@MergeProfile' cost while wrapping incremental declarations: 1 ms 
[2026-09-14T14:46:36.549] [DEBUG] debug-file - Incremental task entry:default@MergeProfile pre-execution cost: 1 ms .
[2026-09-14T14:46:36.549] [DEBUG] debug-file - entry : default@MergeProfile cost memory 0.0953521728515625
[2026-09-14T14:46:36.549] [INFO] debug-file - UP-TO-DATE :entry:default@MergeProfile...  
[2026-09-14T14:46:36.549] [DEBUG] debug-file - Executing task :entry:default@CreateBuildProfile
[2026-09-14T14:46:36.550] [DEBUG] debug-file - Task 'entry:default@CreateBuildProfile' cost while wrapping incremental declarations: 1 ms 
[2026-09-14T14:46:36.550] [DEBUG] debug-file - Incremental task entry:default@CreateBuildProfile pre-execution cost: 1 ms .
[2026-09-14T14:46:36.550] [DEBUG] debug-file - entry : default@CreateBuildProfile cost memory 0.080230712890625
[2026-09-14T14:46:36.550] [INFO] debug-file - UP-TO-DATE :entry:default@CreateBuildProfile...  
[2026-09-14T14:46:36.550] [DEBUG] debug-file - Executing task :entry:default@PreCheckSyscap
[2026-09-14T14:46:36.551] [DEBUG] debug-file - entry : default@PreCheckSyscap cost memory 0.01392364501953125
[2026-09-14T14:46:36.551] [DEBUG] debug-file - runTaskFromQueue task cost before running: 88 ms 
[2026-09-14T14:46:36.551] [INFO] debug-file - Finished :entry:default@PreCheckSyscap... after 1 ms 
[2026-09-14T14:46:36.551] [DEBUG] debug-file - Executing task :entry:default@GeneratePkgContextInfo
[2026-09-14T14:46:36.553] [DEBUG] debug-file - Task 'entry:default@GeneratePkgContextInfo' cost while wrapping incremental declarations: 1 ms 
[2026-09-14T14:46:36.553] [DEBUG] debug-file - Incremental task entry:default@GeneratePkgContextInfo pre-execution cost: 1 ms .
[2026-09-14T14:46:36.553] [DEBUG] debug-file - entry : default@GeneratePkgContextInfo cost memory 0.175201416015625
[2026-09-14T14:46:36.553] [INFO] debug-file - UP-TO-DATE :entry:default@GeneratePkgContextInfo...  
[2026-09-14T14:46:36.553] [DEBUG] debug-file - Executing task :entry:default@GeneratePkgSdkInfo
[2026-09-14T14:46:36.554] [DEBUG] debug-file - Task 'entry:default@GeneratePkgSdkInfo' cost while wrapping incremental declarations: 1 ms 
[2026-09-14T14:46:36.555] [DEBUG] debug-file - entry : default@GeneratePkgSdkInfo cost memory 0.1000518798828125
[2026-09-14T14:46:36.555] [DEBUG] debug-file - runTaskFromQueue task cost before running: 92 ms 
[2026-09-14T14:46:36.555] [INFO] debug-file - Finished :entry:default@GeneratePkgSdkInfo... after 2 ms 
[2026-09-14T14:46:36.556] [DEBUG] debug-file - Executing task :entry:default@ProcessIntegratedHsp
[2026-09-14T14:46:36.556] [DEBUG] debug-file - entry:default@ProcessIntegratedHsp is not up-to-date, since the output file 'D:\HW\testproject\complete\1\build\cache\default\integrated_hsp\integratedHspCache.json' does not exist.
[2026-09-14T14:46:36.556] [DEBUG] debug-file - Incremental task entry:default@ProcessIntegratedHsp pre-execution cost: 1 ms .
[2026-09-14T14:46:36.556] [DEBUG] debug-file - entry : default@ProcessIntegratedHsp cost memory 0.047454833984375
[2026-09-14T14:46:36.556] [DEBUG] debug-file - runTaskFromQueue task cost before running: 94 ms 
[2026-09-14T14:46:36.556] [INFO] debug-file - Finished :entry:default@ProcessIntegratedHsp... after 1 ms 
[2026-09-14T14:46:36.557] [DEBUG] debug-file - Executing task :entry:default@BuildNativeWithCmake
[2026-09-14T14:46:36.557] [DEBUG] debug-file - entry : default@BuildNativeWithCmake cost memory 0.0136871337890625
[2026-09-14T14:46:36.557] [DEBUG] debug-file - runTaskFromQueue task cost before running: 95 ms 
[2026-09-14T14:46:36.557] [INFO] debug-file - Finished :entry:default@BuildNativeWithCmake... after 1 ms 
[2026-09-14T14:46:36.557] [DEBUG] debug-file - Executing task :entry:default@MakePackInfo
[2026-09-14T14:46:36.558] [DEBUG] debug-file - Incremental task entry:default@MakePackInfo pre-execution cost: 1 ms .
[2026-09-14T14:46:36.559] [DEBUG] debug-file - entry : default@MakePackInfo cost memory 0.0914764404296875
[2026-09-14T14:46:36.559] [INFO] debug-file - UP-TO-DATE :entry:default@MakePackInfo...  
[2026-09-14T14:46:36.559] [DEBUG] debug-file - Executing task :entry:default@SyscapTransform
[2026-09-14T14:46:36.559] [DEBUG] debug-file - File: 'D:\HW\testproject\complete\1\entry\src\main\syscap.json' from 'sysCapJsonPath' is not exists, just ignore.
[2026-09-14T14:46:36.560] [DEBUG] debug-file - Task 'entry:default@SyscapTransform' cost while wrapping incremental declarations: 1 ms 
[2026-09-14T14:46:36.560] [DEBUG] debug-file - entry:default@SyscapTransform is not up-to-date, since the output file 'D:\HW\testproject\complete\1\entry\build\default\intermediates\syscap\default\rpcid.sc' does not exist.
[2026-09-14T14:46:36.560] [DEBUG] debug-file - Incremental task entry:default@SyscapTransform pre-execution cost: 1 ms .
[2026-09-14T14:46:36.560] [DEBUG] debug-file - entry : default@SyscapTransform cost memory 0.1041259765625
[2026-09-14T14:46:36.560] [DEBUG] debug-file - runTaskFromQueue task cost before running: 98 ms 
[2026-09-14T14:46:36.561] [INFO] debug-file - Finished :entry:default@SyscapTransform... after 2 ms 
[2026-09-14T14:46:36.561] [DEBUG] debug-file - Executing task :entry:default@ProcessProfile
[2026-09-14T14:46:36.562] [DEBUG] debug-file - Task 'entry:default@ProcessProfile' cost while wrapping incremental declarations: 1 ms 
[2026-09-14T14:46:36.562] [DEBUG] debug-file - Incremental task entry:default@ProcessProfile pre-execution cost: 1 ms .
[2026-09-14T14:46:36.562] [DEBUG] debug-file - entry : default@ProcessProfile cost memory 0.11508941650390625
[2026-09-14T14:46:36.562] [INFO] debug-file - UP-TO-DATE :entry:default@ProcessProfile...  
[2026-09-14T14:46:36.563] [DEBUG] debug-file - Executing task :entry:default@ProcessRouterMap
[2026-09-14T14:46:36.563] [DEBUG] debug-file - Incremental task entry:default@ProcessRouterMap pre-execution cost: 1 ms .
[2026-09-14T14:46:36.563] [DEBUG] debug-file - entry : default@ProcessRouterMap cost memory 0.1126708984375
[2026-09-14T14:46:36.564] [INFO] debug-file - UP-TO-DATE :entry:default@ProcessRouterMap...  
[2026-09-14T14:46:36.564] [DEBUG] debug-file - Executing task :entry:default@ProcessShareConfig
[2026-09-14T14:46:36.565] [DEBUG] debug-file - Incremental task entry:default@ProcessShareConfig pre-execution cost: 1 ms .
[2026-09-14T14:46:36.565] [DEBUG] debug-file - entry : default@ProcessShareConfig cost memory 0.0982666015625
[2026-09-14T14:46:36.565] [INFO] debug-file - UP-TO-DATE :entry:default@ProcessShareConfig...  
[2026-09-14T14:46:36.565] [DEBUG] debug-file - Executing task :entry:default@ProcessStartupConfig
[2026-09-14T14:46:36.565] [DEBUG] debug-file - Task 'entry:default@ProcessStartupConfig' cost while wrapping incremental declarations: 1 ms 
[2026-09-14T14:46:36.566] [DEBUG] debug-file - entry:default@ProcessStartupConfig is not up-to-date, since the output file 'D:\HW\testproject\complete\1\entry\build\default\intermediates\startup\default\startup_config.json' does not exist.
[2026-09-14T14:46:36.566] [DEBUG] debug-file - Incremental task entry:default@ProcessStartupConfig pre-execution cost: 1 ms .
[2026-09-14T14:46:36.566] [DEBUG] debug-file - entry : default@ProcessStartupConfig cost memory 0.10739898681640625
[2026-09-14T14:46:36.566] [DEBUG] debug-file - runTaskFromQueue task cost before running: 104 ms 
[2026-09-14T14:46:36.566] [INFO] debug-file - Finished :entry:default@ProcessStartupConfig... after 1 ms 
[2026-09-14T14:46:36.567] [DEBUG] debug-file - Executing task :entry:default@BuildNativeWithNinja
[2026-09-14T14:46:36.567] [DEBUG] debug-file - entry : default@BuildNativeWithNinja cost memory 0.018280029296875
[2026-09-14T14:46:36.567] [DEBUG] debug-file - runTaskFromQueue task cost before running: 105 ms 
[2026-09-14T14:46:36.567] [INFO] debug-file - Finished :entry:default@BuildNativeWithNinja... after 1 ms 
[2026-09-14T14:46:36.568] [DEBUG] debug-file - restool module names: entry; moduleName=entry, taskName=default@ProcessResource
[2026-09-14T14:46:36.568] [DEBUG] debug-file - Executing task :entry:default@ProcessResource
[2026-09-14T14:46:36.568] [DEBUG] debug-file - Task 'entry:default@ProcessResource' cost while wrapping incremental declarations: 1 ms 
[2026-09-14T14:46:36.569] [DEBUG] debug-file - Incremental task entry:default@ProcessResource pre-execution cost: 1 ms .
[2026-09-14T14:46:36.569] [DEBUG] debug-file - entry : default@ProcessResource cost memory 0.09926605224609375
[2026-09-14T14:46:36.569] [INFO] debug-file - UP-TO-DATE :entry:default@ProcessResource...  
[2026-09-14T14:46:36.570] [DEBUG] debug-file - Executing task :entry:default@GenerateLoaderJson
[2026-09-14T14:46:36.570] [DEBUG] debug-file - Task 'entry:default@GenerateLoaderJson' cost while wrapping incremental declarations: 1 ms 
[2026-09-14T14:46:36.573] [DEBUG] debug-file - Incremental task entry:default@GenerateLoaderJson pre-execution cost: 2 ms .
[2026-09-14T14:46:36.573] [DEBUG] debug-file - entry : default@GenerateLoaderJson cost memory 0.3846282958984375
[2026-09-14T14:46:36.575] [INFO] debug-file - UP-TO-DATE :entry:default@GenerateLoaderJson...  
[2026-09-14T14:46:36.575] [DEBUG] debug-file - Executing task :entry:default@ProcessLibs
[2026-09-14T14:46:36.575] [DEBUG] debug-file - Task 'entry:default@ProcessLibs' cost while wrapping incremental declarations: 1 ms 
[2026-09-14T14:46:36.576] [DEBUG] debug-file - Incremental task entry:default@ProcessLibs pre-execution cost: 1 ms .
[2026-09-14T14:46:36.576] [DEBUG] debug-file - entry : default@ProcessLibs cost memory 0.0821685791015625
[2026-09-14T14:46:36.576] [INFO] debug-file - UP-TO-DATE :entry:default@ProcessLibs...  
[2026-09-14T14:46:36.576] [DEBUG] debug-file - restool module names: entry; moduleName=entry, taskName=default@CompileResource
[2026-09-14T14:46:36.576] [DEBUG] debug-file - Executing task :entry:default@CompileResource
[2026-09-14T14:46:36.580] [DEBUG] debug-file - Incremental task entry:default@CompileResource pre-execution cost: 3 ms .
[2026-09-14T14:46:36.580] [DEBUG] debug-file - entry : default@CompileResource cost memory 0.45793914794921875
[2026-09-14T14:46:36.581] [INFO] debug-file - UP-TO-DATE :entry:default@CompileResource...  
[2026-09-14T14:46:36.581] [DEBUG] debug-file - Executing task :entry:default@DoNativeStrip
[2026-09-14T14:46:36.582] [DEBUG] debug-file - File: 'D:\HW\testproject\complete\1\entry\build\default\intermediates\binxo\default' from 'doBinxoNativeLibs' is not exists, just ignore.
[2026-09-14T14:46:36.582] [DEBUG] debug-file - Task 'entry:default@DoNativeStrip' cost while wrapping incremental declarations: 1 ms 
[2026-09-14T14:46:36.582] [DEBUG] debug-file - Incremental task entry:default@DoNativeStrip pre-execution cost: 1 ms .
[2026-09-14T14:46:36.582] [DEBUG] debug-file - entry : default@DoNativeStrip cost memory 0.066070556640625
[2026-09-14T14:46:36.582] [INFO] debug-file - UP-TO-DATE :entry:default@DoNativeStrip...  
[2026-09-14T14:46:36.583] [DEBUG] debug-file - Executing task :entry:default@CompileArkTS
[2026-09-14T14:46:36.583] [DEBUG] debug-file - obfuscationOptions: undefined
[2026-09-14T14:46:36.583] [DEBUG] debug-file - Task 'entry:default@CompileArkTS' cost while wrapping incremental declarations: 1 ms 
[2026-09-14T14:46:36.586] [DEBUG] debug-file - entry:default@CompileArkTS is not up-to-date, since the input file 'D:\HW\testproject\complete\1\entry\src\main\ets' has been changed.
[2026-09-14T14:46:36.586] [DEBUG] debug-file - Incremental task entry:default@CompileArkTS pre-execution cost: 2 ms .
[2026-09-14T14:46:36.591] [DEBUG] debug-file - build config:
[2026-09-14T14:46:36.591] [DEBUG] debug-file - {
  moduleType: 'entry',
  perf: 0,
  targetName: '.default',
  packageManagerType: 'ohpm',
  localPropertiesPath: 'D:\\HW\\testproject\\complete\\1\\local.properties',
  isPreview: false,
  isOhosTest: false,
  isLocalTest: false,
  buildMode: 'Debug',
  hotReloadBuild: undefined,
  watchMode: 'false',
  aceProfilePath: 'D:\\HW\\testproject\\complete\\1\\entry\\build\\default\\intermediates\\res\\default\\resources\\base\\profile',
  etsLoaderPath: 'E:\\DevEco Studio\\sdk\\default\\openharmony\\ets\\build-tools\\ets-loader',
  modulePath: 'D:\\HW\\testproject\\complete\\1\\entry',
  testFrameworkPar: {
    testMode: undefined,
    coveragePathFilter: undefined,
    coverageMode: undefined
  },
  needCoverageInsert: false,
  debugLine: false,
  projectTopDir: 'D:\\HW\\testproject\\complete\\1',
  compileSdkVersion: 26,
  compatibleSdkVersion: 26,
  originCompatibleSdkVersion: '26.0.0',
  compatibleSdkVersionStage: undefined,
  bundleName: 'c***1',
  etsLoaderVersion: '26.0.0.105',
  etsLoaderReleaseType: 'Release',
  aotCompileMode: 'type',
  apPath: 'D:\\HW\\testproject\\complete\\1\\entry\\modules.ap',
  entryModuleName: 'entry',
  entryModuleVersion: '1.0.0',
  entryPackageName: 'entry',
  allModuleNameHash: '3445e59c6203fcb6cdc9d5d5e2c93cd05bb0b35d85b3d24d0e9df8507819dfcd',
  externalApiPaths: [ 'E:\\DevEco Studio\\sdk\\default\\hms\\ets' ],
  compilerTypes: [],
  isCrossplatform: false,
  hvigorPluginFile: undefined,
  compilePluginPath: undefined,
  buildGeneratedProfilePath: 'D:\\HW\\testproject\\complete\\1\\entry\\build\\default\\generated\\profile\\default',
  bundleType: 'app',
  arkTSVersion: undefined,
  apiVersion: 26,
  needCompleteSourcesMap: false,
  isFaMode: false,
  buildDir: 'D:\\HW\\testproject\\complete\\1\\entry\\build',
  buildCacheProjectDir: 'D:\\HW\\testproject\\complete\\1',
  deviceTypes: [ 'phone' ],
  pkgContextInfo: {
    '@ohos/hypium': {
      packageName: '@ohos/hypium',
      bundleName: '*****',
      moduleName: '',
      version: '1.0.24',
      entryPath: 'index.js',
      isSO: false,
      dependencyAlias: ''
    },
    '@ohos/hamock': {
      packageName: '@ohos/hamock',
      bundleName: '*****',
      moduleName: '',
      version: '1.0.0',
      entryPath: 'index.ets',
      isSO: false,
      dependencyAlias: ''
    },
    entry: {
      packageName: 'entry',
      bundleName: '*****',
      moduleName: '',
      version: '',
      entryPath: 'src/main/',
      isSO: false,
      dependencyAlias: ''
    }
  },
  ohPackagePathMap: {},
  dependencyAliasMap: {},
  permission: { requestPermissions: undefined, definePermissions: undefined },
  useGetCurrentBundleName: false,
  projectArkOption: undefined,
  sourceMapDir: undefined,
  branchElimination: false,
  transformLib: undefined,
  tsImportSendable: false,
  resolveConflictMode: true,
  depName2RootPath: {},
  depName2DepInfo: {},
  depName2OhExports: {},
  rootPathSet: [ 'D:\\HW\\testproject\\complete\\1' ],
  useNativeResolver: true,
  shouldEmitJs: true,
  useUnifiedAst: false,
  useTscResolve: false,
  singleFileEmit: false,
  userProjectConfig: {
    autoLazyImport: false,
    allowEmptyBundleName: false,
    reExportCheckMode: 'noCheck',
    executionMode: 'memory',
    usePathPlaceholder: false,
    writeRollupCache: true,
    isExpandImportEnabled: false,
    expandImportExclude: '',
    lazyImportExclude: '',
    lazyImportInclude: '',
    ignoreCrossplatformCheck: false,
    isHarDeduplicateEnabled: false,
    skipOhModulesLint: false,
    enableStrictCheckOHModule: false,
    disableSendableCheckRules: [],
    useDeclarationFileSignature: false,
    customizedOptions: undefined,
    integratedHsp: false,
    tsImportSoCheck: false,
    isPreloadSoEnabled: false
  },
  executionMode: 'memory',
  arkCompileCachePath: 'D:\\HW\\testproject\\complete\\1\\entry\\build\\default\\cache\\default\\default@CompileArkTS\\esmodule',
  autoLazyFilter: undefined,
  isHarDeduplicateEnabled: false,
  intermediateHarDuplicateDirPath: 'D:\\HW\\testproject\\complete\\1\\entry\\build\\default\\intermediates\\har_duplicate\\default',
  autoLazyImport: false,
  allowEmptyBundleName: false,
  reExportCheckMode: 'noCheck',
  usePathPlaceholder: false,
  writeRollupCache: true,
  isExpandImportEnabled: false,
  expandImportExclude: '',
  lazyImportExclude: '',
  lazyImportInclude: '',
  ignoreCrossplatformCheck: false,
  skipOhModulesLint: false,
  enableStrictCheckOHModule: false,
  disableSendableCheckRules: [],
  useDeclarationFileSignature: false,
  customizedOptions: undefined,
  integratedHsp: false,
  tsImportSoCheck: false,
  isPreloadSoEnabled: false,
  strictMode: {
    caseSensitiveCheck: true,
    useNormalizedOHMUrl: true,
    noExternalImportByPath: true
  },
  useNormalizedOHMUrl: true,
  caseSensitiveCheck: true,
  strictCheckerOnly: false,
  aceModuleJsonPath: 'D:\\HW\\testproject\\complete\\1\\entry\\build\\default\\intermediates\\res\\default\\ark_module.json',
  appResource: 'D:\\HW\\testproject\\complete\\1\\entry\\build\\default\\intermediates\\res\\default\\ResourceTable.txt',
  rawFileResource: 'D:\\HW\\testproject\\complete\\1\\entry\\build\\default\\intermediates\\res\\default\\resources\\rawfile',
  resourceTableHash: '420cbbd661f36eaf53de18a49a81198f44efe355d45c5d228d965ee0f6d2937d',
  runtimeOS: 'HarmonyOS',
  sdkInfo: 'false:26:26.0.0.105:Release',
  aceModuleRoot: 'D:\\HW\\testproject\\complete\\1\\entry\\src\\main\\ets',
  compileMode: 'esmodule',
  aceSuperVisualPath: 'D:\\HW\\testproject\\complete\\1\\entry\\src\\main\\supervisual',
  aceBuildJson: 'D:\\HW\\testproject\\complete\\1\\entry\\build\\default\\intermediates\\loader\\default\\loader.json',
  cachePath: 'D:\\HW\\testproject\\complete\\1\\entry\\build\\default\\cache\\default\\default@CompileArkTS\\esmodule\\debug',
  aceModuleBuild: 'D:\\HW\\testproject\\complete\\1\\entry\\build\\default\\intermediates\\loader_out\\default\\ets',
  supportChunks: true,
  declaredFilesPath: undefined,
  shouldCollectDirectImportees: false,
  isByteCodeHarOptimize: false,
  expandImportPath: undefined,
  resourceTableTs: 'D:\\HW\\testproject\\complete\\1\\entry\\build\\default\\generated\\r\\default\\ResourceTable.ts',
  moduleMetaInfoFiles: [
    {
      filePath: 'D:\\HW\\testproject\\complete\\1\\entry\\build\\default\\generated\\r\\default\\ResourceTable.ts',
      ohmurl: '&entry/build/generated/r/ResourceTable&'
    }
  ],
  pkgNameToPkgBriefInfo: {
    entry: {
      pkgRoot: 'D:\\HW\\testproject\\complete\\1\\entry',
      originalSourceRoots: undefined,
      sourceRoots: [Array],
      pkgName: 'entry'
    }
  },
  projectModel: {
    'D:\\HW\\testproject\\complete\\1\\entry\\src\\main': {
      moduleName: 'entry',
      modulePkgPath: 'D:\\HW\\testproject\\complete\\1\\entry',
      belongProjectPath: 'D:\\HW\\testproject\\complete\\1'
    },
    'D:\\HW\\testproject\\complete\\1\\entry\\.test\\default\\intermediates\\src\\ohosTest\\ets': {
      moduleName: 'entry_test',
      modulePkgPath: 'D:\\HW\\testproject\\complete\\1\\entry',
      belongProjectPath: 'D:\\HW\\testproject\\complete\\1'
    },
    'D:\\HW\\testproject\\complete\\1\\entry\\src\\ohosTest': {
      moduleName: 'entry_test',
      modulePkgPath: 'D:\\HW\\testproject\\complete\\1\\entry',
      belongProjectPath: 'D:\\HW\\testproject\\complete\\1'
    },
    'D:\\HW\\testproject\\complete\\1\\entry': {
      moduleName: 'entry',
      modulePkgPath: 'D:\\HW\\testproject\\complete\\1\\entry',
      belongProjectPath: 'D:\\HW\\testproject\\complete\\1'
    },
    'D:\\HW\\testproject\\complete\\1': {
      moduleName: '1',
      modulePkgPath: 'D:\\HW\\testproject\\complete\\1',
      belongProjectPath: 'D:\\HW\\testproject\\complete\\1'
    }
  },
  pkgJsonFileHash: '7ab10e622b876a852aaa87f883a5ca46773dc428b9273d7582651c0540669143',
  allModulePaths: [ 'D:\\HW\\testproject\\complete\\1\\entry' ],
  routerMap: {},
  obfuscationOptions: undefined,
  byteCodeHarToDependencyKeys: undefined,
  compileBlockPkg: [],
  mockParams: {
    decorator: '@MockSetup',
    packageName: '@ohos/hamock',
    etsSourceRootPath: 'src/main/ets',
    mockConfigPath: 'D:\\HW\\testproject\\complete\\1\\entry\\src\\mock\\mock-config.json5',
    mockConfigKey2ModuleInfo: {},
    source2ModuleIdMap: {}
  },
  copyCodeResourceEnable: false,
  copyCodeResourceExcludes: [],
  copyCodeResourceIncludes: undefined,
  uiTransformOptimization: false,
  sdkPath: 'E:/DevEco Studio/sdk',
  needPreloadSoFileSet: {},
  preloadSoFilePath: 'D:\\HW\\testproject\\complete\\1\\entry\\build\\default\\intermediates\\preload\\default\\preload.json',
  useSourceHash: false,
  localModuleParamMap: {},
  otherPaths: {
    'entry/*': [
      '..\\*',
      '..\\..\\..\\build\\default\\generated\\profile\\default\\*'
    ]
  },
  collectImportersConfig: undefined
}
[2026-09-14T14:46:36.591] [DEBUG] debug-file - Compile arkts with external api path: E:\DevEco Studio\sdk\default\hms\ets
[2026-09-14T14:46:36.592] [DEBUG] debug-file - before submitting ArkTS compile task to worker pool, config.buildDir: D:\HW\testproject\complete\1\entry\build
[2026-09-14T14:46:36.592] [DEBUG] debug-file - default@CompileArkTS work[46] is submitted.
[2026-09-14T14:46:36.592] [DEBUG] debug-file - default@CompileArkTS work[46] is pushed to ready queue.
[2026-09-14T14:46:36.592] [DEBUG] debug-file - A work dispatched to worker[15] failed because unable to get work from ready queue.
[2026-09-14T14:46:36.592] [DEBUG] debug-file - A work dispatched to worker[14] failed because unable to get work from ready queue.
[2026-09-14T14:46:36.592] [DEBUG] debug-file - A work dispatched to worker[13] failed because unable to get work from ready queue.
[2026-09-14T14:46:36.592] [DEBUG] debug-file - A work dispatched to worker[12] failed because unable to get work from ready queue.
[2026-09-14T14:46:36.592] [DEBUG] debug-file - A work dispatched to worker[11] failed because unable to get work from ready queue.
[2026-09-14T14:46:36.592] [DEBUG] debug-file - A work dispatched to worker[10] failed because unable to get work from ready queue.
[2026-09-14T14:46:36.592] [DEBUG] debug-file - A work dispatched to worker[9] failed because unable to get work from ready queue.
[2026-09-14T14:46:36.592] [DEBUG] debug-file - A work dispatched to worker[8] failed because unable to get work from ready queue.
[2026-09-14T14:46:36.592] [DEBUG] debug-file - A work dispatched to worker[7] failed because unable to get work from ready queue.
[2026-09-14T14:46:36.592] [DEBUG] debug-file - A work dispatched to worker[6] failed because unable to get work from ready queue.
[2026-09-14T14:46:36.592] [DEBUG] debug-file - A work dispatched to worker[5] failed because unable to get work from ready queue.
[2026-09-14T14:46:36.592] [DEBUG] debug-file - default@CompileArkTS work[46] has been dispatched to worker[4].
[2026-09-14T14:46:36.592] [DEBUG] debug-file - default@CompileArkTS work[46] is dispatched.
[2026-09-14T14:46:36.592] [DEBUG] debug-file - entry : default@CompileArkTS cost memory 0.9841461181640625
[2026-09-14T14:46:36.593] [DEBUG] debug-file - Executing task :entry:default@BuildJS
[2026-09-14T14:46:36.593] [DEBUG] debug-file - Task 'entry:default@BuildJS' cost while wrapping incremental declarations: 1 ms 
[2026-09-14T14:46:36.594] [DEBUG] debug-file - entry : default@BuildJS cost memory 0.10880279541015625
[2026-09-14T14:46:36.594] [DEBUG] debug-file - runTaskFromQueue task cost before running: 132 ms 
[2026-09-14T14:46:36.594] [INFO] debug-file - Finished :entry:default@BuildJS... after 2 ms 
[2026-09-14T14:46:36.595] [DEBUG] debug-file - Executing task :entry:default@CacheNativeLibs
[2026-09-14T14:46:36.595] [DEBUG] debug-file - File: 'D:\HW\testproject\complete\1\entry\build\default\intermediates\binxo\default' from 'cacheBinxoNativeLibs' is not exists, just ignore.
[2026-09-14T14:46:36.595] [DEBUG] debug-file - Task 'entry:default@CacheNativeLibs' cost while wrapping incremental declarations: 1 ms 
[2026-09-14T14:46:36.596] [DEBUG] debug-file - Incremental task entry:default@CacheNativeLibs pre-execution cost: 1 ms .
[2026-09-14T14:46:36.596] [DEBUG] debug-file - entry : default@CacheNativeLibs cost memory 0.077545166015625
[2026-09-14T14:46:36.596] [INFO] debug-file - UP-TO-DATE :entry:default@CacheNativeLibs...  
[2026-09-14T14:46:37.166] [DEBUG] debug-file - Ark compile task finished.finished time is 329429247984800
[2026-09-14T14:46:37.166] [DEBUG] debug-file - worker[4] has one work done.
[2026-09-14T14:46:37.167] [DEBUG] debug-file - default@CompileArkTS work[46] done.
[2026-09-14T14:46:37.168] [INFO] debug-file - Finished :entry:default@CompileArkTS... after 584 ms 
[2026-09-14T14:46:37.169] [DEBUG] debug-file - Executing task :entry:default@GeneratePkgModuleJson
[2026-09-14T14:46:37.170] [DEBUG] debug-file - File: 'D:\HW\testproject\complete\1\entry\build\default\intermediates\preload\default\preload.json' from 'preloadSoJsonPath' is not exists, just ignore.
[2026-09-14T14:46:37.170] [DEBUG] debug-file - Error occurs while handling @Input 'shouldDeduplicateHar': The "data" argument must be of type string or an instance of Buffer, TypedArray, or DataView. Received undefined
[2026-09-14T14:46:37.170] [DEBUG] debug-file - Task 'entry:default@GeneratePkgModuleJson' cost while wrapping incremental declarations: 1 ms 
[2026-09-14T14:46:37.171] [DEBUG] debug-file - Incremental task entry:default@GeneratePkgModuleJson pre-execution cost: 1 ms .
[2026-09-14T14:46:37.171] [DEBUG] debug-file - entry : default@GeneratePkgModuleJson cost memory 0.0801544189453125
[2026-09-14T14:46:37.172] [INFO] debug-file - UP-TO-DATE :entry:default@GeneratePkgModuleJson...  
[2026-09-14T14:46:37.172] [DEBUG] debug-file - Executing task :entry:default@ProcessCompiledResources
[2026-09-14T14:46:37.173] [DEBUG] debug-file - File: 'D:\HW\testproject\complete\1\entry\build\default\intermediates\preload\default\preload.json' from 'preloadSoJsonPath' is not exists, just ignore.
[2026-09-14T14:46:37.173] [DEBUG] debug-file - Task 'entry:default@ProcessCompiledResources' cost while wrapping incremental declarations: 1 ms 
[2026-09-14T14:46:37.173] [DEBUG] debug-file - entry : default@ProcessCompiledResources cost memory 0.0483856201171875
[2026-09-14T14:46:37.173] [DEBUG] debug-file - runTaskFromQueue task cost before running: 711 ms 
[2026-09-14T14:46:37.173] [INFO] debug-file - Finished :entry:default@ProcessCompiledResources... after 1 ms 
[2026-09-14T14:46:37.174] [DEBUG] debug-file - Executing task :entry:default@PackageHap
[2026-09-14T14:46:37.176] [DEBUG] debug-file - entry:default@PackageHap is not up-to-date, since the input file 'D:\HW\testproject\complete\1\entry\build\default\intermediates\loader_out\default\ets' has been changed.
[2026-09-14T14:46:37.176] [DEBUG] debug-file - Incremental task entry:default@PackageHap pre-execution cost: 3 ms .
[2026-09-14T14:46:37.177] [DEBUG] debug-file - Use tool [E:\DevEco Studio\sdk\default\openharmony\toolchains\lib\app_packing_tool.jar]
 [
  'java',
  '-Dfile.encoding=GBK',
  '-jar',
  'E:\\DevEco Studio\\sdk\\default\\openharmony\\toolchains\\lib\\app_packing_tool.jar',
  '--mode',
  'hap',
  '--force',
  'true',
  '--lib-path',
  'D:\\HW\\testproject\\complete\\1\\entry\\build\\default\\intermediates\\stripped_native_libs\\default',
  '--json-path',
  'D:\\HW\\testproject\\complete\\1\\entry\\build\\default\\intermediates\\package\\default\\module.json',
  '--resources-path',
  'D:\\HW\\testproject\\complete\\1\\entry\\build\\default\\intermediates\\res\\default\\resources',
  '--index-path',
  'D:\\HW\\testproject\\complete\\1\\entry\\build\\default\\intermediates\\res\\default\\resources.index',
  '--pack-info-path',
  'D:\\HW\\testproject\\complete\\1\\entry\\build\\default\\outputs\\default\\pack.info',
  '--out-path',
  'D:\\HW\\testproject\\complete\\1\\entry\\build\\default\\outputs\\default\\entry-default-unsigned.hap',
  '--ets-path',
  'D:\\HW\\testproject\\complete\\1\\entry\\build\\default\\intermediates\\loader_out\\default\\ets',
  '--pkg-context-path',
  'D:\\HW\\testproject\\complete\\1\\entry\\build\\default\\intermediates\\loader\\default\\pkgContextInfo.json'
]
[2026-09-14T14:46:37.177] [DEBUG] debug-file - default@PackageHap work[47] is submitted.
[2026-09-14T14:46:37.177] [DEBUG] debug-file - default@PackageHap work[47] is pushed to ready queue.
[2026-09-14T14:46:37.177] [DEBUG] debug-file - A work dispatched to worker[15] failed because unable to get work from ready queue.
[2026-09-14T14:46:37.177] [DEBUG] debug-file - Create  resident worker with id: 14.
[2026-09-14T14:46:37.177] [DEBUG] debug-file - default@PackageHap work[47] has been dispatched to worker[14].
[2026-09-14T14:46:37.178] [DEBUG] debug-file - default@PackageHap work[47] is dispatched.
[2026-09-14T14:46:37.180] [DEBUG] debug-file - entry : default@PackageHap cost memory 0.39963531494140625
[2026-09-14T14:46:37.941] [DEBUG] debug-file - current process  memoryUsage: {
  rss: 504946688,
  heapTotal: 79118336,
  heapUsed: 50419488,
  external: 3958577,
  arrayBuffers: 18671
} os memoryUsage :13.628650665283203
[2026-09-14T14:46:38.659] [DEBUG] debug-file - worker[14] has one work done.
[2026-09-14T14:46:38.659] [DEBUG] debug-file - default@PackageHap work[47] done.
[2026-09-14T14:46:38.659] [DEBUG] debug-file - A work dispatched to worker[14] failed because unable to get work from ready queue.
[2026-09-14T14:46:38.660] [INFO] debug-file - Finished :entry:default@PackageHap... after 728 ms 
[2026-09-14T14:46:38.661] [DEBUG] debug-file - Executing task :entry:default@PackingCheck
[2026-09-14T14:46:38.663] [DEBUG] debug-file - entry : default@PackingCheck cost memory 0.32552337646484375
[2026-09-14T14:46:38.663] [DEBUG] debug-file - runTaskFromQueue task cost before running: 2 s 201 ms 
[2026-09-14T14:46:38.663] [INFO] debug-file - Finished :entry:default@PackingCheck... after 3 ms 
[2026-09-14T14:46:38.664] [DEBUG] debug-file - Executing task :entry:default@SignHap
[2026-09-14T14:46:38.665] [DEBUG] debug-file - entry:default@SignHap is not up-to-date, since the input file 'D:\HW\testproject\complete\1\entry\build\default\outputs\default\entry-default-unsigned.hap' has been changed.
[2026-09-14T14:46:38.665] [DEBUG] debug-file - Incremental task entry:default@SignHap pre-execution cost: 1 ms .
[2026-09-14T14:46:38.725] [DEBUG] debug-file - java daemon socket received message:{"code":0,"message":"verify profile success"}
[2026-09-14T14:46:38.729] [DEBUG] debug-file - java daemon socket close code:1000 reason:close by user
[2026-09-14T14:46:38.827] [DEBUG] debug-file - java daemon socket received message:{"code":0,"message":"sign app success"}
[2026-09-14T14:46:38.828] [DEBUG] debug-file - entry : default@SignHap cost memory 0.36980438232421875
[2026-09-14T14:46:38.828] [DEBUG] debug-file - runTaskFromQueue task cost before running: 2 s 366 ms 
[2026-09-14T14:46:38.828] [INFO] debug-file - Finished :entry:default@SignHap... after 164 ms 
[2026-09-14T14:46:38.829] [DEBUG] debug-file - Executing task :entry:default@CollectDebugSymbol
[2026-09-14T14:46:38.829] [DEBUG] debug-file - entry : default@CollectDebugSymbol cost memory 0.0743560791015625
[2026-09-14T14:46:38.830] [DEBUG] debug-file - runTaskFromQueue task cost before running: 2 s 367 ms 
[2026-09-14T14:46:38.830] [INFO] debug-file - Finished :entry:default@CollectDebugSymbol... after 1 ms 
[2026-09-14T14:46:38.830] [DEBUG] debug-file - Executing task :entry:assembleHap
[2026-09-14T14:46:38.830] [DEBUG] debug-file - entry : assembleHap cost memory 0.01335906982421875
[2026-09-14T14:46:38.830] [DEBUG] debug-file - runTaskFromQueue task cost before running: 2 s 368 ms 
[2026-09-14T14:46:38.831] [INFO] debug-file - Finished :entry:assembleHap... after 1 ms 
[2026-09-14T14:46:38.831] [INFO] debug-file - BUILD SUCCESSFUL in 2 s 369 ms 
[2026-09-14T14:46:38.832] [DEBUG] debug-file - There is no need to refresh cache, since the incremental task entry:default@PreBuild is up-to-date.
[2026-09-14T14:46:38.832] [DEBUG] debug-file - Update task entry:default@CreateModuleInfo output file:D:\HW\testproject\complete\1\entry\build\default\generated\profile\default\ModuleInfo.ts cache.
[2026-09-14T14:46:38.832] [DEBUG] debug-file - Incremental task entry:default@CreateModuleInfo post-execution cost:1 ms .
[2026-09-14T14:46:38.833] [DEBUG] debug-file - There is no need to refresh cache, since the incremental task entry:default@GenerateMetadata is up-to-date.
[2026-09-14T14:46:38.833] [DEBUG] debug-file - There is no need to refresh cache, since the incremental task entry:default@MergeProfile is up-to-date.
[2026-09-14T14:46:38.833] [DEBUG] debug-file - There is no need to refresh cache, since the incremental task entry:default@CreateBuildProfile is up-to-date.
[2026-09-14T14:46:38.833] [DEBUG] debug-file - There is no need to refresh cache, since the incremental task entry:default@GeneratePkgContextInfo is up-to-date.
[2026-09-14T14:46:38.833] [DEBUG] debug-file - Update task entry:default@GeneratePkgSdkInfo output file:D:\HW\testproject\complete\1\entry\build\default\intermediates\loader\default\pkgSdkInfo.json cache.
[2026-09-14T14:46:38.833] [DEBUG] debug-file - Incremental task entry:default@GeneratePkgSdkInfo post-execution cost:1 ms .
[2026-09-14T14:46:38.834] [DEBUG] debug-file - Update task entry:default@ProcessIntegratedHsp output file:D:\HW\testproject\complete\1\build\cache\default\integrated_hsp\integratedHspCache.json cache.
[2026-09-14T14:46:38.834] [DEBUG] debug-file - Incremental task entry:default@ProcessIntegratedHsp post-execution cost:1 ms .
[2026-09-14T14:46:38.834] [DEBUG] debug-file - There is no need to refresh cache, since the incremental task entry:default@MakePackInfo is up-to-date.
[2026-09-14T14:46:38.834] [DEBUG] debug-file - Update task entry:default@SyscapTransform input file:E:\DevEco Studio\sdk\default\openharmony\toolchains\syscap_tool.exe cache by regenerate.
[2026-09-14T14:46:38.835] [DEBUG] debug-file - Update task entry:default@SyscapTransform input file:E:\DevEco Studio\sdk\default\openharmony\ets\api\device-define cache by regenerate.
[2026-09-14T14:46:38.836] [DEBUG] debug-file - Update task entry:default@SyscapTransform output file:D:\HW\testproject\complete\1\entry\build\default\intermediates\syscap\default\rpcid.sc cache.
[2026-09-14T14:46:38.836] [DEBUG] debug-file - Incremental task entry:default@SyscapTransform post-execution cost:2 ms .
[2026-09-14T14:46:38.836] [DEBUG] debug-file - There is no need to refresh cache, since the incremental task entry:default@ProcessProfile is up-to-date.
[2026-09-14T14:46:38.836] [DEBUG] debug-file - There is no need to refresh cache, since the incremental task entry:default@ProcessRouterMap is up-to-date.
[2026-09-14T14:46:38.836] [DEBUG] debug-file - There is no need to refresh cache, since the incremental task entry:default@ProcessShareConfig is up-to-date.
[2026-09-14T14:46:38.836] [DEBUG] debug-file - Update task entry:default@ProcessStartupConfig input file:D:\HW\testproject\complete\1\entry\build\default\intermediates\loader\default\pkgContextInfo.json cache by regenerate.
[2026-09-14T14:46:38.837] [DEBUG] debug-file - Update task entry:default@ProcessStartupConfig output file:D:\HW\testproject\complete\1\entry\build\default\intermediates\startup\default\startup_config.json cache.
[2026-09-14T14:46:38.837] [DEBUG] debug-file - Incremental task entry:default@ProcessStartupConfig post-execution cost:1 ms .
[2026-09-14T14:46:38.837] [DEBUG] debug-file - There is no need to refresh cache, since the incremental task entry:default@ProcessResource is up-to-date.
[2026-09-14T14:46:38.837] [DEBUG] debug-file - There is no need to refresh cache, since the incremental task entry:default@GenerateLoaderJson is up-to-date.
[2026-09-14T14:46:38.837] [DEBUG] debug-file - There is no need to refresh cache, since the incremental task entry:default@ProcessLibs is up-to-date.
[2026-09-14T14:46:38.837] [DEBUG] debug-file - There is no need to refresh cache, since the incremental task entry:default@CompileResource is up-to-date.
[2026-09-14T14:46:38.837] [DEBUG] debug-file - There is no need to refresh cache, since the incremental task entry:default@DoNativeStrip is up-to-date.
[2026-09-14T14:46:38.838] [DEBUG] debug-file - Update task entry:default@CompileArkTS input file:D:\HW\testproject\complete\1\entry\build\default\intermediates\loader\default cache by regenerate.
[2026-09-14T14:46:38.839] [DEBUG] debug-file - Update task entry:default@CompileArkTS input file:D:\HW\testproject\complete\1\entry\build\default\intermediates\res\default\resources\rawfile cache by regenerate.
[2026-09-14T14:46:38.839] [DEBUG] debug-file - Update task entry:default@CompileArkTS input file:D:\HW\testproject\complete\1\entry\build\default\intermediates\res\default\ResourceTable.txt cache by regenerate.
[2026-09-14T14:46:38.839] [DEBUG] debug-file - Update task entry:default@CompileArkTS input file:D:\HW\testproject\complete\1\entry\build\default\intermediates\res\default\ark_module.json cache by regenerate.
[2026-09-14T14:46:38.839] [DEBUG] debug-file - Update task entry:default@CompileArkTS input file:D:\HW\testproject\complete\1\entry\build\default\intermediates\res\default\resources\base\profile cache by regenerate.
[2026-09-14T14:46:38.839] [DEBUG] debug-file - Update task entry:default@CompileArkTS input file:D:\HW\testproject\complete\1\entry\src\main\ets cache from map.
[2026-09-14T14:46:38.839] [DEBUG] debug-file - Update task entry:default@CompileArkTS input file:D:\HW\testproject\complete\1\entry\build\default\intermediates\loader\default\pkgContextInfo.json cache by regenerate.
[2026-09-14T14:46:38.839] [DEBUG] debug-file - Update task entry:default@CompileArkTS input file:D:\HW\testproject\complete\1\entry\build\default\generated\profile\default\BuildProfile.ets cache by regenerate.
[2026-09-14T14:46:38.839] [DEBUG] debug-file - Update task entry:default@CompileArkTS input file:D:\HW\testproject\complete\1\entry\src\mock\mock-config.json5 cache by regenerate.
[2026-09-14T14:46:38.839] [DEBUG] debug-file - Update task entry:default@CompileArkTS output file:D:\HW\testproject\complete\1\entry\build\default\intermediates\loader_out\default\ets cache.
[2026-09-14T14:46:38.840] [DEBUG] debug-file - Incremental task entry:default@CompileArkTS post-execution cost:3 ms .
[2026-09-14T14:46:38.840] [DEBUG] debug-file - Update task entry:default@BuildJS input file:D:\HW\testproject\complete\1\entry\build\default\intermediates\loader\default cache by regenerate.
[2026-09-14T14:46:38.840] [DEBUG] debug-file - Update task entry:default@BuildJS input file:D:\HW\testproject\complete\1\entry\build\default\intermediates\res\default\resources\rawfile cache by regenerate.
[2026-09-14T14:46:38.840] [DEBUG] debug-file - Update task entry:default@BuildJS input file:D:\HW\testproject\complete\1\entry\build\default\intermediates\res\default\ResourceTable.txt cache by regenerate.
[2026-09-14T14:46:38.840] [DEBUG] debug-file - Update task entry:default@BuildJS input file:D:\HW\testproject\complete\1\entry\build\default\intermediates\res\default\ark_module.json cache by regenerate.
[2026-09-14T14:46:38.840] [DEBUG] debug-file - Update task entry:default@BuildJS input file:D:\HW\testproject\complete\1\entry\build\default\intermediates\res\default\resources\base\profile cache by regenerate.
[2026-09-14T14:46:38.841] [DEBUG] debug-file - Update task entry:default@BuildJS input file:D:\HW\testproject\complete\1\entry\build\default\intermediates\loader\default\pkgContextInfo.json cache by regenerate.
[2026-09-14T14:46:38.841] [DEBUG] debug-file - Update task entry:default@BuildJS output file:D:\HW\testproject\complete\1\entry\build\default\intermediates\loader_out\default\js cache.
[2026-09-14T14:46:38.841] [DEBUG] debug-file - Incremental task entry:default@BuildJS post-execution cost:2 ms .
[2026-09-14T14:46:38.841] [DEBUG] debug-file - There is no need to refresh cache, since the incremental task entry:default@CacheNativeLibs is up-to-date.
[2026-09-14T14:46:38.841] [DEBUG] debug-file - There is no need to refresh cache, since the incremental task entry:default@GeneratePkgModuleJson is up-to-date.
[2026-09-14T14:46:38.841] [DEBUG] debug-file - Incremental task entry:default@ProcessCompiledResources post-execution cost:1 ms .
[2026-09-14T14:46:38.841] [DEBUG] debug-file - Update task entry:default@PackageHap input file:D:\HW\testproject\complete\1\entry\build\default\outputs\default\pack.info cache by regenerate.
[2026-09-14T14:46:38.841] [DEBUG] debug-file - Update task entry:default@PackageHap input file:D:\HW\testproject\complete\1\entry\build\default\intermediates\stripped_native_libs\default cache by regenerate.
[2026-09-14T14:46:38.841] [DEBUG] debug-file - Update task entry:default@PackageHap input file:D:\HW\testproject\complete\1\entry\build\default\intermediates\res\default\module.json cache by regenerate.
[2026-09-14T14:46:38.841] [DEBUG] debug-file - Update task entry:default@PackageHap input file:D:\HW\testproject\complete\1\entry\build\default\intermediates\res\default\resources cache by regenerate.
[2026-09-14T14:46:38.842] [DEBUG] debug-file - Update task entry:default@PackageHap input file:D:\HW\testproject\complete\1\entry\build\default\intermediates\res\default\resources.index cache by regenerate.
[2026-09-14T14:46:38.842] [DEBUG] debug-file - Update task entry:default@PackageHap input file:D:\HW\testproject\complete\1\entry\build\default\intermediates\loader_out\default\ets cache from map.
[2026-09-14T14:46:38.842] [DEBUG] debug-file - Update task entry:default@PackageHap input file:D:\HW\testproject\complete\1\entry\build\default\intermediates\loader\default\pkgContextInfo.json cache by regenerate.
[2026-09-14T14:46:38.842] [DEBUG] debug-file - Update task entry:default@PackageHap input file:D:\HW\testproject\complete\1\entry\build\default\intermediates\package\default\module.json cache by regenerate.
[2026-09-14T14:46:38.842] [DEBUG] debug-file - Update task entry:default@PackageHap input file:D:\HW\testproject\complete\1\entry\build\default\intermediates\loader_out\default\ets\sourceMaps.map cache by regenerate.
[2026-09-14T14:46:38.843] [DEBUG] debug-file - Update task entry:default@PackageHap input file:D:\HW\testproject\complete\1\entry\build\default\generated\profile\default\BuildProfile.ets cache by regenerate.
[2026-09-14T14:46:38.843] [DEBUG] debug-file - Update task entry:default@PackageHap output file:D:\HW\testproject\complete\1\entry\build\default\outputs\default\entry-default-unsigned.hap cache.
[2026-09-14T14:46:38.843] [DEBUG] debug-file - Update task entry:default@PackageHap output file:D:\HW\testproject\complete\1\entry\build\default\intermediates\source_map\default\sourceMaps.map cache.
[2026-09-14T14:46:38.843] [DEBUG] debug-file - Update task entry:default@PackageHap output file:D:\HW\testproject\complete\1\entry\build\default\outputs\default\mapping\sourceMaps.map cache.
[2026-09-14T14:46:38.844] [DEBUG] debug-file - Incremental task entry:default@PackageHap post-execution cost:3 ms .
[2026-09-14T14:46:38.844] [DEBUG] debug-file - Update task entry:default@SignHap input file:C:\Users\CuteDuan\.ohos\config\default_1_BhzYZEydDVfZJ61mGi925yNWoqQ3wx2qwnAWE_X8vXg=.cer cache by regenerate.
[2026-09-14T14:46:38.844] [DEBUG] debug-file - Update task entry:default@SignHap input file:C:\Users\CuteDuan\.ohos\config\default_1_BhzYZEydDVfZJ61mGi925yNWoqQ3wx2qwnAWE_X8vXg=.p7b cache by regenerate.
[2026-09-14T14:46:38.844] [DEBUG] debug-file - Update task entry:default@SignHap input file:C:\Users\CuteDuan\.ohos\config\default_1_BhzYZEydDVfZJ61mGi925yNWoqQ3wx2qwnAWE_X8vXg=.p12 cache by regenerate.
[2026-09-14T14:46:38.844] [DEBUG] debug-file - Update task entry:default@SignHap input file:D:\HW\testproject\complete\1\entry\build\default\outputs\default\entry-default-unsigned.hap cache from map.
[2026-09-14T14:46:38.844] [DEBUG] debug-file - Update task entry:default@SignHap output file:D:\HW\testproject\complete\1\entry\build\default\outputs\default\entry-default-signed.hap cache.
[2026-09-14T14:46:38.844] [DEBUG] debug-file - Incremental task entry:default@SignHap post-execution cost:1 ms .
[2026-09-14T14:46:38.844] [DEBUG] debug-file - Update task entry:default@CollectDebugSymbol input file:D:\HW\testproject\complete\1\entry\build\default\intermediates\loader_out\default\ets\sourceMaps.map cache by regenerate.
[2026-09-14T14:46:38.844] [DEBUG] debug-file - Update task entry:default@CollectDebugSymbol input file:D:\HW\testproject\complete\1\entry\build\default\intermediates\libs\default cache by regenerate.
[2026-09-14T14:46:38.845] [DEBUG] debug-file - Update task entry:default@CollectDebugSymbol output file:D:\HW\testproject\complete\1\entry\build\default\outputs\default\symbol cache.
[2026-09-14T14:46:38.845] [DEBUG] debug-file - Incremental task entry:default@CollectDebugSymbol post-execution cost:1 ms .
[2026-09-14T14:46:38.861] [DEBUG] debug-file - Cleanup worker 14.
[2026-09-14T14:46:38.861] [DEBUG] debug-file - hvigor build process will be closed.
[2026-09-14T14:46:38.861] [DEBUG] debug-file - java daemon socket close code:1000 reason:close by user
[2026-09-14T14:46:38.867] [DEBUG] debug-file - worker[14] exits with exit code 1.
[2026-09-14T14:46:38.867] [DEBUG] debug-file - Worker 14 has been cleaned up.
[2026-09-14T14:46:38.867] [DEBUG] debug-file - Current idle worker size: 1.
[2026-09-14T14:46:38.867] [DEBUG] debug-file - Current resident worker size: 1.
[2026-09-14T14:46:38.874] [DEBUG] debug-file - session manager: send message to worker process. WorkerThreadId: 0, data: {"type":"hvigor_failed","reason":"Server has disconnected."}
[2026-09-14T14:46:38.875] [DEBUG] debug-file - session manager: send message to worker process. WorkerThreadId: 0, data: {"type":"CloseWatch","reason":"Server has disconnected."}
[2026-09-14T14:46:38.875] [DEBUG] debug-file - watch worker: worker id should be larger than 0. Nothing will be sent to any worker thread.
[2026-09-14T14:46:38.875] [DEBUG] debug-file - ABORT_WORK sent to workers.
[2026-09-14T14:46:38.876] [DEBUG] debug-file - watch worker: worker id should be larger than 0. Nothing will be sent to any worker thread.
[2026-09-14T14:47:58.933] [DEBUG] debug-file - session manager: set active socket. socketId=m2hvPgZcRlOhxZtoAAA1
[2026-09-14T14:47:58.946] [DEBUG] debug-file - watch worker: worker id should be larger than 0. Nothing will be sent to any worker thread.
[2026-09-14T14:47:58.952] [DEBUG] debug-file - Workers' log level updated to INFO
[2026-09-14T14:47:58.955] [DEBUG] debug-file - Hvigor init with startParameters:{
  hvigorfileTypeCheck: false,
  parallelExecution: true,
  incrementalExecution: true,
  printStackTrace: false,
  daemon: true,
  analyze: 0,
  logLevel: Level { level: 20000, levelStr: 'INFO', colour: 'green' },
  optimizationStrategy: 'memory',
  hotCompile: undefined,
  hotReloadBuild: undefined,
  customizedParam: undefined
}
[2026-09-14T14:47:58.959] [DEBUG] debug-file - Cache service initialization finished in 5 ms 
[2026-09-14T14:47:58.960] [DEBUG] debug-file - hvigorfile, resolving D:\HW\testproject\complete\1\hvigorfile.ts
[2026-09-14T14:47:58.962] [DEBUG] debug-file - hvigorfile, require result:  { default: { plugins: [] } }
[2026-09-14T14:47:58.963] [DEBUG] debug-file - hvigorfile, binding system plugins null
[2026-09-14T14:47:58.963] [DEBUG] debug-file - Starting plugin build process
[2026-09-14T14:47:58.963] [DEBUG] debug-file - App plugin prepare start...
[2026-09-14T14:47:58.963] [DEBUG] debug-file - App plugin prepare end...
[2026-09-14T14:47:58.963] [DEBUG] debug-file - App plugin creating...
[2026-09-14T14:47:58.966] [DEBUG] debug-file - App plugin register hook start...
[2026-09-14T14:47:58.966] [DEBUG] debug-file - App plugin register hook end...
[2026-09-14T14:47:58.966] [DEBUG] debug-file - Plugin build process completed
[2026-09-14T14:47:58.966] [DEBUG] debug-file - Start initialize project's product build option map with build mode debug.
[2026-09-14T14:47:58.966] [DEBUG] debug-file - Picking option from product 'default' with build mode 'debug'.
[2026-09-14T14:47:58.966] [DEBUG] debug-file - Product 'default' build option initialized
[2026-09-14T14:47:58.967] [DEBUG] debug-file - End initialize project's product build option map with build mode 'debug'.
[2026-09-14T14:47:58.967] [DEBUG] debug-file - Obtain build option for product 'default'in this build.
[2026-09-14T14:47:58.969] [DEBUG] debug-file - D:\HW\testproject\complete\1\build\cache\default\remote_hsp\remoteHspCache.json not exists.
[2026-09-14T14:47:58.970] [DEBUG] debug-file - Start recording SDK configuration permission data.
[2026-09-14T14:47:58.994] [DEBUG] debug-file - Sdk init in 25 ms 
[2026-09-14T14:47:58.995] [DEBUG] debug-file - Project task initialization takes 2 ms 
[2026-09-14T14:47:58.995] [DEBUG] debug-file - hvigorfile, begin to bind custom plugins...
[2026-09-14T14:47:58.995] [DEBUG] debug-file - hvigorfile, no custom plugins were found in D:\HW\testproject\complete\1\hvigorfile.ts
[2026-09-14T14:47:58.995] [DEBUG] debug-file - hvigorfile, resolve finished D:\HW\testproject\complete\1\hvigorfile.ts
[2026-09-14T14:47:58.996] [DEBUG] debug-file - hvigorfile, resolving D:\HW\testproject\complete\1\entry\hvigorfile.ts
[2026-09-14T14:47:58.998] [DEBUG] debug-file - hvigorfile, require result:  { default: { plugins: [] } }
[2026-09-14T14:47:58.998] [DEBUG] debug-file - hvigorfile, binding system plugins null
[2026-09-14T14:47:58.998] [DEBUG] debug-file - Starting plugin build process
[2026-09-14T14:47:58.998] [DEBUG] debug-file - Hap plugin creating...
[2026-09-14T14:47:58.999] [DEBUG] debug-file - failed to load cangjie to dynamically generate schemas: Error: Cannot find module '@ohos/cangjie-build-support/index'
Require stack:
- E:\DevEco Studio\tools\hvigor\hvigor-ohos-plugin\src\plugin\hooks\cangjie-register.js
- E:\DevEco Studio\tools\hvigor\hvigor-ohos-plugin\src\plugin\strategy\stage-init-strategy.js
- E:\DevEco Studio\tools\hvigor\hvigor-ohos-plugin\src\plugin\builder\abstract-plugin-builder.js
- E:\DevEco Studio\tools\hvigor\hvigor-ohos-plugin\src\plugin\builder\app-plugin-builder.js
- E:\DevEco Studio\tools\hvigor\hvigor-ohos-plugin\src\plugin\factory\plugin-factory.js
- E:\DevEco Studio\tools\hvigor\hvigor-ohos-plugin\index.js
- D:\HW\testproject\complete\1\hvigorfile.ts
- E:\DevEco Studio\tools\hvigor\hvigor\src\base\internal\lifecycle\configuration.js
- E:\DevEco Studio\tools\hvigor\hvigor\src\base\boot\index.js
- E:\DevEco Studio\tools\hvigor\hvigor\src\base\daemon\cluster\worker-process-lifecycle.js
- E:\DevEco Studio\tools\hvigor\hvigor\src\base\daemon\process\daemon-process-boot-script.js
[2026-09-14T14:47:59.000] [DEBUG] debug-file - Start initialize module-target build option map, moduleName=entry, buildMode=debug
[2026-09-14T14:47:59.000] [DEBUG] debug-file - Target 'default' config initialized
[2026-09-14T14:47:59.000] [DEBUG] debug-file - Target 'ohosTest' config initialized
[2026-09-14T14:47:59.000] [DEBUG] debug-file - Module 'entry' target 'default' build option initialized
[2026-09-14T14:47:59.000] [DEBUG] debug-file - Module 'entry' target 'ohosTest' build option initialized
[2026-09-14T14:47:59.000] [DEBUG] debug-file - End initialize module-target build option map, moduleName=entry
[2026-09-14T14:47:59.000] [DEBUG] debug-file - Start initialize module-target build option map, moduleName=entry, buildMode=release
[2026-09-14T14:47:59.000] [DEBUG] debug-file - Target 'default' config initialized
[2026-09-14T14:47:59.001] [DEBUG] debug-file - Target 'ohosTest' config initialized
[2026-09-14T14:47:59.001] [DEBUG] debug-file - Module 'entry' target 'default' build option initialized
[2026-09-14T14:47:59.001] [DEBUG] debug-file - Module 'entry' target 'ohosTest' build option initialized
[2026-09-14T14:47:59.001] [DEBUG] debug-file - End initialize module-target build option map, moduleName=entry
[2026-09-14T14:47:59.001] [DEBUG] debug-file - Start initialize module-target build option map, moduleName=entry, buildMode=debug
[2026-09-14T14:47:59.001] [DEBUG] debug-file - Target 'default' config initialized
[2026-09-14T14:47:59.001] [DEBUG] debug-file - Target 'ohosTest' config initialized
[2026-09-14T14:47:59.001] [DEBUG] debug-file - Module 'entry' target 'default' build option initialized
[2026-09-14T14:47:59.001] [DEBUG] debug-file - Module 'entry' target 'ohosTest' build option initialized
[2026-09-14T14:47:59.001] [DEBUG] debug-file - End initialize module-target build option map, moduleName=entry
[2026-09-14T14:47:59.001] [DEBUG] debug-file - Obtain build option for module 'entry' target 'default'in this build.
[2026-09-14T14:47:59.002] [DEBUG] debug-file - Module entry task initialization takes 1 ms 
[2026-09-14T14:47:59.002] [DEBUG] debug-file - Hap plugin register hook start...
[2026-09-14T14:47:59.002] [DEBUG] debug-file - Hap plugin register hook end...
[2026-09-14T14:47:59.002] [DEBUG] debug-file - Plugin build process completed
[2026-09-14T14:47:59.002] [DEBUG] debug-file - hvigorfile, begin to bind custom plugins...
[2026-09-14T14:47:59.002] [DEBUG] debug-file - hvigorfile, no custom plugins were found in D:\HW\testproject\complete\1\entry\hvigorfile.ts
[2026-09-14T14:47:59.002] [DEBUG] debug-file - hvigorfile, resolve finished D:\HW\testproject\complete\1\entry\hvigorfile.ts
[2026-09-14T14:47:59.023] [DEBUG] debug-file - hvigorfile, resolve hvigorfile dependencies in 21 ms 
[2026-09-14T14:47:59.023] [DEBUG] debug-file - project has submodules:entry
[2026-09-14T14:47:59.024] [DEBUG] debug-file - start to load updatedOhPackageInfo to the disk
[2026-09-14T14:47:59.024] [DEBUG] debug-file - load to the disk finished
[2026-09-14T14:47:59.025] [DEBUG] debug-file - Start to initialize dependency information.
[2026-09-14T14:47:59.027] [DEBUG] debug-file - Module 1 Collected Dependency: 
[2026-09-14T14:47:59.027] [DEBUG] debug-file - Module 1's total dependency: 0
[2026-09-14T14:47:59.028] [DEBUG] debug-file - Start to initialize dependency information.
[2026-09-14T14:47:59.028] [DEBUG] debug-file - Module entry Collected Dependency: 
[2026-09-14T14:47:59.028] [DEBUG] debug-file - Module entry's total dependency: 0
[2026-09-14T14:47:59.029] [DEBUG] debug-file - Configuration phase cost:70 ms 
[2026-09-14T14:47:59.030] [DEBUG] debug-file - Configuration task cost before running: 78 ms 
[2026-09-14T14:47:59.032] [DEBUG] debug-file - Executing task :entry:default@PreBuild
[2026-09-14T14:47:59.034] [DEBUG] debug-file - Task 'entry:default@PreBuild' cost while wrapping incremental declarations: 1 ms 
[2026-09-14T14:47:59.036] [DEBUG] debug-file - Incremental task entry:default@PreBuild pre-execution cost: 2 ms .
[2026-09-14T14:47:59.036] [DEBUG] debug-file - entry : default@PreBuild cost memory 0.489532470703125
[2026-09-14T14:47:59.037] [INFO] debug-file - UP-TO-DATE :entry:default@PreBuild...  
[2026-09-14T14:47:59.037] [DEBUG] debug-file - Executing task :entry:default@CreateModuleInfo
[2026-09-14T14:47:59.037] [DEBUG] debug-file - Task 'entry:default@CreateModuleInfo' cost while wrapping incremental declarations: 1 ms 
[2026-09-14T14:47:59.038] [DEBUG] debug-file - entry : default@CreateModuleInfo cost memory 0.03670501708984375
[2026-09-14T14:47:59.038] [DEBUG] debug-file - runTaskFromQueue task cost before running: 85 ms 
[2026-09-14T14:47:59.038] [INFO] debug-file - Finished :entry:default@CreateModuleInfo... after 1 ms 
[2026-09-14T14:47:59.039] [DEBUG] debug-file - Executing task :entry:default@GenerateMetadata
[2026-09-14T14:47:59.039] [DEBUG] debug-file - Task 'entry:default@GenerateMetadata' cost while wrapping incremental declarations: 1 ms 
[2026-09-14T14:47:59.039] [DEBUG] debug-file - Incremental task entry:default@GenerateMetadata pre-execution cost: 1 ms .
[2026-09-14T14:47:59.040] [DEBUG] debug-file - entry : default@GenerateMetadata cost memory 0.06801605224609375
[2026-09-14T14:47:59.040] [INFO] debug-file - UP-TO-DATE :entry:default@GenerateMetadata...  
[2026-09-14T14:47:59.040] [DEBUG] debug-file - Executing task :entry:default@ConfigureCmake
[2026-09-14T14:47:59.040] [DEBUG] debug-file - entry : default@ConfigureCmake cost memory 0.0136566162109375
[2026-09-14T14:47:59.040] [DEBUG] debug-file - runTaskFromQueue task cost before running: 88 ms 
[2026-09-14T14:47:59.040] [INFO] debug-file - Finished :entry:default@ConfigureCmake... after 1 ms 
[2026-09-14T14:47:59.041] [DEBUG] debug-file - Executing task :entry:default@MergeProfile
[2026-09-14T14:47:59.041] [DEBUG] debug-file - Task 'entry:default@MergeProfile' cost while wrapping incremental declarations: 1 ms 
[2026-09-14T14:47:59.042] [DEBUG] debug-file - Incremental task entry:default@MergeProfile pre-execution cost: 1 ms .
[2026-09-14T14:47:59.042] [DEBUG] debug-file - entry : default@MergeProfile cost memory 0.0953216552734375
[2026-09-14T14:47:59.042] [INFO] debug-file - UP-TO-DATE :entry:default@MergeProfile...  
[2026-09-14T14:47:59.042] [DEBUG] debug-file - Executing task :entry:default@CreateBuildProfile
[2026-09-14T14:47:59.042] [DEBUG] debug-file - Task 'entry:default@CreateBuildProfile' cost while wrapping incremental declarations: 1 ms 
[2026-09-14T14:47:59.043] [DEBUG] debug-file - Incremental task entry:default@CreateBuildProfile pre-execution cost: 1 ms .
[2026-09-14T14:47:59.043] [DEBUG] debug-file - entry : default@CreateBuildProfile cost memory 0.0805206298828125
[2026-09-14T14:47:59.043] [INFO] debug-file - UP-TO-DATE :entry:default@CreateBuildProfile...  
[2026-09-14T14:47:59.043] [DEBUG] debug-file - Executing task :entry:default@PreCheckSyscap
[2026-09-14T14:47:59.043] [DEBUG] debug-file - entry : default@PreCheckSyscap cost memory 0.01389312744140625
[2026-09-14T14:47:59.043] [DEBUG] debug-file - runTaskFromQueue task cost before running: 91 ms 
[2026-09-14T14:47:59.043] [INFO] debug-file - Finished :entry:default@PreCheckSyscap... after 1 ms 
[2026-09-14T14:47:59.044] [DEBUG] debug-file - Executing task :entry:default@GeneratePkgContextInfo
[2026-09-14T14:47:59.045] [DEBUG] debug-file - Task 'entry:default@GeneratePkgContextInfo' cost while wrapping incremental declarations: 1 ms 
[2026-09-14T14:47:59.045] [DEBUG] debug-file - Incremental task entry:default@GeneratePkgContextInfo pre-execution cost: 1 ms .
[2026-09-14T14:47:59.045] [DEBUG] debug-file - entry : default@GeneratePkgContextInfo cost memory 0.1752166748046875
[2026-09-14T14:47:59.045] [INFO] debug-file - UP-TO-DATE :entry:default@GeneratePkgContextInfo...  
[2026-09-14T14:47:59.045] [DEBUG] debug-file - Executing task :entry:default@GeneratePkgSdkInfo
[2026-09-14T14:47:59.046] [DEBUG] debug-file - Task 'entry:default@GeneratePkgSdkInfo' cost while wrapping incremental declarations: 1 ms 
[2026-09-14T14:47:59.046] [DEBUG] debug-file - entry : default@GeneratePkgSdkInfo cost memory 0.09267425537109375
[2026-09-14T14:47:59.046] [DEBUG] debug-file - runTaskFromQueue task cost before running: 94 ms 
[2026-09-14T14:47:59.047] [INFO] debug-file - Finished :entry:default@GeneratePkgSdkInfo... after 2 ms 
[2026-09-14T14:47:59.048] [DEBUG] debug-file - Executing task :entry:default@ProcessIntegratedHsp
[2026-09-14T14:47:59.048] [DEBUG] debug-file - entry:default@ProcessIntegratedHsp is not up-to-date, since the output file 'D:\HW\testproject\complete\1\build\cache\default\integrated_hsp\integratedHspCache.json' does not exist.
[2026-09-14T14:47:59.048] [DEBUG] debug-file - Incremental task entry:default@ProcessIntegratedHsp pre-execution cost: 1 ms .
[2026-09-14T14:47:59.048] [DEBUG] debug-file - entry : default@ProcessIntegratedHsp cost memory 0.0471954345703125
[2026-09-14T14:47:59.048] [DEBUG] debug-file - runTaskFromQueue task cost before running: 96 ms 
[2026-09-14T14:47:59.048] [INFO] debug-file - Finished :entry:default@ProcessIntegratedHsp... after 1 ms 
[2026-09-14T14:47:59.048] [DEBUG] debug-file - Executing task :entry:default@BuildNativeWithCmake
[2026-09-14T14:47:59.049] [DEBUG] debug-file - entry : default@BuildNativeWithCmake cost memory 0.0136871337890625
[2026-09-14T14:47:59.049] [DEBUG] debug-file - runTaskFromQueue task cost before running: 96 ms 
[2026-09-14T14:47:59.049] [INFO] debug-file - Finished :entry:default@BuildNativeWithCmake... after 1 ms 
[2026-09-14T14:47:59.049] [DEBUG] debug-file - Executing task :entry:default@MakePackInfo
[2026-09-14T14:47:59.050] [DEBUG] debug-file - Incremental task entry:default@MakePackInfo pre-execution cost: 1 ms .
[2026-09-14T14:47:59.050] [DEBUG] debug-file - entry : default@MakePackInfo cost memory 0.09140777587890625
[2026-09-14T14:47:59.051] [INFO] debug-file - UP-TO-DATE :entry:default@MakePackInfo...  
[2026-09-14T14:47:59.051] [DEBUG] debug-file - Executing task :entry:default@SyscapTransform
[2026-09-14T14:47:59.051] [DEBUG] debug-file - File: 'D:\HW\testproject\complete\1\entry\src\main\syscap.json' from 'sysCapJsonPath' is not exists, just ignore.
[2026-09-14T14:47:59.051] [DEBUG] debug-file - Task 'entry:default@SyscapTransform' cost while wrapping incremental declarations: 1 ms 
[2026-09-14T14:47:59.052] [DEBUG] debug-file - entry:default@SyscapTransform is not up-to-date, since the output file 'D:\HW\testproject\complete\1\entry\build\default\intermediates\syscap\default\rpcid.sc' does not exist.
[2026-09-14T14:47:59.052] [DEBUG] debug-file - Incremental task entry:default@SyscapTransform pre-execution cost: 1 ms .
[2026-09-14T14:47:59.052] [DEBUG] debug-file - entry : default@SyscapTransform cost memory 0.10427093505859375
[2026-09-14T14:47:59.052] [DEBUG] debug-file - runTaskFromQueue task cost before running: 100 ms 
[2026-09-14T14:47:59.052] [INFO] debug-file - Finished :entry:default@SyscapTransform... after 1 ms 
[2026-09-14T14:47:59.052] [DEBUG] debug-file - Executing task :entry:default@ProcessProfile
[2026-09-14T14:47:59.053] [DEBUG] debug-file - Task 'entry:default@ProcessProfile' cost while wrapping incremental declarations: 1 ms 
[2026-09-14T14:47:59.053] [DEBUG] debug-file - Incremental task entry:default@ProcessProfile pre-execution cost: 1 ms .
[2026-09-14T14:47:59.053] [DEBUG] debug-file - entry : default@ProcessProfile cost memory 0.11510467529296875
[2026-09-14T14:47:59.054] [INFO] debug-file - UP-TO-DATE :entry:default@ProcessProfile...  
[2026-09-14T14:47:59.054] [DEBUG] debug-file - Executing task :entry:default@ProcessRouterMap
[2026-09-14T14:47:59.055] [DEBUG] debug-file - Incremental task entry:default@ProcessRouterMap pre-execution cost: 1 ms .
[2026-09-14T14:47:59.055] [DEBUG] debug-file - entry : default@ProcessRouterMap cost memory 0.11261749267578125
[2026-09-14T14:47:59.055] [INFO] debug-file - UP-TO-DATE :entry:default@ProcessRouterMap...  
[2026-09-14T14:47:59.055] [DEBUG] debug-file - Executing task :entry:default@ProcessShareConfig
[2026-09-14T14:47:59.056] [DEBUG] debug-file - Incremental task entry:default@ProcessShareConfig pre-execution cost: 1 ms .
[2026-09-14T14:47:59.056] [DEBUG] debug-file - entry : default@ProcessShareConfig cost memory 0.098236083984375
[2026-09-14T14:47:59.056] [INFO] debug-file - UP-TO-DATE :entry:default@ProcessShareConfig...  
[2026-09-14T14:47:59.057] [DEBUG] debug-file - Executing task :entry:default@ProcessStartupConfig
[2026-09-14T14:47:59.057] [DEBUG] debug-file - Task 'entry:default@ProcessStartupConfig' cost while wrapping incremental declarations: 1 ms 
[2026-09-14T14:47:59.057] [DEBUG] debug-file - entry:default@ProcessStartupConfig is not up-to-date, since the output file 'D:\HW\testproject\complete\1\entry\build\default\intermediates\startup\default\startup_config.json' does not exist.
[2026-09-14T14:47:59.057] [DEBUG] debug-file - Incremental task entry:default@ProcessStartupConfig pre-execution cost: 1 ms .
[2026-09-14T14:47:59.058] [DEBUG] debug-file - entry : default@ProcessStartupConfig cost memory 0.107421875
[2026-09-14T14:47:59.058] [DEBUG] debug-file - runTaskFromQueue task cost before running: 106 ms 
[2026-09-14T14:47:59.058] [INFO] debug-file - Finished :entry:default@ProcessStartupConfig... after 2 ms 
[2026-09-14T14:47:59.058] [DEBUG] debug-file - Executing task :entry:default@BuildNativeWithNinja
[2026-09-14T14:47:59.059] [DEBUG] debug-file - entry : default@BuildNativeWithNinja cost memory 0.01824951171875
[2026-09-14T14:47:59.059] [DEBUG] debug-file - runTaskFromQueue task cost before running: 106 ms 
[2026-09-14T14:47:59.059] [INFO] debug-file - Finished :entry:default@BuildNativeWithNinja... after 1 ms 
[2026-09-14T14:47:59.059] [DEBUG] debug-file - restool module names: entry; moduleName=entry, taskName=default@ProcessResource
[2026-09-14T14:47:59.060] [DEBUG] debug-file - Executing task :entry:default@ProcessResource
[2026-09-14T14:47:59.060] [DEBUG] debug-file - Task 'entry:default@ProcessResource' cost while wrapping incremental declarations: 1 ms 
[2026-09-14T14:47:59.060] [DEBUG] debug-file - Incremental task entry:default@ProcessResource pre-execution cost: 1 ms .
[2026-09-14T14:47:59.060] [DEBUG] debug-file - entry : default@ProcessResource cost memory 0.09931182861328125
[2026-09-14T14:47:59.061] [INFO] debug-file - UP-TO-DATE :entry:default@ProcessResource...  
[2026-09-14T14:47:59.061] [DEBUG] debug-file - Executing task :entry:default@GenerateLoaderJson
[2026-09-14T14:47:59.062] [DEBUG] debug-file - Task 'entry:default@GenerateLoaderJson' cost while wrapping incremental declarations: 1 ms 
[2026-09-14T14:47:59.066] [DEBUG] debug-file - Incremental task entry:default@GenerateLoaderJson pre-execution cost: 2 ms .
[2026-09-14T14:47:59.066] [DEBUG] debug-file - entry : default@GenerateLoaderJson cost memory -2.6269760131835938
[2026-09-14T14:47:59.067] [INFO] debug-file - UP-TO-DATE :entry:default@GenerateLoaderJson...  
[2026-09-14T14:47:59.068] [DEBUG] debug-file - Executing task :entry:default@ProcessLibs
[2026-09-14T14:47:59.068] [DEBUG] debug-file - Task 'entry:default@ProcessLibs' cost while wrapping incremental declarations: 1 ms 
[2026-09-14T14:47:59.069] [DEBUG] debug-file - Incremental task entry:default@ProcessLibs pre-execution cost: 1 ms .
[2026-09-14T14:47:59.069] [DEBUG] debug-file - entry : default@ProcessLibs cost memory 0.0821990966796875
[2026-09-14T14:47:59.069] [INFO] debug-file - UP-TO-DATE :entry:default@ProcessLibs...  
[2026-09-14T14:47:59.070] [DEBUG] debug-file - restool module names: entry; moduleName=entry, taskName=default@CompileResource
[2026-09-14T14:47:59.070] [DEBUG] debug-file - Executing task :entry:default@CompileResource
[2026-09-14T14:47:59.074] [DEBUG] debug-file - Incremental task entry:default@CompileResource pre-execution cost: 4 ms .
[2026-09-14T14:47:59.074] [DEBUG] debug-file - entry : default@CompileResource cost memory 0.4580078125
[2026-09-14T14:47:59.074] [INFO] debug-file - UP-TO-DATE :entry:default@CompileResource...  
[2026-09-14T14:47:59.075] [DEBUG] debug-file - Executing task :entry:default@DoNativeStrip
[2026-09-14T14:47:59.075] [DEBUG] debug-file - File: 'D:\HW\testproject\complete\1\entry\build\default\intermediates\binxo\default' from 'doBinxoNativeLibs' is not exists, just ignore.
[2026-09-14T14:47:59.075] [DEBUG] debug-file - Task 'entry:default@DoNativeStrip' cost while wrapping incremental declarations: 1 ms 
[2026-09-14T14:47:59.075] [DEBUG] debug-file - Incremental task entry:default@DoNativeStrip pre-execution cost: 1 ms .
[2026-09-14T14:47:59.075] [DEBUG] debug-file - entry : default@DoNativeStrip cost memory 0.066070556640625
[2026-09-14T14:47:59.075] [INFO] debug-file - UP-TO-DATE :entry:default@DoNativeStrip...  
[2026-09-14T14:47:59.076] [DEBUG] debug-file - Executing task :entry:default@CompileArkTS
[2026-09-14T14:47:59.076] [DEBUG] debug-file - obfuscationOptions: undefined
[2026-09-14T14:47:59.077] [DEBUG] debug-file - Task 'entry:default@CompileArkTS' cost while wrapping incremental declarations: 1 ms 
[2026-09-14T14:47:59.079] [DEBUG] debug-file - entry:default@CompileArkTS is not up-to-date, since the input file 'D:\HW\testproject\complete\1\entry\src\main\ets' has been changed.
[2026-09-14T14:47:59.080] [DEBUG] debug-file - Incremental task entry:default@CompileArkTS pre-execution cost: 3 ms .
[2026-09-14T14:47:59.086] [DEBUG] debug-file - build config:
[2026-09-14T14:47:59.086] [DEBUG] debug-file - {
  moduleType: 'entry',
  perf: 0,
  targetName: '.default',
  packageManagerType: 'ohpm',
  localPropertiesPath: 'D:\\HW\\testproject\\complete\\1\\local.properties',
  isPreview: false,
  isOhosTest: false,
  isLocalTest: false,
  buildMode: 'Debug',
  hotReloadBuild: undefined,
  watchMode: 'false',
  aceProfilePath: 'D:\\HW\\testproject\\complete\\1\\entry\\build\\default\\intermediates\\res\\default\\resources\\base\\profile',
  etsLoaderPath: 'E:\\DevEco Studio\\sdk\\default\\openharmony\\ets\\build-tools\\ets-loader',
  modulePath: 'D:\\HW\\testproject\\complete\\1\\entry',
  testFrameworkPar: {
    testMode: undefined,
    coveragePathFilter: undefined,
    coverageMode: undefined
  },
  needCoverageInsert: false,
  debugLine: false,
  projectTopDir: 'D:\\HW\\testproject\\complete\\1',
  compileSdkVersion: 26,
  compatibleSdkVersion: 26,
  originCompatibleSdkVersion: '26.0.0',
  compatibleSdkVersionStage: undefined,
  bundleName: 'c***1',
  etsLoaderVersion: '26.0.0.105',
  etsLoaderReleaseType: 'Release',
  aotCompileMode: 'type',
  apPath: 'D:\\HW\\testproject\\complete\\1\\entry\\modules.ap',
  entryModuleName: 'entry',
  entryModuleVersion: '1.0.0',
  entryPackageName: 'entry',
  allModuleNameHash: '3445e59c6203fcb6cdc9d5d5e2c93cd05bb0b35d85b3d24d0e9df8507819dfcd',
  externalApiPaths: [ 'E:\\DevEco Studio\\sdk\\default\\hms\\ets' ],
  compilerTypes: [],
  isCrossplatform: false,
  hvigorPluginFile: undefined,
  compilePluginPath: undefined,
  buildGeneratedProfilePath: 'D:\\HW\\testproject\\complete\\1\\entry\\build\\default\\generated\\profile\\default',
  bundleType: 'app',
  arkTSVersion: undefined,
  apiVersion: 26,
  needCompleteSourcesMap: false,
  isFaMode: false,
  buildDir: 'D:\\HW\\testproject\\complete\\1\\entry\\build',
  buildCacheProjectDir: 'D:\\HW\\testproject\\complete\\1',
  deviceTypes: [ 'phone' ],
  pkgContextInfo: {
    '@ohos/hypium': {
      packageName: '@ohos/hypium',
      bundleName: '*****',
      moduleName: '',
      version: '1.0.24',
      entryPath: 'index.js',
      isSO: false,
      dependencyAlias: ''
    },
    '@ohos/hamock': {
      packageName: '@ohos/hamock',
      bundleName: '*****',
      moduleName: '',
      version: '1.0.0',
      entryPath: 'index.ets',
      isSO: false,
      dependencyAlias: ''
    },
    entry: {
      packageName: 'entry',
      bundleName: '*****',
      moduleName: '',
      version: '',
      entryPath: 'src/main/',
      isSO: false,
      dependencyAlias: ''
    }
  },
  ohPackagePathMap: {},
  dependencyAliasMap: {},
  permission: { requestPermissions: undefined, definePermissions: undefined },
  useGetCurrentBundleName: false,
  projectArkOption: undefined,
  sourceMapDir: undefined,
  branchElimination: false,
  transformLib: undefined,
  tsImportSendable: false,
  resolveConflictMode: true,
  depName2RootPath: {},
  depName2DepInfo: {},
  depName2OhExports: {},
  rootPathSet: [ 'D:\\HW\\testproject\\complete\\1' ],
  useNativeResolver: true,
  shouldEmitJs: true,
  useUnifiedAst: false,
  useTscResolve: false,
  singleFileEmit: false,
  userProjectConfig: {
    autoLazyImport: false,
    allowEmptyBundleName: false,
    reExportCheckMode: 'noCheck',
    executionMode: 'memory',
    usePathPlaceholder: false,
    writeRollupCache: true,
    isExpandImportEnabled: false,
    expandImportExclude: '',
    lazyImportExclude: '',
    lazyImportInclude: '',
    ignoreCrossplatformCheck: false,
    isHarDeduplicateEnabled: false,
    skipOhModulesLint: false,
    enableStrictCheckOHModule: false,
    disableSendableCheckRules: [],
    useDeclarationFileSignature: false,
    customizedOptions: undefined,
    integratedHsp: false,
    tsImportSoCheck: false,
    isPreloadSoEnabled: false
  },
  executionMode: 'memory',
  arkCompileCachePath: 'D:\\HW\\testproject\\complete\\1\\entry\\build\\default\\cache\\default\\default@CompileArkTS\\esmodule',
  autoLazyFilter: undefined,
  isHarDeduplicateEnabled: false,
  intermediateHarDuplicateDirPath: 'D:\\HW\\testproject\\complete\\1\\entry\\build\\default\\intermediates\\har_duplicate\\default',
  autoLazyImport: false,
  allowEmptyBundleName: false,
  reExportCheckMode: 'noCheck',
  usePathPlaceholder: false,
  writeRollupCache: true,
  isExpandImportEnabled: false,
  expandImportExclude: '',
  lazyImportExclude: '',
  lazyImportInclude: '',
  ignoreCrossplatformCheck: false,
  skipOhModulesLint: false,
  enableStrictCheckOHModule: false,
  disableSendableCheckRules: [],
  useDeclarationFileSignature: false,
  customizedOptions: undefined,
  integratedHsp: false,
  tsImportSoCheck: false,
  isPreloadSoEnabled: false,
  strictMode: {
    caseSensitiveCheck: true,
    useNormalizedOHMUrl: true,
    noExternalImportByPath: true
  },
  useNormalizedOHMUrl: true,
  caseSensitiveCheck: true,
  strictCheckerOnly: false,
  aceModuleJsonPath: 'D:\\HW\\testproject\\complete\\1\\entry\\build\\default\\intermediates\\res\\default\\ark_module.json',
  appResource: 'D:\\HW\\testproject\\complete\\1\\entry\\build\\default\\intermediates\\res\\default\\ResourceTable.txt',
  rawFileResource: 'D:\\HW\\testproject\\complete\\1\\entry\\build\\default\\intermediates\\res\\default\\resources\\rawfile',
  resourceTableHash: '420cbbd661f36eaf53de18a49a81198f44efe355d45c5d228d965ee0f6d2937d',
  runtimeOS: 'HarmonyOS',
  sdkInfo: 'false:26:26.0.0.105:Release',
  aceModuleRoot: 'D:\\HW\\testproject\\complete\\1\\entry\\src\\main\\ets',
  compileMode: 'esmodule',
  aceSuperVisualPath: 'D:\\HW\\testproject\\complete\\1\\entry\\src\\main\\supervisual',
  aceBuildJson: 'D:\\HW\\testproject\\complete\\1\\entry\\build\\default\\intermediates\\loader\\default\\loader.json',
  cachePath: 'D:\\HW\\testproject\\complete\\1\\entry\\build\\default\\cache\\default\\default@CompileArkTS\\esmodule\\debug',
  aceModuleBuild: 'D:\\HW\\testproject\\complete\\1\\entry\\build\\default\\intermediates\\loader_out\\default\\ets',
  supportChunks: true,
  declaredFilesPath: undefined,
  shouldCollectDirectImportees: false,
  isByteCodeHarOptimize: false,
  expandImportPath: undefined,
  resourceTableTs: 'D:\\HW\\testproject\\complete\\1\\entry\\build\\default\\generated\\r\\default\\ResourceTable.ts',
  moduleMetaInfoFiles: [
    {
      filePath: 'D:\\HW\\testproject\\complete\\1\\entry\\build\\default\\generated\\r\\default\\ResourceTable.ts',
      ohmurl: '&entry/build/generated/r/ResourceTable&'
    }
  ],
  pkgNameToPkgBriefInfo: {
    entry: {
      pkgRoot: 'D:\\HW\\testproject\\complete\\1\\entry',
      originalSourceRoots: undefined,
      sourceRoots: [Array],
      pkgName: 'entry'
    }
  },
  projectModel: {
    'D:\\HW\\testproject\\complete\\1\\entry\\src\\main': {
      moduleName: 'entry',
      modulePkgPath: 'D:\\HW\\testproject\\complete\\1\\entry',
      belongProjectPath: 'D:\\HW\\testproject\\complete\\1'
    },
    'D:\\HW\\testproject\\complete\\1\\entry\\.test\\default\\intermediates\\src\\ohosTest\\ets': {
      moduleName: 'entry_test',
      modulePkgPath: 'D:\\HW\\testproject\\complete\\1\\entry',
      belongProjectPath: 'D:\\HW\\testproject\\complete\\1'
    },
    'D:\\HW\\testproject\\complete\\1\\entry\\src\\ohosTest': {
      moduleName: 'entry_test',
      modulePkgPath: 'D:\\HW\\testproject\\complete\\1\\entry',
      belongProjectPath: 'D:\\HW\\testproject\\complete\\1'
    },
    'D:\\HW\\testproject\\complete\\1\\entry': {
      moduleName: 'entry',
      modulePkgPath: 'D:\\HW\\testproject\\complete\\1\\entry',
      belongProjectPath: 'D:\\HW\\testproject\\complete\\1'
    },
    'D:\\HW\\testproject\\complete\\1': {
      moduleName: '1',
      modulePkgPath: 'D:\\HW\\testproject\\complete\\1',
      belongProjectPath: 'D:\\HW\\testproject\\complete\\1'
    }
  },
  pkgJsonFileHash: '7ab10e622b876a852aaa87f883a5ca46773dc428b9273d7582651c0540669143',
  allModulePaths: [ 'D:\\HW\\testproject\\complete\\1\\entry' ],
  routerMap: {},
  obfuscationOptions: undefined,
  byteCodeHarToDependencyKeys: undefined,
  compileBlockPkg: [],
  mockParams: {
    decorator: '@MockSetup',
    packageName: '@ohos/hamock',
    etsSourceRootPath: 'src/main/ets',
    mockConfigPath: 'D:\\HW\\testproject\\complete\\1\\entry\\src\\mock\\mock-config.json5',
    mockConfigKey2ModuleInfo: {},
    source2ModuleIdMap: {}
  },
  copyCodeResourceEnable: false,
  copyCodeResourceExcludes: [],
  copyCodeResourceIncludes: undefined,
  uiTransformOptimization: false,
  sdkPath: 'E:/DevEco Studio/sdk',
  needPreloadSoFileSet: {},
  preloadSoFilePath: 'D:\\HW\\testproject\\complete\\1\\entry\\build\\default\\intermediates\\preload\\default\\preload.json',
  useSourceHash: false,
  localModuleParamMap: {},
  otherPaths: {
    'entry/*': [
      '..\\*',
      '..\\..\\..\\build\\default\\generated\\profile\\default\\*'
    ]
  },
  collectImportersConfig: undefined
}
[2026-09-14T14:47:59.087] [DEBUG] debug-file - Compile arkts with external api path: E:\DevEco Studio\sdk\default\hms\ets
[2026-09-14T14:47:59.088] [DEBUG] debug-file - before submitting ArkTS compile task to worker pool, config.buildDir: D:\HW\testproject\complete\1\entry\build
[2026-09-14T14:47:59.088] [DEBUG] debug-file - default@CompileArkTS work[48] is submitted.
[2026-09-14T14:47:59.088] [DEBUG] debug-file - default@CompileArkTS work[48] is pushed to ready queue.
[2026-09-14T14:47:59.088] [DEBUG] debug-file - A work dispatched to worker[15] failed because unable to get work from ready queue.
[2026-09-14T14:47:59.088] [DEBUG] debug-file - A work dispatched to worker[14] failed because unable to get work from ready queue.
[2026-09-14T14:47:59.088] [DEBUG] debug-file - A work dispatched to worker[13] failed because unable to get work from ready queue.
[2026-09-14T14:47:59.088] [DEBUG] debug-file - A work dispatched to worker[12] failed because unable to get work from ready queue.
[2026-09-14T14:47:59.088] [DEBUG] debug-file - A work dispatched to worker[11] failed because unable to get work from ready queue.
[2026-09-14T14:47:59.088] [DEBUG] debug-file - A work dispatched to worker[10] failed because unable to get work from ready queue.
[2026-09-14T14:47:59.088] [DEBUG] debug-file - A work dispatched to worker[9] failed because unable to get work from ready queue.
[2026-09-14T14:47:59.088] [DEBUG] debug-file - A work dispatched to worker[8] failed because unable to get work from ready queue.
[2026-09-14T14:47:59.088] [DEBUG] debug-file - A work dispatched to worker[7] failed because unable to get work from ready queue.
[2026-09-14T14:47:59.088] [DEBUG] debug-file - A work dispatched to worker[6] failed because unable to get work from ready queue.
[2026-09-14T14:47:59.088] [DEBUG] debug-file - A work dispatched to worker[5] failed because unable to get work from ready queue.
[2026-09-14T14:47:59.088] [DEBUG] debug-file - default@CompileArkTS work[48] has been dispatched to worker[4].
[2026-09-14T14:47:59.088] [DEBUG] debug-file - default@CompileArkTS work[48] is dispatched.
[2026-09-14T14:47:59.088] [DEBUG] debug-file - entry : default@CompileArkTS cost memory 0.9908905029296875
[2026-09-14T14:47:59.089] [DEBUG] debug-file - Executing task :entry:default@BuildJS
[2026-09-14T14:47:59.089] [DEBUG] debug-file - Task 'entry:default@BuildJS' cost while wrapping incremental declarations: 1 ms 
[2026-09-14T14:47:59.091] [DEBUG] debug-file - entry : default@BuildJS cost memory 0.10886383056640625
[2026-09-14T14:47:59.091] [DEBUG] debug-file - runTaskFromQueue task cost before running: 139 ms 
[2026-09-14T14:47:59.091] [INFO] debug-file - Finished :entry:default@BuildJS... after 3 ms 
[2026-09-14T14:47:59.092] [DEBUG] debug-file - Executing task :entry:default@CacheNativeLibs
[2026-09-14T14:47:59.092] [DEBUG] debug-file - File: 'D:\HW\testproject\complete\1\entry\build\default\intermediates\binxo\default' from 'cacheBinxoNativeLibs' is not exists, just ignore.
[2026-09-14T14:47:59.092] [DEBUG] debug-file - Task 'entry:default@CacheNativeLibs' cost while wrapping incremental declarations: 1 ms 
[2026-09-14T14:47:59.093] [DEBUG] debug-file - Incremental task entry:default@CacheNativeLibs pre-execution cost: 1 ms .
[2026-09-14T14:47:59.093] [DEBUG] debug-file - entry : default@CacheNativeLibs cost memory 0.07721710205078125
[2026-09-14T14:47:59.093] [INFO] debug-file - UP-TO-DATE :entry:default@CacheNativeLibs...  
[2026-09-14T14:47:59.705] [DEBUG] debug-file - Ark compile task finished.finished time is 329511786606400
[2026-09-14T14:47:59.705] [DEBUG] debug-file - worker[4] has one work done.
[2026-09-14T14:47:59.706] [DEBUG] debug-file - default@CompileArkTS work[48] done.
[2026-09-14T14:47:59.707] [INFO] debug-file - Finished :entry:default@CompileArkTS... after 629 ms 
[2026-09-14T14:47:59.708] [DEBUG] debug-file - Executing task :entry:default@GeneratePkgModuleJson
[2026-09-14T14:47:59.708] [DEBUG] debug-file - File: 'D:\HW\testproject\complete\1\entry\build\default\intermediates\preload\default\preload.json' from 'preloadSoJsonPath' is not exists, just ignore.
[2026-09-14T14:47:59.708] [DEBUG] debug-file - Error occurs while handling @Input 'shouldDeduplicateHar': The "data" argument must be of type string or an instance of Buffer, TypedArray, or DataView. Received undefined
[2026-09-14T14:47:59.708] [DEBUG] debug-file - Task 'entry:default@GeneratePkgModuleJson' cost while wrapping incremental declarations: 1 ms 
[2026-09-14T14:47:59.708] [DEBUG] debug-file - Incremental task entry:default@GeneratePkgModuleJson pre-execution cost: 1 ms .
[2026-09-14T14:47:59.708] [DEBUG] debug-file - entry : default@GeneratePkgModuleJson cost memory 0.0789337158203125
[2026-09-14T14:47:59.709] [INFO] debug-file - UP-TO-DATE :entry:default@GeneratePkgModuleJson...  
[2026-09-14T14:47:59.709] [DEBUG] debug-file - Executing task :entry:default@ProcessCompiledResources
[2026-09-14T14:47:59.709] [DEBUG] debug-file - File: 'D:\HW\testproject\complete\1\entry\build\default\intermediates\preload\default\preload.json' from 'preloadSoJsonPath' is not exists, just ignore.
[2026-09-14T14:47:59.709] [DEBUG] debug-file - Task 'entry:default@ProcessCompiledResources' cost while wrapping incremental declarations: 1 ms 
[2026-09-14T14:47:59.710] [DEBUG] debug-file - entry : default@ProcessCompiledResources cost memory 0.0490875244140625
[2026-09-14T14:47:59.710] [DEBUG] debug-file - runTaskFromQueue task cost before running: 757 ms 
[2026-09-14T14:47:59.710] [INFO] debug-file - Finished :entry:default@ProcessCompiledResources... after 1 ms 
[2026-09-14T14:47:59.710] [DEBUG] debug-file - Executing task :entry:default@PackageHap
[2026-09-14T14:47:59.713] [DEBUG] debug-file - entry:default@PackageHap is not up-to-date, since the input file 'D:\HW\testproject\complete\1\entry\build\default\intermediates\loader_out\default\ets' has been changed.
[2026-09-14T14:47:59.713] [DEBUG] debug-file - Incremental task entry:default@PackageHap pre-execution cost: 2 ms .
[2026-09-14T14:47:59.713] [DEBUG] debug-file - Use tool [E:\DevEco Studio\sdk\default\openharmony\toolchains\lib\app_packing_tool.jar]
 [
  'java',
  '-Dfile.encoding=GBK',
  '-jar',
  'E:\\DevEco Studio\\sdk\\default\\openharmony\\toolchains\\lib\\app_packing_tool.jar',
  '--mode',
  'hap',
  '--force',
  'true',
  '--lib-path',
  'D:\\HW\\testproject\\complete\\1\\entry\\build\\default\\intermediates\\stripped_native_libs\\default',
  '--json-path',
  'D:\\HW\\testproject\\complete\\1\\entry\\build\\default\\intermediates\\package\\default\\module.json',
  '--resources-path',
  'D:\\HW\\testproject\\complete\\1\\entry\\build\\default\\intermediates\\res\\default\\resources',
  '--index-path',
  'D:\\HW\\testproject\\complete\\1\\entry\\build\\default\\intermediates\\res\\default\\resources.index',
  '--pack-info-path',
  'D:\\HW\\testproject\\complete\\1\\entry\\build\\default\\outputs\\default\\pack.info',
  '--out-path',
  'D:\\HW\\testproject\\complete\\1\\entry\\build\\default\\outputs\\default\\entry-default-unsigned.hap',
  '--ets-path',
  'D:\\HW\\testproject\\complete\\1\\entry\\build\\default\\intermediates\\loader_out\\default\\ets',
  '--pkg-context-path',
  'D:\\HW\\testproject\\complete\\1\\entry\\build\\default\\intermediates\\loader\\default\\pkgContextInfo.json'
]
[2026-09-14T14:47:59.713] [DEBUG] debug-file - default@PackageHap work[49] is submitted.
[2026-09-14T14:47:59.714] [DEBUG] debug-file - default@PackageHap work[49] is pushed to ready queue.
[2026-09-14T14:47:59.714] [DEBUG] debug-file - A work dispatched to worker[15] failed because unable to get work from ready queue.
[2026-09-14T14:47:59.714] [DEBUG] debug-file - Create  resident worker with id: 14.
[2026-09-14T14:47:59.715] [DEBUG] debug-file - default@PackageHap work[49] has been dispatched to worker[14].
[2026-09-14T14:47:59.715] [DEBUG] debug-file - default@PackageHap work[49] is dispatched.
[2026-09-14T14:47:59.717] [DEBUG] debug-file - entry : default@PackageHap cost memory 0.4239349365234375
[2026-09-14T14:48:00.454] [DEBUG] debug-file - current process  memoryUsage: {
  rss: 504057856,
  heapTotal: 79118336,
  heapUsed: 50327784,
  external: 3958577,
  arrayBuffers: 18671
} os memoryUsage :13.690387725830078
[2026-09-14T14:48:01.063] [DEBUG] debug-file - worker[14] has one work done.
[2026-09-14T14:48:01.063] [DEBUG] debug-file - default@PackageHap work[49] done.
[2026-09-14T14:48:01.064] [DEBUG] debug-file - A work dispatched to worker[14] failed because unable to get work from ready queue.
[2026-09-14T14:48:01.064] [INFO] debug-file - Finished :entry:default@PackageHap... after 621 ms 
[2026-09-14T14:48:01.065] [DEBUG] debug-file - Executing task :entry:default@PackingCheck
[2026-09-14T14:48:01.068] [DEBUG] debug-file - entry : default@PackingCheck cost memory 0.3822784423828125
[2026-09-14T14:48:01.068] [DEBUG] debug-file - runTaskFromQueue task cost before running: 2 s 115 ms 
[2026-09-14T14:48:01.068] [INFO] debug-file - Finished :entry:default@PackingCheck... after 3 ms 
[2026-09-14T14:48:01.069] [DEBUG] debug-file - Executing task :entry:default@SignHap
[2026-09-14T14:48:01.069] [DEBUG] debug-file - entry:default@SignHap is not up-to-date, since the input file 'D:\HW\testproject\complete\1\entry\build\default\outputs\default\entry-default-unsigned.hap' has been changed.
[2026-09-14T14:48:01.069] [DEBUG] debug-file - Incremental task entry:default@SignHap pre-execution cost: 1 ms .
[2026-09-14T14:48:01.128] [DEBUG] debug-file - java daemon socket received message:{"code":0,"message":"verify profile success"}
[2026-09-14T14:48:01.134] [DEBUG] debug-file - java daemon socket close code:1000 reason:close by user
[2026-09-14T14:48:01.268] [DEBUG] debug-file - java daemon socket received message:{"code":0,"message":"sign app success"}
[2026-09-14T14:48:01.269] [DEBUG] debug-file - entry : default@SignHap cost memory 0.45745086669921875
[2026-09-14T14:48:01.269] [DEBUG] debug-file - runTaskFromQueue task cost before running: 2 s 317 ms 
[2026-09-14T14:48:01.270] [INFO] debug-file - Finished :entry:default@SignHap... after 201 ms 
[2026-09-14T14:48:01.271] [DEBUG] debug-file - Executing task :entry:default@CollectDebugSymbol
[2026-09-14T14:48:01.272] [DEBUG] debug-file - entry : default@CollectDebugSymbol cost memory 0.0744781494140625
[2026-09-14T14:48:01.273] [DEBUG] debug-file - runTaskFromQueue task cost before running: 2 s 320 ms 
[2026-09-14T14:48:01.273] [INFO] debug-file - Finished :entry:default@CollectDebugSymbol... after 2 ms 
[2026-09-14T14:48:01.273] [DEBUG] debug-file - Executing task :entry:assembleHap
[2026-09-14T14:48:01.273] [DEBUG] debug-file - entry : assembleHap cost memory 0.0134124755859375
[2026-09-14T14:48:01.273] [DEBUG] debug-file - runTaskFromQueue task cost before running: 2 s 321 ms 
[2026-09-14T14:48:01.273] [INFO] debug-file - Finished :entry:assembleHap... after 1 ms 
[2026-09-14T14:48:01.273] [INFO] debug-file - BUILD SUCCESSFUL in 2 s 321 ms 
[2026-09-14T14:48:01.274] [DEBUG] debug-file - There is no need to refresh cache, since the incremental task entry:default@PreBuild is up-to-date.
[2026-09-14T14:48:01.274] [DEBUG] debug-file - Update task entry:default@CreateModuleInfo output file:D:\HW\testproject\complete\1\entry\build\default\generated\profile\default\ModuleInfo.ts cache.
[2026-09-14T14:48:01.274] [DEBUG] debug-file - Incremental task entry:default@CreateModuleInfo post-execution cost:1 ms .
[2026-09-14T14:48:01.274] [DEBUG] debug-file - There is no need to refresh cache, since the incremental task entry:default@GenerateMetadata is up-to-date.
[2026-09-14T14:48:01.274] [DEBUG] debug-file - There is no need to refresh cache, since the incremental task entry:default@MergeProfile is up-to-date.
[2026-09-14T14:48:01.274] [DEBUG] debug-file - There is no need to refresh cache, since the incremental task entry:default@CreateBuildProfile is up-to-date.
[2026-09-14T14:48:01.274] [DEBUG] debug-file - There is no need to refresh cache, since the incremental task entry:default@GeneratePkgContextInfo is up-to-date.
[2026-09-14T14:48:01.274] [DEBUG] debug-file - Update task entry:default@GeneratePkgSdkInfo output file:D:\HW\testproject\complete\1\entry\build\default\intermediates\loader\default\pkgSdkInfo.json cache.
[2026-09-14T14:48:01.274] [DEBUG] debug-file - Incremental task entry:default@GeneratePkgSdkInfo post-execution cost:1 ms .
[2026-09-14T14:48:01.274] [DEBUG] debug-file - Update task entry:default@ProcessIntegratedHsp output file:D:\HW\testproject\complete\1\build\cache\default\integrated_hsp\integratedHspCache.json cache.
[2026-09-14T14:48:01.274] [DEBUG] debug-file - Incremental task entry:default@ProcessIntegratedHsp post-execution cost:1 ms .
[2026-09-14T14:48:01.274] [DEBUG] debug-file - There is no need to refresh cache, since the incremental task entry:default@MakePackInfo is up-to-date.
[2026-09-14T14:48:01.274] [DEBUG] debug-file - Update task entry:default@SyscapTransform input file:E:\DevEco Studio\sdk\default\openharmony\toolchains\syscap_tool.exe cache by regenerate.
[2026-09-14T14:48:01.274] [DEBUG] debug-file - Update task entry:default@SyscapTransform input file:E:\DevEco Studio\sdk\default\openharmony\ets\api\device-define cache by regenerate.
[2026-09-14T14:48:01.275] [DEBUG] debug-file - Update task entry:default@SyscapTransform output file:D:\HW\testproject\complete\1\entry\build\default\intermediates\syscap\default\rpcid.sc cache.
[2026-09-14T14:48:01.275] [DEBUG] debug-file - Incremental task entry:default@SyscapTransform post-execution cost:1 ms .
[2026-09-14T14:48:01.275] [DEBUG] debug-file - There is no need to refresh cache, since the incremental task entry:default@ProcessProfile is up-to-date.
[2026-09-14T14:48:01.275] [DEBUG] debug-file - There is no need to refresh cache, since the incremental task entry:default@ProcessRouterMap is up-to-date.
[2026-09-14T14:48:01.275] [DEBUG] debug-file - There is no need to refresh cache, since the incremental task entry:default@ProcessShareConfig is up-to-date.
[2026-09-14T14:48:01.275] [DEBUG] debug-file - Update task entry:default@ProcessStartupConfig input file:D:\HW\testproject\complete\1\entry\build\default\intermediates\loader\default\pkgContextInfo.json cache by regenerate.
[2026-09-14T14:48:01.275] [DEBUG] debug-file - Update task entry:default@ProcessStartupConfig output file:D:\HW\testproject\complete\1\entry\build\default\intermediates\startup\default\startup_config.json cache.
[2026-09-14T14:48:01.275] [DEBUG] debug-file - Incremental task entry:default@ProcessStartupConfig post-execution cost:1 ms .
[2026-09-14T14:48:01.275] [DEBUG] debug-file - There is no need to refresh cache, since the incremental task entry:default@ProcessResource is up-to-date.
[2026-09-14T14:48:01.275] [DEBUG] debug-file - There is no need to refresh cache, since the incremental task entry:default@GenerateLoaderJson is up-to-date.
[2026-09-14T14:48:01.275] [DEBUG] debug-file - There is no need to refresh cache, since the incremental task entry:default@ProcessLibs is up-to-date.
[2026-09-14T14:48:01.275] [DEBUG] debug-file - There is no need to refresh cache, since the incremental task entry:default@CompileResource is up-to-date.
[2026-09-14T14:48:01.275] [DEBUG] debug-file - There is no need to refresh cache, since the incremental task entry:default@DoNativeStrip is up-to-date.
[2026-09-14T14:48:01.276] [DEBUG] debug-file - Update task entry:default@CompileArkTS input file:D:\HW\testproject\complete\1\entry\build\default\intermediates\loader\default cache by regenerate.
[2026-09-14T14:48:01.277] [DEBUG] debug-file - Update task entry:default@CompileArkTS input file:D:\HW\testproject\complete\1\entry\build\default\intermediates\res\default\resources\rawfile cache by regenerate.
[2026-09-14T14:48:01.277] [DEBUG] debug-file - Update task entry:default@CompileArkTS input file:D:\HW\testproject\complete\1\entry\build\default\intermediates\res\default\ResourceTable.txt cache by regenerate.
[2026-09-14T14:48:01.277] [DEBUG] debug-file - Update task entry:default@CompileArkTS input file:D:\HW\testproject\complete\1\entry\build\default\intermediates\res\default\ark_module.json cache by regenerate.
[2026-09-14T14:48:01.277] [DEBUG] debug-file - Update task entry:default@CompileArkTS input file:D:\HW\testproject\complete\1\entry\build\default\intermediates\res\default\resources\base\profile cache by regenerate.
[2026-09-14T14:48:01.277] [DEBUG] debug-file - Update task entry:default@CompileArkTS input file:D:\HW\testproject\complete\1\entry\src\main\ets cache from map.
[2026-09-14T14:48:01.277] [DEBUG] debug-file - Update task entry:default@CompileArkTS input file:D:\HW\testproject\complete\1\entry\build\default\intermediates\loader\default\pkgContextInfo.json cache by regenerate.
[2026-09-14T14:48:01.277] [DEBUG] debug-file - Update task entry:default@CompileArkTS input file:D:\HW\testproject\complete\1\entry\build\default\generated\profile\default\BuildProfile.ets cache by regenerate.
[2026-09-14T14:48:01.277] [DEBUG] debug-file - Update task entry:default@CompileArkTS input file:D:\HW\testproject\complete\1\entry\src\mock\mock-config.json5 cache by regenerate.
[2026-09-14T14:48:01.277] [DEBUG] debug-file - Update task entry:default@CompileArkTS output file:D:\HW\testproject\complete\1\entry\build\default\intermediates\loader_out\default\ets cache.
[2026-09-14T14:48:01.277] [DEBUG] debug-file - Incremental task entry:default@CompileArkTS post-execution cost:2 ms .
[2026-09-14T14:48:01.278] [DEBUG] debug-file - Update task entry:default@BuildJS input file:D:\HW\testproject\complete\1\entry\build\default\intermediates\loader\default cache by regenerate.
[2026-09-14T14:48:01.278] [DEBUG] debug-file - Update task entry:default@BuildJS input file:D:\HW\testproject\complete\1\entry\build\default\intermediates\res\default\resources\rawfile cache by regenerate.
[2026-09-14T14:48:01.278] [DEBUG] debug-file - Update task entry:default@BuildJS input file:D:\HW\testproject\complete\1\entry\build\default\intermediates\res\default\ResourceTable.txt cache by regenerate.
[2026-09-14T14:48:01.278] [DEBUG] debug-file - Update task entry:default@BuildJS input file:D:\HW\testproject\complete\1\entry\build\default\intermediates\res\default\ark_module.json cache by regenerate.
[2026-09-14T14:48:01.278] [DEBUG] debug-file - Update task entry:default@BuildJS input file:D:\HW\testproject\complete\1\entry\build\default\intermediates\res\default\resources\base\profile cache by regenerate.
[2026-09-14T14:48:01.279] [DEBUG] debug-file - Update task entry:default@BuildJS input file:D:\HW\testproject\complete\1\entry\build\default\intermediates\loader\default\pkgContextInfo.json cache by regenerate.
[2026-09-14T14:48:01.279] [DEBUG] debug-file - Update task entry:default@BuildJS output file:D:\HW\testproject\complete\1\entry\build\default\intermediates\loader_out\default\js cache.
[2026-09-14T14:48:01.279] [DEBUG] debug-file - Incremental task entry:default@BuildJS post-execution cost:2 ms .
[2026-09-14T14:48:01.279] [DEBUG] debug-file - There is no need to refresh cache, since the incremental task entry:default@CacheNativeLibs is up-to-date.
[2026-09-14T14:48:01.279] [DEBUG] debug-file - There is no need to refresh cache, since the incremental task entry:default@GeneratePkgModuleJson is up-to-date.
[2026-09-14T14:48:01.279] [DEBUG] debug-file - Incremental task entry:default@ProcessCompiledResources post-execution cost:1 ms .
[2026-09-14T14:48:01.279] [DEBUG] debug-file - Update task entry:default@PackageHap input file:D:\HW\testproject\complete\1\entry\build\default\outputs\default\pack.info cache by regenerate.
[2026-09-14T14:48:01.279] [DEBUG] debug-file - Update task entry:default@PackageHap input file:D:\HW\testproject\complete\1\entry\build\default\intermediates\stripped_native_libs\default cache by regenerate.
[2026-09-14T14:48:01.279] [DEBUG] debug-file - Update task entry:default@PackageHap input file:D:\HW\testproject\complete\1\entry\build\default\intermediates\res\default\module.json cache by regenerate.
[2026-09-14T14:48:01.279] [DEBUG] debug-file - Update task entry:default@PackageHap input file:D:\HW\testproject\complete\1\entry\build\default\intermediates\res\default\resources cache by regenerate.
[2026-09-14T14:48:01.280] [DEBUG] debug-file - Update task entry:default@PackageHap input file:D:\HW\testproject\complete\1\entry\build\default\intermediates\res\default\resources.index cache by regenerate.
[2026-09-14T14:48:01.280] [DEBUG] debug-file - Update task entry:default@PackageHap input file:D:\HW\testproject\complete\1\entry\build\default\intermediates\loader_out\default\ets cache from map.
[2026-09-14T14:48:01.280] [DEBUG] debug-file - Update task entry:default@PackageHap input file:D:\HW\testproject\complete\1\entry\build\default\intermediates\loader\default\pkgContextInfo.json cache by regenerate.
[2026-09-14T14:48:01.281] [DEBUG] debug-file - Update task entry:default@PackageHap input file:D:\HW\testproject\complete\1\entry\build\default\intermediates\package\default\module.json cache by regenerate.
[2026-09-14T14:48:01.281] [DEBUG] debug-file - Update task entry:default@PackageHap input file:D:\HW\testproject\complete\1\entry\build\default\intermediates\loader_out\default\ets\sourceMaps.map cache by regenerate.
[2026-09-14T14:48:01.281] [DEBUG] debug-file - Update task entry:default@PackageHap input file:D:\HW\testproject\complete\1\entry\build\default\generated\profile\default\BuildProfile.ets cache by regenerate.
[2026-09-14T14:48:01.281] [DEBUG] debug-file - Update task entry:default@PackageHap output file:D:\HW\testproject\complete\1\entry\build\default\outputs\default\entry-default-unsigned.hap cache.
[2026-09-14T14:48:01.281] [DEBUG] debug-file - Update task entry:default@PackageHap output file:D:\HW\testproject\complete\1\entry\build\default\intermediates\source_map\default\sourceMaps.map cache.
[2026-09-14T14:48:01.281] [DEBUG] debug-file - Update task entry:default@PackageHap output file:D:\HW\testproject\complete\1\entry\build\default\outputs\default\mapping\sourceMaps.map cache.
[2026-09-14T14:48:01.281] [DEBUG] debug-file - Incremental task entry:default@PackageHap post-execution cost:3 ms .
[2026-09-14T14:48:01.281] [DEBUG] debug-file - Update task entry:default@SignHap input file:C:\Users\CuteDuan\.ohos\config\default_1_BhzYZEydDVfZJ61mGi925yNWoqQ3wx2qwnAWE_X8vXg=.cer cache by regenerate.
[2026-09-14T14:48:01.281] [DEBUG] debug-file - Update task entry:default@SignHap input file:C:\Users\CuteDuan\.ohos\config\default_1_BhzYZEydDVfZJ61mGi925yNWoqQ3wx2qwnAWE_X8vXg=.p7b cache by regenerate.
[2026-09-14T14:48:01.282] [DEBUG] debug-file - Update task entry:default@SignHap input file:C:\Users\CuteDuan\.ohos\config\default_1_BhzYZEydDVfZJ61mGi925yNWoqQ3wx2qwnAWE_X8vXg=.p12 cache by regenerate.
[2026-09-14T14:48:01.282] [DEBUG] debug-file - Update task entry:default@SignHap input file:D:\HW\testproject\complete\1\entry\build\default\outputs\default\entry-default-unsigned.hap cache from map.
[2026-09-14T14:48:01.282] [DEBUG] debug-file - Update task entry:default@SignHap output file:D:\HW\testproject\complete\1\entry\build\default\outputs\default\entry-default-signed.hap cache.
[2026-09-14T14:48:01.282] [DEBUG] debug-file - Incremental task entry:default@SignHap post-execution cost:1 ms .
[2026-09-14T14:48:01.282] [DEBUG] debug-file - Update task entry:default@CollectDebugSymbol input file:D:\HW\testproject\complete\1\entry\build\default\intermediates\loader_out\default\ets\sourceMaps.map cache by regenerate.
[2026-09-14T14:48:01.282] [DEBUG] debug-file - Update task entry:default@CollectDebugSymbol input file:D:\HW\testproject\complete\1\entry\build\default\intermediates\libs\default cache by regenerate.
[2026-09-14T14:48:01.282] [DEBUG] debug-file - Update task entry:default@CollectDebugSymbol output file:D:\HW\testproject\complete\1\entry\build\default\outputs\default\symbol cache.
[2026-09-14T14:48:01.282] [DEBUG] debug-file - Incremental task entry:default@CollectDebugSymbol post-execution cost:1 ms .
[2026-09-14T14:48:01.296] [DEBUG] debug-file - Cleanup worker 14.
[2026-09-14T14:48:01.297] [DEBUG] debug-file - hvigor build process will be closed.
[2026-09-14T14:48:01.297] [DEBUG] debug-file - java daemon socket close code:1000 reason:close by user
[2026-09-14T14:48:01.304] [DEBUG] debug-file - session manager: send message to worker process. WorkerThreadId: 0, data: {"type":"hvigor_failed","reason":"Server has disconnected."}
[2026-09-14T14:48:01.305] [DEBUG] debug-file - session manager: send message to worker process. WorkerThreadId: 0, data: {"type":"CloseWatch","reason":"Server has disconnected."}
[2026-09-14T14:48:01.303] [DEBUG] debug-file - worker[14] exits with exit code 1.
[2026-09-14T14:48:01.304] [DEBUG] debug-file - Worker 14 has been cleaned up.
[2026-09-14T14:48:01.304] [DEBUG] debug-file - Current idle worker size: 1.
[2026-09-14T14:48:01.304] [DEBUG] debug-file - Current resident worker size: 1.
[2026-09-14T14:48:01.304] [DEBUG] debug-file - watch worker: worker id should be larger than 0. Nothing will be sent to any worker thread.
[2026-09-14T14:48:01.304] [DEBUG] debug-file - ABORT_WORK sent to workers.
[2026-09-14T14:48:01.305] [DEBUG] debug-file - watch worker: worker id should be larger than 0. Nothing will be sent to any worker thread.
[2026-09-14T14:48:34.013] [DEBUG] debug-file - session manager: set active socket. socketId=R5s7hb_PzSCpJWmZAAA3
[2026-09-14T14:48:34.020] [DEBUG] debug-file - watch worker: worker id should be larger than 0. Nothing will be sent to any worker thread.
[2026-09-14T14:48:34.023] [DEBUG] debug-file - Workers' log level updated to INFO
[2026-09-14T14:48:34.025] [DEBUG] debug-file - Hvigor init with startParameters:{
  hvigorfileTypeCheck: false,
  parallelExecution: true,
  incrementalExecution: true,
  printStackTrace: false,
  daemon: true,
  analyze: 0,
  logLevel: Level { level: 20000, levelStr: 'INFO', colour: 'green' },
  optimizationStrategy: 'memory',
  hotCompile: undefined,
  hotReloadBuild: undefined,
  customizedParam: undefined
}
[2026-09-14T14:48:34.028] [DEBUG] debug-file - Cache service initialization finished in 4 ms 
[2026-09-14T14:48:34.028] [DEBUG] debug-file - hvigorfile, resolving D:\HW\testproject\complete\1\hvigorfile.ts
[2026-09-14T14:48:34.031] [DEBUG] debug-file - hvigorfile, require result:  { default: { plugins: [] } }
[2026-09-14T14:48:34.031] [DEBUG] debug-file - hvigorfile, binding system plugins null
[2026-09-14T14:48:34.031] [DEBUG] debug-file - Starting plugin build process
[2026-09-14T14:48:34.031] [DEBUG] debug-file - App plugin prepare start...
[2026-09-14T14:48:34.031] [DEBUG] debug-file - App plugin prepare end...
[2026-09-14T14:48:34.031] [DEBUG] debug-file - App plugin creating...
[2026-09-14T14:48:34.034] [DEBUG] debug-file - App plugin register hook start...
[2026-09-14T14:48:34.034] [DEBUG] debug-file - App plugin register hook end...
[2026-09-14T14:48:34.034] [DEBUG] debug-file - Plugin build process completed
[2026-09-14T14:48:34.034] [DEBUG] debug-file - Start initialize project's product build option map with build mode debug.
[2026-09-14T14:48:34.034] [DEBUG] debug-file - Picking option from product 'default' with build mode 'debug'.
[2026-09-14T14:48:34.034] [DEBUG] debug-file - Product 'default' build option initialized
[2026-09-14T14:48:34.034] [DEBUG] debug-file - End initialize project's product build option map with build mode 'debug'.
[2026-09-14T14:48:34.034] [DEBUG] debug-file - Obtain build option for product 'default'in this build.
[2026-09-14T14:48:34.036] [DEBUG] debug-file - D:\HW\testproject\complete\1\build\cache\default\remote_hsp\remoteHspCache.json not exists.
[2026-09-14T14:48:34.037] [DEBUG] debug-file - Start recording SDK configuration permission data.
[2026-09-14T14:48:34.057] [DEBUG] debug-file - Sdk init in 22 ms 
[2026-09-14T14:48:34.059] [DEBUG] debug-file - Project task initialization takes 2 ms 
[2026-09-14T14:48:34.059] [DEBUG] debug-file - hvigorfile, begin to bind custom plugins...
[2026-09-14T14:48:34.059] [DEBUG] debug-file - hvigorfile, no custom plugins were found in D:\HW\testproject\complete\1\hvigorfile.ts
[2026-09-14T14:48:34.059] [DEBUG] debug-file - hvigorfile, resolve finished D:\HW\testproject\complete\1\hvigorfile.ts
[2026-09-14T14:48:34.059] [DEBUG] debug-file - hvigorfile, resolving D:\HW\testproject\complete\1\entry\hvigorfile.ts
[2026-09-14T14:48:34.061] [DEBUG] debug-file - hvigorfile, require result:  { default: { plugins: [] } }
[2026-09-14T14:48:34.061] [DEBUG] debug-file - hvigorfile, binding system plugins null
[2026-09-14T14:48:34.061] [DEBUG] debug-file - Starting plugin build process
[2026-09-14T14:48:34.061] [DEBUG] debug-file - Hap plugin creating...
[2026-09-14T14:48:34.062] [DEBUG] debug-file - failed to load cangjie to dynamically generate schemas: Error: Cannot find module '@ohos/cangjie-build-support/index'
Require stack:
- E:\DevEco Studio\tools\hvigor\hvigor-ohos-plugin\src\plugin\hooks\cangjie-register.js
- E:\DevEco Studio\tools\hvigor\hvigor-ohos-plugin\src\plugin\strategy\stage-init-strategy.js
- E:\DevEco Studio\tools\hvigor\hvigor-ohos-plugin\src\plugin\builder\abstract-plugin-builder.js
- E:\DevEco Studio\tools\hvigor\hvigor-ohos-plugin\src\plugin\builder\app-plugin-builder.js
- E:\DevEco Studio\tools\hvigor\hvigor-ohos-plugin\src\plugin\factory\plugin-factory.js
- E:\DevEco Studio\tools\hvigor\hvigor-ohos-plugin\index.js
- D:\HW\testproject\complete\1\hvigorfile.ts
- E:\DevEco Studio\tools\hvigor\hvigor\src\base\internal\lifecycle\configuration.js
- E:\DevEco Studio\tools\hvigor\hvigor\src\base\boot\index.js
- E:\DevEco Studio\tools\hvigor\hvigor\src\base\daemon\cluster\worker-process-lifecycle.js
- E:\DevEco Studio\tools\hvigor\hvigor\src\base\daemon\process\daemon-process-boot-script.js
[2026-09-14T14:48:34.063] [DEBUG] debug-file - Start initialize module-target build option map, moduleName=entry, buildMode=debug
[2026-09-14T14:48:34.063] [DEBUG] debug-file - Target 'default' config initialized
[2026-09-14T14:48:34.063] [DEBUG] debug-file - Target 'ohosTest' config initialized
[2026-09-14T14:48:34.063] [DEBUG] debug-file - Module 'entry' target 'default' build option initialized
[2026-09-14T14:48:34.063] [DEBUG] debug-file - Module 'entry' target 'ohosTest' build option initialized
[2026-09-14T14:48:34.063] [DEBUG] debug-file - End initialize module-target build option map, moduleName=entry
[2026-09-14T14:48:34.063] [DEBUG] debug-file - Start initialize module-target build option map, moduleName=entry, buildMode=release
[2026-09-14T14:48:34.063] [DEBUG] debug-file - Target 'default' config initialized
[2026-09-14T14:48:34.063] [DEBUG] debug-file - Target 'ohosTest' config initialized
[2026-09-14T14:48:34.063] [DEBUG] debug-file - Module 'entry' target 'default' build option initialized
[2026-09-14T14:48:34.063] [DEBUG] debug-file - Module 'entry' target 'ohosTest' build option initialized
[2026-09-14T14:48:34.063] [DEBUG] debug-file - End initialize module-target build option map, moduleName=entry
[2026-09-14T14:48:34.063] [DEBUG] debug-file - Start initialize module-target build option map, moduleName=entry, buildMode=debug
[2026-09-14T14:48:34.063] [DEBUG] debug-file - Target 'default' config initialized
[2026-09-14T14:48:34.063] [DEBUG] debug-file - Target 'ohosTest' config initialized
[2026-09-14T14:48:34.063] [DEBUG] debug-file - Module 'entry' target 'default' build option initialized
[2026-09-14T14:48:34.063] [DEBUG] debug-file - Module 'entry' target 'ohosTest' build option initialized
[2026-09-14T14:48:34.063] [DEBUG] debug-file - End initialize module-target build option map, moduleName=entry
[2026-09-14T14:48:34.063] [DEBUG] debug-file - Obtain build option for module 'entry' target 'default'in this build.
[2026-09-14T14:48:34.064] [DEBUG] debug-file - Module entry task initialization takes 1 ms 
[2026-09-14T14:48:34.064] [DEBUG] debug-file - Hap plugin register hook start...
[2026-09-14T14:48:34.065] [DEBUG] debug-file - Hap plugin register hook end...
[2026-09-14T14:48:34.065] [DEBUG] debug-file - Plugin build process completed
[2026-09-14T14:48:34.065] [DEBUG] debug-file - hvigorfile, begin to bind custom plugins...
[2026-09-14T14:48:34.065] [DEBUG] debug-file - hvigorfile, no custom plugins were found in D:\HW\testproject\complete\1\entry\hvigorfile.ts
[2026-09-14T14:48:34.065] [DEBUG] debug-file - hvigorfile, resolve finished D:\HW\testproject\complete\1\entry\hvigorfile.ts
[2026-09-14T14:48:34.084] [DEBUG] debug-file - hvigorfile, resolve hvigorfile dependencies in 20 ms 
[2026-09-14T14:48:34.084] [DEBUG] debug-file - project has submodules:entry
[2026-09-14T14:48:34.085] [DEBUG] debug-file - start to load updatedOhPackageInfo to the disk
[2026-09-14T14:48:34.086] [DEBUG] debug-file - load to the disk finished
[2026-09-14T14:48:34.086] [DEBUG] debug-file - Start to initialize dependency information.
[2026-09-14T14:48:34.089] [DEBUG] debug-file - Module 1 Collected Dependency: 
[2026-09-14T14:48:34.089] [DEBUG] debug-file - Module 1's total dependency: 0
[2026-09-14T14:48:34.089] [DEBUG] debug-file - Start to initialize dependency information.
[2026-09-14T14:48:34.090] [DEBUG] debug-file - Module entry Collected Dependency: 
[2026-09-14T14:48:34.090] [DEBUG] debug-file - Module entry's total dependency: 0
[2026-09-14T14:48:34.091] [DEBUG] debug-file - Configuration phase cost:63 ms 
[2026-09-14T14:48:34.091] [DEBUG] debug-file - Configuration task cost before running: 68 ms 
[2026-09-14T14:48:34.092] [DEBUG] debug-file - Executing task :entry:default@PreBuild
[2026-09-14T14:48:34.094] [DEBUG] debug-file - Task 'entry:default@PreBuild' cost while wrapping incremental declarations: 1 ms 
[2026-09-14T14:48:34.097] [DEBUG] debug-file - Incremental task entry:default@PreBuild pre-execution cost: 2 ms .
[2026-09-14T14:48:34.097] [DEBUG] debug-file - entry : default@PreBuild cost memory 0.5103225708007812
[2026-09-14T14:48:34.098] [INFO] debug-file - UP-TO-DATE :entry:default@PreBuild...  
[2026-09-14T14:48:34.098] [DEBUG] debug-file - Executing task :entry:default@CreateModuleInfo
[2026-09-14T14:48:34.098] [DEBUG] debug-file - Task 'entry:default@CreateModuleInfo' cost while wrapping incremental declarations: 1 ms 
[2026-09-14T14:48:34.099] [DEBUG] debug-file - entry : default@CreateModuleInfo cost memory 0.036895751953125
[2026-09-14T14:48:34.099] [DEBUG] debug-file - runTaskFromQueue task cost before running: 76 ms 
[2026-09-14T14:48:34.099] [INFO] debug-file - Finished :entry:default@CreateModuleInfo... after 1 ms 
[2026-09-14T14:48:34.100] [DEBUG] debug-file - Executing task :entry:default@GenerateMetadata
[2026-09-14T14:48:34.100] [DEBUG] debug-file - Task 'entry:default@GenerateMetadata' cost while wrapping incremental declarations: 1 ms 
[2026-09-14T14:48:34.101] [DEBUG] debug-file - Incremental task entry:default@GenerateMetadata pre-execution cost: 1 ms .
[2026-09-14T14:48:34.101] [DEBUG] debug-file - entry : default@GenerateMetadata cost memory 0.0680999755859375
[2026-09-14T14:48:34.101] [INFO] debug-file - UP-TO-DATE :entry:default@GenerateMetadata...  
[2026-09-14T14:48:34.101] [DEBUG] debug-file - Executing task :entry:default@ConfigureCmake
[2026-09-14T14:48:34.102] [DEBUG] debug-file - entry : default@ConfigureCmake cost memory 0.0136871337890625
[2026-09-14T14:48:34.102] [DEBUG] debug-file - runTaskFromQueue task cost before running: 79 ms 
[2026-09-14T14:48:34.102] [INFO] debug-file - Finished :entry:default@ConfigureCmake... after 1 ms 
[2026-09-14T14:48:34.102] [DEBUG] debug-file - Executing task :entry:default@MergeProfile
[2026-09-14T14:48:34.103] [DEBUG] debug-file - Task 'entry:default@MergeProfile' cost while wrapping incremental declarations: 1 ms 
[2026-09-14T14:48:34.103] [DEBUG] debug-file - Incremental task entry:default@MergeProfile pre-execution cost: 1 ms .
[2026-09-14T14:48:34.103] [DEBUG] debug-file - entry : default@MergeProfile cost memory 0.0955047607421875
[2026-09-14T14:48:34.104] [INFO] debug-file - UP-TO-DATE :entry:default@MergeProfile...  
[2026-09-14T14:48:34.105] [DEBUG] debug-file - Executing task :entry:default@CreateBuildProfile
[2026-09-14T14:48:34.105] [DEBUG] debug-file - Task 'entry:default@CreateBuildProfile' cost while wrapping incremental declarations: 1 ms 
[2026-09-14T14:48:34.106] [DEBUG] debug-file - Incremental task entry:default@CreateBuildProfile pre-execution cost: 1 ms .
[2026-09-14T14:48:34.106] [DEBUG] debug-file - entry : default@CreateBuildProfile cost memory 0.0805816650390625
[2026-09-14T14:48:34.106] [INFO] debug-file - UP-TO-DATE :entry:default@CreateBuildProfile...  
[2026-09-14T14:48:34.107] [DEBUG] debug-file - Executing task :entry:default@PreCheckSyscap
[2026-09-14T14:48:34.107] [DEBUG] debug-file - entry : default@PreCheckSyscap cost memory 0.01395416259765625
[2026-09-14T14:48:34.107] [DEBUG] debug-file - runTaskFromQueue task cost before running: 84 ms 
[2026-09-14T14:48:34.107] [INFO] debug-file - Finished :entry:default@PreCheckSyscap... after 1 ms 
[2026-09-14T14:48:34.108] [DEBUG] debug-file - Executing task :entry:default@GeneratePkgContextInfo
[2026-09-14T14:48:34.109] [DEBUG] debug-file - Task 'entry:default@GeneratePkgContextInfo' cost while wrapping incremental declarations: 1 ms 
[2026-09-14T14:48:34.109] [DEBUG] debug-file - Incremental task entry:default@GeneratePkgContextInfo pre-execution cost: 1 ms .
[2026-09-14T14:48:34.109] [DEBUG] debug-file - entry : default@GeneratePkgContextInfo cost memory 0.183441162109375
[2026-09-14T14:48:34.110] [INFO] debug-file - UP-TO-DATE :entry:default@GeneratePkgContextInfo...  
[2026-09-14T14:48:34.110] [DEBUG] debug-file - Executing task :entry:default@GeneratePkgSdkInfo
[2026-09-14T14:48:34.111] [DEBUG] debug-file - Task 'entry:default@GeneratePkgSdkInfo' cost while wrapping incremental declarations: 1 ms 
[2026-09-14T14:48:34.111] [DEBUG] debug-file - entry : default@GeneratePkgSdkInfo cost memory 0.10387420654296875
[2026-09-14T14:48:34.111] [DEBUG] debug-file - runTaskFromQueue task cost before running: 88 ms 
[2026-09-14T14:48:34.111] [INFO] debug-file - Finished :entry:default@GeneratePkgSdkInfo... after 2 ms 
[2026-09-14T14:48:34.113] [DEBUG] debug-file - Executing task :entry:default@ProcessIntegratedHsp
[2026-09-14T14:48:34.113] [DEBUG] debug-file - entry:default@ProcessIntegratedHsp is not up-to-date, since the output file 'D:\HW\testproject\complete\1\build\cache\default\integrated_hsp\integratedHspCache.json' does not exist.
[2026-09-14T14:48:34.113] [DEBUG] debug-file - Incremental task entry:default@ProcessIntegratedHsp pre-execution cost: 1 ms .
[2026-09-14T14:48:34.113] [DEBUG] debug-file - entry : default@ProcessIntegratedHsp cost memory 0.047515869140625
[2026-09-14T14:48:34.113] [DEBUG] debug-file - runTaskFromQueue task cost before running: 90 ms 
[2026-09-14T14:48:34.113] [INFO] debug-file - Finished :entry:default@ProcessIntegratedHsp... after 1 ms 
[2026-09-14T14:48:34.114] [DEBUG] debug-file - Executing task :entry:default@BuildNativeWithCmake
[2026-09-14T14:48:34.114] [DEBUG] debug-file - entry : default@BuildNativeWithCmake cost memory 0.0137481689453125
[2026-09-14T14:48:34.114] [DEBUG] debug-file - runTaskFromQueue task cost before running: 91 ms 
[2026-09-14T14:48:34.114] [INFO] debug-file - Finished :entry:default@BuildNativeWithCmake... after 1 ms 
[2026-09-14T14:48:34.114] [DEBUG] debug-file - Executing task :entry:default@MakePackInfo
[2026-09-14T14:48:34.116] [DEBUG] debug-file - Incremental task entry:default@MakePackInfo pre-execution cost: 1 ms .
[2026-09-14T14:48:34.116] [DEBUG] debug-file - entry : default@MakePackInfo cost memory 0.09143829345703125
[2026-09-14T14:48:34.117] [INFO] debug-file - UP-TO-DATE :entry:default@MakePackInfo...  
[2026-09-14T14:48:34.117] [DEBUG] debug-file - Executing task :entry:default@SyscapTransform
[2026-09-14T14:48:34.117] [DEBUG] debug-file - File: 'D:\HW\testproject\complete\1\entry\src\main\syscap.json' from 'sysCapJsonPath' is not exists, just ignore.
[2026-09-14T14:48:34.118] [DEBUG] debug-file - Task 'entry:default@SyscapTransform' cost while wrapping incremental declarations: 1 ms 
[2026-09-14T14:48:34.118] [DEBUG] debug-file - entry:default@SyscapTransform is not up-to-date, since the output file 'D:\HW\testproject\complete\1\entry\build\default\intermediates\syscap\default\rpcid.sc' does not exist.
[2026-09-14T14:48:34.118] [DEBUG] debug-file - Incremental task entry:default@SyscapTransform pre-execution cost: 1 ms .
[2026-09-14T14:48:34.118] [DEBUG] debug-file - entry : default@SyscapTransform cost memory 0.104156494140625
[2026-09-14T14:48:34.118] [DEBUG] debug-file - runTaskFromQueue task cost before running: 95 ms 
[2026-09-14T14:48:34.118] [INFO] debug-file - Finished :entry:default@SyscapTransform... after 2 ms 
[2026-09-14T14:48:34.119] [DEBUG] debug-file - Executing task :entry:default@ProcessProfile
[2026-09-14T14:48:34.123] [DEBUG] debug-file - Task 'entry:default@ProcessProfile' cost while wrapping incremental declarations: 1 ms 
[2026-09-14T14:48:34.123] [DEBUG] debug-file - Incremental task entry:default@ProcessProfile pre-execution cost: 1 ms .
[2026-09-14T14:48:34.123] [DEBUG] debug-file - entry : default@ProcessProfile cost memory -4.565185546875
[2026-09-14T14:48:34.123] [INFO] debug-file - UP-TO-DATE :entry:default@ProcessProfile...  
[2026-09-14T14:48:34.124] [DEBUG] debug-file - Executing task :entry:default@ProcessRouterMap
[2026-09-14T14:48:34.124] [DEBUG] debug-file - Incremental task entry:default@ProcessRouterMap pre-execution cost: 1 ms .
[2026-09-14T14:48:34.124] [DEBUG] debug-file - entry : default@ProcessRouterMap cost memory 0.11261749267578125
[2026-09-14T14:48:34.125] [INFO] debug-file - UP-TO-DATE :entry:default@ProcessRouterMap...  
[2026-09-14T14:48:34.125] [DEBUG] debug-file - Executing task :entry:default@ProcessShareConfig
[2026-09-14T14:48:34.125] [DEBUG] debug-file - Incremental task entry:default@ProcessShareConfig pre-execution cost: 1 ms .
[2026-09-14T14:48:34.126] [DEBUG] debug-file - entry : default@ProcessShareConfig cost memory 0.09832763671875
[2026-09-14T14:48:34.126] [INFO] debug-file - UP-TO-DATE :entry:default@ProcessShareConfig...  
[2026-09-14T14:48:34.126] [DEBUG] debug-file - Executing task :entry:default@ProcessStartupConfig
[2026-09-14T14:48:34.126] [DEBUG] debug-file - Task 'entry:default@ProcessStartupConfig' cost while wrapping incremental declarations: 1 ms 
[2026-09-14T14:48:34.126] [DEBUG] debug-file - entry:default@ProcessStartupConfig is not up-to-date, since the output file 'D:\HW\testproject\complete\1\entry\build\default\intermediates\startup\default\startup_config.json' does not exist.
[2026-09-14T14:48:34.127] [DEBUG] debug-file - Incremental task entry:default@ProcessStartupConfig pre-execution cost: 1 ms .
[2026-09-14T14:48:34.127] [DEBUG] debug-file - entry : default@ProcessStartupConfig cost memory 0.110107421875
[2026-09-14T14:48:34.127] [DEBUG] debug-file - runTaskFromQueue task cost before running: 104 ms 
[2026-09-14T14:48:34.127] [INFO] debug-file - Finished :entry:default@ProcessStartupConfig... after 1 ms 
[2026-09-14T14:48:34.127] [DEBUG] debug-file - Executing task :entry:default@BuildNativeWithNinja
[2026-09-14T14:48:34.128] [DEBUG] debug-file - entry : default@BuildNativeWithNinja cost memory 0.018341064453125
[2026-09-14T14:48:34.128] [DEBUG] debug-file - runTaskFromQueue task cost before running: 105 ms 
[2026-09-14T14:48:34.128] [INFO] debug-file - Finished :entry:default@BuildNativeWithNinja... after 1 ms 
[2026-09-14T14:48:34.128] [DEBUG] debug-file - restool module names: entry; moduleName=entry, taskName=default@ProcessResource
[2026-09-14T14:48:34.129] [DEBUG] debug-file - Executing task :entry:default@ProcessResource
[2026-09-14T14:48:34.129] [DEBUG] debug-file - Task 'entry:default@ProcessResource' cost while wrapping incremental declarations: 1 ms 
[2026-09-14T14:48:34.129] [DEBUG] debug-file - Incremental task entry:default@ProcessResource pre-execution cost: 1 ms .
[2026-09-14T14:48:34.129] [DEBUG] debug-file - entry : default@ProcessResource cost memory 0.09958648681640625
[2026-09-14T14:48:34.130] [INFO] debug-file - UP-TO-DATE :entry:default@ProcessResource...  
[2026-09-14T14:48:34.130] [DEBUG] debug-file - Executing task :entry:default@GenerateLoaderJson
[2026-09-14T14:48:34.131] [DEBUG] debug-file - Task 'entry:default@GenerateLoaderJson' cost while wrapping incremental declarations: 1 ms 
[2026-09-14T14:48:34.134] [DEBUG] debug-file - Incremental task entry:default@GenerateLoaderJson pre-execution cost: 2 ms .
[2026-09-14T14:48:34.134] [DEBUG] debug-file - entry : default@GenerateLoaderJson cost memory 0.3907012939453125
[2026-09-14T14:48:34.136] [INFO] debug-file - UP-TO-DATE :entry:default@GenerateLoaderJson...  
[2026-09-14T14:48:34.136] [DEBUG] debug-file - Executing task :entry:default@ProcessLibs
[2026-09-14T14:48:34.136] [DEBUG] debug-file - Task 'entry:default@ProcessLibs' cost while wrapping incremental declarations: 1 ms 
[2026-09-14T14:48:34.137] [DEBUG] debug-file - Incremental task entry:default@ProcessLibs pre-execution cost: 1 ms .
[2026-09-14T14:48:34.137] [DEBUG] debug-file - entry : default@ProcessLibs cost memory 0.08234405517578125
[2026-09-14T14:48:34.137] [INFO] debug-file - UP-TO-DATE :entry:default@ProcessLibs...  
[2026-09-14T14:48:34.138] [DEBUG] debug-file - restool module names: entry; moduleName=entry, taskName=default@CompileResource
[2026-09-14T14:48:34.138] [DEBUG] debug-file - Executing task :entry:default@CompileResource
[2026-09-14T14:48:34.142] [DEBUG] debug-file - Incremental task entry:default@CompileResource pre-execution cost: 4 ms .
[2026-09-14T14:48:34.142] [DEBUG] debug-file - entry : default@CompileResource cost memory 0.4582366943359375
[2026-09-14T14:48:34.143] [INFO] debug-file - UP-TO-DATE :entry:default@CompileResource...  
[2026-09-14T14:48:34.144] [DEBUG] debug-file - Executing task :entry:default@DoNativeStrip
[2026-09-14T14:48:34.144] [DEBUG] debug-file - File: 'D:\HW\testproject\complete\1\entry\build\default\intermediates\binxo\default' from 'doBinxoNativeLibs' is not exists, just ignore.
[2026-09-14T14:48:34.144] [DEBUG] debug-file - Task 'entry:default@DoNativeStrip' cost while wrapping incremental declarations: 1 ms 
[2026-09-14T14:48:34.144] [DEBUG] debug-file - Incremental task entry:default@DoNativeStrip pre-execution cost: 1 ms .
[2026-09-14T14:48:34.144] [DEBUG] debug-file - entry : default@DoNativeStrip cost memory 0.06620025634765625
[2026-09-14T14:48:34.144] [INFO] debug-file - UP-TO-DATE :entry:default@DoNativeStrip...  
[2026-09-14T14:48:34.146] [DEBUG] debug-file - Executing task :entry:default@CompileArkTS
[2026-09-14T14:48:34.146] [DEBUG] debug-file - obfuscationOptions: undefined
[2026-09-14T14:48:34.146] [DEBUG] debug-file - Task 'entry:default@CompileArkTS' cost while wrapping incremental declarations: 1 ms 
[2026-09-14T14:48:34.150] [DEBUG] debug-file - entry:default@CompileArkTS is not up-to-date, since the input file 'D:\HW\testproject\complete\1\entry\src\main\ets' has been changed.
[2026-09-14T14:48:34.151] [DEBUG] debug-file - Incremental task entry:default@CompileArkTS pre-execution cost: 4 ms .
[2026-09-14T14:48:34.157] [DEBUG] debug-file - build config:
[2026-09-14T14:48:34.157] [DEBUG] debug-file - {
  moduleType: 'entry',
  perf: 0,
  targetName: '.default',
  packageManagerType: 'ohpm',
  localPropertiesPath: 'D:\\HW\\testproject\\complete\\1\\local.properties',
  isPreview: false,
  isOhosTest: false,
  isLocalTest: false,
  buildMode: 'Debug',
  hotReloadBuild: undefined,
  watchMode: 'false',
  aceProfilePath: 'D:\\HW\\testproject\\complete\\1\\entry\\build\\default\\intermediates\\res\\default\\resources\\base\\profile',
  etsLoaderPath: 'E:\\DevEco Studio\\sdk\\default\\openharmony\\ets\\build-tools\\ets-loader',
  modulePath: 'D:\\HW\\testproject\\complete\\1\\entry',
  testFrameworkPar: {
    testMode: undefined,
    coveragePathFilter: undefined,
    coverageMode: undefined
  },
  needCoverageInsert: false,
  debugLine: false,
  projectTopDir: 'D:\\HW\\testproject\\complete\\1',
  compileSdkVersion: 26,
  compatibleSdkVersion: 26,
  originCompatibleSdkVersion: '26.0.0',
  compatibleSdkVersionStage: undefined,
  bundleName: 'c***1',
  etsLoaderVersion: '26.0.0.105',
  etsLoaderReleaseType: 'Release',
  aotCompileMode: 'type',
  apPath: 'D:\\HW\\testproject\\complete\\1\\entry\\modules.ap',
  entryModuleName: 'entry',
  entryModuleVersion: '1.0.0',
  entryPackageName: 'entry',
  allModuleNameHash: '3445e59c6203fcb6cdc9d5d5e2c93cd05bb0b35d85b3d24d0e9df8507819dfcd',
  externalApiPaths: [ 'E:\\DevEco Studio\\sdk\\default\\hms\\ets' ],
  compilerTypes: [],
  isCrossplatform: false,
  hvigorPluginFile: undefined,
  compilePluginPath: undefined,
  buildGeneratedProfilePath: 'D:\\HW\\testproject\\complete\\1\\entry\\build\\default\\generated\\profile\\default',
  bundleType: 'app',
  arkTSVersion: undefined,
  apiVersion: 26,
  needCompleteSourcesMap: false,
  isFaMode: false,
  buildDir: 'D:\\HW\\testproject\\complete\\1\\entry\\build',
  buildCacheProjectDir: 'D:\\HW\\testproject\\complete\\1',
  deviceTypes: [ 'phone' ],
  pkgContextInfo: {
    '@ohos/hypium': {
      packageName: '@ohos/hypium',
      bundleName: '*****',
      moduleName: '',
      version: '1.0.24',
      entryPath: 'index.js',
      isSO: false,
      dependencyAlias: ''
    },
    '@ohos/hamock': {
      packageName: '@ohos/hamock',
      bundleName: '*****',
      moduleName: '',
      version: '1.0.0',
      entryPath: 'index.ets',
      isSO: false,
      dependencyAlias: ''
    },
    entry: {
      packageName: 'entry',
      bundleName: '*****',
      moduleName: '',
      version: '',
      entryPath: 'src/main/',
      isSO: false,
      dependencyAlias: ''
    }
  },
  ohPackagePathMap: {},
  dependencyAliasMap: {},
  permission: { requestPermissions: undefined, definePermissions: undefined },
  useGetCurrentBundleName: false,
  projectArkOption: undefined,
  sourceMapDir: undefined,
  branchElimination: false,
  transformLib: undefined,
  tsImportSendable: false,
  resolveConflictMode: true,
  depName2RootPath: {},
  depName2DepInfo: {},
  depName2OhExports: {},
  rootPathSet: [ 'D:\\HW\\testproject\\complete\\1' ],
  useNativeResolver: true,
  shouldEmitJs: true,
  useUnifiedAst: false,
  useTscResolve: false,
  singleFileEmit: false,
  userProjectConfig: {
    autoLazyImport: false,
    allowEmptyBundleName: false,
    reExportCheckMode: 'noCheck',
    executionMode: 'memory',
    usePathPlaceholder: false,
    writeRollupCache: true,
    isExpandImportEnabled: false,
    expandImportExclude: '',
    lazyImportExclude: '',
    lazyImportInclude: '',
    ignoreCrossplatformCheck: false,
    isHarDeduplicateEnabled: false,
    skipOhModulesLint: false,
    enableStrictCheckOHModule: false,
    disableSendableCheckRules: [],
    useDeclarationFileSignature: false,
    customizedOptions: undefined,
    integratedHsp: false,
    tsImportSoCheck: false,
    isPreloadSoEnabled: false
  },
  executionMode: 'memory',
  arkCompileCachePath: 'D:\\HW\\testproject\\complete\\1\\entry\\build\\default\\cache\\default\\default@CompileArkTS\\esmodule',
  autoLazyFilter: undefined,
  isHarDeduplicateEnabled: false,
  intermediateHarDuplicateDirPath: 'D:\\HW\\testproject\\complete\\1\\entry\\build\\default\\intermediates\\har_duplicate\\default',
  autoLazyImport: false,
  allowEmptyBundleName: false,
  reExportCheckMode: 'noCheck',
  usePathPlaceholder: false,
  writeRollupCache: true,
  isExpandImportEnabled: false,
  expandImportExclude: '',
  lazyImportExclude: '',
  lazyImportInclude: '',
  ignoreCrossplatformCheck: false,
  skipOhModulesLint: false,
  enableStrictCheckOHModule: false,
  disableSendableCheckRules: [],
  useDeclarationFileSignature: false,
  customizedOptions: undefined,
  integratedHsp: false,
  tsImportSoCheck: false,
  isPreloadSoEnabled: false,
  strictMode: {
    caseSensitiveCheck: true,
    useNormalizedOHMUrl: true,
    noExternalImportByPath: true
  },
  useNormalizedOHMUrl: true,
  caseSensitiveCheck: true,
  strictCheckerOnly: false,
  aceModuleJsonPath: 'D:\\HW\\testproject\\complete\\1\\entry\\build\\default\\intermediates\\res\\default\\ark_module.json',
  appResource: 'D:\\HW\\testproject\\complete\\1\\entry\\build\\default\\intermediates\\res\\default\\ResourceTable.txt',
  rawFileResource: 'D:\\HW\\testproject\\complete\\1\\entry\\build\\default\\intermediates\\res\\default\\resources\\rawfile',
  resourceTableHash: '420cbbd661f36eaf53de18a49a81198f44efe355d45c5d228d965ee0f6d2937d',
  runtimeOS: 'HarmonyOS',
  sdkInfo: 'false:26:26.0.0.105:Release',
  aceModuleRoot: 'D:\\HW\\testproject\\complete\\1\\entry\\src\\main\\ets',
  compileMode: 'esmodule',
  aceSuperVisualPath: 'D:\\HW\\testproject\\complete\\1\\entry\\src\\main\\supervisual',
  aceBuildJson: 'D:\\HW\\testproject\\complete\\1\\entry\\build\\default\\intermediates\\loader\\default\\loader.json',
  cachePath: 'D:\\HW\\testproject\\complete\\1\\entry\\build\\default\\cache\\default\\default@CompileArkTS\\esmodule\\debug',
  aceModuleBuild: 'D:\\HW\\testproject\\complete\\1\\entry\\build\\default\\intermediates\\loader_out\\default\\ets',
  supportChunks: true,
  declaredFilesPath: undefined,
  shouldCollectDirectImportees: false,
  isByteCodeHarOptimize: false,
  expandImportPath: undefined,
  resourceTableTs: 'D:\\HW\\testproject\\complete\\1\\entry\\build\\default\\generated\\r\\default\\ResourceTable.ts',
  moduleMetaInfoFiles: [
    {
      filePath: 'D:\\HW\\testproject\\complete\\1\\entry\\build\\default\\generated\\r\\default\\ResourceTable.ts',
      ohmurl: '&entry/build/generated/r/ResourceTable&'
    }
  ],
  pkgNameToPkgBriefInfo: {
    entry: {
      pkgRoot: 'D:\\HW\\testproject\\complete\\1\\entry',
      originalSourceRoots: undefined,
      sourceRoots: [Array],
      pkgName: 'entry'
    }
  },
  projectModel: {
    'D:\\HW\\testproject\\complete\\1\\entry\\src\\main': {
      moduleName: 'entry',
      modulePkgPath: 'D:\\HW\\testproject\\complete\\1\\entry',
      belongProjectPath: 'D:\\HW\\testproject\\complete\\1'
    },
    'D:\\HW\\testproject\\complete\\1\\entry\\.test\\default\\intermediates\\src\\ohosTest\\ets': {
      moduleName: 'entry_test',
      modulePkgPath: 'D:\\HW\\testproject\\complete\\1\\entry',
      belongProjectPath: 'D:\\HW\\testproject\\complete\\1'
    },
    'D:\\HW\\testproject\\complete\\1\\entry\\src\\ohosTest': {
      moduleName: 'entry_test',
      modulePkgPath: 'D:\\HW\\testproject\\complete\\1\\entry',
      belongProjectPath: 'D:\\HW\\testproject\\complete\\1'
    },
    'D:\\HW\\testproject\\complete\\1\\entry': {
      moduleName: 'entry',
      modulePkgPath: 'D:\\HW\\testproject\\complete\\1\\entry',
      belongProjectPath: 'D:\\HW\\testproject\\complete\\1'
    },
    'D:\\HW\\testproject\\complete\\1': {
      moduleName: '1',
      modulePkgPath: 'D:\\HW\\testproject\\complete\\1',
      belongProjectPath: 'D:\\HW\\testproject\\complete\\1'
    }
  },
  pkgJsonFileHash: '7ab10e622b876a852aaa87f883a5ca46773dc428b9273d7582651c0540669143',
  allModulePaths: [ 'D:\\HW\\testproject\\complete\\1\\entry' ],
  routerMap: {},
  obfuscationOptions: undefined,
  byteCodeHarToDependencyKeys: undefined,
  compileBlockPkg: [],
  mockParams: {
    decorator: '@MockSetup',
    packageName: '@ohos/hamock',
    etsSourceRootPath: 'src/main/ets',
    mockConfigPath: 'D:\\HW\\testproject\\complete\\1\\entry\\src\\mock\\mock-config.json5',
    mockConfigKey2ModuleInfo: {},
    source2ModuleIdMap: {}
  },
  copyCodeResourceEnable: false,
  copyCodeResourceExcludes: [],
  copyCodeResourceIncludes: undefined,
  uiTransformOptimization: false,
  sdkPath: 'E:/DevEco Studio/sdk',
  needPreloadSoFileSet: {},
  preloadSoFilePath: 'D:\\HW\\testproject\\complete\\1\\entry\\build\\default\\intermediates\\preload\\default\\preload.json',
  useSourceHash: false,
  localModuleParamMap: {},
  otherPaths: {
    'entry/*': [
      '..\\*',
      '..\\..\\..\\build\\default\\generated\\profile\\default\\*'
    ]
  },
  collectImportersConfig: undefined
}
[2026-09-14T14:48:34.157] [DEBUG] debug-file - Compile arkts with external api path: E:\DevEco Studio\sdk\default\hms\ets
[2026-09-14T14:48:34.158] [DEBUG] debug-file - before submitting ArkTS compile task to worker pool, config.buildDir: D:\HW\testproject\complete\1\entry\build
[2026-09-14T14:48:34.158] [DEBUG] debug-file - default@CompileArkTS work[50] is submitted.
[2026-09-14T14:48:34.158] [DEBUG] debug-file - default@CompileArkTS work[50] is pushed to ready queue.
[2026-09-14T14:48:34.158] [DEBUG] debug-file - A work dispatched to worker[15] failed because unable to get work from ready queue.
[2026-09-14T14:48:34.158] [DEBUG] debug-file - A work dispatched to worker[14] failed because unable to get work from ready queue.
[2026-09-14T14:48:34.158] [DEBUG] debug-file - A work dispatched to worker[13] failed because unable to get work from ready queue.
[2026-09-14T14:48:34.158] [DEBUG] debug-file - A work dispatched to worker[12] failed because unable to get work from ready queue.
[2026-09-14T14:48:34.158] [DEBUG] debug-file - A work dispatched to worker[11] failed because unable to get work from ready queue.
[2026-09-14T14:48:34.158] [DEBUG] debug-file - A work dispatched to worker[10] failed because unable to get work from ready queue.
[2026-09-14T14:48:34.158] [DEBUG] debug-file - A work dispatched to worker[9] failed because unable to get work from ready queue.
[2026-09-14T14:48:34.158] [DEBUG] debug-file - A work dispatched to worker[8] failed because unable to get work from ready queue.
[2026-09-14T14:48:34.158] [DEBUG] debug-file - A work dispatched to worker[7] failed because unable to get work from ready queue.
[2026-09-14T14:48:34.158] [DEBUG] debug-file - A work dispatched to worker[6] failed because unable to get work from ready queue.
[2026-09-14T14:48:34.158] [DEBUG] debug-file - A work dispatched to worker[5] failed because unable to get work from ready queue.
[2026-09-14T14:48:34.158] [DEBUG] debug-file - default@CompileArkTS work[50] has been dispatched to worker[4].
[2026-09-14T14:48:34.158] [DEBUG] debug-file - default@CompileArkTS work[50] is dispatched.
[2026-09-14T14:48:34.158] [DEBUG] debug-file - entry : default@CompileArkTS cost memory 0.9985427856445312
[2026-09-14T14:48:34.159] [DEBUG] debug-file - Executing task :entry:default@BuildJS
[2026-09-14T14:48:34.159] [DEBUG] debug-file - Task 'entry:default@BuildJS' cost while wrapping incremental declarations: 1 ms 
[2026-09-14T14:48:34.160] [DEBUG] debug-file - entry : default@BuildJS cost memory 0.10890960693359375
[2026-09-14T14:48:34.161] [DEBUG] debug-file - runTaskFromQueue task cost before running: 138 ms 
[2026-09-14T14:48:34.161] [INFO] debug-file - Finished :entry:default@BuildJS... after 2 ms 
[2026-09-14T14:48:34.161] [DEBUG] debug-file - Executing task :entry:default@CacheNativeLibs
[2026-09-14T14:48:34.161] [DEBUG] debug-file - File: 'D:\HW\testproject\complete\1\entry\build\default\intermediates\binxo\default' from 'cacheBinxoNativeLibs' is not exists, just ignore.
[2026-09-14T14:48:34.161] [DEBUG] debug-file - Task 'entry:default@CacheNativeLibs' cost while wrapping incremental declarations: 1 ms 
[2026-09-14T14:48:34.162] [DEBUG] debug-file - Incremental task entry:default@CacheNativeLibs pre-execution cost: 1 ms .
[2026-09-14T14:48:34.162] [DEBUG] debug-file - entry : default@CacheNativeLibs cost memory 0.07745361328125
[2026-09-14T14:48:34.162] [INFO] debug-file - UP-TO-DATE :entry:default@CacheNativeLibs...  
[2026-09-14T14:48:34.725] [DEBUG] debug-file - Ark compile task finished.finished time is 329546806291100
[2026-09-14T14:48:34.725] [DEBUG] debug-file - worker[4] has one work done.
[2026-09-14T14:48:34.726] [DEBUG] debug-file - default@CompileArkTS work[50] done.
[2026-09-14T14:48:34.728] [INFO] debug-file - Finished :entry:default@CompileArkTS... after 579 ms 
[2026-09-14T14:48:34.728] [DEBUG] debug-file - Executing task :entry:default@GeneratePkgModuleJson
[2026-09-14T14:48:34.728] [DEBUG] debug-file - File: 'D:\HW\testproject\complete\1\entry\build\default\intermediates\preload\default\preload.json' from 'preloadSoJsonPath' is not exists, just ignore.
[2026-09-14T14:48:34.728] [DEBUG] debug-file - Error occurs while handling @Input 'shouldDeduplicateHar': The "data" argument must be of type string or an instance of Buffer, TypedArray, or DataView. Received undefined
[2026-09-14T14:48:34.729] [DEBUG] debug-file - Task 'entry:default@GeneratePkgModuleJson' cost while wrapping incremental declarations: 1 ms 
[2026-09-14T14:48:34.729] [DEBUG] debug-file - Incremental task entry:default@GeneratePkgModuleJson pre-execution cost: 1 ms .
[2026-09-14T14:48:34.729] [DEBUG] debug-file - entry : default@GeneratePkgModuleJson cost memory 0.0761566162109375
[2026-09-14T14:48:34.729] [INFO] debug-file - UP-TO-DATE :entry:default@GeneratePkgModuleJson...  
[2026-09-14T14:48:34.729] [DEBUG] debug-file - Executing task :entry:default@ProcessCompiledResources
[2026-09-14T14:48:34.729] [DEBUG] debug-file - File: 'D:\HW\testproject\complete\1\entry\build\default\intermediates\preload\default\preload.json' from 'preloadSoJsonPath' is not exists, just ignore.
[2026-09-14T14:48:34.729] [DEBUG] debug-file - Task 'entry:default@ProcessCompiledResources' cost while wrapping incremental declarations: 1 ms 
[2026-09-14T14:48:34.730] [DEBUG] debug-file - entry : default@ProcessCompiledResources cost memory 0.048065185546875
[2026-09-14T14:48:34.730] [DEBUG] debug-file - runTaskFromQueue task cost before running: 707 ms 
[2026-09-14T14:48:34.730] [INFO] debug-file - Finished :entry:default@ProcessCompiledResources... after 1 ms 
[2026-09-14T14:48:34.731] [DEBUG] debug-file - Executing task :entry:default@PackageHap
[2026-09-14T14:48:34.734] [DEBUG] debug-file - entry:default@PackageHap is not up-to-date, since the input file 'D:\HW\testproject\complete\1\entry\build\default\intermediates\loader_out\default\ets' has been changed.
[2026-09-14T14:48:34.734] [DEBUG] debug-file - Incremental task entry:default@PackageHap pre-execution cost: 3 ms .
[2026-09-14T14:48:34.734] [DEBUG] debug-file - Use tool [E:\DevEco Studio\sdk\default\openharmony\toolchains\lib\app_packing_tool.jar]
 [
  'java',
  '-Dfile.encoding=GBK',
  '-jar',
  'E:\\DevEco Studio\\sdk\\default\\openharmony\\toolchains\\lib\\app_packing_tool.jar',
  '--mode',
  'hap',
  '--force',
  'true',
  '--lib-path',
  'D:\\HW\\testproject\\complete\\1\\entry\\build\\default\\intermediates\\stripped_native_libs\\default',
  '--json-path',
  'D:\\HW\\testproject\\complete\\1\\entry\\build\\default\\intermediates\\package\\default\\module.json',
  '--resources-path',
  'D:\\HW\\testproject\\complete\\1\\entry\\build\\default\\intermediates\\res\\default\\resources',
  '--index-path',
  'D:\\HW\\testproject\\complete\\1\\entry\\build\\default\\intermediates\\res\\default\\resources.index',
  '--pack-info-path',
  'D:\\HW\\testproject\\complete\\1\\entry\\build\\default\\outputs\\default\\pack.info',
  '--out-path',
  'D:\\HW\\testproject\\complete\\1\\entry\\build\\default\\outputs\\default\\entry-default-unsigned.hap',
  '--ets-path',
  'D:\\HW\\testproject\\complete\\1\\entry\\build\\default\\intermediates\\loader_out\\default\\ets',
  '--pkg-context-path',
  'D:\\HW\\testproject\\complete\\1\\entry\\build\\default\\intermediates\\loader\\default\\pkgContextInfo.json'
]
[2026-09-14T14:48:34.734] [DEBUG] debug-file - default@PackageHap work[51] is submitted.
[2026-09-14T14:48:34.735] [DEBUG] debug-file - default@PackageHap work[51] is pushed to ready queue.
[2026-09-14T14:48:34.735] [DEBUG] debug-file - A work dispatched to worker[15] failed because unable to get work from ready queue.
[2026-09-14T14:48:34.735] [DEBUG] debug-file - Create  resident worker with id: 14.
[2026-09-14T14:48:34.735] [DEBUG] debug-file - default@PackageHap work[51] has been dispatched to worker[14].
[2026-09-14T14:48:34.735] [DEBUG] debug-file - default@PackageHap work[51] is dispatched.
[2026-09-14T14:48:34.738] [DEBUG] debug-file - entry : default@PackageHap cost memory 0.40633392333984375
[2026-09-14T14:48:35.464] [DEBUG] debug-file - current process  memoryUsage: {
  rss: 507305984,
  heapTotal: 79380480,
  heapUsed: 50324240,
  external: 3958577,
  arrayBuffers: 18671
} os memoryUsage :13.655941009521484
[2026-09-14T14:48:36.072] [DEBUG] debug-file - worker[14] has one work done.
[2026-09-14T14:48:36.072] [DEBUG] debug-file - default@PackageHap work[51] done.
[2026-09-14T14:48:36.072] [DEBUG] debug-file - A work dispatched to worker[14] failed because unable to get work from ready queue.
[2026-09-14T14:48:36.073] [INFO] debug-file - Finished :entry:default@PackageHap... after 620 ms 
[2026-09-14T14:48:36.073] [DEBUG] debug-file - Executing task :entry:default@PackingCheck
[2026-09-14T14:48:36.075] [DEBUG] debug-file - entry : default@PackingCheck cost memory 0.326416015625
[2026-09-14T14:48:36.075] [DEBUG] debug-file - runTaskFromQueue task cost before running: 2 s 52 ms 
[2026-09-14T14:48:36.075] [INFO] debug-file - Finished :entry:default@PackingCheck... after 2 ms 
[2026-09-14T14:48:36.076] [DEBUG] debug-file - Executing task :entry:default@SignHap
[2026-09-14T14:48:36.077] [DEBUG] debug-file - entry:default@SignHap is not up-to-date, since the input file 'D:\HW\testproject\complete\1\entry\build\default\outputs\default\entry-default-unsigned.hap' has been changed.
[2026-09-14T14:48:36.077] [DEBUG] debug-file - Incremental task entry:default@SignHap pre-execution cost: 1 ms .
[2026-09-14T14:48:36.121] [DEBUG] debug-file - java daemon socket received message:{"code":0,"message":"verify profile success"}
[2026-09-14T14:48:36.124] [DEBUG] debug-file - java daemon socket close code:1000 reason:close by user
[2026-09-14T14:48:36.223] [DEBUG] debug-file - java daemon socket received message:{"code":0,"message":"sign app success"}
[2026-09-14T14:48:36.224] [DEBUG] debug-file - entry : default@SignHap cost memory 0.36281585693359375
[2026-09-14T14:48:36.224] [DEBUG] debug-file - runTaskFromQueue task cost before running: 2 s 201 ms 
[2026-09-14T14:48:36.224] [INFO] debug-file - Finished :entry:default@SignHap... after 149 ms 
[2026-09-14T14:48:36.225] [DEBUG] debug-file - Executing task :entry:default@CollectDebugSymbol
[2026-09-14T14:48:36.225] [DEBUG] debug-file - entry : default@CollectDebugSymbol cost memory 0.0744171142578125
[2026-09-14T14:48:36.226] [DEBUG] debug-file - runTaskFromQueue task cost before running: 2 s 203 ms 
[2026-09-14T14:48:36.226] [INFO] debug-file - Finished :entry:default@CollectDebugSymbol... after 1 ms 
[2026-09-14T14:48:36.226] [DEBUG] debug-file - Executing task :entry:assembleHap
[2026-09-14T14:48:36.226] [DEBUG] debug-file - entry : assembleHap cost memory 0.01335906982421875
[2026-09-14T14:48:36.226] [DEBUG] debug-file - runTaskFromQueue task cost before running: 2 s 203 ms 
[2026-09-14T14:48:36.226] [INFO] debug-file - Finished :entry:assembleHap... after 1 ms 
[2026-09-14T14:48:36.226] [INFO] debug-file - BUILD SUCCESSFUL in 2 s 203 ms 
[2026-09-14T14:48:36.226] [DEBUG] debug-file - There is no need to refresh cache, since the incremental task entry:default@PreBuild is up-to-date.
[2026-09-14T14:48:36.226] [DEBUG] debug-file - Update task entry:default@CreateModuleInfo output file:D:\HW\testproject\complete\1\entry\build\default\generated\profile\default\ModuleInfo.ts cache.
[2026-09-14T14:48:36.226] [DEBUG] debug-file - Incremental task entry:default@CreateModuleInfo post-execution cost:1 ms .
[2026-09-14T14:48:36.227] [DEBUG] debug-file - There is no need to refresh cache, since the incremental task entry:default@GenerateMetadata is up-to-date.
[2026-09-14T14:48:36.227] [DEBUG] debug-file - There is no need to refresh cache, since the incremental task entry:default@MergeProfile is up-to-date.
[2026-09-14T14:48:36.227] [DEBUG] debug-file - There is no need to refresh cache, since the incremental task entry:default@CreateBuildProfile is up-to-date.
[2026-09-14T14:48:36.227] [DEBUG] debug-file - There is no need to refresh cache, since the incremental task entry:default@GeneratePkgContextInfo is up-to-date.
[2026-09-14T14:48:36.227] [DEBUG] debug-file - Update task entry:default@GeneratePkgSdkInfo output file:D:\HW\testproject\complete\1\entry\build\default\intermediates\loader\default\pkgSdkInfo.json cache.
[2026-09-14T14:48:36.227] [DEBUG] debug-file - Incremental task entry:default@GeneratePkgSdkInfo post-execution cost:1 ms .
[2026-09-14T14:48:36.227] [DEBUG] debug-file - Update task entry:default@ProcessIntegratedHsp output file:D:\HW\testproject\complete\1\build\cache\default\integrated_hsp\integratedHspCache.json cache.
[2026-09-14T14:48:36.227] [DEBUG] debug-file - Incremental task entry:default@ProcessIntegratedHsp post-execution cost:1 ms .
[2026-09-14T14:48:36.227] [DEBUG] debug-file - There is no need to refresh cache, since the incremental task entry:default@MakePackInfo is up-to-date.
[2026-09-14T14:48:36.227] [DEBUG] debug-file - Update task entry:default@SyscapTransform input file:E:\DevEco Studio\sdk\default\openharmony\toolchains\syscap_tool.exe cache by regenerate.
[2026-09-14T14:48:36.228] [DEBUG] debug-file - Update task entry:default@SyscapTransform input file:E:\DevEco Studio\sdk\default\openharmony\ets\api\device-define cache by regenerate.
[2026-09-14T14:48:36.228] [DEBUG] debug-file - Update task entry:default@SyscapTransform output file:D:\HW\testproject\complete\1\entry\build\default\intermediates\syscap\default\rpcid.sc cache.
[2026-09-14T14:48:36.228] [DEBUG] debug-file - Incremental task entry:default@SyscapTransform post-execution cost:2 ms .
[2026-09-14T14:48:36.229] [DEBUG] debug-file - There is no need to refresh cache, since the incremental task entry:default@ProcessProfile is up-to-date.
[2026-09-14T14:48:36.229] [DEBUG] debug-file - There is no need to refresh cache, since the incremental task entry:default@ProcessRouterMap is up-to-date.
[2026-09-14T14:48:36.229] [DEBUG] debug-file - There is no need to refresh cache, since the incremental task entry:default@ProcessShareConfig is up-to-date.
[2026-09-14T14:48:36.229] [DEBUG] debug-file - Update task entry:default@ProcessStartupConfig input file:D:\HW\testproject\complete\1\entry\build\default\intermediates\loader\default\pkgContextInfo.json cache by regenerate.
[2026-09-14T14:48:36.229] [DEBUG] debug-file - Update task entry:default@ProcessStartupConfig output file:D:\HW\testproject\complete\1\entry\build\default\intermediates\startup\default\startup_config.json cache.
[2026-09-14T14:48:36.229] [DEBUG] debug-file - Incremental task entry:default@ProcessStartupConfig post-execution cost:1 ms .
[2026-09-14T14:48:36.229] [DEBUG] debug-file - There is no need to refresh cache, since the incremental task entry:default@ProcessResource is up-to-date.
[2026-09-14T14:48:36.229] [DEBUG] debug-file - There is no need to refresh cache, since the incremental task entry:default@GenerateLoaderJson is up-to-date.
[2026-09-14T14:48:36.229] [DEBUG] debug-file - There is no need to refresh cache, since the incremental task entry:default@ProcessLibs is up-to-date.
[2026-09-14T14:48:36.229] [DEBUG] debug-file - There is no need to refresh cache, since the incremental task entry:default@CompileResource is up-to-date.
[2026-09-14T14:48:36.229] [DEBUG] debug-file - There is no need to refresh cache, since the incremental task entry:default@DoNativeStrip is up-to-date.
[2026-09-14T14:48:36.231] [DEBUG] debug-file - Update task entry:default@CompileArkTS input file:D:\HW\testproject\complete\1\entry\build\default\intermediates\loader\default cache by regenerate.
[2026-09-14T14:48:36.231] [DEBUG] debug-file - Update task entry:default@CompileArkTS input file:D:\HW\testproject\complete\1\entry\build\default\intermediates\res\default\resources\rawfile cache by regenerate.
[2026-09-14T14:48:36.231] [DEBUG] debug-file - Update task entry:default@CompileArkTS input file:D:\HW\testproject\complete\1\entry\build\default\intermediates\res\default\ResourceTable.txt cache by regenerate.
[2026-09-14T14:48:36.231] [DEBUG] debug-file - Update task entry:default@CompileArkTS input file:D:\HW\testproject\complete\1\entry\build\default\intermediates\res\default\ark_module.json cache by regenerate.
[2026-09-14T14:48:36.231] [DEBUG] debug-file - Update task entry:default@CompileArkTS input file:D:\HW\testproject\complete\1\entry\build\default\intermediates\res\default\resources\base\profile cache by regenerate.
[2026-09-14T14:48:36.232] [DEBUG] debug-file - Update task entry:default@CompileArkTS input file:D:\HW\testproject\complete\1\entry\src\main\ets cache from map.
[2026-09-14T14:48:36.232] [DEBUG] debug-file - Update task entry:default@CompileArkTS input file:D:\HW\testproject\complete\1\entry\build\default\intermediates\loader\default\pkgContextInfo.json cache by regenerate.
[2026-09-14T14:48:36.232] [DEBUG] debug-file - Update task entry:default@CompileArkTS input file:D:\HW\testproject\complete\1\entry\build\default\generated\profile\default\BuildProfile.ets cache by regenerate.
[2026-09-14T14:48:36.232] [DEBUG] debug-file - Update task entry:default@CompileArkTS input file:D:\HW\testproject\complete\1\entry\src\mock\mock-config.json5 cache by regenerate.
[2026-09-14T14:48:36.232] [DEBUG] debug-file - Update task entry:default@CompileArkTS output file:D:\HW\testproject\complete\1\entry\build\default\intermediates\loader_out\default\ets cache.
[2026-09-14T14:48:36.232] [DEBUG] debug-file - Incremental task entry:default@CompileArkTS post-execution cost:3 ms .
[2026-09-14T14:48:36.233] [DEBUG] debug-file - Update task entry:default@BuildJS input file:D:\HW\testproject\complete\1\entry\build\default\intermediates\loader\default cache by regenerate.
[2026-09-14T14:48:36.233] [DEBUG] debug-file - Update task entry:default@BuildJS input file:D:\HW\testproject\complete\1\entry\build\default\intermediates\res\default\resources\rawfile cache by regenerate.
[2026-09-14T14:48:36.233] [DEBUG] debug-file - Update task entry:default@BuildJS input file:D:\HW\testproject\complete\1\entry\build\default\intermediates\res\default\ResourceTable.txt cache by regenerate.
[2026-09-14T14:48:36.233] [DEBUG] debug-file - Update task entry:default@BuildJS input file:D:\HW\testproject\complete\1\entry\build\default\intermediates\res\default\ark_module.json cache by regenerate.
[2026-09-14T14:48:36.233] [DEBUG] debug-file - Update task entry:default@BuildJS input file:D:\HW\testproject\complete\1\entry\build\default\intermediates\res\default\resources\base\profile cache by regenerate.
[2026-09-14T14:48:36.233] [DEBUG] debug-file - Update task entry:default@BuildJS input file:D:\HW\testproject\complete\1\entry\build\default\intermediates\loader\default\pkgContextInfo.json cache by regenerate.
[2026-09-14T14:48:36.234] [DEBUG] debug-file - Update task entry:default@BuildJS output file:D:\HW\testproject\complete\1\entry\build\default\intermediates\loader_out\default\js cache.
[2026-09-14T14:48:36.234] [DEBUG] debug-file - Incremental task entry:default@BuildJS post-execution cost:2 ms .
[2026-09-14T14:48:36.234] [DEBUG] debug-file - There is no need to refresh cache, since the incremental task entry:default@CacheNativeLibs is up-to-date.
[2026-09-14T14:48:36.234] [DEBUG] debug-file - There is no need to refresh cache, since the incremental task entry:default@GeneratePkgModuleJson is up-to-date.
[2026-09-14T14:48:36.234] [DEBUG] debug-file - Incremental task entry:default@ProcessCompiledResources post-execution cost:1 ms .
[2026-09-14T14:48:36.234] [DEBUG] debug-file - Update task entry:default@PackageHap input file:D:\HW\testproject\complete\1\entry\build\default\outputs\default\pack.info cache by regenerate.
[2026-09-14T14:48:36.234] [DEBUG] debug-file - Update task entry:default@PackageHap input file:D:\HW\testproject\complete\1\entry\build\default\intermediates\stripped_native_libs\default cache by regenerate.
[2026-09-14T14:48:36.235] [DEBUG] debug-file - Update task entry:default@PackageHap input file:D:\HW\testproject\complete\1\entry\build\default\intermediates\res\default\module.json cache by regenerate.
[2026-09-14T14:48:36.235] [DEBUG] debug-file - Update task entry:default@PackageHap input file:D:\HW\testproject\complete\1\entry\build\default\intermediates\res\default\resources cache by regenerate.
[2026-09-14T14:48:36.235] [DEBUG] debug-file - Update task entry:default@PackageHap input file:D:\HW\testproject\complete\1\entry\build\default\intermediates\res\default\resources.index cache by regenerate.
[2026-09-14T14:48:36.235] [DEBUG] debug-file - Update task entry:default@PackageHap input file:D:\HW\testproject\complete\1\entry\build\default\intermediates\loader_out\default\ets cache from map.
[2026-09-14T14:48:36.235] [DEBUG] debug-file - Update task entry:default@PackageHap input file:D:\HW\testproject\complete\1\entry\build\default\intermediates\loader\default\pkgContextInfo.json cache by regenerate.
[2026-09-14T14:48:36.235] [DEBUG] debug-file - Update task entry:default@PackageHap input file:D:\HW\testproject\complete\1\entry\build\default\intermediates\package\default\module.json cache by regenerate.
[2026-09-14T14:48:36.235] [DEBUG] debug-file - Update task entry:default@PackageHap input file:D:\HW\testproject\complete\1\entry\build\default\intermediates\loader_out\default\ets\sourceMaps.map cache by regenerate.
[2026-09-14T14:48:36.235] [DEBUG] debug-file - Update task entry:default@PackageHap input file:D:\HW\testproject\complete\1\entry\build\default\generated\profile\default\BuildProfile.ets cache by regenerate.
[2026-09-14T14:48:36.235] [DEBUG] debug-file - Update task entry:default@PackageHap output file:D:\HW\testproject\complete\1\entry\build\default\outputs\default\entry-default-unsigned.hap cache.
[2026-09-14T14:48:36.235] [DEBUG] debug-file - Update task entry:default@PackageHap output file:D:\HW\testproject\complete\1\entry\build\default\intermediates\source_map\default\sourceMaps.map cache.
[2026-09-14T14:48:36.235] [DEBUG] debug-file - Update task entry:default@PackageHap output file:D:\HW\testproject\complete\1\entry\build\default\outputs\default\mapping\sourceMaps.map cache.
[2026-09-14T14:48:36.235] [DEBUG] debug-file - Incremental task entry:default@PackageHap post-execution cost:2 ms .
[2026-09-14T14:48:36.236] [DEBUG] debug-file - Update task entry:default@SignHap input file:C:\Users\CuteDuan\.ohos\config\default_1_BhzYZEydDVfZJ61mGi925yNWoqQ3wx2qwnAWE_X8vXg=.cer cache by regenerate.
[2026-09-14T14:48:36.236] [DEBUG] debug-file - Update task entry:default@SignHap input file:C:\Users\CuteDuan\.ohos\config\default_1_BhzYZEydDVfZJ61mGi925yNWoqQ3wx2qwnAWE_X8vXg=.p7b cache by regenerate.
[2026-09-14T14:48:36.236] [DEBUG] debug-file - Update task entry:default@SignHap input file:C:\Users\CuteDuan\.ohos\config\default_1_BhzYZEydDVfZJ61mGi925yNWoqQ3wx2qwnAWE_X8vXg=.p12 cache by regenerate.
[2026-09-14T14:48:36.236] [DEBUG] debug-file - Update task entry:default@SignHap input file:D:\HW\testproject\complete\1\entry\build\default\outputs\default\entry-default-unsigned.hap cache from map.
[2026-09-14T14:48:36.236] [DEBUG] debug-file - Update task entry:default@SignHap output file:D:\HW\testproject\complete\1\entry\build\default\outputs\default\entry-default-signed.hap cache.
[2026-09-14T14:48:36.236] [DEBUG] debug-file - Incremental task entry:default@SignHap post-execution cost:1 ms .
[2026-09-14T14:48:36.236] [DEBUG] debug-file - Update task entry:default@CollectDebugSymbol input file:D:\HW\testproject\complete\1\entry\build\default\intermediates\loader_out\default\ets\sourceMaps.map cache by regenerate.
[2026-09-14T14:48:36.236] [DEBUG] debug-file - Update task entry:default@CollectDebugSymbol input file:D:\HW\testproject\complete\1\entry\build\default\intermediates\libs\default cache by regenerate.
[2026-09-14T14:48:36.236] [DEBUG] debug-file - Update task entry:default@CollectDebugSymbol output file:D:\HW\testproject\complete\1\entry\build\default\outputs\default\symbol cache.
[2026-09-14T14:48:36.236] [DEBUG] debug-file - Incremental task entry:default@CollectDebugSymbol post-execution cost:1 ms .
[2026-09-14T14:48:36.244] [DEBUG] debug-file - Cleanup worker 14.
[2026-09-14T14:48:36.244] [DEBUG] debug-file - hvigor build process will be closed.
[2026-09-14T14:48:36.244] [DEBUG] debug-file - java daemon socket close code:1000 reason:close by user
[2026-09-14T14:48:36.247] [DEBUG] debug-file - worker[14] exits with exit code 1.
[2026-09-14T14:48:36.247] [DEBUG] debug-file - Worker 14 has been cleaned up.
[2026-09-14T14:48:36.247] [DEBUG] debug-file - Current idle worker size: 1.
[2026-09-14T14:48:36.247] [DEBUG] debug-file - Current resident worker size: 1.
[2026-09-14T14:48:36.251] [DEBUG] debug-file - session manager: send message to worker process. WorkerThreadId: 0, data: {"type":"hvigor_failed","reason":"Server has disconnected."}
[2026-09-14T14:48:36.252] [DEBUG] debug-file - session manager: send message to worker process. WorkerThreadId: 0, data: {"type":"CloseWatch","reason":"Server has disconnected."}
[2026-09-14T14:48:36.251] [DEBUG] debug-file - watch worker: worker id should be larger than 0. Nothing will be sent to any worker thread.
[2026-09-14T14:48:36.252] [DEBUG] debug-file - ABORT_WORK sent to workers.
[2026-09-14T14:48:36.252] [DEBUG] debug-file - watch worker: worker id should be larger than 0. Nothing will be sent to any worker thread.
[2026-09-14T14:48:57.432] [DEBUG] debug-file - session manager: set active socket. socketId=jDAG0oTQse8RK7zzAAA5
[2026-09-14T14:48:57.439] [DEBUG] debug-file - watch worker: worker id should be larger than 0. Nothing will be sent to any worker thread.
[2026-09-14T14:48:57.442] [DEBUG] debug-file - Workers' log level updated to INFO
[2026-09-14T14:48:57.444] [DEBUG] debug-file - Hvigor init with startParameters:{
  hvigorfileTypeCheck: false,
  parallelExecution: true,
  incrementalExecution: true,
  printStackTrace: false,
  daemon: true,
  analyze: 0,
  logLevel: Level { level: 20000, levelStr: 'INFO', colour: 'green' },
  optimizationStrategy: 'memory',
  hotCompile: undefined,
  hotReloadBuild: undefined,
  customizedParam: undefined
}
[2026-09-14T14:48:57.448] [DEBUG] debug-file - Cache service initialization finished in 4 ms 
[2026-09-14T14:48:57.449] [DEBUG] debug-file - hvigorfile, resolving D:\HW\testproject\complete\1\hvigorfile.ts
[2026-09-14T14:48:57.451] [DEBUG] debug-file - hvigorfile, require result:  { default: { plugins: [] } }
[2026-09-14T14:48:57.452] [DEBUG] debug-file - hvigorfile, binding system plugins null
[2026-09-14T14:48:57.452] [DEBUG] debug-file - Starting plugin build process
[2026-09-14T14:48:57.452] [DEBUG] debug-file - App plugin prepare start...
[2026-09-14T14:48:57.452] [DEBUG] debug-file - App plugin prepare end...
[2026-09-14T14:48:57.452] [DEBUG] debug-file - App plugin creating...
[2026-09-14T14:48:57.454] [DEBUG] debug-file - App plugin register hook start...
[2026-09-14T14:48:57.454] [DEBUG] debug-file - App plugin register hook end...
[2026-09-14T14:48:57.454] [DEBUG] debug-file - Plugin build process completed
[2026-09-14T14:48:57.454] [DEBUG] debug-file - Start initialize project's product build option map with build mode debug.
[2026-09-14T14:48:57.454] [DEBUG] debug-file - Picking option from product 'default' with build mode 'debug'.
[2026-09-14T14:48:57.454] [DEBUG] debug-file - Product 'default' build option initialized
[2026-09-14T14:48:57.454] [DEBUG] debug-file - End initialize project's product build option map with build mode 'debug'.
[2026-09-14T14:48:57.454] [DEBUG] debug-file - Obtain build option for product 'default'in this build.
[2026-09-14T14:48:57.456] [DEBUG] debug-file - D:\HW\testproject\complete\1\build\cache\default\remote_hsp\remoteHspCache.json not exists.
[2026-09-14T14:48:57.458] [DEBUG] debug-file - Start recording SDK configuration permission data.
[2026-09-14T14:48:57.483] [DEBUG] debug-file - Sdk init in 27 ms 
[2026-09-14T14:48:57.484] [DEBUG] debug-file - Project task initialization takes 2 ms 
[2026-09-14T14:48:57.484] [DEBUG] debug-file - hvigorfile, begin to bind custom plugins...
[2026-09-14T14:48:57.484] [DEBUG] debug-file - hvigorfile, no custom plugins were found in D:\HW\testproject\complete\1\hvigorfile.ts
[2026-09-14T14:48:57.484] [DEBUG] debug-file - hvigorfile, resolve finished D:\HW\testproject\complete\1\hvigorfile.ts
[2026-09-14T14:48:57.485] [DEBUG] debug-file - hvigorfile, resolving D:\HW\testproject\complete\1\entry\hvigorfile.ts
[2026-09-14T14:48:57.487] [DEBUG] debug-file - hvigorfile, require result:  { default: { plugins: [] } }
[2026-09-14T14:48:57.487] [DEBUG] debug-file - hvigorfile, binding system plugins null
[2026-09-14T14:48:57.487] [DEBUG] debug-file - Starting plugin build process
[2026-09-14T14:48:57.487] [DEBUG] debug-file - Hap plugin creating...
[2026-09-14T14:48:57.488] [DEBUG] debug-file - failed to load cangjie to dynamically generate schemas: Error: Cannot find module '@ohos/cangjie-build-support/index'
Require stack:
- E:\DevEco Studio\tools\hvigor\hvigor-ohos-plugin\src\plugin\hooks\cangjie-register.js
- E:\DevEco Studio\tools\hvigor\hvigor-ohos-plugin\src\plugin\strategy\stage-init-strategy.js
- E:\DevEco Studio\tools\hvigor\hvigor-ohos-plugin\src\plugin\builder\abstract-plugin-builder.js
- E:\DevEco Studio\tools\hvigor\hvigor-ohos-plugin\src\plugin\builder\app-plugin-builder.js
- E:\DevEco Studio\tools\hvigor\hvigor-ohos-plugin\src\plugin\factory\plugin-factory.js
- E:\DevEco Studio\tools\hvigor\hvigor-ohos-plugin\index.js
- D:\HW\testproject\complete\1\hvigorfile.ts
- E:\DevEco Studio\tools\hvigor\hvigor\src\base\internal\lifecycle\configuration.js
- E:\DevEco Studio\tools\hvigor\hvigor\src\base\boot\index.js
- E:\DevEco Studio\tools\hvigor\hvigor\src\base\daemon\cluster\worker-process-lifecycle.js
- E:\DevEco Studio\tools\hvigor\hvigor\src\base\daemon\process\daemon-process-boot-script.js
[2026-09-14T14:48:57.489] [DEBUG] debug-file - Start initialize module-target build option map, moduleName=entry, buildMode=debug
[2026-09-14T14:48:57.489] [DEBUG] debug-file - Target 'default' config initialized
[2026-09-14T14:48:57.489] [DEBUG] debug-file - Target 'ohosTest' config initialized
[2026-09-14T14:48:57.489] [DEBUG] debug-file - Module 'entry' target 'default' build option initialized
[2026-09-14T14:48:57.489] [DEBUG] debug-file - Module 'entry' target 'ohosTest' build option initialized
[2026-09-14T14:48:57.489] [DEBUG] debug-file - End initialize module-target build option map, moduleName=entry
[2026-09-14T14:48:57.489] [DEBUG] debug-file - Start initialize module-target build option map, moduleName=entry, buildMode=release
[2026-09-14T14:48:57.489] [DEBUG] debug-file - Target 'default' config initialized
[2026-09-14T14:48:57.490] [DEBUG] debug-file - Target 'ohosTest' config initialized
[2026-09-14T14:48:57.490] [DEBUG] debug-file - Module 'entry' target 'default' build option initialized
[2026-09-14T14:48:57.490] [DEBUG] debug-file - Module 'entry' target 'ohosTest' build option initialized
[2026-09-14T14:48:57.490] [DEBUG] debug-file - End initialize module-target build option map, moduleName=entry
[2026-09-14T14:48:57.490] [DEBUG] debug-file - Start initialize module-target build option map, moduleName=entry, buildMode=debug
[2026-09-14T14:48:57.490] [DEBUG] debug-file - Target 'default' config initialized
[2026-09-14T14:48:57.490] [DEBUG] debug-file - Target 'ohosTest' config initialized
[2026-09-14T14:48:57.490] [DEBUG] debug-file - Module 'entry' target 'default' build option initialized
[2026-09-14T14:48:57.490] [DEBUG] debug-file - Module 'entry' target 'ohosTest' build option initialized
[2026-09-14T14:48:57.490] [DEBUG] debug-file - End initialize module-target build option map, moduleName=entry
[2026-09-14T14:48:57.490] [DEBUG] debug-file - Obtain build option for module 'entry' target 'default'in this build.
[2026-09-14T14:48:57.492] [DEBUG] debug-file - Module entry task initialization takes 2 ms 
[2026-09-14T14:48:57.492] [DEBUG] debug-file - Hap plugin register hook start...
[2026-09-14T14:48:57.492] [DEBUG] debug-file - Hap plugin register hook end...
[2026-09-14T14:48:57.492] [DEBUG] debug-file - Plugin build process completed
[2026-09-14T14:48:57.492] [DEBUG] debug-file - hvigorfile, begin to bind custom plugins...
[2026-09-14T14:48:57.492] [DEBUG] debug-file - hvigorfile, no custom plugins were found in D:\HW\testproject\complete\1\entry\hvigorfile.ts
[2026-09-14T14:48:57.492] [DEBUG] debug-file - hvigorfile, resolve finished D:\HW\testproject\complete\1\entry\hvigorfile.ts
[2026-09-14T14:48:57.520] [DEBUG] debug-file - hvigorfile, resolve hvigorfile dependencies in 28 ms 
[2026-09-14T14:48:57.520] [DEBUG] debug-file - project has submodules:entry
[2026-09-14T14:48:57.521] [DEBUG] debug-file - start to load updatedOhPackageInfo to the disk
[2026-09-14T14:48:57.522] [DEBUG] debug-file - load to the disk finished
[2026-09-14T14:48:57.522] [DEBUG] debug-file - Start to initialize dependency information.
[2026-09-14T14:48:57.525] [DEBUG] debug-file - Module 1 Collected Dependency: 
[2026-09-14T14:48:57.525] [DEBUG] debug-file - Module 1's total dependency: 0
[2026-09-14T14:48:57.525] [DEBUG] debug-file - Start to initialize dependency information.
[2026-09-14T14:48:57.526] [DEBUG] debug-file - Module entry Collected Dependency: 
[2026-09-14T14:48:57.526] [DEBUG] debug-file - Module entry's total dependency: 0
[2026-09-14T14:48:57.526] [DEBUG] debug-file - Configuration phase cost:78 ms 
[2026-09-14T14:48:57.527] [DEBUG] debug-file - Configuration task cost before running: 85 ms 
[2026-09-14T14:48:57.528] [DEBUG] debug-file - Executing task :entry:default@PreBuild
[2026-09-14T14:48:57.530] [DEBUG] debug-file - Task 'entry:default@PreBuild' cost while wrapping incremental declarations: 1 ms 
[2026-09-14T14:48:57.533] [DEBUG] debug-file - Incremental task entry:default@PreBuild pre-execution cost: 2 ms .
[2026-09-14T14:48:57.533] [DEBUG] debug-file - entry : default@PreBuild cost memory 0.4983062744140625
[2026-09-14T14:48:57.534] [INFO] debug-file - UP-TO-DATE :entry:default@PreBuild...  
[2026-09-14T14:48:57.535] [DEBUG] debug-file - Executing task :entry:default@CreateModuleInfo
[2026-09-14T14:48:57.535] [DEBUG] debug-file - Task 'entry:default@CreateModuleInfo' cost while wrapping incremental declarations: 1 ms 
[2026-09-14T14:48:57.536] [DEBUG] debug-file - entry : default@CreateModuleInfo cost memory 0.0366973876953125
[2026-09-14T14:48:57.536] [DEBUG] debug-file - runTaskFromQueue task cost before running: 94 ms 
[2026-09-14T14:48:57.536] [INFO] debug-file - Finished :entry:default@CreateModuleInfo... after 1 ms 
[2026-09-14T14:48:57.538] [DEBUG] debug-file - Executing task :entry:default@GenerateMetadata
[2026-09-14T14:48:57.538] [DEBUG] debug-file - Task 'entry:default@GenerateMetadata' cost while wrapping incremental declarations: 1 ms 
[2026-09-14T14:48:57.538] [DEBUG] debug-file - Incremental task entry:default@GenerateMetadata pre-execution cost: 1 ms .
[2026-09-14T14:48:57.538] [DEBUG] debug-file - entry : default@GenerateMetadata cost memory 0.06793212890625
[2026-09-14T14:48:57.538] [INFO] debug-file - UP-TO-DATE :entry:default@GenerateMetadata...  
[2026-09-14T14:48:57.539] [DEBUG] debug-file - Executing task :entry:default@ConfigureCmake
[2026-09-14T14:48:57.539] [DEBUG] debug-file - entry : default@ConfigureCmake cost memory 0.0135650634765625
[2026-09-14T14:48:57.539] [DEBUG] debug-file - runTaskFromQueue task cost before running: 97 ms 
[2026-09-14T14:48:57.539] [INFO] debug-file - Finished :entry:default@ConfigureCmake... after 1 ms 
[2026-09-14T14:48:57.540] [DEBUG] debug-file - Executing task :entry:default@MergeProfile
[2026-09-14T14:48:57.540] [DEBUG] debug-file - Task 'entry:default@MergeProfile' cost while wrapping incremental declarations: 1 ms 
[2026-09-14T14:48:57.540] [DEBUG] debug-file - Incremental task entry:default@MergeProfile pre-execution cost: 1 ms .
[2026-09-14T14:48:57.540] [DEBUG] debug-file - entry : default@MergeProfile cost memory 0.0954742431640625
[2026-09-14T14:48:57.540] [INFO] debug-file - UP-TO-DATE :entry:default@MergeProfile...  
[2026-09-14T14:48:57.541] [DEBUG] debug-file - Executing task :entry:default@CreateBuildProfile
[2026-09-14T14:48:57.541] [DEBUG] debug-file - Task 'entry:default@CreateBuildProfile' cost while wrapping incremental declarations: 1 ms 
[2026-09-14T14:48:57.541] [DEBUG] debug-file - Incremental task entry:default@CreateBuildProfile pre-execution cost: 1 ms .
[2026-09-14T14:48:57.541] [DEBUG] debug-file - entry : default@CreateBuildProfile cost memory 0.0803680419921875
[2026-09-14T14:48:57.542] [INFO] debug-file - UP-TO-DATE :entry:default@CreateBuildProfile...  
[2026-09-14T14:48:57.542] [DEBUG] debug-file - Executing task :entry:default@PreCheckSyscap
[2026-09-14T14:48:57.542] [DEBUG] debug-file - entry : default@PreCheckSyscap cost memory 0.01392364501953125
[2026-09-14T14:48:57.542] [DEBUG] debug-file - runTaskFromQueue task cost before running: 100 ms 
[2026-09-14T14:48:57.542] [INFO] debug-file - Finished :entry:default@PreCheckSyscap... after 1 ms 
[2026-09-14T14:48:57.543] [DEBUG] debug-file - Executing task :entry:default@GeneratePkgContextInfo
[2026-09-14T14:48:57.544] [DEBUG] debug-file - Task 'entry:default@GeneratePkgContextInfo' cost while wrapping incremental declarations: 1 ms 
[2026-09-14T14:48:57.545] [DEBUG] debug-file - Incremental task entry:default@GeneratePkgContextInfo pre-execution cost: 1 ms .
[2026-09-14T14:48:57.545] [DEBUG] debug-file - entry : default@GeneratePkgContextInfo cost memory 0.17540740966796875
[2026-09-14T14:48:57.545] [INFO] debug-file - UP-TO-DATE :entry:default@GeneratePkgContextInfo...  
[2026-09-14T14:48:57.545] [DEBUG] debug-file - Executing task :entry:default@GeneratePkgSdkInfo
[2026-09-14T14:48:57.546] [DEBUG] debug-file - Task 'entry:default@GeneratePkgSdkInfo' cost while wrapping incremental declarations: 1 ms 
[2026-09-14T14:48:57.547] [DEBUG] debug-file - entry : default@GeneratePkgSdkInfo cost memory 0.0919647216796875
[2026-09-14T14:48:57.547] [DEBUG] debug-file - runTaskFromQueue task cost before running: 105 ms 
[2026-09-14T14:48:57.547] [INFO] debug-file - Finished :entry:default@GeneratePkgSdkInfo... after 2 ms 
[2026-09-14T14:48:57.549] [DEBUG] debug-file - Executing task :entry:default@ProcessIntegratedHsp
[2026-09-14T14:48:57.549] [DEBUG] debug-file - entry:default@ProcessIntegratedHsp is not up-to-date, since the output file 'D:\HW\testproject\complete\1\build\cache\default\integrated_hsp\integratedHspCache.json' does not exist.
[2026-09-14T14:48:57.550] [DEBUG] debug-file - Incremental task entry:default@ProcessIntegratedHsp pre-execution cost: 1 ms .
[2026-09-14T14:48:57.550] [DEBUG] debug-file - entry : default@ProcessIntegratedHsp cost memory 0.0472564697265625
[2026-09-14T14:48:57.550] [DEBUG] debug-file - runTaskFromQueue task cost before running: 108 ms 
[2026-09-14T14:48:57.550] [INFO] debug-file - Finished :entry:default@ProcessIntegratedHsp... after 1 ms 
[2026-09-14T14:48:57.551] [DEBUG] debug-file - Executing task :entry:default@BuildNativeWithCmake
[2026-09-14T14:48:57.551] [DEBUG] debug-file - entry : default@BuildNativeWithCmake cost memory 0.0136871337890625
[2026-09-14T14:48:57.551] [DEBUG] debug-file - runTaskFromQueue task cost before running: 109 ms 
[2026-09-14T14:48:57.551] [INFO] debug-file - Finished :entry:default@BuildNativeWithCmake... after 1 ms 
[2026-09-14T14:48:57.552] [DEBUG] debug-file - Executing task :entry:default@MakePackInfo
[2026-09-14T14:48:57.554] [DEBUG] debug-file - Incremental task entry:default@MakePackInfo pre-execution cost: 2 ms .
[2026-09-14T14:48:57.554] [DEBUG] debug-file - entry : default@MakePackInfo cost memory 0.09156036376953125
[2026-09-14T14:48:57.554] [INFO] debug-file - UP-TO-DATE :entry:default@MakePackInfo...  
[2026-09-14T14:48:57.556] [DEBUG] debug-file - Executing task :entry:default@SyscapTransform
[2026-09-14T14:48:57.556] [DEBUG] debug-file - File: 'D:\HW\testproject\complete\1\entry\src\main\syscap.json' from 'sysCapJsonPath' is not exists, just ignore.
[2026-09-14T14:48:57.556] [DEBUG] debug-file - Task 'entry:default@SyscapTransform' cost while wrapping incremental declarations: 1 ms 
[2026-09-14T14:48:57.557] [DEBUG] debug-file - entry:default@SyscapTransform is not up-to-date, since the output file 'D:\HW\testproject\complete\1\entry\build\default\intermediates\syscap\default\rpcid.sc' does not exist.
[2026-09-14T14:48:57.557] [DEBUG] debug-file - Incremental task entry:default@SyscapTransform pre-execution cost: 1 ms .
[2026-09-14T14:48:57.557] [DEBUG] debug-file - entry : default@SyscapTransform cost memory -3.0445556640625
[2026-09-14T14:48:57.557] [DEBUG] debug-file - runTaskFromQueue task cost before running: 115 ms 
[2026-09-14T14:48:57.557] [INFO] debug-file - Finished :entry:default@SyscapTransform... after 3 ms 
[2026-09-14T14:48:57.558] [DEBUG] debug-file - Executing task :entry:default@ProcessProfile
[2026-09-14T14:48:57.559] [DEBUG] debug-file - Task 'entry:default@ProcessProfile' cost while wrapping incremental declarations: 1 ms 
[2026-09-14T14:48:57.559] [DEBUG] debug-file - Incremental task entry:default@ProcessProfile pre-execution cost: 1 ms .
[2026-09-14T14:48:57.559] [DEBUG] debug-file - entry : default@ProcessProfile cost memory 0.11470794677734375
[2026-09-14T14:48:57.560] [INFO] debug-file - UP-TO-DATE :entry:default@ProcessProfile...  
[2026-09-14T14:48:57.560] [DEBUG] debug-file - Executing task :entry:default@ProcessRouterMap
[2026-09-14T14:48:57.561] [DEBUG] debug-file - Incremental task entry:default@ProcessRouterMap pre-execution cost: 1 ms .
[2026-09-14T14:48:57.561] [DEBUG] debug-file - entry : default@ProcessRouterMap cost memory 0.11264801025390625
[2026-09-14T14:48:57.562] [INFO] debug-file - UP-TO-DATE :entry:default@ProcessRouterMap...  
[2026-09-14T14:48:57.562] [DEBUG] debug-file - Executing task :entry:default@ProcessShareConfig
[2026-09-14T14:48:57.563] [DEBUG] debug-file - Incremental task entry:default@ProcessShareConfig pre-execution cost: 1 ms .
[2026-09-14T14:48:57.563] [DEBUG] debug-file - entry : default@ProcessShareConfig cost memory 0.0979766845703125
[2026-09-14T14:48:57.563] [INFO] debug-file - UP-TO-DATE :entry:default@ProcessShareConfig...  
[2026-09-14T14:48:57.564] [DEBUG] debug-file - Executing task :entry:default@ProcessStartupConfig
[2026-09-14T14:48:57.564] [DEBUG] debug-file - Task 'entry:default@ProcessStartupConfig' cost while wrapping incremental declarations: 1 ms 
[2026-09-14T14:48:57.565] [DEBUG] debug-file - entry:default@ProcessStartupConfig is not up-to-date, since the output file 'D:\HW\testproject\complete\1\entry\build\default\intermediates\startup\default\startup_config.json' does not exist.
[2026-09-14T14:48:57.565] [DEBUG] debug-file - Incremental task entry:default@ProcessStartupConfig pre-execution cost: 1 ms .
[2026-09-14T14:48:57.566] [DEBUG] debug-file - entry : default@ProcessStartupConfig cost memory 0.10773468017578125
[2026-09-14T14:48:57.566] [DEBUG] debug-file - runTaskFromQueue task cost before running: 124 ms 
[2026-09-14T14:48:57.566] [INFO] debug-file - Finished :entry:default@ProcessStartupConfig... after 2 ms 
[2026-09-14T14:48:57.567] [DEBUG] debug-file - Executing task :entry:default@BuildNativeWithNinja
[2026-09-14T14:48:57.567] [DEBUG] debug-file - entry : default@BuildNativeWithNinja cost memory 0.018310546875
[2026-09-14T14:48:57.567] [DEBUG] debug-file - runTaskFromQueue task cost before running: 125 ms 
[2026-09-14T14:48:57.567] [INFO] debug-file - Finished :entry:default@BuildNativeWithNinja... after 1 ms 
[2026-09-14T14:48:57.568] [DEBUG] debug-file - restool module names: entry; moduleName=entry, taskName=default@ProcessResource
[2026-09-14T14:48:57.569] [DEBUG] debug-file - Executing task :entry:default@ProcessResource
[2026-09-14T14:48:57.569] [DEBUG] debug-file - Task 'entry:default@ProcessResource' cost while wrapping incremental declarations: 1 ms 
[2026-09-14T14:48:57.570] [DEBUG] debug-file - Incremental task entry:default@ProcessResource pre-execution cost: 1 ms .
[2026-09-14T14:48:57.570] [DEBUG] debug-file - entry : default@ProcessResource cost memory 0.09929656982421875
[2026-09-14T14:48:57.571] [INFO] debug-file - UP-TO-DATE :entry:default@ProcessResource...  
[2026-09-14T14:48:57.572] [DEBUG] debug-file - Executing task :entry:default@GenerateLoaderJson
[2026-09-14T14:48:57.572] [DEBUG] debug-file - Task 'entry:default@GenerateLoaderJson' cost while wrapping incremental declarations: 1 ms 
[2026-09-14T14:48:57.577] [DEBUG] debug-file - Incremental task entry:default@GenerateLoaderJson pre-execution cost: 3 ms .
[2026-09-14T14:48:57.577] [DEBUG] debug-file - entry : default@GenerateLoaderJson cost memory 0.3841094970703125
[2026-09-14T14:48:57.579] [INFO] debug-file - UP-TO-DATE :entry:default@GenerateLoaderJson...  
[2026-09-14T14:48:57.580] [DEBUG] debug-file - Executing task :entry:default@ProcessLibs
[2026-09-14T14:48:57.580] [DEBUG] debug-file - Task 'entry:default@ProcessLibs' cost while wrapping incremental declarations: 1 ms 
[2026-09-14T14:48:57.581] [DEBUG] debug-file - Incremental task entry:default@ProcessLibs pre-execution cost: 1 ms .
[2026-09-14T14:48:57.581] [DEBUG] debug-file - entry : default@ProcessLibs cost memory 0.0821685791015625
[2026-09-14T14:48:57.581] [INFO] debug-file - UP-TO-DATE :entry:default@ProcessLibs...  
[2026-09-14T14:48:57.582] [DEBUG] debug-file - restool module names: entry; moduleName=entry, taskName=default@CompileResource
[2026-09-14T14:48:57.582] [DEBUG] debug-file - Executing task :entry:default@CompileResource
[2026-09-14T14:48:57.588] [DEBUG] debug-file - Incremental task entry:default@CompileResource pre-execution cost: 5 ms .
[2026-09-14T14:48:57.588] [DEBUG] debug-file - entry : default@CompileResource cost memory 0.4578094482421875
[2026-09-14T14:48:57.589] [INFO] debug-file - UP-TO-DATE :entry:default@CompileResource...  
[2026-09-14T14:48:57.591] [DEBUG] debug-file - Executing task :entry:default@DoNativeStrip
[2026-09-14T14:48:57.591] [DEBUG] debug-file - File: 'D:\HW\testproject\complete\1\entry\build\default\intermediates\binxo\default' from 'doBinxoNativeLibs' is not exists, just ignore.
[2026-09-14T14:48:57.591] [DEBUG] debug-file - Task 'entry:default@DoNativeStrip' cost while wrapping incremental declarations: 1 ms 
[2026-09-14T14:48:57.592] [DEBUG] debug-file - Incremental task entry:default@DoNativeStrip pre-execution cost: 1 ms .
[2026-09-14T14:48:57.593] [DEBUG] debug-file - entry : default@DoNativeStrip cost memory 0.0660400390625
[2026-09-14T14:48:57.593] [INFO] debug-file - UP-TO-DATE :entry:default@DoNativeStrip...  
[2026-09-14T14:48:57.594] [DEBUG] debug-file - Executing task :entry:default@CompileArkTS
[2026-09-14T14:48:57.595] [DEBUG] debug-file - obfuscationOptions: undefined
[2026-09-14T14:48:57.595] [DEBUG] debug-file - Task 'entry:default@CompileArkTS' cost while wrapping incremental declarations: 1 ms 
[2026-09-14T14:48:57.601] [DEBUG] debug-file - entry:default@CompileArkTS is not up-to-date, since the input file 'D:\HW\testproject\complete\1\entry\src\main\ets' has been changed.
[2026-09-14T14:48:57.601] [DEBUG] debug-file - Incremental task entry:default@CompileArkTS pre-execution cost: 5 ms .
[2026-09-14T14:48:57.611] [DEBUG] debug-file - build config:
[2026-09-14T14:48:57.612] [DEBUG] debug-file - {
  moduleType: 'entry',
  perf: 0,
  targetName: '.default',
  packageManagerType: 'ohpm',
  localPropertiesPath: 'D:\\HW\\testproject\\complete\\1\\local.properties',
  isPreview: false,
  isOhosTest: false,
  isLocalTest: false,
  buildMode: 'Debug',
  hotReloadBuild: undefined,
  watchMode: 'false',
  aceProfilePath: 'D:\\HW\\testproject\\complete\\1\\entry\\build\\default\\intermediates\\res\\default\\resources\\base\\profile',
  etsLoaderPath: 'E:\\DevEco Studio\\sdk\\default\\openharmony\\ets\\build-tools\\ets-loader',
  modulePath: 'D:\\HW\\testproject\\complete\\1\\entry',
  testFrameworkPar: {
    testMode: undefined,
    coveragePathFilter: undefined,
    coverageMode: undefined
  },
  needCoverageInsert: false,
  debugLine: false,
  projectTopDir: 'D:\\HW\\testproject\\complete\\1',
  compileSdkVersion: 26,
  compatibleSdkVersion: 26,
  originCompatibleSdkVersion: '26.0.0',
  compatibleSdkVersionStage: undefined,
  bundleName: 'c***1',
  etsLoaderVersion: '26.0.0.105',
  etsLoaderReleaseType: 'Release',
  aotCompileMode: 'type',
  apPath: 'D:\\HW\\testproject\\complete\\1\\entry\\modules.ap',
  entryModuleName: 'entry',
  entryModuleVersion: '1.0.0',
  entryPackageName: 'entry',
  allModuleNameHash: '3445e59c6203fcb6cdc9d5d5e2c93cd05bb0b35d85b3d24d0e9df8507819dfcd',
  externalApiPaths: [ 'E:\\DevEco Studio\\sdk\\default\\hms\\ets' ],
  compilerTypes: [],
  isCrossplatform: false,
  hvigorPluginFile: undefined,
  compilePluginPath: undefined,
  buildGeneratedProfilePath: 'D:\\HW\\testproject\\complete\\1\\entry\\build\\default\\generated\\profile\\default',
  bundleType: 'app',
  arkTSVersion: undefined,
  apiVersion: 26,
  needCompleteSourcesMap: false,
  isFaMode: false,
  buildDir: 'D:\\HW\\testproject\\complete\\1\\entry\\build',
  buildCacheProjectDir: 'D:\\HW\\testproject\\complete\\1',
  deviceTypes: [ 'phone' ],
  pkgContextInfo: {
    '@ohos/hypium': {
      packageName: '@ohos/hypium',
      bundleName: '*****',
      moduleName: '',
      version: '1.0.24',
      entryPath: 'index.js',
      isSO: false,
      dependencyAlias: ''
    },
    '@ohos/hamock': {
      packageName: '@ohos/hamock',
      bundleName: '*****',
      moduleName: '',
      version: '1.0.0',
      entryPath: 'index.ets',
      isSO: false,
      dependencyAlias: ''
    },
    entry: {
      packageName: 'entry',
      bundleName: '*****',
      moduleName: '',
      version: '',
      entryPath: 'src/main/',
      isSO: false,
      dependencyAlias: ''
    }
  },
  ohPackagePathMap: {},
  dependencyAliasMap: {},
  permission: { requestPermissions: undefined, definePermissions: undefined },
  useGetCurrentBundleName: false,
  projectArkOption: undefined,
  sourceMapDir: undefined,
  branchElimination: false,
  transformLib: undefined,
  tsImportSendable: false,
  resolveConflictMode: true,
  depName2RootPath: {},
  depName2DepInfo: {},
  depName2OhExports: {},
  rootPathSet: [ 'D:\\HW\\testproject\\complete\\1' ],
  useNativeResolver: true,
  shouldEmitJs: true,
  useUnifiedAst: false,
  useTscResolve: false,
  singleFileEmit: false,
  userProjectConfig: {
    autoLazyImport: false,
    allowEmptyBundleName: false,
    reExportCheckMode: 'noCheck',
    executionMode: 'memory',
    usePathPlaceholder: false,
    writeRollupCache: true,
    isExpandImportEnabled: false,
    expandImportExclude: '',
    lazyImportExclude: '',
    lazyImportInclude: '',
    ignoreCrossplatformCheck: false,
    isHarDeduplicateEnabled: false,
    skipOhModulesLint: false,
    enableStrictCheckOHModule: false,
    disableSendableCheckRules: [],
    useDeclarationFileSignature: false,
    customizedOptions: undefined,
    integratedHsp: false,
    tsImportSoCheck: false,
    isPreloadSoEnabled: false
  },
  executionMode: 'memory',
  arkCompileCachePath: 'D:\\HW\\testproject\\complete\\1\\entry\\build\\default\\cache\\default\\default@CompileArkTS\\esmodule',
  autoLazyFilter: undefined,
  isHarDeduplicateEnabled: false,
  intermediateHarDuplicateDirPath: 'D:\\HW\\testproject\\complete\\1\\entry\\build\\default\\intermediates\\har_duplicate\\default',
  autoLazyImport: false,
  allowEmptyBundleName: false,
  reExportCheckMode: 'noCheck',
  usePathPlaceholder: false,
  writeRollupCache: true,
  isExpandImportEnabled: false,
  expandImportExclude: '',
  lazyImportExclude: '',
  lazyImportInclude: '',
  ignoreCrossplatformCheck: false,
  skipOhModulesLint: false,
  enableStrictCheckOHModule: false,
  disableSendableCheckRules: [],
  useDeclarationFileSignature: false,
  customizedOptions: undefined,
  integratedHsp: false,
  tsImportSoCheck: false,
  isPreloadSoEnabled: false,
  strictMode: {
    caseSensitiveCheck: true,
    useNormalizedOHMUrl: true,
    noExternalImportByPath: true
  },
  useNormalizedOHMUrl: true,
  caseSensitiveCheck: true,
  strictCheckerOnly: false,
  aceModuleJsonPath: 'D:\\HW\\testproject\\complete\\1\\entry\\build\\default\\intermediates\\res\\default\\ark_module.json',
  appResource: 'D:\\HW\\testproject\\complete\\1\\entry\\build\\default\\intermediates\\res\\default\\ResourceTable.txt',
  rawFileResource: 'D:\\HW\\testproject\\complete\\1\\entry\\build\\default\\intermediates\\res\\default\\resources\\rawfile',
  resourceTableHash: '420cbbd661f36eaf53de18a49a81198f44efe355d45c5d228d965ee0f6d2937d',
  runtimeOS: 'HarmonyOS',
  sdkInfo: 'false:26:26.0.0.105:Release',
  aceModuleRoot: 'D:\\HW\\testproject\\complete\\1\\entry\\src\\main\\ets',
  compileMode: 'esmodule',
  aceSuperVisualPath: 'D:\\HW\\testproject\\complete\\1\\entry\\src\\main\\supervisual',
  aceBuildJson: 'D:\\HW\\testproject\\complete\\1\\entry\\build\\default\\intermediates\\loader\\default\\loader.json',
  cachePath: 'D:\\HW\\testproject\\complete\\1\\entry\\build\\default\\cache\\default\\default@CompileArkTS\\esmodule\\debug',
  aceModuleBuild: 'D:\\HW\\testproject\\complete\\1\\entry\\build\\default\\intermediates\\loader_out\\default\\ets',
  supportChunks: true,
  declaredFilesPath: undefined,
  shouldCollectDirectImportees: false,
  isByteCodeHarOptimize: false,
  expandImportPath: undefined,
  resourceTableTs: 'D:\\HW\\testproject\\complete\\1\\entry\\build\\default\\generated\\r\\default\\ResourceTable.ts',
  moduleMetaInfoFiles: [
    {
      filePath: 'D:\\HW\\testproject\\complete\\1\\entry\\build\\default\\generated\\r\\default\\ResourceTable.ts',
      ohmurl: '&entry/build/generated/r/ResourceTable&'
    }
  ],
  pkgNameToPkgBriefInfo: {
    entry: {
      pkgRoot: 'D:\\HW\\testproject\\complete\\1\\entry',
      originalSourceRoots: undefined,
      sourceRoots: [Array],
      pkgName: 'entry'
    }
  },
  projectModel: {
    'D:\\HW\\testproject\\complete\\1\\entry\\src\\main': {
      moduleName: 'entry',
      modulePkgPath: 'D:\\HW\\testproject\\complete\\1\\entry',
      belongProjectPath: 'D:\\HW\\testproject\\complete\\1'
    },
    'D:\\HW\\testproject\\complete\\1\\entry\\.test\\default\\intermediates\\src\\ohosTest\\ets': {
      moduleName: 'entry_test',
      modulePkgPath: 'D:\\HW\\testproject\\complete\\1\\entry',
      belongProjectPath: 'D:\\HW\\testproject\\complete\\1'
    },
    'D:\\HW\\testproject\\complete\\1\\entry\\src\\ohosTest': {
      moduleName: 'entry_test',
      modulePkgPath: 'D:\\HW\\testproject\\complete\\1\\entry',
      belongProjectPath: 'D:\\HW\\testproject\\complete\\1'
    },
    'D:\\HW\\testproject\\complete\\1\\entry': {
      moduleName: 'entry',
      modulePkgPath: 'D:\\HW\\testproject\\complete\\1\\entry',
      belongProjectPath: 'D:\\HW\\testproject\\complete\\1'
    },
    'D:\\HW\\testproject\\complete\\1': {
      moduleName: '1',
      modulePkgPath: 'D:\\HW\\testproject\\complete\\1',
      belongProjectPath: 'D:\\HW\\testproject\\complete\\1'
    }
  },
  pkgJsonFileHash: '7ab10e622b876a852aaa87f883a5ca46773dc428b9273d7582651c0540669143',
  allModulePaths: [ 'D:\\HW\\testproject\\complete\\1\\entry' ],
  routerMap: {},
  obfuscationOptions: undefined,
  byteCodeHarToDependencyKeys: undefined,
  compileBlockPkg: [],
  mockParams: {
    decorator: '@MockSetup',
    packageName: '@ohos/hamock',
    etsSourceRootPath: 'src/main/ets',
    mockConfigPath: 'D:\\HW\\testproject\\complete\\1\\entry\\src\\mock\\mock-config.json5',
    mockConfigKey2ModuleInfo: {},
    source2ModuleIdMap: {}
  },
  copyCodeResourceEnable: false,
  copyCodeResourceExcludes: [],
  copyCodeResourceIncludes: undefined,
  uiTransformOptimization: false,
  sdkPath: 'E:/DevEco Studio/sdk',
  needPreloadSoFileSet: {},
  preloadSoFilePath: 'D:\\HW\\testproject\\complete\\1\\entry\\build\\default\\intermediates\\preload\\default\\preload.json',
  useSourceHash: false,
  localModuleParamMap: {},
  otherPaths: {
    'entry/*': [
      '..\\*',
      '..\\..\\..\\build\\default\\generated\\profile\\default\\*'
    ]
  },
  collectImportersConfig: undefined
}
[2026-09-14T14:48:57.612] [DEBUG] debug-file - Compile arkts with external api path: E:\DevEco Studio\sdk\default\hms\ets
[2026-09-14T14:48:57.613] [DEBUG] debug-file - before submitting ArkTS compile task to worker pool, config.buildDir: D:\HW\testproject\complete\1\entry\build
[2026-09-14T14:48:57.613] [DEBUG] debug-file - default@CompileArkTS work[52] is submitted.
[2026-09-14T14:48:57.613] [DEBUG] debug-file - default@CompileArkTS work[52] is pushed to ready queue.
[2026-09-14T14:48:57.613] [DEBUG] debug-file - A work dispatched to worker[15] failed because unable to get work from ready queue.
[2026-09-14T14:48:57.613] [DEBUG] debug-file - A work dispatched to worker[14] failed because unable to get work from ready queue.
[2026-09-14T14:48:57.613] [DEBUG] debug-file - A work dispatched to worker[13] failed because unable to get work from ready queue.
[2026-09-14T14:48:57.613] [DEBUG] debug-file - A work dispatched to worker[12] failed because unable to get work from ready queue.
[2026-09-14T14:48:57.613] [DEBUG] debug-file - A work dispatched to worker[11] failed because unable to get work from ready queue.
[2026-09-14T14:48:57.613] [DEBUG] debug-file - A work dispatched to worker[10] failed because unable to get work from ready queue.
[2026-09-14T14:48:57.613] [DEBUG] debug-file - A work dispatched to worker[9] failed because unable to get work from ready queue.
[2026-09-14T14:48:57.613] [DEBUG] debug-file - A work dispatched to worker[8] failed because unable to get work from ready queue.
[2026-09-14T14:48:57.613] [DEBUG] debug-file - A work dispatched to worker[7] failed because unable to get work from ready queue.
[2026-09-14T14:48:57.613] [DEBUG] debug-file - A work dispatched to worker[6] failed because unable to get work from ready queue.
[2026-09-14T14:48:57.614] [DEBUG] debug-file - A work dispatched to worker[5] failed because unable to get work from ready queue.
[2026-09-14T14:48:57.614] [DEBUG] debug-file - default@CompileArkTS work[52] has been dispatched to worker[4].
[2026-09-14T14:48:57.614] [DEBUG] debug-file - default@CompileArkTS work[52] is dispatched.
[2026-09-14T14:48:57.614] [DEBUG] debug-file - entry : default@CompileArkTS cost memory -1.9406051635742188
[2026-09-14T14:48:57.615] [DEBUG] debug-file - Executing task :entry:default@BuildJS
[2026-09-14T14:48:57.615] [DEBUG] debug-file - Task 'entry:default@BuildJS' cost while wrapping incremental declarations: 1 ms 
[2026-09-14T14:48:57.616] [DEBUG] debug-file - entry : default@BuildJS cost memory 0.108917236328125
[2026-09-14T14:48:57.616] [DEBUG] debug-file - runTaskFromQueue task cost before running: 174 ms 
[2026-09-14T14:48:57.617] [INFO] debug-file - Finished :entry:default@BuildJS... after 2 ms 
[2026-09-14T14:48:57.617] [DEBUG] debug-file - Executing task :entry:default@CacheNativeLibs
[2026-09-14T14:48:57.618] [DEBUG] debug-file - File: 'D:\HW\testproject\complete\1\entry\build\default\intermediates\binxo\default' from 'cacheBinxoNativeLibs' is not exists, just ignore.
[2026-09-14T14:48:57.618] [DEBUG] debug-file - Task 'entry:default@CacheNativeLibs' cost while wrapping incremental declarations: 1 ms 
[2026-09-14T14:48:57.619] [DEBUG] debug-file - Incremental task entry:default@CacheNativeLibs pre-execution cost: 1 ms .
[2026-09-14T14:48:57.619] [DEBUG] debug-file - entry : default@CacheNativeLibs cost memory 0.07757568359375
[2026-09-14T14:48:57.619] [INFO] debug-file - UP-TO-DATE :entry:default@CacheNativeLibs...  
[2026-09-14T14:48:58.245] [DEBUG] debug-file - Ark compile task finished.finished time is 329570326481800
[2026-09-14T14:48:58.245] [DEBUG] debug-file - worker[4] has one work done.
[2026-09-14T14:48:58.246] [DEBUG] debug-file - default@CompileArkTS work[52] done.
[2026-09-14T14:48:58.247] [INFO] debug-file - Finished :entry:default@CompileArkTS... after 650 ms 
[2026-09-14T14:48:58.248] [DEBUG] debug-file - Executing task :entry:default@GeneratePkgModuleJson
[2026-09-14T14:48:58.248] [DEBUG] debug-file - File: 'D:\HW\testproject\complete\1\entry\build\default\intermediates\preload\default\preload.json' from 'preloadSoJsonPath' is not exists, just ignore.
[2026-09-14T14:48:58.248] [DEBUG] debug-file - Error occurs while handling @Input 'shouldDeduplicateHar': The "data" argument must be of type string or an instance of Buffer, TypedArray, or DataView. Received undefined
[2026-09-14T14:48:58.248] [DEBUG] debug-file - Task 'entry:default@GeneratePkgModuleJson' cost while wrapping incremental declarations: 1 ms 
[2026-09-14T14:48:58.249] [DEBUG] debug-file - Incremental task entry:default@GeneratePkgModuleJson pre-execution cost: 1 ms .
[2026-09-14T14:48:58.249] [DEBUG] debug-file - entry : default@GeneratePkgModuleJson cost memory 0.08095550537109375
[2026-09-14T14:48:58.249] [INFO] debug-file - UP-TO-DATE :entry:default@GeneratePkgModuleJson...  
[2026-09-14T14:48:58.249] [DEBUG] debug-file - Executing task :entry:default@ProcessCompiledResources
[2026-09-14T14:48:58.249] [DEBUG] debug-file - File: 'D:\HW\testproject\complete\1\entry\build\default\intermediates\preload\default\preload.json' from 'preloadSoJsonPath' is not exists, just ignore.
[2026-09-14T14:48:58.249] [DEBUG] debug-file - Task 'entry:default@ProcessCompiledResources' cost while wrapping incremental declarations: 1 ms 
[2026-09-14T14:48:58.250] [DEBUG] debug-file - entry : default@ProcessCompiledResources cost memory 0.04889678955078125
[2026-09-14T14:48:58.250] [DEBUG] debug-file - runTaskFromQueue task cost before running: 808 ms 
[2026-09-14T14:48:58.250] [INFO] debug-file - Finished :entry:default@ProcessCompiledResources... after 1 ms 
[2026-09-14T14:48:58.251] [DEBUG] debug-file - Executing task :entry:default@PackageHap
[2026-09-14T14:48:58.254] [DEBUG] debug-file - entry:default@PackageHap is not up-to-date, since the input file 'D:\HW\testproject\complete\1\entry\build\default\intermediates\loader_out\default\ets' has been changed.
[2026-09-14T14:48:58.254] [DEBUG] debug-file - Incremental task entry:default@PackageHap pre-execution cost: 2 ms .
[2026-09-14T14:48:58.254] [DEBUG] debug-file - Use tool [E:\DevEco Studio\sdk\default\openharmony\toolchains\lib\app_packing_tool.jar]
 [
  'java',
  '-Dfile.encoding=GBK',
  '-jar',
  'E:\\DevEco Studio\\sdk\\default\\openharmony\\toolchains\\lib\\app_packing_tool.jar',
  '--mode',
  'hap',
  '--force',
  'true',
  '--lib-path',
  'D:\\HW\\testproject\\complete\\1\\entry\\build\\default\\intermediates\\stripped_native_libs\\default',
  '--json-path',
  'D:\\HW\\testproject\\complete\\1\\entry\\build\\default\\intermediates\\package\\default\\module.json',
  '--resources-path',
  'D:\\HW\\testproject\\complete\\1\\entry\\build\\default\\intermediates\\res\\default\\resources',
  '--index-path',
  'D:\\HW\\testproject\\complete\\1\\entry\\build\\default\\intermediates\\res\\default\\resources.index',
  '--pack-info-path',
  'D:\\HW\\testproject\\complete\\1\\entry\\build\\default\\outputs\\default\\pack.info',
  '--out-path',
  'D:\\HW\\testproject\\complete\\1\\entry\\build\\default\\outputs\\default\\entry-default-unsigned.hap',
  '--ets-path',
  'D:\\HW\\testproject\\complete\\1\\entry\\build\\default\\intermediates\\loader_out\\default\\ets',
  '--pkg-context-path',
  'D:\\HW\\testproject\\complete\\1\\entry\\build\\default\\intermediates\\loader\\default\\pkgContextInfo.json'
]
[2026-09-14T14:48:58.254] [DEBUG] debug-file - default@PackageHap work[53] is submitted.
[2026-09-14T14:48:58.254] [DEBUG] debug-file - default@PackageHap work[53] is pushed to ready queue.
[2026-09-14T14:48:58.254] [DEBUG] debug-file - A work dispatched to worker[15] failed because unable to get work from ready queue.
[2026-09-14T14:48:58.254] [DEBUG] debug-file - Create  resident worker with id: 14.
[2026-09-14T14:48:58.255] [DEBUG] debug-file - default@PackageHap work[53] has been dispatched to worker[14].
[2026-09-14T14:48:58.255] [DEBUG] debug-file - default@PackageHap work[53] is dispatched.
[2026-09-14T14:48:58.257] [DEBUG] debug-file - entry : default@PackageHap cost memory 0.41736602783203125
[2026-09-14T14:48:58.971] [DEBUG] debug-file - current process  memoryUsage: {
  rss: 508223488,
  heapTotal: 79118336,
  heapUsed: 50368448,
  external: 3958577,
  arrayBuffers: 18671
} os memoryUsage :13.662357330322266
[2026-09-14T14:48:59.515] [DEBUG] debug-file - worker[14] has one work done.
[2026-09-14T14:48:59.515] [DEBUG] debug-file - default@PackageHap work[53] done.
[2026-09-14T14:48:59.515] [DEBUG] debug-file - A work dispatched to worker[14] failed because unable to get work from ready queue.
[2026-09-14T14:48:59.516] [INFO] debug-file - Finished :entry:default@PackageHap... after 553 ms 
[2026-09-14T14:48:59.517] [DEBUG] debug-file - Executing task :entry:default@PackingCheck
[2026-09-14T14:48:59.520] [DEBUG] debug-file - entry : default@PackingCheck cost memory 0.38437652587890625
[2026-09-14T14:48:59.520] [DEBUG] debug-file - runTaskFromQueue task cost before running: 2 s 78 ms 
[2026-09-14T14:48:59.520] [INFO] debug-file - Finished :entry:default@PackingCheck... after 4 ms 
[2026-09-14T14:48:59.521] [DEBUG] debug-file - Executing task :entry:default@SignHap
[2026-09-14T14:48:59.522] [DEBUG] debug-file - entry:default@SignHap is not up-to-date, since the input file 'D:\HW\testproject\complete\1\entry\build\default\outputs\default\entry-default-unsigned.hap' has been changed.
[2026-09-14T14:48:59.522] [DEBUG] debug-file - Incremental task entry:default@SignHap pre-execution cost: 1 ms .
[2026-09-14T14:48:59.572] [DEBUG] debug-file - java daemon socket received message:{"code":0,"message":"verify profile success"}
[2026-09-14T14:48:59.577] [DEBUG] debug-file - java daemon socket close code:1000 reason:close by user
[2026-09-14T14:48:59.681] [DEBUG] debug-file - java daemon socket received message:{"code":0,"message":"sign app success"}
[2026-09-14T14:48:59.682] [DEBUG] debug-file - entry : default@SignHap cost memory 0.45853424072265625
[2026-09-14T14:48:59.682] [DEBUG] debug-file - runTaskFromQueue task cost before running: 2 s 239 ms 
[2026-09-14T14:48:59.682] [INFO] debug-file - Finished :entry:default@SignHap... after 161 ms 
[2026-09-14T14:48:59.683] [DEBUG] debug-file - Executing task :entry:default@CollectDebugSymbol
[2026-09-14T14:48:59.683] [DEBUG] debug-file - entry : default@CollectDebugSymbol cost memory 0.074493408203125
[2026-09-14T14:48:59.683] [DEBUG] debug-file - runTaskFromQueue task cost before running: 2 s 241 ms 
[2026-09-14T14:48:59.683] [INFO] debug-file - Finished :entry:default@CollectDebugSymbol... after 1 ms 
[2026-09-14T14:48:59.683] [DEBUG] debug-file - Executing task :entry:assembleHap
[2026-09-14T14:48:59.683] [DEBUG] debug-file - entry : assembleHap cost memory 0.0134124755859375
[2026-09-14T14:48:59.684] [DEBUG] debug-file - runTaskFromQueue task cost before running: 2 s 241 ms 
[2026-09-14T14:48:59.684] [INFO] debug-file - Finished :entry:assembleHap... after 1 ms 
[2026-09-14T14:48:59.684] [INFO] debug-file - BUILD SUCCESSFUL in 2 s 242 ms 
[2026-09-14T14:48:59.684] [DEBUG] debug-file - There is no need to refresh cache, since the incremental task entry:default@PreBuild is up-to-date.
[2026-09-14T14:48:59.684] [DEBUG] debug-file - Update task entry:default@CreateModuleInfo output file:D:\HW\testproject\complete\1\entry\build\default\generated\profile\default\ModuleInfo.ts cache.
[2026-09-14T14:48:59.684] [DEBUG] debug-file - Incremental task entry:default@CreateModuleInfo post-execution cost:1 ms .
[2026-09-14T14:48:59.684] [DEBUG] debug-file - There is no need to refresh cache, since the incremental task entry:default@GenerateMetadata is up-to-date.
[2026-09-14T14:48:59.684] [DEBUG] debug-file - There is no need to refresh cache, since the incremental task entry:default@MergeProfile is up-to-date.
[2026-09-14T14:48:59.684] [DEBUG] debug-file - There is no need to refresh cache, since the incremental task entry:default@CreateBuildProfile is up-to-date.
[2026-09-14T14:48:59.684] [DEBUG] debug-file - There is no need to refresh cache, since the incremental task entry:default@GeneratePkgContextInfo is up-to-date.
[2026-09-14T14:48:59.684] [DEBUG] debug-file - Update task entry:default@GeneratePkgSdkInfo output file:D:\HW\testproject\complete\1\entry\build\default\intermediates\loader\default\pkgSdkInfo.json cache.
[2026-09-14T14:48:59.685] [DEBUG] debug-file - Incremental task entry:default@GeneratePkgSdkInfo post-execution cost:1 ms .
[2026-09-14T14:48:59.685] [DEBUG] debug-file - Update task entry:default@ProcessIntegratedHsp output file:D:\HW\testproject\complete\1\build\cache\default\integrated_hsp\integratedHspCache.json cache.
[2026-09-14T14:48:59.685] [DEBUG] debug-file - Incremental task entry:default@ProcessIntegratedHsp post-execution cost:1 ms .
[2026-09-14T14:48:59.685] [DEBUG] debug-file - There is no need to refresh cache, since the incremental task entry:default@MakePackInfo is up-to-date.
[2026-09-14T14:48:59.685] [DEBUG] debug-file - Update task entry:default@SyscapTransform input file:E:\DevEco Studio\sdk\default\openharmony\toolchains\syscap_tool.exe cache by regenerate.
[2026-09-14T14:48:59.685] [DEBUG] debug-file - Update task entry:default@SyscapTransform input file:E:\DevEco Studio\sdk\default\openharmony\ets\api\device-define cache by regenerate.
[2026-09-14T14:48:59.685] [DEBUG] debug-file - Update task entry:default@SyscapTransform output file:D:\HW\testproject\complete\1\entry\build\default\intermediates\syscap\default\rpcid.sc cache.
[2026-09-14T14:48:59.685] [DEBUG] debug-file - Incremental task entry:default@SyscapTransform post-execution cost:1 ms .
[2026-09-14T14:48:59.685] [DEBUG] debug-file - There is no need to refresh cache, since the incremental task entry:default@ProcessProfile is up-to-date.
[2026-09-14T14:48:59.685] [DEBUG] debug-file - There is no need to refresh cache, since the incremental task entry:default@ProcessRouterMap is up-to-date.
[2026-09-14T14:48:59.685] [DEBUG] debug-file - There is no need to refresh cache, since the incremental task entry:default@ProcessShareConfig is up-to-date.
[2026-09-14T14:48:59.685] [DEBUG] debug-file - Update task entry:default@ProcessStartupConfig input file:D:\HW\testproject\complete\1\entry\build\default\intermediates\loader\default\pkgContextInfo.json cache by regenerate.
[2026-09-14T14:48:59.686] [DEBUG] debug-file - Update task entry:default@ProcessStartupConfig output file:D:\HW\testproject\complete\1\entry\build\default\intermediates\startup\default\startup_config.json cache.
[2026-09-14T14:48:59.686] [DEBUG] debug-file - Incremental task entry:default@ProcessStartupConfig post-execution cost:1 ms .
[2026-09-14T14:48:59.686] [DEBUG] debug-file - There is no need to refresh cache, since the incremental task entry:default@ProcessResource is up-to-date.
[2026-09-14T14:48:59.686] [DEBUG] debug-file - There is no need to refresh cache, since the incremental task entry:default@GenerateLoaderJson is up-to-date.
[2026-09-14T14:48:59.686] [DEBUG] debug-file - There is no need to refresh cache, since the incremental task entry:default@ProcessLibs is up-to-date.
[2026-09-14T14:48:59.686] [DEBUG] debug-file - There is no need to refresh cache, since the incremental task entry:default@CompileResource is up-to-date.
[2026-09-14T14:48:59.686] [DEBUG] debug-file - There is no need to refresh cache, since the incremental task entry:default@DoNativeStrip is up-to-date.
[2026-09-14T14:48:59.687] [DEBUG] debug-file - Update task entry:default@CompileArkTS input file:D:\HW\testproject\complete\1\entry\build\default\intermediates\loader\default cache by regenerate.
[2026-09-14T14:48:59.687] [DEBUG] debug-file - Update task entry:default@CompileArkTS input file:D:\HW\testproject\complete\1\entry\build\default\intermediates\res\default\resources\rawfile cache by regenerate.
[2026-09-14T14:48:59.687] [DEBUG] debug-file - Update task entry:default@CompileArkTS input file:D:\HW\testproject\complete\1\entry\build\default\intermediates\res\default\ResourceTable.txt cache by regenerate.
[2026-09-14T14:48:59.687] [DEBUG] debug-file - Update task entry:default@CompileArkTS input file:D:\HW\testproject\complete\1\entry\build\default\intermediates\res\default\ark_module.json cache by regenerate.
[2026-09-14T14:48:59.687] [DEBUG] debug-file - Update task entry:default@CompileArkTS input file:D:\HW\testproject\complete\1\entry\build\default\intermediates\res\default\resources\base\profile cache by regenerate.
[2026-09-14T14:48:59.687] [DEBUG] debug-file - Update task entry:default@CompileArkTS input file:D:\HW\testproject\complete\1\entry\src\main\ets cache from map.
[2026-09-14T14:48:59.687] [DEBUG] debug-file - Update task entry:default@CompileArkTS input file:D:\HW\testproject\complete\1\entry\build\default\intermediates\loader\default\pkgContextInfo.json cache by regenerate.
[2026-09-14T14:48:59.687] [DEBUG] debug-file - Update task entry:default@CompileArkTS input file:D:\HW\testproject\complete\1\entry\build\default\generated\profile\default\BuildProfile.ets cache by regenerate.
[2026-09-14T14:48:59.688] [DEBUG] debug-file - Update task entry:default@CompileArkTS input file:D:\HW\testproject\complete\1\entry\src\mock\mock-config.json5 cache by regenerate.
[2026-09-14T14:48:59.688] [DEBUG] debug-file - Update task entry:default@CompileArkTS output file:D:\HW\testproject\complete\1\entry\build\default\intermediates\loader_out\default\ets cache.
[2026-09-14T14:48:59.688] [DEBUG] debug-file - Incremental task entry:default@CompileArkTS post-execution cost:3 ms .
[2026-09-14T14:48:59.688] [DEBUG] debug-file - Update task entry:default@BuildJS input file:D:\HW\testproject\complete\1\entry\build\default\intermediates\loader\default cache by regenerate.
[2026-09-14T14:48:59.689] [DEBUG] debug-file - Update task entry:default@BuildJS input file:D:\HW\testproject\complete\1\entry\build\default\intermediates\res\default\resources\rawfile cache by regenerate.
[2026-09-14T14:48:59.689] [DEBUG] debug-file - Update task entry:default@BuildJS input file:D:\HW\testproject\complete\1\entry\build\default\intermediates\res\default\ResourceTable.txt cache by regenerate.
[2026-09-14T14:48:59.689] [DEBUG] debug-file - Update task entry:default@BuildJS input file:D:\HW\testproject\complete\1\entry\build\default\intermediates\res\default\ark_module.json cache by regenerate.
[2026-09-14T14:48:59.689] [DEBUG] debug-file - Update task entry:default@BuildJS input file:D:\HW\testproject\complete\1\entry\build\default\intermediates\res\default\resources\base\profile cache by regenerate.
[2026-09-14T14:48:59.689] [DEBUG] debug-file - Update task entry:default@BuildJS input file:D:\HW\testproject\complete\1\entry\build\default\intermediates\loader\default\pkgContextInfo.json cache by regenerate.
[2026-09-14T14:48:59.689] [DEBUG] debug-file - Update task entry:default@BuildJS output file:D:\HW\testproject\complete\1\entry\build\default\intermediates\loader_out\default\js cache.
[2026-09-14T14:48:59.689] [DEBUG] debug-file - Incremental task entry:default@BuildJS post-execution cost:2 ms .
[2026-09-14T14:48:59.689] [DEBUG] debug-file - There is no need to refresh cache, since the incremental task entry:default@CacheNativeLibs is up-to-date.
[2026-09-14T14:48:59.689] [DEBUG] debug-file - There is no need to refresh cache, since the incremental task entry:default@GeneratePkgModuleJson is up-to-date.
[2026-09-14T14:48:59.689] [DEBUG] debug-file - Incremental task entry:default@ProcessCompiledResources post-execution cost:1 ms .
[2026-09-14T14:48:59.690] [DEBUG] debug-file - Update task entry:default@PackageHap input file:D:\HW\testproject\complete\1\entry\build\default\outputs\default\pack.info cache by regenerate.
[2026-09-14T14:48:59.690] [DEBUG] debug-file - Update task entry:default@PackageHap input file:D:\HW\testproject\complete\1\entry\build\default\intermediates\stripped_native_libs\default cache by regenerate.
[2026-09-14T14:48:59.690] [DEBUG] debug-file - Update task entry:default@PackageHap input file:D:\HW\testproject\complete\1\entry\build\default\intermediates\res\default\module.json cache by regenerate.
[2026-09-14T14:48:59.690] [DEBUG] debug-file - Update task entry:default@PackageHap input file:D:\HW\testproject\complete\1\entry\build\default\intermediates\res\default\resources cache by regenerate.
[2026-09-14T14:48:59.691] [DEBUG] debug-file - Update task entry:default@PackageHap input file:D:\HW\testproject\complete\1\entry\build\default\intermediates\res\default\resources.index cache by regenerate.
[2026-09-14T14:48:59.691] [DEBUG] debug-file - Update task entry:default@PackageHap input file:D:\HW\testproject\complete\1\entry\build\default\intermediates\loader_out\default\ets cache from map.
[2026-09-14T14:48:59.691] [DEBUG] debug-file - Update task entry:default@PackageHap input file:D:\HW\testproject\complete\1\entry\build\default\intermediates\loader\default\pkgContextInfo.json cache by regenerate.
[2026-09-14T14:48:59.691] [DEBUG] debug-file - Update task entry:default@PackageHap input file:D:\HW\testproject\complete\1\entry\build\default\intermediates\package\default\module.json cache by regenerate.
[2026-09-14T14:48:59.691] [DEBUG] debug-file - Update task entry:default@PackageHap input file:D:\HW\testproject\complete\1\entry\build\default\intermediates\loader_out\default\ets\sourceMaps.map cache by regenerate.
[2026-09-14T14:48:59.691] [DEBUG] debug-file - Update task entry:default@PackageHap input file:D:\HW\testproject\complete\1\entry\build\default\generated\profile\default\BuildProfile.ets cache by regenerate.
[2026-09-14T14:48:59.691] [DEBUG] debug-file - Update task entry:default@PackageHap output file:D:\HW\testproject\complete\1\entry\build\default\outputs\default\entry-default-unsigned.hap cache.
[2026-09-14T14:48:59.691] [DEBUG] debug-file - Update task entry:default@PackageHap output file:D:\HW\testproject\complete\1\entry\build\default\intermediates\source_map\default\sourceMaps.map cache.
[2026-09-14T14:48:59.691] [DEBUG] debug-file - Update task entry:default@PackageHap output file:D:\HW\testproject\complete\1\entry\build\default\outputs\default\mapping\sourceMaps.map cache.
[2026-09-14T14:48:59.691] [DEBUG] debug-file - Incremental task entry:default@PackageHap post-execution cost:2 ms .
[2026-09-14T14:48:59.691] [DEBUG] debug-file - Update task entry:default@SignHap input file:C:\Users\CuteDuan\.ohos\config\default_1_BhzYZEydDVfZJ61mGi925yNWoqQ3wx2qwnAWE_X8vXg=.cer cache by regenerate.
[2026-09-14T14:48:59.691] [DEBUG] debug-file - Update task entry:default@SignHap input file:C:\Users\CuteDuan\.ohos\config\default_1_BhzYZEydDVfZJ61mGi925yNWoqQ3wx2qwnAWE_X8vXg=.p7b cache by regenerate.
[2026-09-14T14:48:59.691] [DEBUG] debug-file - Update task entry:default@SignHap input file:C:\Users\CuteDuan\.ohos\config\default_1_BhzYZEydDVfZJ61mGi925yNWoqQ3wx2qwnAWE_X8vXg=.p12 cache by regenerate.
[2026-09-14T14:48:59.691] [DEBUG] debug-file - Update task entry:default@SignHap input file:D:\HW\testproject\complete\1\entry\build\default\outputs\default\entry-default-unsigned.hap cache from map.
[2026-09-14T14:48:59.691] [DEBUG] debug-file - Update task entry:default@SignHap output file:D:\HW\testproject\complete\1\entry\build\default\outputs\default\entry-default-signed.hap cache.
[2026-09-14T14:48:59.692] [DEBUG] debug-file - Incremental task entry:default@SignHap post-execution cost:1 ms .
[2026-09-14T14:48:59.692] [DEBUG] debug-file - Update task entry:default@CollectDebugSymbol input file:D:\HW\testproject\complete\1\entry\build\default\intermediates\loader_out\default\ets\sourceMaps.map cache by regenerate.
[2026-09-14T14:48:59.692] [DEBUG] debug-file - Update task entry:default@CollectDebugSymbol input file:D:\HW\testproject\complete\1\entry\build\default\intermediates\libs\default cache by regenerate.
[2026-09-14T14:48:59.692] [DEBUG] debug-file - Update task entry:default@CollectDebugSymbol output file:D:\HW\testproject\complete\1\entry\build\default\outputs\default\symbol cache.
[2026-09-14T14:48:59.692] [DEBUG] debug-file - Incremental task entry:default@CollectDebugSymbol post-execution cost:1 ms .
[2026-09-14T14:48:59.700] [DEBUG] debug-file - Cleanup worker 14.
[2026-09-14T14:48:59.700] [DEBUG] debug-file - hvigor build process will be closed.
[2026-09-14T14:48:59.700] [DEBUG] debug-file - java daemon socket close code:1000 reason:close by user
[2026-09-14T14:48:59.706] [DEBUG] debug-file - worker[14] exits with exit code 1.
[2026-09-14T14:48:59.706] [DEBUG] debug-file - Worker 14 has been cleaned up.
[2026-09-14T14:48:59.706] [DEBUG] debug-file - Current idle worker size: 1.
[2026-09-14T14:48:59.706] [DEBUG] debug-file - Current resident worker size: 1.
[2026-09-14T14:48:59.712] [DEBUG] debug-file - session manager: send message to worker process. WorkerThreadId: 0, data: {"type":"hvigor_failed","reason":"Server has disconnected."}
[2026-09-14T14:48:59.713] [DEBUG] debug-file - session manager: send message to worker process. WorkerThreadId: 0, data: {"type":"CloseWatch","reason":"Server has disconnected."}
[2026-09-14T14:48:59.712] [DEBUG] debug-file - watch worker: worker id should be larger than 0. Nothing will be sent to any worker thread.
[2026-09-14T14:48:59.713] [DEBUG] debug-file - ABORT_WORK sent to workers.
[2026-09-14T14:48:59.713] [DEBUG] debug-file - watch worker: worker id should be larger than 0. Nothing will be sent to any worker thread.
